#Build: Fabric Compiler 2022.2-SP4.2, Build 132111, Aug 13 06:22 2023
#Install: D:\ywd\pds_2022.2-sp4.2-ads-win64\PDS_2022.2-SP4.2-ads\bin
#Application name: pds.exe
#OS: Windows 10 10.0.19045
#Hostname: DESKTOP-HN5R6GK
Generated by Fabric Compiler (version 2022.2-SP4.2 build 132111) at Wed Jan 31 15:19:51 2024
Parse module hierarchy of project 'C:/Users/VIDEO/Desktop/52_eth_udp_loop/prj/temp_projects/Main_Flow/Main_Flow.pds' (ADS Parser)
Parse module hierarchy of project 'C:/Users/VIDEO/Desktop/52_eth_udp_loop/prj/temp_projects/Main_Flow/Main_Flow.pds' (ADS Parser)
Parse module hierarchy of project 'C:/Users/VIDEO/Desktop/52_eth_udp_loop/prj/temp_projects/Main_Flow/Main_Flow.pds' (ADS Parser)
I: Flow-6004: Design file modified: "C:/Users/VIDEO/Desktop/52_eth_udp_loop/rtl/gmii_to_rgmii/gmii_to_rgmii.v". 
File "C:/Users/VIDEO/Desktop/52_eth_udp_loop/prj/ipcore/pll_sft/pll_sft.idf" has been removed from project successfully. 
Parse module hierarchy of project 'C:/Users/VIDEO/Desktop/52_eth_udp_loop/prj/temp_projects/Main_Flow/Main_Flow.pds' (ADS Parser)
Parse module hierarchy of project 'C:/Users/VIDEO/Desktop/52_eth_udp_loop/prj/temp_projects/Main_Flow/Main_Flow.pds' (ADS Parser)
I: Flow-6004: Design file modified: "C:/Users/VIDEO/Desktop/52_eth_udp_loop/rtl/gmii_to_rgmii/rgmii_rx.v". 
Parse module hierarchy of project 'C:/Users/VIDEO/Desktop/52_eth_udp_loop/prj/temp_projects/Main_Flow/Main_Flow.pds' (ADS Parser)
I: Flow-6004: Design file modified: "C:/Users/VIDEO/Desktop/52_eth_udp_loop/rtl/gmii_to_rgmii/rgmii_tx.v". 
File "C:/Users/VIDEO/Desktop/52_eth_udp_loop/prj/ipcore/sync_fifo_2048x8b/sync_fifo_2048x8b.idf" has been removed from project successfully. 
Parse module hierarchy of project 'C:/Users/VIDEO/Desktop/52_eth_udp_loop/prj/temp_projects/Main_Flow/Main_Flow.pds' (ADS Parser)
Customize IP 'sync_fifo_2048x8b' ...
C: Flow-2008: IP file modified: "C:/Users/VIDEO/Desktop/52_eth_udp_loop/prj/ipcore/sync_fifo_2048x8b/sync_fifo_2048x8b.idf". 
Parse module hierarchy of project 'C:/Users/VIDEO/Desktop/52_eth_udp_loop/prj/temp_projects/Main_Flow/Main_Flow.pds' (ADS Parser)
C: Flow-2008: IP file modified: "C:/Users/VIDEO/Desktop/52_eth_udp_loop/prj/ipcore/sync_fifo_2048x8b/sync_fifo_2048x8b.idf". 
Parse module hierarchy of project 'C:/Users/VIDEO/Desktop/52_eth_udp_loop/prj/temp_projects/Main_Flow/Main_Flow.pds' (ADS Parser)
Parse module hierarchy of project 'C:/Users/VIDEO/Desktop/52_eth_udp_loop/prj/temp_projects/Main_Flow/Main_Flow.pds' (ADS Parser)
IP Compiler exited.
Parse module hierarchy of project 'C:/Users/VIDEO/Desktop/52_eth_udp_loop/prj/temp_projects/Main_Flow/Main_Flow.pds' (ADS Parser)
I: Flow-6004: Design file modified: "C:/Users/VIDEO/Desktop/52_eth_udp_loop/rtl/eth_udp_loop.v". 
C: Flow-2004: Constraint file modified: "C:/Users/VIDEO/Desktop/52_eth_udp_loop/prj/eth_udp_loop.fdc". 


Process "Compile" started.
Current time: Wed Jan 31 15:26:48 2024
Compiling architecture definition.
Analyzing project file 'C:/Users/VIDEO/Desktop/52_eth_udp_loop/prj/eth_udp_loop.pds'.
License checkout: fabric_ads from C:\pango\license\new_pds_584120290F2C.lic
Compiling verification operator library.
Loading technology operator library.
Compiling technology operator library.
Compiling technology operator (valence) library.
I: Enable Verilog2k features and keywords
Start rtl-analyze.
Executing : .rtl_analyze -work work -include_path {C:/Users/VIDEO/Desktop/52_eth_udp_loop/prj} C:/Users/VIDEO/Desktop/52_eth_udp_loop/rtl/udp/udp.v
I: Verilog-0001: Analyzing file C:/Users/VIDEO/Desktop/52_eth_udp_loop/rtl/udp/udp.v
I: Verilog-0002: [C:/Users/VIDEO/Desktop/52_eth_udp_loop/rtl/udp/udp.v(line number: 23)] Analyzing module udp (library work)
Parsing done.
Executing : .rtl_analyze -work work -include_path {C:/Users/VIDEO/Desktop/52_eth_udp_loop/prj} C:/Users/VIDEO/Desktop/52_eth_udp_loop/rtl/udp/udp.v successfully.
Executing : .rtl_analyze -work work -include_path {C:/Users/VIDEO/Desktop/52_eth_udp_loop/prj} C:/Users/VIDEO/Desktop/52_eth_udp_loop/rtl/udp/udp_rx.v
I: Verilog-0001: Analyzing file C:/Users/VIDEO/Desktop/52_eth_udp_loop/rtl/udp/udp_rx.v
I: Verilog-0002: [C:/Users/VIDEO/Desktop/52_eth_udp_loop/rtl/udp/udp_rx.v(line number: 23)] Analyzing module udp_rx (library work)
Parsing done.
Executing : .rtl_analyze -work work -include_path {C:/Users/VIDEO/Desktop/52_eth_udp_loop/prj} C:/Users/VIDEO/Desktop/52_eth_udp_loop/rtl/udp/udp_rx.v successfully.
Executing : .rtl_analyze -work work -include_path {C:/Users/VIDEO/Desktop/52_eth_udp_loop/prj} C:/Users/VIDEO/Desktop/52_eth_udp_loop/rtl/udp/udp_tx.v
I: Verilog-0001: Analyzing file C:/Users/VIDEO/Desktop/52_eth_udp_loop/rtl/udp/udp_tx.v
I: Verilog-0002: [C:/Users/VIDEO/Desktop/52_eth_udp_loop/rtl/udp/udp_tx.v(line number: 23)] Analyzing module udp_tx (library work)
Parsing done.
Executing : .rtl_analyze -work work -include_path {C:/Users/VIDEO/Desktop/52_eth_udp_loop/prj} C:/Users/VIDEO/Desktop/52_eth_udp_loop/rtl/udp/udp_tx.v successfully.
Executing : .rtl_analyze -work work -include_path {C:/Users/VIDEO/Desktop/52_eth_udp_loop/prj} C:/Users/VIDEO/Desktop/52_eth_udp_loop/rtl/eth_ctrl.v
I: Verilog-0001: Analyzing file C:/Users/VIDEO/Desktop/52_eth_udp_loop/rtl/eth_ctrl.v
I: Verilog-0002: [C:/Users/VIDEO/Desktop/52_eth_udp_loop/rtl/eth_ctrl.v(line number: 23)] Analyzing module eth_ctrl (library work)
Parsing done.
Executing : .rtl_analyze -work work -include_path {C:/Users/VIDEO/Desktop/52_eth_udp_loop/prj} C:/Users/VIDEO/Desktop/52_eth_udp_loop/rtl/eth_ctrl.v successfully.
Executing : .rtl_analyze -work work -include_path {C:/Users/VIDEO/Desktop/52_eth_udp_loop/prj} C:/Users/VIDEO/Desktop/52_eth_udp_loop/rtl/eth_udp_loop.v
I: Verilog-0001: Analyzing file C:/Users/VIDEO/Desktop/52_eth_udp_loop/rtl/eth_udp_loop.v
I: Verilog-0002: [C:/Users/VIDEO/Desktop/52_eth_udp_loop/rtl/eth_udp_loop.v(line number: 23)] Analyzing module eth_udp_loop (library work)
Parsing done.
Executing : .rtl_analyze -work work -include_path {C:/Users/VIDEO/Desktop/52_eth_udp_loop/prj} C:/Users/VIDEO/Desktop/52_eth_udp_loop/rtl/eth_udp_loop.v successfully.
Executing : .rtl_analyze -work work -include_path {C:/Users/VIDEO/Desktop/52_eth_udp_loop/prj} C:/Users/VIDEO/Desktop/52_eth_udp_loop/rtl/arp/arp.v
I: Verilog-0001: Analyzing file C:/Users/VIDEO/Desktop/52_eth_udp_loop/rtl/arp/arp.v
I: Verilog-0002: [C:/Users/VIDEO/Desktop/52_eth_udp_loop/rtl/arp/arp.v(line number: 23)] Analyzing module arp (library work)
Parsing done.
Executing : .rtl_analyze -work work -include_path {C:/Users/VIDEO/Desktop/52_eth_udp_loop/prj} C:/Users/VIDEO/Desktop/52_eth_udp_loop/rtl/arp/arp.v successfully.
Executing : .rtl_analyze -work work -include_path {C:/Users/VIDEO/Desktop/52_eth_udp_loop/prj} C:/Users/VIDEO/Desktop/52_eth_udp_loop/rtl/arp/arp_rx.v
I: Verilog-0001: Analyzing file C:/Users/VIDEO/Desktop/52_eth_udp_loop/rtl/arp/arp_rx.v
I: Verilog-0002: [C:/Users/VIDEO/Desktop/52_eth_udp_loop/rtl/arp/arp_rx.v(line number: 23)] Analyzing module arp_rx (library work)
Parsing done.
Executing : .rtl_analyze -work work -include_path {C:/Users/VIDEO/Desktop/52_eth_udp_loop/prj} C:/Users/VIDEO/Desktop/52_eth_udp_loop/rtl/arp/arp_rx.v successfully.
Executing : .rtl_analyze -work work -include_path {C:/Users/VIDEO/Desktop/52_eth_udp_loop/prj} C:/Users/VIDEO/Desktop/52_eth_udp_loop/rtl/arp/arp_tx.v
I: Verilog-0001: Analyzing file C:/Users/VIDEO/Desktop/52_eth_udp_loop/rtl/arp/arp_tx.v
I: Verilog-0002: [C:/Users/VIDEO/Desktop/52_eth_udp_loop/rtl/arp/arp_tx.v(line number: 23)] Analyzing module arp_tx (library work)
Parsing done.
Executing : .rtl_analyze -work work -include_path {C:/Users/VIDEO/Desktop/52_eth_udp_loop/prj} C:/Users/VIDEO/Desktop/52_eth_udp_loop/rtl/arp/arp_tx.v successfully.
Executing : .rtl_analyze -work work -include_path {C:/Users/VIDEO/Desktop/52_eth_udp_loop/prj} C:/Users/VIDEO/Desktop/52_eth_udp_loop/rtl/arp/crc32_d8.v
I: Verilog-0001: Analyzing file C:/Users/VIDEO/Desktop/52_eth_udp_loop/rtl/arp/crc32_d8.v
I: Verilog-0002: [C:/Users/VIDEO/Desktop/52_eth_udp_loop/rtl/arp/crc32_d8.v(line number: 22)] Analyzing module crc32_d8 (library work)
Parsing done.
Executing : .rtl_analyze -work work -include_path {C:/Users/VIDEO/Desktop/52_eth_udp_loop/prj} C:/Users/VIDEO/Desktop/52_eth_udp_loop/rtl/arp/crc32_d8.v successfully.
Executing : .rtl_analyze -work work -include_path {C:/Users/VIDEO/Desktop/52_eth_udp_loop/prj} C:/Users/VIDEO/Desktop/52_eth_udp_loop/rtl/gmii_to_rgmii/gmii_to_rgmii.v
I: Verilog-0001: Analyzing file C:/Users/VIDEO/Desktop/52_eth_udp_loop/rtl/gmii_to_rgmii/gmii_to_rgmii.v
I: Verilog-0002: [C:/Users/VIDEO/Desktop/52_eth_udp_loop/rtl/gmii_to_rgmii/gmii_to_rgmii.v(line number: 23)] Analyzing module gmii_to_rgmii (library work)
Parsing done.
Executing : .rtl_analyze -work work -include_path {C:/Users/VIDEO/Desktop/52_eth_udp_loop/prj} C:/Users/VIDEO/Desktop/52_eth_udp_loop/rtl/gmii_to_rgmii/gmii_to_rgmii.v successfully.
Executing : .rtl_analyze -work work -include_path {C:/Users/VIDEO/Desktop/52_eth_udp_loop/prj} C:/Users/VIDEO/Desktop/52_eth_udp_loop/rtl/gmii_to_rgmii/rgmii_rx.v
I: Verilog-0001: Analyzing file C:/Users/VIDEO/Desktop/52_eth_udp_loop/rtl/gmii_to_rgmii/rgmii_rx.v
I: Verilog-0002: [C:/Users/VIDEO/Desktop/52_eth_udp_loop/rtl/gmii_to_rgmii/rgmii_rx.v(line number: 23)] Analyzing module rgmii_rx (library work)
Parsing done.
Executing : .rtl_analyze -work work -include_path {C:/Users/VIDEO/Desktop/52_eth_udp_loop/prj} C:/Users/VIDEO/Desktop/52_eth_udp_loop/rtl/gmii_to_rgmii/rgmii_rx.v successfully.
Executing : .rtl_analyze -work work -include_path {C:/Users/VIDEO/Desktop/52_eth_udp_loop/prj} C:/Users/VIDEO/Desktop/52_eth_udp_loop/rtl/gmii_to_rgmii/rgmii_tx.v
I: Verilog-0001: Analyzing file C:/Users/VIDEO/Desktop/52_eth_udp_loop/rtl/gmii_to_rgmii/rgmii_tx.v
I: Verilog-0002: [C:/Users/VIDEO/Desktop/52_eth_udp_loop/rtl/gmii_to_rgmii/rgmii_tx.v(line number: 23)] Analyzing module rgmii_tx (library work)
Parsing done.
Executing : .rtl_analyze -work work -include_path {C:/Users/VIDEO/Desktop/52_eth_udp_loop/prj} C:/Users/VIDEO/Desktop/52_eth_udp_loop/rtl/gmii_to_rgmii/rgmii_tx.v successfully.
Executing : .rtl_analyze -work work -include_path {C:/Users/VIDEO/Desktop/52_eth_udp_loop/prj} C:/Users/VIDEO/Desktop/52_eth_udp_loop/rtl/icmp/icmp.v
I: Verilog-0001: Analyzing file C:/Users/VIDEO/Desktop/52_eth_udp_loop/rtl/icmp/icmp.v
I: Verilog-0002: [C:/Users/VIDEO/Desktop/52_eth_udp_loop/rtl/icmp/icmp.v(line number: 23)] Analyzing module icmp (library work)
Parsing done.
Executing : .rtl_analyze -work work -include_path {C:/Users/VIDEO/Desktop/52_eth_udp_loop/prj} C:/Users/VIDEO/Desktop/52_eth_udp_loop/rtl/icmp/icmp.v successfully.
Executing : .rtl_analyze -work work -include_path {C:/Users/VIDEO/Desktop/52_eth_udp_loop/prj} C:/Users/VIDEO/Desktop/52_eth_udp_loop/rtl/icmp/icmp_rx.v
I: Verilog-0001: Analyzing file C:/Users/VIDEO/Desktop/52_eth_udp_loop/rtl/icmp/icmp_rx.v
I: Verilog-0002: [C:/Users/VIDEO/Desktop/52_eth_udp_loop/rtl/icmp/icmp_rx.v(line number: 23)] Analyzing module icmp_rx (library work)
Parsing done.
Executing : .rtl_analyze -work work -include_path {C:/Users/VIDEO/Desktop/52_eth_udp_loop/prj} C:/Users/VIDEO/Desktop/52_eth_udp_loop/rtl/icmp/icmp_rx.v successfully.
Executing : .rtl_analyze -work work -include_path {C:/Users/VIDEO/Desktop/52_eth_udp_loop/prj} C:/Users/VIDEO/Desktop/52_eth_udp_loop/rtl/icmp/icmp_tx.v
I: Verilog-0001: Analyzing file C:/Users/VIDEO/Desktop/52_eth_udp_loop/rtl/icmp/icmp_tx.v
I: Verilog-0002: [C:/Users/VIDEO/Desktop/52_eth_udp_loop/rtl/icmp/icmp_tx.v(line number: 23)] Analyzing module icmp_tx (library work)
Parsing done.
Executing : .rtl_analyze -work work -include_path {C:/Users/VIDEO/Desktop/52_eth_udp_loop/prj} C:/Users/VIDEO/Desktop/52_eth_udp_loop/rtl/icmp/icmp_tx.v successfully.
Executing : .rtl_analyze -include_path {C:/Users/VIDEO/Desktop/52_eth_udp_loop/prj} C:/Users/VIDEO/Desktop/52_eth_udp_loop/prj/ipcore/sync_fifo_2048x8b/rtl/ipm2l_fifo_ctrl_v1_1_sync_fifo_2048x8b.v
I: Verilog-0001: Analyzing file C:/Users/VIDEO/Desktop/52_eth_udp_loop/prj/ipcore/sync_fifo_2048x8b/rtl/ipm2l_fifo_ctrl_v1_1_sync_fifo_2048x8b.v
I: Verilog-0002: [C:/Users/VIDEO/Desktop/52_eth_udp_loop/prj/ipcore/sync_fifo_2048x8b/rtl/ipm2l_fifo_ctrl_v1_1_sync_fifo_2048x8b.v(line number: 18)] Analyzing module ipm2l_fifo_ctrl_v1_1_sync_fifo_2048x8b (library work)
I: [C:/Users/VIDEO/Desktop/52_eth_udp_loop/prj/ipcore/sync_fifo_2048x8b/rtl/ipm2l_fifo_ctrl_v1_1_sync_fifo_2048x8b.v(line number: 46)] Convert attribute name from syn_preserve to PAP_PRESERVE
I: [C:/Users/VIDEO/Desktop/52_eth_udp_loop/prj/ipcore/sync_fifo_2048x8b/rtl/ipm2l_fifo_ctrl_v1_1_sync_fifo_2048x8b.v(line number: 48)] Convert attribute name from syn_preserve to PAP_PRESERVE
I: [C:/Users/VIDEO/Desktop/52_eth_udp_loop/prj/ipcore/sync_fifo_2048x8b/rtl/ipm2l_fifo_ctrl_v1_1_sync_fifo_2048x8b.v(line number: 59)] Convert attribute name from syn_preserve to PAP_PRESERVE
I: [C:/Users/VIDEO/Desktop/52_eth_udp_loop/prj/ipcore/sync_fifo_2048x8b/rtl/ipm2l_fifo_ctrl_v1_1_sync_fifo_2048x8b.v(line number: 61)] Convert attribute name from syn_preserve to PAP_PRESERVE
Parsing done.
Executing : .rtl_analyze -include_path {C:/Users/VIDEO/Desktop/52_eth_udp_loop/prj} C:/Users/VIDEO/Desktop/52_eth_udp_loop/prj/ipcore/sync_fifo_2048x8b/rtl/ipm2l_fifo_ctrl_v1_1_sync_fifo_2048x8b.v successfully.
Executing : .rtl_analyze -include_path {C:/Users/VIDEO/Desktop/52_eth_udp_loop/prj} C:/Users/VIDEO/Desktop/52_eth_udp_loop/prj/ipcore/sync_fifo_2048x8b/rtl/ipm2l_sdpram_v1_6a_sync_fifo_2048x8b.v
I: Verilog-0001: Analyzing file C:/Users/VIDEO/Desktop/52_eth_udp_loop/prj/ipcore/sync_fifo_2048x8b/rtl/ipm2l_sdpram_v1_6a_sync_fifo_2048x8b.v
I: Verilog-0002: [C:/Users/VIDEO/Desktop/52_eth_udp_loop/prj/ipcore/sync_fifo_2048x8b/rtl/ipm2l_sdpram_v1_6a_sync_fifo_2048x8b.v(line number: 18)] Analyzing module ipm2l_sdpram_v1_6a_sync_fifo_2048x8b (library work)
W: Verilog-2008: [C:/Users/VIDEO/Desktop/52_eth_udp_loop/prj/ipcore/sync_fifo_2048x8b/rtl/ipm2l_sdpram_v1_6a_sync_fifo_2048x8b.v(line number: 289)] Ignore 'system task' $display
W: Verilog-2008: [C:/Users/VIDEO/Desktop/52_eth_udp_loop/prj/ipcore/sync_fifo_2048x8b/rtl/ipm2l_sdpram_v1_6a_sync_fifo_2048x8b.v(line number: 290)] Ignore 'system task' $finish
W: Verilog-2008: [C:/Users/VIDEO/Desktop/52_eth_udp_loop/prj/ipcore/sync_fifo_2048x8b/rtl/ipm2l_sdpram_v1_6a_sync_fifo_2048x8b.v(line number: 293)] Ignore 'system task' $display
W: Verilog-2008: [C:/Users/VIDEO/Desktop/52_eth_udp_loop/prj/ipcore/sync_fifo_2048x8b/rtl/ipm2l_sdpram_v1_6a_sync_fifo_2048x8b.v(line number: 297)] Ignore 'system task' $display
W: Verilog-2008: [C:/Users/VIDEO/Desktop/52_eth_udp_loop/prj/ipcore/sync_fifo_2048x8b/rtl/ipm2l_sdpram_v1_6a_sync_fifo_2048x8b.v(line number: 301)] Ignore 'system task' $display
W: Verilog-2008: [C:/Users/VIDEO/Desktop/52_eth_udp_loop/prj/ipcore/sync_fifo_2048x8b/rtl/ipm2l_sdpram_v1_6a_sync_fifo_2048x8b.v(line number: 305)] Ignore 'system task' $display
W: Verilog-2008: [C:/Users/VIDEO/Desktop/52_eth_udp_loop/prj/ipcore/sync_fifo_2048x8b/rtl/ipm2l_sdpram_v1_6a_sync_fifo_2048x8b.v(line number: 313)] Ignore 'system task' $display
W: Verilog-2008: [C:/Users/VIDEO/Desktop/52_eth_udp_loop/prj/ipcore/sync_fifo_2048x8b/rtl/ipm2l_sdpram_v1_6a_sync_fifo_2048x8b.v(line number: 314)] Ignore 'system task' $finish
W: Verilog-2008: [C:/Users/VIDEO/Desktop/52_eth_udp_loop/prj/ipcore/sync_fifo_2048x8b/rtl/ipm2l_sdpram_v1_6a_sync_fifo_2048x8b.v(line number: 317)] Ignore 'system task' $display
W: Verilog-2008: [C:/Users/VIDEO/Desktop/52_eth_udp_loop/prj/ipcore/sync_fifo_2048x8b/rtl/ipm2l_sdpram_v1_6a_sync_fifo_2048x8b.v(line number: 318)] Ignore 'system task' $finish
W: Verilog-2008: [C:/Users/VIDEO/Desktop/52_eth_udp_loop/prj/ipcore/sync_fifo_2048x8b/rtl/ipm2l_sdpram_v1_6a_sync_fifo_2048x8b.v(line number: 321)] Ignore 'system task' $display
W: Verilog-2008: [C:/Users/VIDEO/Desktop/52_eth_udp_loop/prj/ipcore/sync_fifo_2048x8b/rtl/ipm2l_sdpram_v1_6a_sync_fifo_2048x8b.v(line number: 322)] Ignore 'system task' $finish
W: Verilog-2008: [C:/Users/VIDEO/Desktop/52_eth_udp_loop/prj/ipcore/sync_fifo_2048x8b/rtl/ipm2l_sdpram_v1_6a_sync_fifo_2048x8b.v(line number: 325)] Ignore 'system task' $display
W: Verilog-2008: [C:/Users/VIDEO/Desktop/52_eth_udp_loop/prj/ipcore/sync_fifo_2048x8b/rtl/ipm2l_sdpram_v1_6a_sync_fifo_2048x8b.v(line number: 326)] Ignore 'system task' $finish
W: Verilog-2008: [C:/Users/VIDEO/Desktop/52_eth_udp_loop/prj/ipcore/sync_fifo_2048x8b/rtl/ipm2l_sdpram_v1_6a_sync_fifo_2048x8b.v(line number: 329)] Ignore 'system task' $display
W: Verilog-2008: [C:/Users/VIDEO/Desktop/52_eth_udp_loop/prj/ipcore/sync_fifo_2048x8b/rtl/ipm2l_sdpram_v1_6a_sync_fifo_2048x8b.v(line number: 330)] Ignore 'system task' $finish
W: Verilog-2008: [C:/Users/VIDEO/Desktop/52_eth_udp_loop/prj/ipcore/sync_fifo_2048x8b/rtl/ipm2l_sdpram_v1_6a_sync_fifo_2048x8b.v(line number: 333)] Ignore 'system task' $display
W: Verilog-2008: [C:/Users/VIDEO/Desktop/52_eth_udp_loop/prj/ipcore/sync_fifo_2048x8b/rtl/ipm2l_sdpram_v1_6a_sync_fifo_2048x8b.v(line number: 334)] Ignore 'system task' $finish
W: Verilog-2008: [C:/Users/VIDEO/Desktop/52_eth_udp_loop/prj/ipcore/sync_fifo_2048x8b/rtl/ipm2l_sdpram_v1_6a_sync_fifo_2048x8b.v(line number: 337)] Ignore 'system task' $display
W: Verilog-2008: [C:/Users/VIDEO/Desktop/52_eth_udp_loop/prj/ipcore/sync_fifo_2048x8b/rtl/ipm2l_sdpram_v1_6a_sync_fifo_2048x8b.v(line number: 338)] Ignore 'system task' $finish
W: Verilog-2008: [C:/Users/VIDEO/Desktop/52_eth_udp_loop/prj/ipcore/sync_fifo_2048x8b/rtl/ipm2l_sdpram_v1_6a_sync_fifo_2048x8b.v(line number: 341)] Ignore 'system task' $display
W: Verilog-2008: [C:/Users/VIDEO/Desktop/52_eth_udp_loop/prj/ipcore/sync_fifo_2048x8b/rtl/ipm2l_sdpram_v1_6a_sync_fifo_2048x8b.v(line number: 342)] Ignore 'system task' $finish
W: Verilog-2008: [C:/Users/VIDEO/Desktop/52_eth_udp_loop/prj/ipcore/sync_fifo_2048x8b/rtl/ipm2l_sdpram_v1_6a_sync_fifo_2048x8b.v(line number: 345)] Ignore 'system task' $display
W: Verilog-2008: [C:/Users/VIDEO/Desktop/52_eth_udp_loop/prj/ipcore/sync_fifo_2048x8b/rtl/ipm2l_sdpram_v1_6a_sync_fifo_2048x8b.v(line number: 346)] Ignore 'system task' $finish
W: Verilog-2008: [C:/Users/VIDEO/Desktop/52_eth_udp_loop/prj/ipcore/sync_fifo_2048x8b/rtl/ipm2l_sdpram_v1_6a_sync_fifo_2048x8b.v(line number: 349)] Ignore 'system task' $display
W: Verilog-2008: [C:/Users/VIDEO/Desktop/52_eth_udp_loop/prj/ipcore/sync_fifo_2048x8b/rtl/ipm2l_sdpram_v1_6a_sync_fifo_2048x8b.v(line number: 350)] Ignore 'system task' $finish
W: Verilog-2008: [C:/Users/VIDEO/Desktop/52_eth_udp_loop/prj/ipcore/sync_fifo_2048x8b/rtl/ipm2l_sdpram_v1_6a_sync_fifo_2048x8b.v(line number: 353)] Ignore 'system task' $display
W: Verilog-2008: [C:/Users/VIDEO/Desktop/52_eth_udp_loop/prj/ipcore/sync_fifo_2048x8b/rtl/ipm2l_sdpram_v1_6a_sync_fifo_2048x8b.v(line number: 354)] Ignore 'system task' $finish
W: Verilog-2008: [C:/Users/VIDEO/Desktop/52_eth_udp_loop/prj/ipcore/sync_fifo_2048x8b/rtl/ipm2l_sdpram_v1_6a_sync_fifo_2048x8b.v(line number: 357)] Ignore 'system task' $display
W: Verilog-2008: [C:/Users/VIDEO/Desktop/52_eth_udp_loop/prj/ipcore/sync_fifo_2048x8b/rtl/ipm2l_sdpram_v1_6a_sync_fifo_2048x8b.v(line number: 358)] Ignore 'system task' $finish
W: Verilog-2008: [C:/Users/VIDEO/Desktop/52_eth_udp_loop/prj/ipcore/sync_fifo_2048x8b/rtl/ipm2l_sdpram_v1_6a_sync_fifo_2048x8b.v(line number: 361)] Ignore 'system task' $display
W: Verilog-2008: [C:/Users/VIDEO/Desktop/52_eth_udp_loop/prj/ipcore/sync_fifo_2048x8b/rtl/ipm2l_sdpram_v1_6a_sync_fifo_2048x8b.v(line number: 362)] Ignore 'system task' $finish
W: Verilog-2008: [C:/Users/VIDEO/Desktop/52_eth_udp_loop/prj/ipcore/sync_fifo_2048x8b/rtl/ipm2l_sdpram_v1_6a_sync_fifo_2048x8b.v(line number: 365)] Ignore 'system task' $display
W: Verilog-2008: [C:/Users/VIDEO/Desktop/52_eth_udp_loop/prj/ipcore/sync_fifo_2048x8b/rtl/ipm2l_sdpram_v1_6a_sync_fifo_2048x8b.v(line number: 366)] Ignore 'system task' $finish
W: Verilog-2008: [C:/Users/VIDEO/Desktop/52_eth_udp_loop/prj/ipcore/sync_fifo_2048x8b/rtl/ipm2l_sdpram_v1_6a_sync_fifo_2048x8b.v(line number: 370)] Ignore 'system task' $display
W: Verilog-2008: [C:/Users/VIDEO/Desktop/52_eth_udp_loop/prj/ipcore/sync_fifo_2048x8b/rtl/ipm2l_sdpram_v1_6a_sync_fifo_2048x8b.v(line number: 371)] Ignore 'system task' $finish
W: Verilog-2008: [C:/Users/VIDEO/Desktop/52_eth_udp_loop/prj/ipcore/sync_fifo_2048x8b/rtl/ipm2l_sdpram_v1_6a_sync_fifo_2048x8b.v(line number: 374)] Ignore 'system task' $display
W: Verilog-2008: [C:/Users/VIDEO/Desktop/52_eth_udp_loop/prj/ipcore/sync_fifo_2048x8b/rtl/ipm2l_sdpram_v1_6a_sync_fifo_2048x8b.v(line number: 375)] Ignore 'system task' $finish
W: Verilog-2008: [C:/Users/VIDEO/Desktop/52_eth_udp_loop/prj/ipcore/sync_fifo_2048x8b/rtl/ipm2l_sdpram_v1_6a_sync_fifo_2048x8b.v(line number: 379)] Ignore 'system task' $display
W: Verilog-2008: [C:/Users/VIDEO/Desktop/52_eth_udp_loop/prj/ipcore/sync_fifo_2048x8b/rtl/ipm2l_sdpram_v1_6a_sync_fifo_2048x8b.v(line number: 380)] Ignore 'system task' $finish
W: Verilog-2008: [C:/Users/VIDEO/Desktop/52_eth_udp_loop/prj/ipcore/sync_fifo_2048x8b/rtl/ipm2l_sdpram_v1_6a_sync_fifo_2048x8b.v(line number: 385)] Ignore 'system task' $display
W: Verilog-2008: [C:/Users/VIDEO/Desktop/52_eth_udp_loop/prj/ipcore/sync_fifo_2048x8b/rtl/ipm2l_sdpram_v1_6a_sync_fifo_2048x8b.v(line number: 386)] Ignore 'system task' $finish
W: Verilog-2008: [C:/Users/VIDEO/Desktop/52_eth_udp_loop/prj/ipcore/sync_fifo_2048x8b/rtl/ipm2l_sdpram_v1_6a_sync_fifo_2048x8b.v(line number: 389)] Ignore 'system task' $display
W: Verilog-2008: [C:/Users/VIDEO/Desktop/52_eth_udp_loop/prj/ipcore/sync_fifo_2048x8b/rtl/ipm2l_sdpram_v1_6a_sync_fifo_2048x8b.v(line number: 390)] Ignore 'system task' $finish
W: Verilog-2008: [C:/Users/VIDEO/Desktop/52_eth_udp_loop/prj/ipcore/sync_fifo_2048x8b/rtl/ipm2l_sdpram_v1_6a_sync_fifo_2048x8b.v(line number: 395)] Ignore 'system task' $display
W: Verilog-2008: [C:/Users/VIDEO/Desktop/52_eth_udp_loop/prj/ipcore/sync_fifo_2048x8b/rtl/ipm2l_sdpram_v1_6a_sync_fifo_2048x8b.v(line number: 396)] Ignore 'system task' $finish
Parsing done.
Executing : .rtl_analyze -include_path {C:/Users/VIDEO/Desktop/52_eth_udp_loop/prj} C:/Users/VIDEO/Desktop/52_eth_udp_loop/prj/ipcore/sync_fifo_2048x8b/rtl/ipm2l_sdpram_v1_6a_sync_fifo_2048x8b.v successfully.
Executing : .rtl_analyze -include_path {C:/Users/VIDEO/Desktop/52_eth_udp_loop/prj} C:/Users/VIDEO/Desktop/52_eth_udp_loop/prj/ipcore/sync_fifo_2048x8b/rtl/ipm2l_fifo_v1_7_sync_fifo_2048x8b.v
I: Verilog-0001: Analyzing file C:/Users/VIDEO/Desktop/52_eth_udp_loop/prj/ipcore/sync_fifo_2048x8b/rtl/ipm2l_fifo_v1_7_sync_fifo_2048x8b.v
I: Verilog-0002: [C:/Users/VIDEO/Desktop/52_eth_udp_loop/prj/ipcore/sync_fifo_2048x8b/rtl/ipm2l_fifo_v1_7_sync_fifo_2048x8b.v(line number: 19)] Analyzing module ipm2l_fifo_v1_7_sync_fifo_2048x8b (library work)
Parsing done.
Executing : .rtl_analyze -include_path {C:/Users/VIDEO/Desktop/52_eth_udp_loop/prj} C:/Users/VIDEO/Desktop/52_eth_udp_loop/prj/ipcore/sync_fifo_2048x8b/rtl/ipm2l_fifo_v1_7_sync_fifo_2048x8b.v successfully.
Executing : .rtl_analyze -include_path {C:/Users/VIDEO/Desktop/52_eth_udp_loop/prj} C:/Users/VIDEO/Desktop/52_eth_udp_loop/prj/ipcore/sync_fifo_2048x8b/sync_fifo_2048x8b.v
I: Verilog-0001: Analyzing file C:/Users/VIDEO/Desktop/52_eth_udp_loop/prj/ipcore/sync_fifo_2048x8b/sync_fifo_2048x8b.v
I: Verilog-0002: [C:/Users/VIDEO/Desktop/52_eth_udp_loop/prj/ipcore/sync_fifo_2048x8b/sync_fifo_2048x8b.v(line number: 16)] Analyzing module sync_fifo_2048x8b (library work)
Parsing done.
Executing : .rtl_analyze -include_path {C:/Users/VIDEO/Desktop/52_eth_udp_loop/prj} C:/Users/VIDEO/Desktop/52_eth_udp_loop/prj/ipcore/sync_fifo_2048x8b/sync_fifo_2048x8b.v successfully.
I: Module "eth_udp_loop" is set as top module.
Executing : rtl-analyze successfully. Time elapsed: 3.727s wall, 0.016s user + 0.031s system = 0.047s CPU (1.3%)

Start rtl-elaborate.
I: Verilog-0003: [C:/Users/VIDEO/Desktop/52_eth_udp_loop/rtl/eth_udp_loop.v(line number: 23)] Elaborating module eth_udp_loop
I: Module instance {eth_udp_loop} parameter value:
    BOARD_MAC = 48'b000000000001000100100010001100110100010001010101
    BOARD_IP = 32'b11000000101010000000000100001010
    DES_MAC = 48'b111111111111111111111111111111111111111111111111
    DES_IP = 32'b11000000101010000000000101100110
I: Verilog-0004: [C:/Users/VIDEO/Desktop/52_eth_udp_loop/rtl/eth_udp_loop.v(line number: 109)] Elaborating instance u_gmii_to_rgmii
I: Verilog-0003: [C:/Users/VIDEO/Desktop/52_eth_udp_loop/rtl/gmii_to_rgmii/gmii_to_rgmii.v(line number: 23)] Elaborating module gmii_to_rgmii
I: Verilog-0004: [C:/Users/VIDEO/Desktop/52_eth_udp_loop/rtl/gmii_to_rgmii/gmii_to_rgmii.v(line number: 47)] Elaborating instance u_rgmii_rx
I: Verilog-0003: [C:/Users/VIDEO/Desktop/52_eth_udp_loop/rtl/gmii_to_rgmii/rgmii_rx.v(line number: 23)] Elaborating module rgmii_rx
I: Verilog-0004: [C:/Users/VIDEO/Desktop/52_eth_udp_loop/rtl/gmii_to_rgmii/rgmii_rx.v(line number: 52)] Elaborating instance BUFG_inst
I: Verilog-0004: [C:/Users/VIDEO/Desktop/52_eth_udp_loop/rtl/gmii_to_rgmii/rgmii_rx.v(line number: 61)] Elaborating instance u_GTP_IOCLKBUF
I: Verilog-0004: [C:/Users/VIDEO/Desktop/52_eth_udp_loop/rtl/gmii_to_rgmii/rgmii_rx.v(line number: 72)] Elaborating instance u_iddr_rx_ctl
I: Verilog-0004: [C:/Users/VIDEO/Desktop/52_eth_udp_loop/rtl/gmii_to_rgmii/rgmii_rx.v(line number: 89)] Elaborating instance u_iddr_rxd
I: Verilog-0004: [C:/Users/VIDEO/Desktop/52_eth_udp_loop/rtl/gmii_to_rgmii/rgmii_rx.v(line number: 89)] Elaborating instance u_iddr_rxd
I: Verilog-0004: [C:/Users/VIDEO/Desktop/52_eth_udp_loop/rtl/gmii_to_rgmii/rgmii_rx.v(line number: 89)] Elaborating instance u_iddr_rxd
I: Verilog-0004: [C:/Users/VIDEO/Desktop/52_eth_udp_loop/rtl/gmii_to_rgmii/rgmii_rx.v(line number: 89)] Elaborating instance u_iddr_rxd
I: Verilog-0004: [C:/Users/VIDEO/Desktop/52_eth_udp_loop/rtl/gmii_to_rgmii/gmii_to_rgmii.v(line number: 58)] Elaborating instance u_rgmii_tx
I: Verilog-0003: [C:/Users/VIDEO/Desktop/52_eth_udp_loop/rtl/gmii_to_rgmii/rgmii_tx.v(line number: 23)] Elaborating module rgmii_tx
I: Verilog-0004: [C:/Users/VIDEO/Desktop/52_eth_udp_loop/rtl/gmii_to_rgmii/rgmii_tx.v(line number: 47)] Elaborating instance u_ODDR_inst_tx_ctl
I: Verilog-0004: [C:/Users/VIDEO/Desktop/52_eth_udp_loop/rtl/gmii_to_rgmii/rgmii_tx.v(line number: 65)] Elaborating instance u_ODDR_inst_txdata
I: Verilog-0004: [C:/Users/VIDEO/Desktop/52_eth_udp_loop/rtl/gmii_to_rgmii/rgmii_tx.v(line number: 65)] Elaborating instance u_ODDR_inst_txdata
I: Verilog-0004: [C:/Users/VIDEO/Desktop/52_eth_udp_loop/rtl/gmii_to_rgmii/rgmii_tx.v(line number: 65)] Elaborating instance u_ODDR_inst_txdata
I: Verilog-0004: [C:/Users/VIDEO/Desktop/52_eth_udp_loop/rtl/gmii_to_rgmii/rgmii_tx.v(line number: 65)] Elaborating instance u_ODDR_inst_txdata
W: Verilog-2023: [C:/Users/VIDEO/Desktop/52_eth_udp_loop/rtl/gmii_to_rgmii/gmii_to_rgmii.v(line number: 47)] Give initial value 0 for the no drive pin idelay_clk in module instance eth_udp_loop/u_gmii_to_rgmii.u_rgmii_rx
I: Verilog-0004: [C:/Users/VIDEO/Desktop/52_eth_udp_loop/rtl/eth_udp_loop.v(line number: 133)] Elaborating instance u_arp
I: Verilog-0003: [C:/Users/VIDEO/Desktop/52_eth_udp_loop/rtl/arp/arp.v(line number: 23)] Elaborating module arp
I: Module instance {eth_udp_loop/u_arp} parameter value:
    BOARD_MAC = 48'b000000000001000100100010001100110100010001010101
    BOARD_IP = 32'b11000000101010000000000100001010
    DES_MAC = 48'b111111111111111111111111111111111111111111111111
    DES_IP = 32'b11000000101010000000000101100110
I: Verilog-0004: [C:/Users/VIDEO/Desktop/52_eth_udp_loop/rtl/arp/arp.v(line number: 74)] Elaborating instance u_arp_rx
I: Verilog-0003: [C:/Users/VIDEO/Desktop/52_eth_udp_loop/rtl/arp/arp_rx.v(line number: 23)] Elaborating module arp_rx
I: Module instance {eth_udp_loop/u_arp/u_arp_rx} parameter value:
    BOARD_MAC = 48'b000000000001000100100010001100110100010001010101
    BOARD_IP = 32'b11000000101010000000000100001010
I: Verilog-0004: [C:/Users/VIDEO/Desktop/52_eth_udp_loop/rtl/arp/arp.v(line number: 94)] Elaborating instance u_arp_tx
I: Verilog-0003: [C:/Users/VIDEO/Desktop/52_eth_udp_loop/rtl/arp/arp_tx.v(line number: 23)] Elaborating module arp_tx
I: Module instance {eth_udp_loop/u_arp/u_arp_tx} parameter value:
    BOARD_MAC = 48'b000000000001000100100010001100110100010001010101
    BOARD_IP = 32'b11000000101010000000000100001010
    DES_MAC = 48'b111111111111111111111111111111111111111111111111
    DES_IP = 32'b11000000101010000000000101100110
I: Verilog-0004: [C:/Users/VIDEO/Desktop/52_eth_udp_loop/rtl/arp/arp.v(line number: 112)] Elaborating instance u_crc32_d8
I: Verilog-0003: [C:/Users/VIDEO/Desktop/52_eth_udp_loop/rtl/arp/crc32_d8.v(line number: 22)] Elaborating module crc32_d8
I: Verilog-0004: [C:/Users/VIDEO/Desktop/52_eth_udp_loop/rtl/eth_udp_loop.v(line number: 162)] Elaborating instance u_icmp
I: Verilog-0003: [C:/Users/VIDEO/Desktop/52_eth_udp_loop/rtl/icmp/icmp.v(line number: 23)] Elaborating module icmp
I: Module instance {eth_udp_loop/u_icmp} parameter value:
    BOARD_MAC = 48'b000000000001000100100010001100110100010001010101
    BOARD_IP = 32'b11000000101010000000000100001010
    DES_MAC = 48'b111111111111111111111111111111111111111111111111
    DES_IP = 32'b11000000101010000000000101100110
I: Verilog-0004: [C:/Users/VIDEO/Desktop/52_eth_udp_loop/rtl/icmp/icmp.v(line number: 81)] Elaborating instance u_icmp_rx
I: Verilog-0003: [C:/Users/VIDEO/Desktop/52_eth_udp_loop/rtl/icmp/icmp_rx.v(line number: 23)] Elaborating module icmp_rx
I: Module instance {eth_udp_loop/u_icmp/u_icmp_rx} parameter value:
    BOARD_MAC = 48'b000000000001000100100010001100110100010001010101
    BOARD_IP = 32'b11000000101010000000000100001010
I: Verilog-0004: [C:/Users/VIDEO/Desktop/52_eth_udp_loop/rtl/icmp/icmp.v(line number: 103)] Elaborating instance u_icmp_tx
I: Verilog-0003: [C:/Users/VIDEO/Desktop/52_eth_udp_loop/rtl/icmp/icmp_tx.v(line number: 23)] Elaborating module icmp_tx
I: Module instance {eth_udp_loop/u_icmp/u_icmp_tx} parameter value:
    BOARD_MAC = 48'b000000000001000100100010001100110100010001010101
    BOARD_IP = 32'b11000000101010000000000100001010
    DES_MAC = 48'b111111111111111111111111111111111111111111111111
    DES_IP = 32'b11000000101010000000000101100110
    ECHO_REPLY = 8'b00000000
I: Verilog-0004: [C:/Users/VIDEO/Desktop/52_eth_udp_loop/rtl/icmp/icmp.v(line number: 125)] Elaborating instance u_crc32_d8
I: Verilog-0003: [C:/Users/VIDEO/Desktop/52_eth_udp_loop/rtl/arp/crc32_d8.v(line number: 22)] Elaborating module crc32_d8
I: Verilog-0004: [C:/Users/VIDEO/Desktop/52_eth_udp_loop/rtl/eth_udp_loop.v(line number: 193)] Elaborating instance u_udp
I: Verilog-0003: [C:/Users/VIDEO/Desktop/52_eth_udp_loop/rtl/udp/udp.v(line number: 23)] Elaborating module udp
I: Module instance {eth_udp_loop/u_udp} parameter value:
    BOARD_MAC = 48'b000000000001000100100010001100110100010001010101
    BOARD_IP = 32'b11000000101010000000000100001010
    DES_MAC = 48'b111111111111111111111111111111111111111111111111
    DES_IP = 32'b11000000101010000000000101100110
I: Verilog-0004: [C:/Users/VIDEO/Desktop/52_eth_udp_loop/rtl/udp/udp.v(line number: 76)] Elaborating instance u_udp_rx
I: Verilog-0003: [C:/Users/VIDEO/Desktop/52_eth_udp_loop/rtl/udp/udp_rx.v(line number: 23)] Elaborating module udp_rx
I: Module instance {eth_udp_loop/u_udp/u_udp_rx} parameter value:
    BOARD_MAC = 48'b000000000001000100100010001100110100010001010101
    BOARD_IP = 32'b11000000101010000000000100001010
I: Verilog-0004: [C:/Users/VIDEO/Desktop/52_eth_udp_loop/rtl/udp/udp.v(line number: 95)] Elaborating instance u_udp_tx
I: Verilog-0003: [C:/Users/VIDEO/Desktop/52_eth_udp_loop/rtl/udp/udp_tx.v(line number: 23)] Elaborating module udp_tx
I: Module instance {eth_udp_loop/u_udp/u_udp_tx} parameter value:
    BOARD_MAC = 48'b000000000001000100100010001100110100010001010101
    BOARD_IP = 32'b11000000101010000000000100001010
    DES_MAC = 48'b111111111111111111111111111111111111111111111111
    DES_IP = 32'b11000000101010000000000101100110
I: Verilog-0004: [C:/Users/VIDEO/Desktop/52_eth_udp_loop/rtl/udp/udp.v(line number: 114)] Elaborating instance u_crc32_d8
I: Verilog-0003: [C:/Users/VIDEO/Desktop/52_eth_udp_loop/rtl/arp/crc32_d8.v(line number: 22)] Elaborating module crc32_d8
I: Verilog-0004: [C:/Users/VIDEO/Desktop/52_eth_udp_loop/rtl/eth_udp_loop.v(line number: 217)] Elaborating instance sync_fifo_2048x8b_inst
I: Verilog-0003: [C:/Users/VIDEO/Desktop/52_eth_udp_loop/prj/ipcore/sync_fifo_2048x8b/sync_fifo_2048x8b.v(line number: 16)] Elaborating module sync_fifo_2048x8b
I: Verilog-0004: [C:/Users/VIDEO/Desktop/52_eth_udp_loop/prj/ipcore/sync_fifo_2048x8b/sync_fifo_2048x8b.v(line number: 154)] Elaborating instance U_ipm2l_fifo_sync_fifo_2048x8b
I: Verilog-0003: [C:/Users/VIDEO/Desktop/52_eth_udp_loop/prj/ipcore/sync_fifo_2048x8b/rtl/ipm2l_fifo_v1_7_sync_fifo_2048x8b.v(line number: 19)] Elaborating module ipm2l_fifo_v1_7_sync_fifo_2048x8b
I: Module instance {eth_udp_loop/sync_fifo_2048x8b_inst/U_ipm2l_fifo_sync_fifo_2048x8b} parameter value:
    c_CAS_MODE = 18K
    c_WR_DEPTH_WIDTH = 32'b00000000000000000000000000001011
    c_WR_DATA_WIDTH = 32'b00000000000000000000000000001000
    c_RD_DEPTH_WIDTH = 32'b00000000000000000000000000001011
    c_RD_DATA_WIDTH = 32'b00000000000000000000000000001000
    c_OUTPUT_REG = 32'b00000000000000000000000000000000
    c_RD_OCE_EN = 32'b00000000000000000000000000000000
    c_FAB_REG = 32'b00000000000000000000000000000000
    c_RESET_TYPE = ASYNC
    c_POWER_OPT = 32'b00000000000000000000000000000000
    c_RD_CLK_OR_POL_INV = 32'b00000000000000000000000000000000
    c_WR_BYTE_EN = 32'b00000000000000000000000000000000
    c_BE_WIDTH = 32'b00000000000000000000000000000001
    c_FIFO_TYPE = SYN
    c_ALMOST_FULL_NUM = 32'b00000000000000000000001111111100
    c_ALMOST_EMPTY_NUM = 32'b00000000000000000000000000000100
I: Verilog-0004: [C:/Users/VIDEO/Desktop/52_eth_udp_loop/prj/ipcore/sync_fifo_2048x8b/rtl/ipm2l_fifo_v1_7_sync_fifo_2048x8b.v(line number: 84)] Elaborating instance U_ipm2l_sdpram
I: Verilog-0003: [C:/Users/VIDEO/Desktop/52_eth_udp_loop/prj/ipcore/sync_fifo_2048x8b/rtl/ipm2l_sdpram_v1_6a_sync_fifo_2048x8b.v(line number: 18)] Elaborating module ipm2l_sdpram_v1_6a_sync_fifo_2048x8b
I: Module instance {eth_udp_loop/sync_fifo_2048x8b_inst/U_ipm2l_fifo_sync_fifo_2048x8b/U_ipm2l_sdpram} parameter value:
    c_CAS_MODE = 18K
    c_WR_ADDR_WIDTH = 32'b00000000000000000000000000001011
    c_WR_DATA_WIDTH = 32'b00000000000000000000000000001000
    c_RD_ADDR_WIDTH = 32'b00000000000000000000000000001011
    c_RD_DATA_WIDTH = 32'b00000000000000000000000000001000
    c_WR_ADDR_STROBE_EN = 32'b00000000000000000000000000000000
    c_WR_CLK_EN = 32'b00000000000000000000000000000001
    c_OUTPUT_REG = 32'b00000000000000000000000000000000
    c_RD_OCE_EN = 32'b00000000000000000000000000000000
    c_FAB_REG = 32'b00000000000000000000000000000000
    c_RD_ADDR_STROBE_EN = 32'b00000000000000000000000000000000
    c_RD_CLK_EN = 32'b00000000000000000000000000000001
    c_RESET_TYPE = ASYNC
    c_RD_CLK_OR_POL_INV = 32'b00000000000000000000000000000000
    c_POWER_OPT = 32'b00000000000000000000000000000000
    c_INIT_FILE = NONE
    c_INIT_FORMAT = BIN
    c_WR_BYTE_EN = 32'b00000000000000000000000000000000
    c_BE_WIDTH = 32'b00000000000000000000000000000001
W: Verilog-2039: [C:/Users/VIDEO/Desktop/52_eth_udp_loop/prj/ipcore/sync_fifo_2048x8b/rtl/ipm2l_sdpram_v1_6a_sync_fifo_2048x8b.v(line number: 444)] Repeat multiplier in concatenation evaluates to 0
W: Verilog-2039: [C:/Users/VIDEO/Desktop/52_eth_udp_loop/prj/ipcore/sync_fifo_2048x8b/rtl/ipm2l_sdpram_v1_6a_sync_fifo_2048x8b.v(line number: 445)] Repeat multiplier in concatenation evaluates to 0
W: Verilog-2038: [C:/Users/VIDEO/Desktop/52_eth_udp_loop/prj/ipcore/sync_fifo_2048x8b/rtl/ipm2l_sdpram_v1_6a_sync_fifo_2048x8b.v(line number: 453)] Case condition never applies
W: Verilog-2038: [C:/Users/VIDEO/Desktop/52_eth_udp_loop/prj/ipcore/sync_fifo_2048x8b/rtl/ipm2l_sdpram_v1_6a_sync_fifo_2048x8b.v(line number: 454)] Case condition never applies
W: Verilog-2038: [C:/Users/VIDEO/Desktop/52_eth_udp_loop/prj/ipcore/sync_fifo_2048x8b/rtl/ipm2l_sdpram_v1_6a_sync_fifo_2048x8b.v(line number: 455)] Case condition never applies
W: Verilog-2039: [C:/Users/VIDEO/Desktop/52_eth_udp_loop/prj/ipcore/sync_fifo_2048x8b/rtl/ipm2l_sdpram_v1_6a_sync_fifo_2048x8b.v(line number: 577)] Repeat multiplier in concatenation evaluates to 0
W: Verilog-2038: [C:/Users/VIDEO/Desktop/52_eth_udp_loop/prj/ipcore/sync_fifo_2048x8b/rtl/ipm2l_sdpram_v1_6a_sync_fifo_2048x8b.v(line number: 582)] Case condition never applies
W: Verilog-2038: [C:/Users/VIDEO/Desktop/52_eth_udp_loop/prj/ipcore/sync_fifo_2048x8b/rtl/ipm2l_sdpram_v1_6a_sync_fifo_2048x8b.v(line number: 583)] Case condition never applies
W: Verilog-2038: [C:/Users/VIDEO/Desktop/52_eth_udp_loop/prj/ipcore/sync_fifo_2048x8b/rtl/ipm2l_sdpram_v1_6a_sync_fifo_2048x8b.v(line number: 584)] Case condition never applies
I: Verilog-0004: [C:/Users/VIDEO/Desktop/52_eth_udp_loop/prj/ipcore/sync_fifo_2048x8b/rtl/ipm2l_sdpram_v1_6a_sync_fifo_2048x8b.v(line number: 749)] Elaborating instance U_GTP_DRM18K_E1
W: Verilog-2020: [C:/Users/VIDEO/Desktop/52_eth_udp_loop/prj/ipcore/sync_fifo_2048x8b/rtl/ipm2l_sdpram_v1_6a_sync_fifo_2048x8b.v(line number: 672)] Net DA_bus[8] in ipm2l_sdpram_v1_6a_sync_fifo_2048x8b(original module ipm2l_sdpram_v1_6a_sync_fifo_2048x8b) does not have a driver, tie it to 0
W: Verilog-2020: [C:/Users/VIDEO/Desktop/52_eth_udp_loop/prj/ipcore/sync_fifo_2048x8b/rtl/ipm2l_sdpram_v1_6a_sync_fifo_2048x8b.v(line number: 672)] Net DA_bus[9] in ipm2l_sdpram_v1_6a_sync_fifo_2048x8b(original module ipm2l_sdpram_v1_6a_sync_fifo_2048x8b) does not have a driver, tie it to 0
W: Verilog-2020: [C:/Users/VIDEO/Desktop/52_eth_udp_loop/prj/ipcore/sync_fifo_2048x8b/rtl/ipm2l_sdpram_v1_6a_sync_fifo_2048x8b.v(line number: 672)] Net DA_bus[10] in ipm2l_sdpram_v1_6a_sync_fifo_2048x8b(original module ipm2l_sdpram_v1_6a_sync_fifo_2048x8b) does not have a driver, tie it to 0
W: Verilog-2020: [C:/Users/VIDEO/Desktop/52_eth_udp_loop/prj/ipcore/sync_fifo_2048x8b/rtl/ipm2l_sdpram_v1_6a_sync_fifo_2048x8b.v(line number: 672)] Net DA_bus[11] in ipm2l_sdpram_v1_6a_sync_fifo_2048x8b(original module ipm2l_sdpram_v1_6a_sync_fifo_2048x8b) does not have a driver, tie it to 0
W: Verilog-2020: [C:/Users/VIDEO/Desktop/52_eth_udp_loop/prj/ipcore/sync_fifo_2048x8b/rtl/ipm2l_sdpram_v1_6a_sync_fifo_2048x8b.v(line number: 672)] Net DA_bus[12] in ipm2l_sdpram_v1_6a_sync_fifo_2048x8b(original module ipm2l_sdpram_v1_6a_sync_fifo_2048x8b) does not have a driver, tie it to 0
W: Verilog-2020: [C:/Users/VIDEO/Desktop/52_eth_udp_loop/prj/ipcore/sync_fifo_2048x8b/rtl/ipm2l_sdpram_v1_6a_sync_fifo_2048x8b.v(line number: 672)] Net DA_bus[13] in ipm2l_sdpram_v1_6a_sync_fifo_2048x8b(original module ipm2l_sdpram_v1_6a_sync_fifo_2048x8b) does not have a driver, tie it to 0
W: Verilog-2020: [C:/Users/VIDEO/Desktop/52_eth_udp_loop/prj/ipcore/sync_fifo_2048x8b/rtl/ipm2l_sdpram_v1_6a_sync_fifo_2048x8b.v(line number: 672)] Net DA_bus[14] in ipm2l_sdpram_v1_6a_sync_fifo_2048x8b(original module ipm2l_sdpram_v1_6a_sync_fifo_2048x8b) does not have a driver, tie it to 0
W: Verilog-2020: [C:/Users/VIDEO/Desktop/52_eth_udp_loop/prj/ipcore/sync_fifo_2048x8b/rtl/ipm2l_sdpram_v1_6a_sync_fifo_2048x8b.v(line number: 672)] Net DA_bus[15] in ipm2l_sdpram_v1_6a_sync_fifo_2048x8b(original module ipm2l_sdpram_v1_6a_sync_fifo_2048x8b) does not have a driver, tie it to 0
W: Verilog-2020: [C:/Users/VIDEO/Desktop/52_eth_udp_loop/prj/ipcore/sync_fifo_2048x8b/rtl/ipm2l_sdpram_v1_6a_sync_fifo_2048x8b.v(line number: 672)] Net DA_bus[16] in ipm2l_sdpram_v1_6a_sync_fifo_2048x8b(original module ipm2l_sdpram_v1_6a_sync_fifo_2048x8b) does not have a driver, tie it to 0
W: Verilog-2020: [C:/Users/VIDEO/Desktop/52_eth_udp_loop/prj/ipcore/sync_fifo_2048x8b/rtl/ipm2l_sdpram_v1_6a_sync_fifo_2048x8b.v(line number: 672)] Net DA_bus[17] in ipm2l_sdpram_v1_6a_sync_fifo_2048x8b(original module ipm2l_sdpram_v1_6a_sync_fifo_2048x8b) does not have a driver, tie it to 0
W: Verilog-2020: [C:/Users/VIDEO/Desktop/52_eth_udp_loop/prj/ipcore/sync_fifo_2048x8b/rtl/ipm2l_sdpram_v1_6a_sync_fifo_2048x8b.v(line number: 673)] Net DB_bus[8] in ipm2l_sdpram_v1_6a_sync_fifo_2048x8b(original module ipm2l_sdpram_v1_6a_sync_fifo_2048x8b) does not have a driver, tie it to 0
W: Verilog-2020: [C:/Users/VIDEO/Desktop/52_eth_udp_loop/prj/ipcore/sync_fifo_2048x8b/rtl/ipm2l_sdpram_v1_6a_sync_fifo_2048x8b.v(line number: 673)] Net DB_bus[9] in ipm2l_sdpram_v1_6a_sync_fifo_2048x8b(original module ipm2l_sdpram_v1_6a_sync_fifo_2048x8b) does not have a driver, tie it to 0
W: Verilog-2020: [C:/Users/VIDEO/Desktop/52_eth_udp_loop/prj/ipcore/sync_fifo_2048x8b/rtl/ipm2l_sdpram_v1_6a_sync_fifo_2048x8b.v(line number: 673)] Net DB_bus[10] in ipm2l_sdpram_v1_6a_sync_fifo_2048x8b(original module ipm2l_sdpram_v1_6a_sync_fifo_2048x8b) does not have a driver, tie it to 0
W: Verilog-2020: [C:/Users/VIDEO/Desktop/52_eth_udp_loop/prj/ipcore/sync_fifo_2048x8b/rtl/ipm2l_sdpram_v1_6a_sync_fifo_2048x8b.v(line number: 673)] Net DB_bus[11] in ipm2l_sdpram_v1_6a_sync_fifo_2048x8b(original module ipm2l_sdpram_v1_6a_sync_fifo_2048x8b) does not have a driver, tie it to 0
W: Verilog-2020: [C:/Users/VIDEO/Desktop/52_eth_udp_loop/prj/ipcore/sync_fifo_2048x8b/rtl/ipm2l_sdpram_v1_6a_sync_fifo_2048x8b.v(line number: 673)] Net DB_bus[12] in ipm2l_sdpram_v1_6a_sync_fifo_2048x8b(original module ipm2l_sdpram_v1_6a_sync_fifo_2048x8b) does not have a driver, tie it to 0
W: Verilog-2020: [C:/Users/VIDEO/Desktop/52_eth_udp_loop/prj/ipcore/sync_fifo_2048x8b/rtl/ipm2l_sdpram_v1_6a_sync_fifo_2048x8b.v(line number: 673)] Net DB_bus[13] in ipm2l_sdpram_v1_6a_sync_fifo_2048x8b(original module ipm2l_sdpram_v1_6a_sync_fifo_2048x8b) does not have a driver, tie it to 0
W: Verilog-2020: [C:/Users/VIDEO/Desktop/52_eth_udp_loop/prj/ipcore/sync_fifo_2048x8b/rtl/ipm2l_sdpram_v1_6a_sync_fifo_2048x8b.v(line number: 673)] Net DB_bus[14] in ipm2l_sdpram_v1_6a_sync_fifo_2048x8b(original module ipm2l_sdpram_v1_6a_sync_fifo_2048x8b) does not have a driver, tie it to 0
W: Verilog-2020: [C:/Users/VIDEO/Desktop/52_eth_udp_loop/prj/ipcore/sync_fifo_2048x8b/rtl/ipm2l_sdpram_v1_6a_sync_fifo_2048x8b.v(line number: 673)] Net DB_bus[15] in ipm2l_sdpram_v1_6a_sync_fifo_2048x8b(original module ipm2l_sdpram_v1_6a_sync_fifo_2048x8b) does not have a driver, tie it to 0
W: Verilog-2020: [C:/Users/VIDEO/Desktop/52_eth_udp_loop/prj/ipcore/sync_fifo_2048x8b/rtl/ipm2l_sdpram_v1_6a_sync_fifo_2048x8b.v(line number: 673)] Net DB_bus[16] in ipm2l_sdpram_v1_6a_sync_fifo_2048x8b(original module ipm2l_sdpram_v1_6a_sync_fifo_2048x8b) does not have a driver, tie it to 0
W: Verilog-2020: [C:/Users/VIDEO/Desktop/52_eth_udp_loop/prj/ipcore/sync_fifo_2048x8b/rtl/ipm2l_sdpram_v1_6a_sync_fifo_2048x8b.v(line number: 673)] Net DB_bus[17] in ipm2l_sdpram_v1_6a_sync_fifo_2048x8b(original module ipm2l_sdpram_v1_6a_sync_fifo_2048x8b) does not have a driver, tie it to 0
I: Verilog-0004: [C:/Users/VIDEO/Desktop/52_eth_udp_loop/prj/ipcore/sync_fifo_2048x8b/rtl/ipm2l_fifo_v1_7_sync_fifo_2048x8b.v(line number: 109)] Elaborating instance U_ipm2l_fifo_ctrl
I: Verilog-0003: [C:/Users/VIDEO/Desktop/52_eth_udp_loop/prj/ipcore/sync_fifo_2048x8b/rtl/ipm2l_fifo_ctrl_v1_1_sync_fifo_2048x8b.v(line number: 18)] Elaborating module ipm2l_fifo_ctrl_v1_1_sync_fifo_2048x8b
I: Module instance {eth_udp_loop/sync_fifo_2048x8b_inst/U_ipm2l_fifo_sync_fifo_2048x8b/U_ipm2l_fifo_ctrl} parameter value:
    c_WR_DEPTH_WIDTH = 32'b00000000000000000000000000001011
    c_RD_DEPTH_WIDTH = 32'b00000000000000000000000000001011
    c_FIFO_TYPE = SYN
    c_ALMOST_FULL_NUM = 32'b00000000000000000000001111111100
    c_ALMOST_EMPTY_NUM = 32'b00000000000000000000000000000100
W: Verilog-2039: [C:/Users/VIDEO/Desktop/52_eth_udp_loop/prj/ipcore/sync_fifo_2048x8b/rtl/ipm2l_fifo_ctrl_v1_1_sync_fifo_2048x8b.v(line number: 316)] Repeat multiplier in concatenation evaluates to 0
I: Verilog-0004: [C:/Users/VIDEO/Desktop/52_eth_udp_loop/rtl/eth_udp_loop.v(line number: 231)] Elaborating instance u_eth_ctrl
I: Verilog-0003: [C:/Users/VIDEO/Desktop/52_eth_udp_loop/rtl/eth_ctrl.v(line number: 23)] Elaborating module eth_ctrl
Executing : rtl-elaborate successfully. Time elapsed: 0.093s wall, 0.047s user + 0.047s system = 0.094s CPU (101.0%)

Start rtl-prep.
Executing : rtl-prep successfully. Time elapsed: 0.125s wall, 0.125s user + 0.000s system = 0.125s CPU (100.2%)

Start rtl-infer.
Start DFF-inference.
I: Removed inst tx_done that is redundant to crc_clr.
W: Sdm-2014: Feedback mux created for signal 'ip_head[6] [31]'. It is possible a async set/reset assignment for this is signal missing. To improve timing and area, specify a set/reset value. 
W: Sdm-2014: Feedback mux created for signal 'ip_head[6] [30]'. It is possible a async set/reset assignment for this is signal missing. To improve timing and area, specify a set/reset value. 
W: Sdm-2014: Feedback mux created for signal 'ip_head[0] [0]'. It is possible a async set/reset assignment for this is signal missing. To improve timing and area, specify a set/reset value. 
W: Sdm-2014: Feedback mux created for signal 'ip_head[0] [1]'. It is possible a async set/reset assignment for this is signal missing. To improve timing and area, specify a set/reset value. 
W: Sdm-2014: Feedback mux created for signal 'ip_head[0] [2]'. It is possible a async set/reset assignment for this is signal missing. To improve timing and area, specify a set/reset value. 
W: Sdm-2014: Feedback mux created for signal 'ip_head[0] [3]'. It is possible a async set/reset assignment for this is signal missing. To improve timing and area, specify a set/reset value. 
W: Sdm-2014: Feedback mux created for signal 'ip_head[0] [4]'. It is possible a async set/reset assignment for this is signal missing. To improve timing and area, specify a set/reset value. 
W: Sdm-2014: Feedback mux created for signal 'ip_head[0] [5]'. It is possible a async set/reset assignment for this is signal missing. To improve timing and area, specify a set/reset value. 
W: Sdm-2014: Feedback mux created for signal 'ip_head[0] [6]'. It is possible a async set/reset assignment for this is signal missing. To improve timing and area, specify a set/reset value. 
W: Sdm-2014: Feedback mux created for signal 'ip_head[0] [7]'. It is possible a async set/reset assignment for this is signal missing. To improve timing and area, specify a set/reset value. 
W: Sdm-2014: Feedback mux created for signal 'ip_head[0] [8]'. It is possible a async set/reset assignment for this is signal missing. To improve timing and area, specify a set/reset value. 
W: Sdm-2014: Feedback mux created for signal 'ip_head[0] [9]'. It is possible a async set/reset assignment for this is signal missing. To improve timing and area, specify a set/reset value. 
W: Sdm-2014: Feedback mux created for signal 'ip_head[0] [10]'. It is possible a async set/reset assignment for this is signal missing. To improve timing and area, specify a set/reset value. 
W: Sdm-2014: Feedback mux created for signal 'ip_head[0] [11]'. It is possible a async set/reset assignment for this is signal missing. To improve timing and area, specify a set/reset value. 
W: Sdm-2014: Feedback mux created for signal 'ip_head[0] [12]'. It is possible a async set/reset assignment for this is signal missing. To improve timing and area, specify a set/reset value. 
W: Sdm-2014: Feedback mux created for signal 'ip_head[0] [13]'. It is possible a async set/reset assignment for this is signal missing. To improve timing and area, specify a set/reset value. 
W: Sdm-2014: Feedback mux created for signal 'ip_head[0] [14]'. It is possible a async set/reset assignment for this is signal missing. To improve timing and area, specify a set/reset value. 
W: Sdm-2014: Feedback mux created for signal 'ip_head[0] [15]'. It is possible a async set/reset assignment for this is signal missing. To improve timing and area, specify a set/reset value. 
W: Sdm-2014: Feedback mux created for signal 'ip_head[0] [16]'. It is possible a async set/reset assignment for this is signal missing. To improve timing and area, specify a set/reset value. 
W: Sdm-2014: Feedback mux created for signal 'ip_head[0] [17]'. It is possible a async set/reset assignment for this is signal missing. To improve timing and area, specify a set/reset value. 
W: Sdm-2014: Feedback mux created for signal 'ip_head[0] [18]'. It is possible a async set/reset assignment for this is signal missing. To improve timing and area, specify a set/reset value. 
W: Sdm-2014: Feedback mux created for signal 'ip_head[0] [19]'. It is possible a async set/reset assignment for this is signal missing. To improve timing and area, specify a set/reset value. 
W: Sdm-2014: Feedback mux created for signal 'ip_head[0] [20]'. It is possible a async set/reset assignment for this is signal missing. To improve timing and area, specify a set/reset value. 
W: Sdm-2014: Feedback mux created for signal 'ip_head[0] [21]'. It is possible a async set/reset assignment for this is signal missing. To improve timing and area, specify a set/reset value. 
W: Sdm-2014: Feedback mux created for signal 'ip_head[0] [22]'. It is possible a async set/reset assignment for this is signal missing. To improve timing and area, specify a set/reset value. 
W: Sdm-2014: Feedback mux created for signal 'ip_head[0] [23]'. It is possible a async set/reset assignment for this is signal missing. To improve timing and area, specify a set/reset value. 
W: Sdm-2014: Feedback mux created for signal 'ip_head[0] [24]'. It is possible a async set/reset assignment for this is signal missing. To improve timing and area, specify a set/reset value. 
W: Sdm-2014: Feedback mux created for signal 'ip_head[0] [25]'. It is possible a async set/reset assignment for this is signal missing. To improve timing and area, specify a set/reset value. 
W: Sdm-2014: Feedback mux created for signal 'ip_head[0] [26]'. It is possible a async set/reset assignment for this is signal missing. To improve timing and area, specify a set/reset value. 
W: Sdm-2014: Feedback mux created for signal 'ip_head[0] [27]'. It is possible a async set/reset assignment for this is signal missing. To improve timing and area, specify a set/reset value. 
W: Sdm-2014: Feedback mux created for signal 'ip_head[0] [28]'. It is possible a async set/reset assignment for this is signal missing. To improve timing and area, specify a set/reset value. 
W: Sdm-2014: Feedback mux created for signal 'ip_head[0] [29]'. It is possible a async set/reset assignment for this is signal missing. To improve timing and area, specify a set/reset value. 
W: Sdm-2014: Feedback mux created for signal 'ip_head[0] [30]'. It is possible a async set/reset assignment for this is signal missing. To improve timing and area, specify a set/reset value. 
W: Sdm-2014: Feedback mux created for signal 'ip_head[0] [31]'. It is possible a async set/reset assignment for this is signal missing. To improve timing and area, specify a set/reset value. 
W: Sdm-2014: Feedback mux created for signal 'ip_head[1] [0]'. It is possible a async set/reset assignment for this is signal missing. To improve timing and area, specify a set/reset value. 
W: Sdm-2014: Feedback mux created for signal 'ip_head[1] [1]'. It is possible a async set/reset assignment for this is signal missing. To improve timing and area, specify a set/reset value. 
W: Sdm-2014: Feedback mux created for signal 'ip_head[1] [2]'. It is possible a async set/reset assignment for this is signal missing. To improve timing and area, specify a set/reset value. 
W: Sdm-2014: Feedback mux created for signal 'ip_head[1] [3]'. It is possible a async set/reset assignment for this is signal missing. To improve timing and area, specify a set/reset value. 
W: Sdm-2014: Feedback mux created for signal 'ip_head[1] [4]'. It is possible a async set/reset assignment for this is signal missing. To improve timing and area, specify a set/reset value. 
W: Sdm-2014: Feedback mux created for signal 'ip_head[1] [5]'. It is possible a async set/reset assignment for this is signal missing. To improve timing and area, specify a set/reset value. 
W: Sdm-2014: Feedback mux created for signal 'ip_head[1] [6]'. It is possible a async set/reset assignment for this is signal missing. To improve timing and area, specify a set/reset value. 
W: Sdm-2014: Feedback mux created for signal 'ip_head[1] [7]'. It is possible a async set/reset assignment for this is signal missing. To improve timing and area, specify a set/reset value. 
W: Sdm-2014: Feedback mux created for signal 'ip_head[1] [8]'. It is possible a async set/reset assignment for this is signal missing. To improve timing and area, specify a set/reset value. 
W: Sdm-2014: Feedback mux created for signal 'ip_head[1] [9]'. It is possible a async set/reset assignment for this is signal missing. To improve timing and area, specify a set/reset value. 
W: Sdm-2014: Feedback mux created for signal 'ip_head[1] [10]'. It is possible a async set/reset assignment for this is signal missing. To improve timing and area, specify a set/reset value. 
W: Sdm-2014: Feedback mux created for signal 'ip_head[1] [11]'. It is possible a async set/reset assignment for this is signal missing. To improve timing and area, specify a set/reset value. 
W: Sdm-2014: Feedback mux created for signal 'ip_head[1] [12]'. It is possible a async set/reset assignment for this is signal missing. To improve timing and area, specify a set/reset value. 
W: Sdm-2014: Feedback mux created for signal 'ip_head[1] [13]'. It is possible a async set/reset assignment for this is signal missing. To improve timing and area, specify a set/reset value. 
W: Sdm-2014: Feedback mux created for signal 'ip_head[1] [14]'. It is possible a async set/reset assignment for this is signal missing. To improve timing and area, specify a set/reset value. 
W: Sdm-2014: Feedback mux created for signal 'ip_head[1] [15]'. It is possible a async set/reset assignment for this is signal missing. To improve timing and area, specify a set/reset value. 
W: Sdm-2014: Feedback mux created for signal 'ip_head[2] [0]'. It is possible a async set/reset assignment for this is signal missing. To improve timing and area, specify a set/reset value. 
W: Sdm-2014: Feedback mux created for signal 'ip_head[2] [1]'. It is possible a async set/reset assignment for this is signal missing. To improve timing and area, specify a set/reset value. 
W: Sdm-2014: Feedback mux created for signal 'ip_head[2] [2]'. It is possible a async set/reset assignment for this is signal missing. To improve timing and area, specify a set/reset value. 
W: Sdm-2014: Feedback mux created for signal 'ip_head[2] [3]'. It is possible a async set/reset assignment for this is signal missing. To improve timing and area, specify a set/reset value. 
W: Sdm-2014: Feedback mux created for signal 'ip_head[2] [4]'. It is possible a async set/reset assignment for this is signal missing. To improve timing and area, specify a set/reset value. 
W: Sdm-2014: Feedback mux created for signal 'ip_head[2] [5]'. It is possible a async set/reset assignment for this is signal missing. To improve timing and area, specify a set/reset value. 
W: Sdm-2014: Feedback mux created for signal 'ip_head[2] [6]'. It is possible a async set/reset assignment for this is signal missing. To improve timing and area, specify a set/reset value. 
W: Sdm-2014: Feedback mux created for signal 'ip_head[2] [7]'. It is possible a async set/reset assignment for this is signal missing. To improve timing and area, specify a set/reset value. 
W: Sdm-2014: Feedback mux created for signal 'ip_head[2] [8]'. It is possible a async set/reset assignment for this is signal missing. To improve timing and area, specify a set/reset value. 
W: Sdm-2014: Feedback mux created for signal 'ip_head[2] [9]'. It is possible a async set/reset assignment for this is signal missing. To improve timing and area, specify a set/reset value. 
W: Sdm-2014: Feedback mux created for signal 'ip_head[2] [10]'. It is possible a async set/reset assignment for this is signal missing. To improve timing and area, specify a set/reset value. 
W: Sdm-2014: Feedback mux created for signal 'ip_head[2] [11]'. It is possible a async set/reset assignment for this is signal missing. To improve timing and area, specify a set/reset value. 
W: Sdm-2014: Feedback mux created for signal 'ip_head[2] [12]'. It is possible a async set/reset assignment for this is signal missing. To improve timing and area, specify a set/reset value. 
W: Sdm-2014: Feedback mux created for signal 'ip_head[2] [13]'. It is possible a async set/reset assignment for this is signal missing. To improve timing and area, specify a set/reset value. 
W: Sdm-2014: Feedback mux created for signal 'ip_head[2] [14]'. It is possible a async set/reset assignment for this is signal missing. To improve timing and area, specify a set/reset value. 
W: Sdm-2014: Feedback mux created for signal 'ip_head[2] [15]'. It is possible a async set/reset assignment for this is signal missing. To improve timing and area, specify a set/reset value. 
W: Sdm-2014: Feedback mux created for signal 'ip_head[2] [16]'. It is possible a async set/reset assignment for this is signal missing. To improve timing and area, specify a set/reset value. 
W: Sdm-2014: Feedback mux created for signal 'ip_head[2] [17]'. It is possible a async set/reset assignment for this is signal missing. To improve timing and area, specify a set/reset value. 
W: Sdm-2014: Feedback mux created for signal 'ip_head[2] [18]'. It is possible a async set/reset assignment for this is signal missing. To improve timing and area, specify a set/reset value. 
W: Sdm-2014: Feedback mux created for signal 'ip_head[2] [19]'. It is possible a async set/reset assignment for this is signal missing. To improve timing and area, specify a set/reset value. 
W: Sdm-2014: Feedback mux created for signal 'ip_head[2] [20]'. It is possible a async set/reset assignment for this is signal missing. To improve timing and area, specify a set/reset value. 
W: Sdm-2014: Feedback mux created for signal 'ip_head[2] [21]'. It is possible a async set/reset assignment for this is signal missing. To improve timing and area, specify a set/reset value. 
W: Sdm-2014: Feedback mux created for signal 'ip_head[2] [22]'. It is possible a async set/reset assignment for this is signal missing. To improve timing and area, specify a set/reset value. 
W: Sdm-2014: Feedback mux created for signal 'ip_head[2] [23]'. It is possible a async set/reset assignment for this is signal missing. To improve timing and area, specify a set/reset value. 
W: Sdm-2014: Feedback mux created for signal 'ip_head[2] [24]'. It is possible a async set/reset assignment for this is signal missing. To improve timing and area, specify a set/reset value. 
W: Sdm-2014: Feedback mux created for signal 'ip_head[2] [25]'. It is possible a async set/reset assignment for this is signal missing. To improve timing and area, specify a set/reset value. 
W: Sdm-2014: Feedback mux created for signal 'ip_head[2] [26]'. It is possible a async set/reset assignment for this is signal missing. To improve timing and area, specify a set/reset value. 
W: Sdm-2014: Feedback mux created for signal 'ip_head[2] [27]'. It is possible a async set/reset assignment for this is signal missing. To improve timing and area, specify a set/reset value. 
W: Sdm-2014: Feedback mux created for signal 'ip_head[2] [28]'. It is possible a async set/reset assignment for this is signal missing. To improve timing and area, specify a set/reset value. 
W: Sdm-2014: Feedback mux created for signal 'ip_head[2] [29]'. It is possible a async set/reset assignment for this is signal missing. To improve timing and area, specify a set/reset value. 
W: Sdm-2014: Feedback mux created for signal 'ip_head[2] [30]'. It is possible a async set/reset assignment for this is signal missing. To improve timing and area, specify a set/reset value. 
W: Sdm-2014: Feedback mux created for signal 'ip_head[2] [31]'. It is possible a async set/reset assignment for this is signal missing. To improve timing and area, specify a set/reset value. 
W: Sdm-2014: Feedback mux created for signal 'ip_head[3] [0]'. It is possible a async set/reset assignment for this is signal missing. To improve timing and area, specify a set/reset value. 
W: Sdm-2014: Feedback mux created for signal 'ip_head[3] [1]'. It is possible a async set/reset assignment for this is signal missing. To improve timing and area, specify a set/reset value. 
W: Sdm-2014: Feedback mux created for signal 'ip_head[3] [2]'. It is possible a async set/reset assignment for this is signal missing. To improve timing and area, specify a set/reset value. 
W: Sdm-2014: Feedback mux created for signal 'ip_head[3] [3]'. It is possible a async set/reset assignment for this is signal missing. To improve timing and area, specify a set/reset value. 
W: Sdm-2014: Feedback mux created for signal 'ip_head[3] [4]'. It is possible a async set/reset assignment for this is signal missing. To improve timing and area, specify a set/reset value. 
W: Sdm-2014: Feedback mux created for signal 'ip_head[3] [5]'. It is possible a async set/reset assignment for this is signal missing. To improve timing and area, specify a set/reset value. 
W: Sdm-2014: Feedback mux created for signal 'ip_head[3] [6]'. It is possible a async set/reset assignment for this is signal missing. To improve timing and area, specify a set/reset value. 
W: Sdm-2014: Feedback mux created for signal 'ip_head[3] [7]'. It is possible a async set/reset assignment for this is signal missing. To improve timing and area, specify a set/reset value. 
W: Sdm-2014: Feedback mux created for signal 'ip_head[3] [8]'. It is possible a async set/reset assignment for this is signal missing. To improve timing and area, specify a set/reset value. 
W: Sdm-2014: Feedback mux created for signal 'ip_head[3] [9]'. It is possible a async set/reset assignment for this is signal missing. To improve timing and area, specify a set/reset value. 
W: Sdm-2014: Feedback mux created for signal 'ip_head[3] [10]'. It is possible a async set/reset assignment for this is signal missing. To improve timing and area, specify a set/reset value. 
W: Sdm-2014: Feedback mux created for signal 'ip_head[3] [11]'. It is possible a async set/reset assignment for this is signal missing. To improve timing and area, specify a set/reset value. 
W: Sdm-2014: Feedback mux created for signal 'ip_head[3] [12]'. It is possible a async set/reset assignment for this is signal missing. To improve timing and area, specify a set/reset value. 
W: Sdm-2014: Feedback mux created for signal 'ip_head[3] [13]'. It is possible a async set/reset assignment for this is signal missing. To improve timing and area, specify a set/reset value. 
W: Sdm-2014: Feedback mux created for signal 'ip_head[3] [14]'. It is possible a async set/reset assignment for this is signal missing. To improve timing and area, specify a set/reset value. 
W: Sdm-2014: Feedback mux created for signal 'ip_head[3] [15]'. It is possible a async set/reset assignment for this is signal missing. To improve timing and area, specify a set/reset value. 
W: Sdm-2014: Feedback mux created for signal 'ip_head[3] [16]'. It is possible a async set/reset assignment for this is signal missing. To improve timing and area, specify a set/reset value. 
W: Sdm-2014: Feedback mux created for signal 'ip_head[3] [17]'. It is possible a async set/reset assignment for this is signal missing. To improve timing and area, specify a set/reset value. 
W: Sdm-2014: Feedback mux created for signal 'ip_head[3] [18]'. It is possible a async set/reset assignment for this is signal missing. To improve timing and area, specify a set/reset value. 
W: Sdm-2014: Feedback mux created for signal 'ip_head[3] [19]'. It is possible a async set/reset assignment for this is signal missing. To improve timing and area, specify a set/reset value. 
W: Sdm-2014: Feedback mux created for signal 'ip_head[3] [20]'. It is possible a async set/reset assignment for this is signal missing. To improve timing and area, specify a set/reset value. 
W: Sdm-2014: Feedback mux created for signal 'ip_head[3] [21]'. It is possible a async set/reset assignment for this is signal missing. To improve timing and area, specify a set/reset value. 
W: Sdm-2014: Feedback mux created for signal 'ip_head[3] [22]'. It is possible a async set/reset assignment for this is signal missing. To improve timing and area, specify a set/reset value. 
W: Sdm-2014: Feedback mux created for signal 'ip_head[3] [23]'. It is possible a async set/reset assignment for this is signal missing. To improve timing and area, specify a set/reset value. 
W: Sdm-2014: Feedback mux created for signal 'ip_head[3] [24]'. It is possible a async set/reset assignment for this is signal missing. To improve timing and area, specify a set/reset value. 
W: Sdm-2014: Feedback mux created for signal 'ip_head[3] [25]'. It is possible a async set/reset assignment for this is signal missing. To improve timing and area, specify a set/reset value. 
W: Sdm-2014: Feedback mux created for signal 'ip_head[3] [26]'. It is possible a async set/reset assignment for this is signal missing. To improve timing and area, specify a set/reset value. 
W: Sdm-2014: Feedback mux created for signal 'ip_head[3] [27]'. It is possible a async set/reset assignment for this is signal missing. To improve timing and area, specify a set/reset value. 
W: Sdm-2014: Feedback mux created for signal 'ip_head[3] [28]'. It is possible a async set/reset assignment for this is signal missing. To improve timing and area, specify a set/reset value. 
W: Sdm-2014: Feedback mux created for signal 'ip_head[3] [29]'. It is possible a async set/reset assignment for this is signal missing. To improve timing and area, specify a set/reset value. 
W: Sdm-2014: Feedback mux created for signal 'ip_head[3] [30]'. It is possible a async set/reset assignment for this is signal missing. To improve timing and area, specify a set/reset value. 
W: Sdm-2014: Feedback mux created for signal 'ip_head[3] [31]'. It is possible a async set/reset assignment for this is signal missing. To improve timing and area, specify a set/reset value. 
W: Sdm-2014: Feedback mux created for signal 'ip_head[4] [0]'. It is possible a async set/reset assignment for this is signal missing. To improve timing and area, specify a set/reset value. 
W: Sdm-2014: Feedback mux created for signal 'ip_head[4] [1]'. It is possible a async set/reset assignment for this is signal missing. To improve timing and area, specify a set/reset value. 
W: Sdm-2014: Feedback mux created for signal 'ip_head[4] [2]'. It is possible a async set/reset assignment for this is signal missing. To improve timing and area, specify a set/reset value. 
W: Sdm-2014: Feedback mux created for signal 'ip_head[4] [3]'. It is possible a async set/reset assignment for this is signal missing. To improve timing and area, specify a set/reset value. 
W: Sdm-2014: Feedback mux created for signal 'ip_head[4] [4]'. It is possible a async set/reset assignment for this is signal missing. To improve timing and area, specify a set/reset value. 
W: Sdm-2014: Feedback mux created for signal 'ip_head[4] [5]'. It is possible a async set/reset assignment for this is signal missing. To improve timing and area, specify a set/reset value. 
W: Sdm-2014: Feedback mux created for signal 'ip_head[4] [6]'. It is possible a async set/reset assignment for this is signal missing. To improve timing and area, specify a set/reset value. 
W: Sdm-2014: Feedback mux created for signal 'ip_head[4] [7]'. It is possible a async set/reset assignment for this is signal missing. To improve timing and area, specify a set/reset value. 
W: Sdm-2014: Feedback mux created for signal 'ip_head[4] [8]'. It is possible a async set/reset assignment for this is signal missing. To improve timing and area, specify a set/reset value. 
W: Sdm-2014: Feedback mux created for signal 'ip_head[4] [9]'. It is possible a async set/reset assignment for this is signal missing. To improve timing and area, specify a set/reset value. 
W: Sdm-2014: Feedback mux created for signal 'ip_head[4] [10]'. It is possible a async set/reset assignment for this is signal missing. To improve timing and area, specify a set/reset value. 
W: Sdm-2014: Feedback mux created for signal 'ip_head[4] [11]'. It is possible a async set/reset assignment for this is signal missing. To improve timing and area, specify a set/reset value. 
W: Sdm-2014: Feedback mux created for signal 'ip_head[4] [12]'. It is possible a async set/reset assignment for this is signal missing. To improve timing and area, specify a set/reset value. 
W: Sdm-2014: Feedback mux created for signal 'ip_head[4] [13]'. It is possible a async set/reset assignment for this is signal missing. To improve timing and area, specify a set/reset value. 
W: Sdm-2014: Feedback mux created for signal 'ip_head[4] [14]'. It is possible a async set/reset assignment for this is signal missing. To improve timing and area, specify a set/reset value. 
W: Sdm-2014: Feedback mux created for signal 'ip_head[4] [15]'. It is possible a async set/reset assignment for this is signal missing. To improve timing and area, specify a set/reset value. 
W: Sdm-2014: Feedback mux created for signal 'ip_head[4] [16]'. It is possible a async set/reset assignment for this is signal missing. To improve timing and area, specify a set/reset value. 
W: Sdm-2014: Feedback mux created for signal 'ip_head[4] [17]'. It is possible a async set/reset assignment for this is signal missing. To improve timing and area, specify a set/reset value. 
W: Sdm-2014: Feedback mux created for signal 'ip_head[4] [18]'. It is possible a async set/reset assignment for this is signal missing. To improve timing and area, specify a set/reset value. 
W: Sdm-2014: Feedback mux created for signal 'ip_head[4] [19]'. It is possible a async set/reset assignment for this is signal missing. To improve timing and area, specify a set/reset value. 
W: Sdm-2014: Feedback mux created for signal 'ip_head[4] [20]'. It is possible a async set/reset assignment for this is signal missing. To improve timing and area, specify a set/reset value. 
W: Sdm-2014: Feedback mux created for signal 'ip_head[4] [21]'. It is possible a async set/reset assignment for this is signal missing. To improve timing and area, specify a set/reset value. 
W: Sdm-2014: Feedback mux created for signal 'ip_head[4] [22]'. It is possible a async set/reset assignment for this is signal missing. To improve timing and area, specify a set/reset value. 
W: Sdm-2014: Feedback mux created for signal 'ip_head[4] [23]'. It is possible a async set/reset assignment for this is signal missing. To improve timing and area, specify a set/reset value. 
W: Sdm-2014: Feedback mux created for signal 'ip_head[4] [24]'. It is possible a async set/reset assignment for this is signal missing. To improve timing and area, specify a set/reset value. 
W: Sdm-2014: Feedback mux created for signal 'ip_head[4] [25]'. It is possible a async set/reset assignment for this is signal missing. To improve timing and area, specify a set/reset value. 
W: Sdm-2014: Feedback mux created for signal 'ip_head[4] [26]'. It is possible a async set/reset assignment for this is signal missing. To improve timing and area, specify a set/reset value. 
W: Sdm-2014: Feedback mux created for signal 'ip_head[4] [27]'. It is possible a async set/reset assignment for this is signal missing. To improve timing and area, specify a set/reset value. 
W: Sdm-2014: Feedback mux created for signal 'ip_head[4] [28]'. It is possible a async set/reset assignment for this is signal missing. To improve timing and area, specify a set/reset value. 
W: Sdm-2014: Feedback mux created for signal 'ip_head[4] [29]'. It is possible a async set/reset assignment for this is signal missing. To improve timing and area, specify a set/reset value. 
W: Sdm-2014: Feedback mux created for signal 'ip_head[4] [30]'. It is possible a async set/reset assignment for this is signal missing. To improve timing and area, specify a set/reset value. 
W: Sdm-2014: Feedback mux created for signal 'ip_head[4] [31]'. It is possible a async set/reset assignment for this is signal missing. To improve timing and area, specify a set/reset value. 
W: Sdm-2014: Feedback mux created for signal 'ip_head[5] [0]'. It is possible a async set/reset assignment for this is signal missing. To improve timing and area, specify a set/reset value. 
W: Sdm-2014: Feedback mux created for signal 'ip_head[5] [1]'. It is possible a async set/reset assignment for this is signal missing. To improve timing and area, specify a set/reset value. 
W: Sdm-2014: Feedback mux created for signal 'ip_head[5] [2]'. It is possible a async set/reset assignment for this is signal missing. To improve timing and area, specify a set/reset value. 
W: Sdm-2014: Feedback mux created for signal 'ip_head[5] [3]'. It is possible a async set/reset assignment for this is signal missing. To improve timing and area, specify a set/reset value. 
W: Sdm-2014: Feedback mux created for signal 'ip_head[5] [4]'. It is possible a async set/reset assignment for this is signal missing. To improve timing and area, specify a set/reset value. 
W: Sdm-2014: Feedback mux created for signal 'ip_head[5] [5]'. It is possible a async set/reset assignment for this is signal missing. To improve timing and area, specify a set/reset value. 
W: Sdm-2014: Feedback mux created for signal 'ip_head[5] [6]'. It is possible a async set/reset assignment for this is signal missing. To improve timing and area, specify a set/reset value. 
W: Sdm-2014: Feedback mux created for signal 'ip_head[5] [7]'. It is possible a async set/reset assignment for this is signal missing. To improve timing and area, specify a set/reset value. 
W: Sdm-2014: Feedback mux created for signal 'ip_head[5] [8]'. It is possible a async set/reset assignment for this is signal missing. To improve timing and area, specify a set/reset value. 
W: Sdm-2014: Feedback mux created for signal 'ip_head[5] [9]'. It is possible a async set/reset assignment for this is signal missing. To improve timing and area, specify a set/reset value. 
W: Sdm-2014: Feedback mux created for signal 'ip_head[5] [10]'. It is possible a async set/reset assignment for this is signal missing. To improve timing and area, specify a set/reset value. 
W: Sdm-2014: Feedback mux created for signal 'ip_head[5] [11]'. It is possible a async set/reset assignment for this is signal missing. To improve timing and area, specify a set/reset value. 
W: Sdm-2014: Feedback mux created for signal 'ip_head[5] [12]'. It is possible a async set/reset assignment for this is signal missing. To improve timing and area, specify a set/reset value. 
W: Sdm-2014: Feedback mux created for signal 'ip_head[5] [13]'. It is possible a async set/reset assignment for this is signal missing. To improve timing and area, specify a set/reset value. 
W: Sdm-2014: Feedback mux created for signal 'ip_head[5] [14]'. It is possible a async set/reset assignment for this is signal missing. To improve timing and area, specify a set/reset value. 
W: Sdm-2014: Feedback mux created for signal 'ip_head[5] [15]'. It is possible a async set/reset assignment for this is signal missing. To improve timing and area, specify a set/reset value. 
W: Sdm-2014: Feedback mux created for signal 'ip_head[5] [16]'. It is possible a async set/reset assignment for this is signal missing. To improve timing and area, specify a set/reset value. 
W: Sdm-2014: Feedback mux created for signal 'ip_head[5] [17]'. It is possible a async set/reset assignment for this is signal missing. To improve timing and area, specify a set/reset value. 
W: Sdm-2014: Feedback mux created for signal 'ip_head[5] [18]'. It is possible a async set/reset assignment for this is signal missing. To improve timing and area, specify a set/reset value. 
W: Sdm-2014: Feedback mux created for signal 'ip_head[5] [19]'. It is possible a async set/reset assignment for this is signal missing. To improve timing and area, specify a set/reset value. 
W: Sdm-2014: Feedback mux created for signal 'ip_head[5] [20]'. It is possible a async set/reset assignment for this is signal missing. To improve timing and area, specify a set/reset value. 
W: Sdm-2014: Feedback mux created for signal 'ip_head[5] [21]'. It is possible a async set/reset assignment for this is signal missing. To improve timing and area, specify a set/reset value. 
W: Sdm-2014: Feedback mux created for signal 'ip_head[5] [22]'. It is possible a async set/reset assignment for this is signal missing. To improve timing and area, specify a set/reset value. 
W: Sdm-2014: Feedback mux created for signal 'ip_head[5] [23]'. It is possible a async set/reset assignment for this is signal missing. To improve timing and area, specify a set/reset value. 
W: Sdm-2014: Feedback mux created for signal 'ip_head[5] [24]'. It is possible a async set/reset assignment for this is signal missing. To improve timing and area, specify a set/reset value. 
W: Sdm-2014: Feedback mux created for signal 'ip_head[5] [25]'. It is possible a async set/reset assignment for this is signal missing. To improve timing and area, specify a set/reset value. 
W: Sdm-2014: Feedback mux created for signal 'ip_head[5] [26]'. It is possible a async set/reset assignment for this is signal missing. To improve timing and area, specify a set/reset value. 
W: Sdm-2014: Feedback mux created for signal 'ip_head[5] [27]'. It is possible a async set/reset assignment for this is signal missing. To improve timing and area, specify a set/reset value. 
W: Sdm-2014: Feedback mux created for signal 'ip_head[5] [28]'. It is possible a async set/reset assignment for this is signal missing. To improve timing and area, specify a set/reset value. 
W: Sdm-2014: Feedback mux created for signal 'ip_head[5] [29]'. It is possible a async set/reset assignment for this is signal missing. To improve timing and area, specify a set/reset value. 
W: Sdm-2014: Feedback mux created for signal 'ip_head[5] [30]'. It is possible a async set/reset assignment for this is signal missing. To improve timing and area, specify a set/reset value. 
W: Sdm-2014: Feedback mux created for signal 'ip_head[5] [31]'. It is possible a async set/reset assignment for this is signal missing. To improve timing and area, specify a set/reset value. 
W: Sdm-2014: Feedback mux created for signal 'ip_head[6] [0]'. It is possible a async set/reset assignment for this is signal missing. To improve timing and area, specify a set/reset value. 
W: Sdm-2014: Feedback mux created for signal 'ip_head[6] [1]'. It is possible a async set/reset assignment for this is signal missing. To improve timing and area, specify a set/reset value. 
W: Sdm-2014: Feedback mux created for signal 'ip_head[6] [2]'. It is possible a async set/reset assignment for this is signal missing. To improve timing and area, specify a set/reset value. 
W: Sdm-2014: Feedback mux created for signal 'ip_head[6] [3]'. It is possible a async set/reset assignment for this is signal missing. To improve timing and area, specify a set/reset value. 
W: Sdm-2014: Feedback mux created for signal 'ip_head[6] [4]'. It is possible a async set/reset assignment for this is signal missing. To improve timing and area, specify a set/reset value. 
W: Sdm-2014: Feedback mux created for signal 'ip_head[6] [5]'. It is possible a async set/reset assignment for this is signal missing. To improve timing and area, specify a set/reset value. 
W: Sdm-2014: Feedback mux created for signal 'ip_head[6] [6]'. It is possible a async set/reset assignment for this is signal missing. To improve timing and area, specify a set/reset value. 
W: Sdm-2014: Feedback mux created for signal 'ip_head[6] [7]'. It is possible a async set/reset assignment for this is signal missing. To improve timing and area, specify a set/reset value. 
W: Sdm-2014: Feedback mux created for signal 'ip_head[6] [8]'. It is possible a async set/reset assignment for this is signal missing. To improve timing and area, specify a set/reset value. 
W: Sdm-2014: Feedback mux created for signal 'ip_head[6] [9]'. It is possible a async set/reset assignment for this is signal missing. To improve timing and area, specify a set/reset value. 
W: Sdm-2014: Feedback mux created for signal 'ip_head[6] [10]'. It is possible a async set/reset assignment for this is signal missing. To improve timing and area, specify a set/reset value. 
W: Sdm-2014: Feedback mux created for signal 'ip_head[6] [11]'. It is possible a async set/reset assignment for this is signal missing. To improve timing and area, specify a set/reset value. 
W: Sdm-2014: Feedback mux created for signal 'ip_head[6] [12]'. It is possible a async set/reset assignment for this is signal missing. To improve timing and area, specify a set/reset value. 
W: Sdm-2014: Feedback mux created for signal 'ip_head[6] [13]'. It is possible a async set/reset assignment for this is signal missing. To improve timing and area, specify a set/reset value. 
W: Sdm-2014: Feedback mux created for signal 'ip_head[6] [14]'. It is possible a async set/reset assignment for this is signal missing. To improve timing and area, specify a set/reset value. 
W: Sdm-2014: Feedback mux created for signal 'ip_head[6] [15]'. It is possible a async set/reset assignment for this is signal missing. To improve timing and area, specify a set/reset value. 
W: Sdm-2014: Feedback mux created for signal 'ip_head[6] [16]'. It is possible a async set/reset assignment for this is signal missing. To improve timing and area, specify a set/reset value. 
W: Sdm-2014: Feedback mux created for signal 'ip_head[6] [17]'. It is possible a async set/reset assignment for this is signal missing. To improve timing and area, specify a set/reset value. 
W: Sdm-2014: Feedback mux created for signal 'ip_head[6] [18]'. It is possible a async set/reset assignment for this is signal missing. To improve timing and area, specify a set/reset value. 
W: Sdm-2014: Feedback mux created for signal 'ip_head[6] [19]'. It is possible a async set/reset assignment for this is signal missing. To improve timing and area, specify a set/reset value. 
W: Sdm-2014: Feedback mux created for signal 'ip_head[6] [20]'. It is possible a async set/reset assignment for this is signal missing. To improve timing and area, specify a set/reset value. 
W: Sdm-2014: Feedback mux created for signal 'ip_head[6] [21]'. It is possible a async set/reset assignment for this is signal missing. To improve timing and area, specify a set/reset value. 
W: Sdm-2014: Feedback mux created for signal 'ip_head[6] [22]'. It is possible a async set/reset assignment for this is signal missing. To improve timing and area, specify a set/reset value. 
W: Sdm-2014: Feedback mux created for signal 'ip_head[6] [23]'. It is possible a async set/reset assignment for this is signal missing. To improve timing and area, specify a set/reset value. 
W: Sdm-2014: Feedback mux created for signal 'ip_head[6] [24]'. It is possible a async set/reset assignment for this is signal missing. To improve timing and area, specify a set/reset value. 
W: Sdm-2014: Feedback mux created for signal 'ip_head[6] [25]'. It is possible a async set/reset assignment for this is signal missing. To improve timing and area, specify a set/reset value. 
W: Sdm-2014: Feedback mux created for signal 'ip_head[6] [26]'. It is possible a async set/reset assignment for this is signal missing. To improve timing and area, specify a set/reset value. 
W: Sdm-2014: Feedback mux created for signal 'ip_head[6] [27]'. It is possible a async set/reset assignment for this is signal missing. To improve timing and area, specify a set/reset value. 
W: Sdm-2014: Feedback mux created for signal 'ip_head[6] [28]'. It is possible a async set/reset assignment for this is signal missing. To improve timing and area, specify a set/reset value. 
W: Sdm-2014: Feedback mux created for signal 'ip_head[6] [29]'. It is possible a async set/reset assignment for this is signal missing. To improve timing and area, specify a set/reset value. 
I: Removed inst tx_done that is redundant to crc_clr.
W: Sdm-2014: Feedback mux created for signal 'ip_head[6] [31]'. It is possible a async set/reset assignment for this is signal missing. To improve timing and area, specify a set/reset value. 
W: Sdm-2014: Feedback mux created for signal 'ip_head[6] [30]'. It is possible a async set/reset assignment for this is signal missing. To improve timing and area, specify a set/reset value. 
W: Sdm-2014: Feedback mux created for signal 'ip_head[0] [0]'. It is possible a async set/reset assignment for this is signal missing. To improve timing and area, specify a set/reset value. 
W: Sdm-2014: Feedback mux created for signal 'ip_head[0] [1]'. It is possible a async set/reset assignment for this is signal missing. To improve timing and area, specify a set/reset value. 
W: Sdm-2014: Feedback mux created for signal 'ip_head[0] [2]'. It is possible a async set/reset assignment for this is signal missing. To improve timing and area, specify a set/reset value. 
W: Sdm-2014: Feedback mux created for signal 'ip_head[0] [3]'. It is possible a async set/reset assignment for this is signal missing. To improve timing and area, specify a set/reset value. 
W: Sdm-2014: Feedback mux created for signal 'ip_head[0] [4]'. It is possible a async set/reset assignment for this is signal missing. To improve timing and area, specify a set/reset value. 
W: Sdm-2014: Feedback mux created for signal 'ip_head[0] [5]'. It is possible a async set/reset assignment for this is signal missing. To improve timing and area, specify a set/reset value. 
W: Sdm-2014: Feedback mux created for signal 'ip_head[0] [6]'. It is possible a async set/reset assignment for this is signal missing. To improve timing and area, specify a set/reset value. 
W: Sdm-2014: Feedback mux created for signal 'ip_head[0] [7]'. It is possible a async set/reset assignment for this is signal missing. To improve timing and area, specify a set/reset value. 
W: Sdm-2014: Feedback mux created for signal 'ip_head[0] [8]'. It is possible a async set/reset assignment for this is signal missing. To improve timing and area, specify a set/reset value. 
W: Sdm-2014: Feedback mux created for signal 'ip_head[0] [9]'. It is possible a async set/reset assignment for this is signal missing. To improve timing and area, specify a set/reset value. 
W: Sdm-2014: Feedback mux created for signal 'ip_head[0] [10]'. It is possible a async set/reset assignment for this is signal missing. To improve timing and area, specify a set/reset value. 
W: Sdm-2014: Feedback mux created for signal 'ip_head[0] [11]'. It is possible a async set/reset assignment for this is signal missing. To improve timing and area, specify a set/reset value. 
W: Sdm-2014: Feedback mux created for signal 'ip_head[0] [12]'. It is possible a async set/reset assignment for this is signal missing. To improve timing and area, specify a set/reset value. 
W: Sdm-2014: Feedback mux created for signal 'ip_head[0] [13]'. It is possible a async set/reset assignment for this is signal missing. To improve timing and area, specify a set/reset value. 
W: Sdm-2014: Feedback mux created for signal 'ip_head[0] [14]'. It is possible a async set/reset assignment for this is signal missing. To improve timing and area, specify a set/reset value. 
W: Sdm-2014: Feedback mux created for signal 'ip_head[0] [15]'. It is possible a async set/reset assignment for this is signal missing. To improve timing and area, specify a set/reset value. 
W: Sdm-2014: Feedback mux created for signal 'ip_head[0] [16]'. It is possible a async set/reset assignment for this is signal missing. To improve timing and area, specify a set/reset value. 
W: Sdm-2014: Feedback mux created for signal 'ip_head[0] [17]'. It is possible a async set/reset assignment for this is signal missing. To improve timing and area, specify a set/reset value. 
W: Sdm-2014: Feedback mux created for signal 'ip_head[0] [18]'. It is possible a async set/reset assignment for this is signal missing. To improve timing and area, specify a set/reset value. 
W: Sdm-2014: Feedback mux created for signal 'ip_head[0] [19]'. It is possible a async set/reset assignment for this is signal missing. To improve timing and area, specify a set/reset value. 
W: Sdm-2014: Feedback mux created for signal 'ip_head[0] [20]'. It is possible a async set/reset assignment for this is signal missing. To improve timing and area, specify a set/reset value. 
W: Sdm-2014: Feedback mux created for signal 'ip_head[0] [21]'. It is possible a async set/reset assignment for this is signal missing. To improve timing and area, specify a set/reset value. 
W: Sdm-2014: Feedback mux created for signal 'ip_head[0] [22]'. It is possible a async set/reset assignment for this is signal missing. To improve timing and area, specify a set/reset value. 
W: Sdm-2014: Feedback mux created for signal 'ip_head[0] [23]'. It is possible a async set/reset assignment for this is signal missing. To improve timing and area, specify a set/reset value. 
W: Sdm-2014: Feedback mux created for signal 'ip_head[0] [24]'. It is possible a async set/reset assignment for this is signal missing. To improve timing and area, specify a set/reset value. 
W: Sdm-2014: Feedback mux created for signal 'ip_head[0] [25]'. It is possible a async set/reset assignment for this is signal missing. To improve timing and area, specify a set/reset value. 
W: Sdm-2014: Feedback mux created for signal 'ip_head[0] [26]'. It is possible a async set/reset assignment for this is signal missing. To improve timing and area, specify a set/reset value. 
W: Sdm-2014: Feedback mux created for signal 'ip_head[0] [27]'. It is possible a async set/reset assignment for this is signal missing. To improve timing and area, specify a set/reset value. 
W: Sdm-2014: Feedback mux created for signal 'ip_head[0] [28]'. It is possible a async set/reset assignment for this is signal missing. To improve timing and area, specify a set/reset value. 
W: Sdm-2014: Feedback mux created for signal 'ip_head[0] [29]'. It is possible a async set/reset assignment for this is signal missing. To improve timing and area, specify a set/reset value. 
W: Sdm-2014: Feedback mux created for signal 'ip_head[0] [30]'. It is possible a async set/reset assignment for this is signal missing. To improve timing and area, specify a set/reset value. 
W: Sdm-2014: Feedback mux created for signal 'ip_head[0] [31]'. It is possible a async set/reset assignment for this is signal missing. To improve timing and area, specify a set/reset value. 
W: Sdm-2014: Feedback mux created for signal 'ip_head[1] [0]'. It is possible a async set/reset assignment for this is signal missing. To improve timing and area, specify a set/reset value. 
W: Sdm-2014: Feedback mux created for signal 'ip_head[1] [1]'. It is possible a async set/reset assignment for this is signal missing. To improve timing and area, specify a set/reset value. 
W: Sdm-2014: Feedback mux created for signal 'ip_head[1] [2]'. It is possible a async set/reset assignment for this is signal missing. To improve timing and area, specify a set/reset value. 
W: Sdm-2014: Feedback mux created for signal 'ip_head[1] [3]'. It is possible a async set/reset assignment for this is signal missing. To improve timing and area, specify a set/reset value. 
W: Sdm-2014: Feedback mux created for signal 'ip_head[1] [4]'. It is possible a async set/reset assignment for this is signal missing. To improve timing and area, specify a set/reset value. 
W: Sdm-2014: Feedback mux created for signal 'ip_head[1] [5]'. It is possible a async set/reset assignment for this is signal missing. To improve timing and area, specify a set/reset value. 
W: Sdm-2014: Feedback mux created for signal 'ip_head[1] [6]'. It is possible a async set/reset assignment for this is signal missing. To improve timing and area, specify a set/reset value. 
W: Sdm-2014: Feedback mux created for signal 'ip_head[1] [7]'. It is possible a async set/reset assignment for this is signal missing. To improve timing and area, specify a set/reset value. 
W: Sdm-2014: Feedback mux created for signal 'ip_head[1] [8]'. It is possible a async set/reset assignment for this is signal missing. To improve timing and area, specify a set/reset value. 
W: Sdm-2014: Feedback mux created for signal 'ip_head[1] [9]'. It is possible a async set/reset assignment for this is signal missing. To improve timing and area, specify a set/reset value. 
W: Sdm-2014: Feedback mux created for signal 'ip_head[1] [10]'. It is possible a async set/reset assignment for this is signal missing. To improve timing and area, specify a set/reset value. 
W: Sdm-2014: Feedback mux created for signal 'ip_head[1] [11]'. It is possible a async set/reset assignment for this is signal missing. To improve timing and area, specify a set/reset value. 
W: Sdm-2014: Feedback mux created for signal 'ip_head[1] [12]'. It is possible a async set/reset assignment for this is signal missing. To improve timing and area, specify a set/reset value. 
W: Sdm-2014: Feedback mux created for signal 'ip_head[1] [13]'. It is possible a async set/reset assignment for this is signal missing. To improve timing and area, specify a set/reset value. 
W: Sdm-2014: Feedback mux created for signal 'ip_head[1] [14]'. It is possible a async set/reset assignment for this is signal missing. To improve timing and area, specify a set/reset value. 
W: Sdm-2014: Feedback mux created for signal 'ip_head[1] [15]'. It is possible a async set/reset assignment for this is signal missing. To improve timing and area, specify a set/reset value. 
W: Sdm-2014: Feedback mux created for signal 'ip_head[2] [0]'. It is possible a async set/reset assignment for this is signal missing. To improve timing and area, specify a set/reset value. 
W: Sdm-2014: Feedback mux created for signal 'ip_head[2] [1]'. It is possible a async set/reset assignment for this is signal missing. To improve timing and area, specify a set/reset value. 
W: Sdm-2014: Feedback mux created for signal 'ip_head[2] [2]'. It is possible a async set/reset assignment for this is signal missing. To improve timing and area, specify a set/reset value. 
W: Sdm-2014: Feedback mux created for signal 'ip_head[2] [3]'. It is possible a async set/reset assignment for this is signal missing. To improve timing and area, specify a set/reset value. 
W: Sdm-2014: Feedback mux created for signal 'ip_head[2] [4]'. It is possible a async set/reset assignment for this is signal missing. To improve timing and area, specify a set/reset value. 
W: Sdm-2014: Feedback mux created for signal 'ip_head[2] [5]'. It is possible a async set/reset assignment for this is signal missing. To improve timing and area, specify a set/reset value. 
W: Sdm-2014: Feedback mux created for signal 'ip_head[2] [6]'. It is possible a async set/reset assignment for this is signal missing. To improve timing and area, specify a set/reset value. 
W: Sdm-2014: Feedback mux created for signal 'ip_head[2] [7]'. It is possible a async set/reset assignment for this is signal missing. To improve timing and area, specify a set/reset value. 
W: Sdm-2014: Feedback mux created for signal 'ip_head[2] [8]'. It is possible a async set/reset assignment for this is signal missing. To improve timing and area, specify a set/reset value. 
W: Sdm-2014: Feedback mux created for signal 'ip_head[2] [9]'. It is possible a async set/reset assignment for this is signal missing. To improve timing and area, specify a set/reset value. 
W: Sdm-2014: Feedback mux created for signal 'ip_head[2] [10]'. It is possible a async set/reset assignment for this is signal missing. To improve timing and area, specify a set/reset value. 
W: Sdm-2014: Feedback mux created for signal 'ip_head[2] [11]'. It is possible a async set/reset assignment for this is signal missing. To improve timing and area, specify a set/reset value. 
W: Sdm-2014: Feedback mux created for signal 'ip_head[2] [12]'. It is possible a async set/reset assignment for this is signal missing. To improve timing and area, specify a set/reset value. 
W: Sdm-2014: Feedback mux created for signal 'ip_head[2] [13]'. It is possible a async set/reset assignment for this is signal missing. To improve timing and area, specify a set/reset value. 
W: Sdm-2014: Feedback mux created for signal 'ip_head[2] [14]'. It is possible a async set/reset assignment for this is signal missing. To improve timing and area, specify a set/reset value. 
W: Sdm-2014: Feedback mux created for signal 'ip_head[2] [15]'. It is possible a async set/reset assignment for this is signal missing. To improve timing and area, specify a set/reset value. 
W: Sdm-2014: Feedback mux created for signal 'ip_head[2] [16]'. It is possible a async set/reset assignment for this is signal missing. To improve timing and area, specify a set/reset value. 
W: Sdm-2014: Feedback mux created for signal 'ip_head[2] [17]'. It is possible a async set/reset assignment for this is signal missing. To improve timing and area, specify a set/reset value. 
W: Sdm-2014: Feedback mux created for signal 'ip_head[2] [18]'. It is possible a async set/reset assignment for this is signal missing. To improve timing and area, specify a set/reset value. 
W: Sdm-2014: Feedback mux created for signal 'ip_head[2] [19]'. It is possible a async set/reset assignment for this is signal missing. To improve timing and area, specify a set/reset value. 
W: Sdm-2014: Feedback mux created for signal 'ip_head[2] [20]'. It is possible a async set/reset assignment for this is signal missing. To improve timing and area, specify a set/reset value. 
W: Sdm-2014: Feedback mux created for signal 'ip_head[2] [21]'. It is possible a async set/reset assignment for this is signal missing. To improve timing and area, specify a set/reset value. 
W: Sdm-2014: Feedback mux created for signal 'ip_head[2] [22]'. It is possible a async set/reset assignment for this is signal missing. To improve timing and area, specify a set/reset value. 
W: Sdm-2014: Feedback mux created for signal 'ip_head[2] [23]'. It is possible a async set/reset assignment for this is signal missing. To improve timing and area, specify a set/reset value. 
W: Sdm-2014: Feedback mux created for signal 'ip_head[2] [24]'. It is possible a async set/reset assignment for this is signal missing. To improve timing and area, specify a set/reset value. 
W: Sdm-2014: Feedback mux created for signal 'ip_head[2] [25]'. It is possible a async set/reset assignment for this is signal missing. To improve timing and area, specify a set/reset value. 
W: Sdm-2014: Feedback mux created for signal 'ip_head[2] [26]'. It is possible a async set/reset assignment for this is signal missing. To improve timing and area, specify a set/reset value. 
W: Sdm-2014: Feedback mux created for signal 'ip_head[2] [27]'. It is possible a async set/reset assignment for this is signal missing. To improve timing and area, specify a set/reset value. 
W: Sdm-2014: Feedback mux created for signal 'ip_head[2] [28]'. It is possible a async set/reset assignment for this is signal missing. To improve timing and area, specify a set/reset value. 
W: Sdm-2014: Feedback mux created for signal 'ip_head[2] [29]'. It is possible a async set/reset assignment for this is signal missing. To improve timing and area, specify a set/reset value. 
W: Sdm-2014: Feedback mux created for signal 'ip_head[2] [30]'. It is possible a async set/reset assignment for this is signal missing. To improve timing and area, specify a set/reset value. 
W: Sdm-2014: Feedback mux created for signal 'ip_head[2] [31]'. It is possible a async set/reset assignment for this is signal missing. To improve timing and area, specify a set/reset value. 
W: Sdm-2014: Feedback mux created for signal 'ip_head[3] [0]'. It is possible a async set/reset assignment for this is signal missing. To improve timing and area, specify a set/reset value. 
W: Sdm-2014: Feedback mux created for signal 'ip_head[3] [1]'. It is possible a async set/reset assignment for this is signal missing. To improve timing and area, specify a set/reset value. 
W: Sdm-2014: Feedback mux created for signal 'ip_head[3] [2]'. It is possible a async set/reset assignment for this is signal missing. To improve timing and area, specify a set/reset value. 
W: Sdm-2014: Feedback mux created for signal 'ip_head[3] [3]'. It is possible a async set/reset assignment for this is signal missing. To improve timing and area, specify a set/reset value. 
W: Sdm-2014: Feedback mux created for signal 'ip_head[3] [4]'. It is possible a async set/reset assignment for this is signal missing. To improve timing and area, specify a set/reset value. 
W: Sdm-2014: Feedback mux created for signal 'ip_head[3] [5]'. It is possible a async set/reset assignment for this is signal missing. To improve timing and area, specify a set/reset value. 
W: Sdm-2014: Feedback mux created for signal 'ip_head[3] [6]'. It is possible a async set/reset assignment for this is signal missing. To improve timing and area, specify a set/reset value. 
W: Sdm-2014: Feedback mux created for signal 'ip_head[3] [7]'. It is possible a async set/reset assignment for this is signal missing. To improve timing and area, specify a set/reset value. 
W: Sdm-2014: Feedback mux created for signal 'ip_head[3] [8]'. It is possible a async set/reset assignment for this is signal missing. To improve timing and area, specify a set/reset value. 
W: Sdm-2014: Feedback mux created for signal 'ip_head[3] [9]'. It is possible a async set/reset assignment for this is signal missing. To improve timing and area, specify a set/reset value. 
W: Sdm-2014: Feedback mux created for signal 'ip_head[3] [10]'. It is possible a async set/reset assignment for this is signal missing. To improve timing and area, specify a set/reset value. 
W: Sdm-2014: Feedback mux created for signal 'ip_head[3] [11]'. It is possible a async set/reset assignment for this is signal missing. To improve timing and area, specify a set/reset value. 
W: Sdm-2014: Feedback mux created for signal 'ip_head[3] [12]'. It is possible a async set/reset assignment for this is signal missing. To improve timing and area, specify a set/reset value. 
W: Sdm-2014: Feedback mux created for signal 'ip_head[3] [13]'. It is possible a async set/reset assignment for this is signal missing. To improve timing and area, specify a set/reset value. 
W: Sdm-2014: Feedback mux created for signal 'ip_head[3] [14]'. It is possible a async set/reset assignment for this is signal missing. To improve timing and area, specify a set/reset value. 
W: Sdm-2014: Feedback mux created for signal 'ip_head[3] [15]'. It is possible a async set/reset assignment for this is signal missing. To improve timing and area, specify a set/reset value. 
W: Sdm-2014: Feedback mux created for signal 'ip_head[3] [16]'. It is possible a async set/reset assignment for this is signal missing. To improve timing and area, specify a set/reset value. 
W: Sdm-2014: Feedback mux created for signal 'ip_head[3] [17]'. It is possible a async set/reset assignment for this is signal missing. To improve timing and area, specify a set/reset value. 
W: Sdm-2014: Feedback mux created for signal 'ip_head[3] [18]'. It is possible a async set/reset assignment for this is signal missing. To improve timing and area, specify a set/reset value. 
W: Sdm-2014: Feedback mux created for signal 'ip_head[3] [19]'. It is possible a async set/reset assignment for this is signal missing. To improve timing and area, specify a set/reset value. 
W: Sdm-2014: Feedback mux created for signal 'ip_head[3] [20]'. It is possible a async set/reset assignment for this is signal missing. To improve timing and area, specify a set/reset value. 
W: Sdm-2014: Feedback mux created for signal 'ip_head[3] [21]'. It is possible a async set/reset assignment for this is signal missing. To improve timing and area, specify a set/reset value. 
W: Sdm-2014: Feedback mux created for signal 'ip_head[3] [22]'. It is possible a async set/reset assignment for this is signal missing. To improve timing and area, specify a set/reset value. 
W: Sdm-2014: Feedback mux created for signal 'ip_head[3] [23]'. It is possible a async set/reset assignment for this is signal missing. To improve timing and area, specify a set/reset value. 
W: Sdm-2014: Feedback mux created for signal 'ip_head[3] [24]'. It is possible a async set/reset assignment for this is signal missing. To improve timing and area, specify a set/reset value. 
W: Sdm-2014: Feedback mux created for signal 'ip_head[3] [25]'. It is possible a async set/reset assignment for this is signal missing. To improve timing and area, specify a set/reset value. 
W: Sdm-2014: Feedback mux created for signal 'ip_head[3] [26]'. It is possible a async set/reset assignment for this is signal missing. To improve timing and area, specify a set/reset value. 
W: Sdm-2014: Feedback mux created for signal 'ip_head[3] [27]'. It is possible a async set/reset assignment for this is signal missing. To improve timing and area, specify a set/reset value. 
W: Sdm-2014: Feedback mux created for signal 'ip_head[3] [28]'. It is possible a async set/reset assignment for this is signal missing. To improve timing and area, specify a set/reset value. 
W: Sdm-2014: Feedback mux created for signal 'ip_head[3] [29]'. It is possible a async set/reset assignment for this is signal missing. To improve timing and area, specify a set/reset value. 
W: Sdm-2014: Feedback mux created for signal 'ip_head[3] [30]'. It is possible a async set/reset assignment for this is signal missing. To improve timing and area, specify a set/reset value. 
W: Sdm-2014: Feedback mux created for signal 'ip_head[3] [31]'. It is possible a async set/reset assignment for this is signal missing. To improve timing and area, specify a set/reset value. 
W: Sdm-2014: Feedback mux created for signal 'ip_head[4] [0]'. It is possible a async set/reset assignment for this is signal missing. To improve timing and area, specify a set/reset value. 
W: Sdm-2014: Feedback mux created for signal 'ip_head[4] [1]'. It is possible a async set/reset assignment for this is signal missing. To improve timing and area, specify a set/reset value. 
W: Sdm-2014: Feedback mux created for signal 'ip_head[4] [2]'. It is possible a async set/reset assignment for this is signal missing. To improve timing and area, specify a set/reset value. 
W: Sdm-2014: Feedback mux created for signal 'ip_head[4] [3]'. It is possible a async set/reset assignment for this is signal missing. To improve timing and area, specify a set/reset value. 
W: Sdm-2014: Feedback mux created for signal 'ip_head[4] [4]'. It is possible a async set/reset assignment for this is signal missing. To improve timing and area, specify a set/reset value. 
W: Sdm-2014: Feedback mux created for signal 'ip_head[4] [5]'. It is possible a async set/reset assignment for this is signal missing. To improve timing and area, specify a set/reset value. 
W: Sdm-2014: Feedback mux created for signal 'ip_head[4] [6]'. It is possible a async set/reset assignment for this is signal missing. To improve timing and area, specify a set/reset value. 
W: Sdm-2014: Feedback mux created for signal 'ip_head[4] [7]'. It is possible a async set/reset assignment for this is signal missing. To improve timing and area, specify a set/reset value. 
W: Sdm-2014: Feedback mux created for signal 'ip_head[4] [8]'. It is possible a async set/reset assignment for this is signal missing. To improve timing and area, specify a set/reset value. 
W: Sdm-2014: Feedback mux created for signal 'ip_head[4] [9]'. It is possible a async set/reset assignment for this is signal missing. To improve timing and area, specify a set/reset value. 
W: Sdm-2014: Feedback mux created for signal 'ip_head[4] [10]'. It is possible a async set/reset assignment for this is signal missing. To improve timing and area, specify a set/reset value. 
W: Sdm-2014: Feedback mux created for signal 'ip_head[4] [11]'. It is possible a async set/reset assignment for this is signal missing. To improve timing and area, specify a set/reset value. 
W: Sdm-2014: Feedback mux created for signal 'ip_head[4] [12]'. It is possible a async set/reset assignment for this is signal missing. To improve timing and area, specify a set/reset value. 
W: Sdm-2014: Feedback mux created for signal 'ip_head[4] [13]'. It is possible a async set/reset assignment for this is signal missing. To improve timing and area, specify a set/reset value. 
W: Sdm-2014: Feedback mux created for signal 'ip_head[4] [14]'. It is possible a async set/reset assignment for this is signal missing. To improve timing and area, specify a set/reset value. 
W: Sdm-2014: Feedback mux created for signal 'ip_head[4] [15]'. It is possible a async set/reset assignment for this is signal missing. To improve timing and area, specify a set/reset value. 
W: Sdm-2014: Feedback mux created for signal 'ip_head[4] [16]'. It is possible a async set/reset assignment for this is signal missing. To improve timing and area, specify a set/reset value. 
W: Sdm-2014: Feedback mux created for signal 'ip_head[4] [17]'. It is possible a async set/reset assignment for this is signal missing. To improve timing and area, specify a set/reset value. 
W: Sdm-2014: Feedback mux created for signal 'ip_head[4] [18]'. It is possible a async set/reset assignment for this is signal missing. To improve timing and area, specify a set/reset value. 
W: Sdm-2014: Feedback mux created for signal 'ip_head[4] [19]'. It is possible a async set/reset assignment for this is signal missing. To improve timing and area, specify a set/reset value. 
W: Sdm-2014: Feedback mux created for signal 'ip_head[4] [20]'. It is possible a async set/reset assignment for this is signal missing. To improve timing and area, specify a set/reset value. 
W: Sdm-2014: Feedback mux created for signal 'ip_head[4] [21]'. It is possible a async set/reset assignment for this is signal missing. To improve timing and area, specify a set/reset value. 
W: Sdm-2014: Feedback mux created for signal 'ip_head[4] [22]'. It is possible a async set/reset assignment for this is signal missing. To improve timing and area, specify a set/reset value. 
W: Sdm-2014: Feedback mux created for signal 'ip_head[4] [23]'. It is possible a async set/reset assignment for this is signal missing. To improve timing and area, specify a set/reset value. 
W: Sdm-2014: Feedback mux created for signal 'ip_head[4] [24]'. It is possible a async set/reset assignment for this is signal missing. To improve timing and area, specify a set/reset value. 
W: Sdm-2014: Feedback mux created for signal 'ip_head[4] [25]'. It is possible a async set/reset assignment for this is signal missing. To improve timing and area, specify a set/reset value. 
W: Sdm-2014: Feedback mux created for signal 'ip_head[4] [26]'. It is possible a async set/reset assignment for this is signal missing. To improve timing and area, specify a set/reset value. 
W: Sdm-2014: Feedback mux created for signal 'ip_head[4] [27]'. It is possible a async set/reset assignment for this is signal missing. To improve timing and area, specify a set/reset value. 
W: Sdm-2014: Feedback mux created for signal 'ip_head[4] [28]'. It is possible a async set/reset assignment for this is signal missing. To improve timing and area, specify a set/reset value. 
W: Sdm-2014: Feedback mux created for signal 'ip_head[4] [29]'. It is possible a async set/reset assignment for this is signal missing. To improve timing and area, specify a set/reset value. 
W: Sdm-2014: Feedback mux created for signal 'ip_head[4] [30]'. It is possible a async set/reset assignment for this is signal missing. To improve timing and area, specify a set/reset value. 
W: Sdm-2014: Feedback mux created for signal 'ip_head[4] [31]'. It is possible a async set/reset assignment for this is signal missing. To improve timing and area, specify a set/reset value. 
W: Sdm-2014: Feedback mux created for signal 'ip_head[5] [0]'. It is possible a async set/reset assignment for this is signal missing. To improve timing and area, specify a set/reset value. 
W: Sdm-2014: Feedback mux created for signal 'ip_head[5] [1]'. It is possible a async set/reset assignment for this is signal missing. To improve timing and area, specify a set/reset value. 
W: Sdm-2014: Feedback mux created for signal 'ip_head[5] [2]'. It is possible a async set/reset assignment for this is signal missing. To improve timing and area, specify a set/reset value. 
W: Sdm-2014: Feedback mux created for signal 'ip_head[5] [3]'. It is possible a async set/reset assignment for this is signal missing. To improve timing and area, specify a set/reset value. 
W: Sdm-2014: Feedback mux created for signal 'ip_head[5] [4]'. It is possible a async set/reset assignment for this is signal missing. To improve timing and area, specify a set/reset value. 
W: Sdm-2014: Feedback mux created for signal 'ip_head[5] [5]'. It is possible a async set/reset assignment for this is signal missing. To improve timing and area, specify a set/reset value. 
W: Sdm-2014: Feedback mux created for signal 'ip_head[5] [6]'. It is possible a async set/reset assignment for this is signal missing. To improve timing and area, specify a set/reset value. 
W: Sdm-2014: Feedback mux created for signal 'ip_head[5] [7]'. It is possible a async set/reset assignment for this is signal missing. To improve timing and area, specify a set/reset value. 
W: Sdm-2014: Feedback mux created for signal 'ip_head[5] [8]'. It is possible a async set/reset assignment for this is signal missing. To improve timing and area, specify a set/reset value. 
W: Sdm-2014: Feedback mux created for signal 'ip_head[5] [9]'. It is possible a async set/reset assignment for this is signal missing. To improve timing and area, specify a set/reset value. 
W: Sdm-2014: Feedback mux created for signal 'ip_head[5] [10]'. It is possible a async set/reset assignment for this is signal missing. To improve timing and area, specify a set/reset value. 
W: Sdm-2014: Feedback mux created for signal 'ip_head[5] [11]'. It is possible a async set/reset assignment for this is signal missing. To improve timing and area, specify a set/reset value. 
W: Sdm-2014: Feedback mux created for signal 'ip_head[5] [12]'. It is possible a async set/reset assignment for this is signal missing. To improve timing and area, specify a set/reset value. 
W: Sdm-2014: Feedback mux created for signal 'ip_head[5] [13]'. It is possible a async set/reset assignment for this is signal missing. To improve timing and area, specify a set/reset value. 
W: Sdm-2014: Feedback mux created for signal 'ip_head[5] [14]'. It is possible a async set/reset assignment for this is signal missing. To improve timing and area, specify a set/reset value. 
W: Sdm-2014: Feedback mux created for signal 'ip_head[5] [15]'. It is possible a async set/reset assignment for this is signal missing. To improve timing and area, specify a set/reset value. 
W: Sdm-2014: Feedback mux created for signal 'ip_head[5] [16]'. It is possible a async set/reset assignment for this is signal missing. To improve timing and area, specify a set/reset value. 
W: Sdm-2014: Feedback mux created for signal 'ip_head[5] [17]'. It is possible a async set/reset assignment for this is signal missing. To improve timing and area, specify a set/reset value. 
W: Sdm-2014: Feedback mux created for signal 'ip_head[5] [18]'. It is possible a async set/reset assignment for this is signal missing. To improve timing and area, specify a set/reset value. 
W: Sdm-2014: Feedback mux created for signal 'ip_head[5] [19]'. It is possible a async set/reset assignment for this is signal missing. To improve timing and area, specify a set/reset value. 
W: Sdm-2014: Feedback mux created for signal 'ip_head[5] [20]'. It is possible a async set/reset assignment for this is signal missing. To improve timing and area, specify a set/reset value. 
W: Sdm-2014: Feedback mux created for signal 'ip_head[5] [21]'. It is possible a async set/reset assignment for this is signal missing. To improve timing and area, specify a set/reset value. 
W: Sdm-2014: Feedback mux created for signal 'ip_head[5] [22]'. It is possible a async set/reset assignment for this is signal missing. To improve timing and area, specify a set/reset value. 
W: Sdm-2014: Feedback mux created for signal 'ip_head[5] [23]'. It is possible a async set/reset assignment for this is signal missing. To improve timing and area, specify a set/reset value. 
W: Sdm-2014: Feedback mux created for signal 'ip_head[5] [24]'. It is possible a async set/reset assignment for this is signal missing. To improve timing and area, specify a set/reset value. 
W: Sdm-2014: Feedback mux created for signal 'ip_head[5] [25]'. It is possible a async set/reset assignment for this is signal missing. To improve timing and area, specify a set/reset value. 
W: Sdm-2014: Feedback mux created for signal 'ip_head[5] [26]'. It is possible a async set/reset assignment for this is signal missing. To improve timing and area, specify a set/reset value. 
W: Sdm-2014: Feedback mux created for signal 'ip_head[5] [27]'. It is possible a async set/reset assignment for this is signal missing. To improve timing and area, specify a set/reset value. 
W: Sdm-2014: Feedback mux created for signal 'ip_head[5] [28]'. It is possible a async set/reset assignment for this is signal missing. To improve timing and area, specify a set/reset value. 
W: Sdm-2014: Feedback mux created for signal 'ip_head[5] [29]'. It is possible a async set/reset assignment for this is signal missing. To improve timing and area, specify a set/reset value. 
W: Sdm-2014: Feedback mux created for signal 'ip_head[5] [30]'. It is possible a async set/reset assignment for this is signal missing. To improve timing and area, specify a set/reset value. 
W: Sdm-2014: Feedback mux created for signal 'ip_head[5] [31]'. It is possible a async set/reset assignment for this is signal missing. To improve timing and area, specify a set/reset value. 
W: Sdm-2014: Feedback mux created for signal 'ip_head[6] [0]'. It is possible a async set/reset assignment for this is signal missing. To improve timing and area, specify a set/reset value. 
W: Sdm-2014: Feedback mux created for signal 'ip_head[6] [1]'. It is possible a async set/reset assignment for this is signal missing. To improve timing and area, specify a set/reset value. 
W: Sdm-2014: Feedback mux created for signal 'ip_head[6] [2]'. It is possible a async set/reset assignment for this is signal missing. To improve timing and area, specify a set/reset value. 
W: Sdm-2014: Feedback mux created for signal 'ip_head[6] [3]'. It is possible a async set/reset assignment for this is signal missing. To improve timing and area, specify a set/reset value. 
W: Sdm-2014: Feedback mux created for signal 'ip_head[6] [4]'. It is possible a async set/reset assignment for this is signal missing. To improve timing and area, specify a set/reset value. 
W: Sdm-2014: Feedback mux created for signal 'ip_head[6] [5]'. It is possible a async set/reset assignment for this is signal missing. To improve timing and area, specify a set/reset value. 
W: Sdm-2014: Feedback mux created for signal 'ip_head[6] [6]'. It is possible a async set/reset assignment for this is signal missing. To improve timing and area, specify a set/reset value. 
W: Sdm-2014: Feedback mux created for signal 'ip_head[6] [7]'. It is possible a async set/reset assignment for this is signal missing. To improve timing and area, specify a set/reset value. 
W: Sdm-2014: Feedback mux created for signal 'ip_head[6] [8]'. It is possible a async set/reset assignment for this is signal missing. To improve timing and area, specify a set/reset value. 
W: Sdm-2014: Feedback mux created for signal 'ip_head[6] [9]'. It is possible a async set/reset assignment for this is signal missing. To improve timing and area, specify a set/reset value. 
W: Sdm-2014: Feedback mux created for signal 'ip_head[6] [10]'. It is possible a async set/reset assignment for this is signal missing. To improve timing and area, specify a set/reset value. 
W: Sdm-2014: Feedback mux created for signal 'ip_head[6] [11]'. It is possible a async set/reset assignment for this is signal missing. To improve timing and area, specify a set/reset value. 
W: Sdm-2014: Feedback mux created for signal 'ip_head[6] [12]'. It is possible a async set/reset assignment for this is signal missing. To improve timing and area, specify a set/reset value. 
W: Sdm-2014: Feedback mux created for signal 'ip_head[6] [13]'. It is possible a async set/reset assignment for this is signal missing. To improve timing and area, specify a set/reset value. 
W: Sdm-2014: Feedback mux created for signal 'ip_head[6] [14]'. It is possible a async set/reset assignment for this is signal missing. To improve timing and area, specify a set/reset value. 
W: Sdm-2014: Feedback mux created for signal 'ip_head[6] [15]'. It is possible a async set/reset assignment for this is signal missing. To improve timing and area, specify a set/reset value. 
W: Sdm-2014: Feedback mux created for signal 'ip_head[6] [16]'. It is possible a async set/reset assignment for this is signal missing. To improve timing and area, specify a set/reset value. 
W: Sdm-2014: Feedback mux created for signal 'ip_head[6] [17]'. It is possible a async set/reset assignment for this is signal missing. To improve timing and area, specify a set/reset value. 
W: Sdm-2014: Feedback mux created for signal 'ip_head[6] [18]'. It is possible a async set/reset assignment for this is signal missing. To improve timing and area, specify a set/reset value. 
W: Sdm-2014: Feedback mux created for signal 'ip_head[6] [19]'. It is possible a async set/reset assignment for this is signal missing. To improve timing and area, specify a set/reset value. 
W: Sdm-2014: Feedback mux created for signal 'ip_head[6] [20]'. It is possible a async set/reset assignment for this is signal missing. To improve timing and area, specify a set/reset value. 
W: Sdm-2014: Feedback mux created for signal 'ip_head[6] [21]'. It is possible a async set/reset assignment for this is signal missing. To improve timing and area, specify a set/reset value. 
W: Sdm-2014: Feedback mux created for signal 'ip_head[6] [22]'. It is possible a async set/reset assignment for this is signal missing. To improve timing and area, specify a set/reset value. 
W: Sdm-2014: Feedback mux created for signal 'ip_head[6] [23]'. It is possible a async set/reset assignment for this is signal missing. To improve timing and area, specify a set/reset value. 
W: Sdm-2014: Feedback mux created for signal 'ip_head[6] [24]'. It is possible a async set/reset assignment for this is signal missing. To improve timing and area, specify a set/reset value. 
W: Sdm-2014: Feedback mux created for signal 'ip_head[6] [25]'. It is possible a async set/reset assignment for this is signal missing. To improve timing and area, specify a set/reset value. 
W: Sdm-2014: Feedback mux created for signal 'ip_head[6] [26]'. It is possible a async set/reset assignment for this is signal missing. To improve timing and area, specify a set/reset value. 
W: Sdm-2014: Feedback mux created for signal 'ip_head[6] [27]'. It is possible a async set/reset assignment for this is signal missing. To improve timing and area, specify a set/reset value. 
W: Sdm-2014: Feedback mux created for signal 'ip_head[6] [28]'. It is possible a async set/reset assignment for this is signal missing. To improve timing and area, specify a set/reset value. 
W: Sdm-2014: Feedback mux created for signal 'ip_head[6] [29]'. It is possible a async set/reset assignment for this is signal missing. To improve timing and area, specify a set/reset value. 
I: Removed inst tx_done that is redundant to crc_clr.
Executing : DFF-inference successfully.
Executing : rtl-infer successfully. Time elapsed: 8.112s wall, 3.188s user + 3.812s system = 7.000s CPU (86.3%)

Start rtl-control-opt.
W: Loop was found during constant probe.
W: Loop was found during constant probe.
W: Loop was found during constant probe.
W: Loop was found during constant probe.
W: Loop was found during constant probe.
W: Loop was found during constant probe.
W: Loop was found during constant probe.
W: Loop was found during constant probe.
W: Loop was found during constant probe.
W: Loop was found during constant probe.
W: Loop was found during constant probe.
W: Loop was found during constant probe.
W: Loop was found during constant probe.
W: Loop was found during constant probe.
W: Loop was found during constant probe.
W: Loop was found during constant probe.
W: Loop was found during constant probe.
W: Loop was found during constant probe.
W: Loop was found during constant probe.
W: Loop was found during constant probe.
W: Loop was found during constant probe.
W: Loop was found during constant probe.
W: Loop was found during constant probe.
W: Loop was found during constant probe.
W: Loop was found during constant probe.
W: Loop was found during constant probe.
W: Loop was found during constant probe.
W: Loop was found during constant probe.
W: Loop was found during constant probe.
W: Loop was found during constant probe.
W: Loop was found during constant probe.
W: Loop was found during constant probe.
W: Loop was found during constant probe.
W: Loop was found during constant probe.
W: Loop was found during constant probe.
W: Loop was found during constant probe.
W: Loop was found during constant probe.
W: Loop was found during constant probe.
W: Loop was found during constant probe.
W: Loop was found during constant probe.
W: Loop was found during constant probe.
W: Loop was found during constant probe.
W: Loop was found during constant probe.
W: Loop was found during constant probe.
W: Loop was found during constant probe.
W: Loop was found during constant probe.
Executing : rtl-control-opt successfully. Time elapsed: 0.033s wall, 0.031s user + 0.000s system = 0.031s CPU (95.7%)

Start rtl-data-opt.
W: Loop was found during constant probe.
W: Loop was found during constant probe.
W: Loop was found during constant probe.
W: Loop was found during constant probe.
W: Loop was found during constant probe.
W: Loop was found during constant probe.
W: Loop was found during constant probe.
W: Loop was found during constant probe.
W: Loop was found during constant probe.
W: Loop was found during constant probe.
W: Loop was found during constant probe.
W: Loop was found during constant probe.
W: Loop was found during constant probe.
W: Loop was found during constant probe.
W: Loop was found during constant probe.
W: Loop was found during constant probe.
W: Loop was found during constant probe.
W: Loop was found during constant probe.
W: Loop was found during constant probe.
W: Loop was found during constant probe.
W: Loop was found during constant probe.
W: Loop was found during constant probe.
W: Loop was found during constant probe.
W: Loop was found during constant probe.
W: Loop was found during constant probe.
W: Loop was found during constant probe.
W: Loop was found during constant probe.
W: Loop was found during constant probe.
W: Loop was found during constant probe.
W: Loop was found during constant probe.
W: Loop was found during constant probe.
W: Loop was found during constant probe.
W: Loop was found during constant probe.
W: Loop was found during constant probe.
W: Loop was found during constant probe.
W: Loop was found during constant probe.
W: Loop was found during constant probe.
W: Loop was found during constant probe.
W: Loop was found during constant probe.
W: Loop was found during constant probe.
W: Loop was found during constant probe.
W: Loop was found during constant probe.
W: Loop was found during constant probe.
W: Loop was found during constant probe.
W: Loop was found during constant probe.
W: Loop was found during constant probe.
W: Loop was found during constant probe.
W: Loop was found during constant probe.
W: Loop was found during constant probe.
W: Loop was found during constant probe.
W: Loop was found during constant probe.
W: Loop was found during constant probe.
W: Loop was found during constant probe.
W: Loop was found during constant probe.
W: Loop was found during constant probe.
W: Loop was found during constant probe.
W: Loop was found during constant probe.
W: Loop was found during constant probe.
W: Loop was found during constant probe.
W: Loop was found during constant probe.
W: Loop was found during constant probe.
W: Loop was found during constant probe.
W: Loop was found during constant probe.
W: Loop was found during constant probe.
W: Loop was found during constant probe.
W: Loop was found during constant probe.
W: Loop was found during constant probe.
W: Loop was found during constant probe.
W: Loop was found during constant probe.
W: Loop was found during constant probe.
W: Loop was found during constant probe.
W: Loop was found during constant probe.
W: Loop was found during constant probe.
W: Loop was found during constant probe.
W: Loop was found during constant probe.
W: Loop was found during constant probe.
W: Loop was found during constant probe.
Executing : rtl-data-opt successfully. Time elapsed: 0.204s wall, 0.203s user + 0.000s system = 0.203s CPU (99.3%)

Start FSM inference.
I: FSM protocol_sw_fsm[1:0] inferred.
FSM protocol_sw_fsm[1:0] STG:
Number of reachable states: 3
Input nets: N93 N95 udp_tx_start_en 
S0(00)-->S0(00): x1x
S1(01)-->S0(00): x1x
S2(10)-->S0(00): x1x
S0(00)-->S1(01): xx1
S1(01)-->S1(01): xx1
S2(10)-->S1(01): xx1
S0(00)-->S2(10): 1xx
S1(01)-->S2(10): 1xx
S2(10)-->S2(10): 1xx

I: FSM cur_state_fsm[4:0] inferred.
FSM cur_state_fsm[4:0] STG:
Number of reachable states: 5
Input nets: error_en skip_en 
S0(00001)-->S1(00010): x1
S0(00001)-->S0(00001): x0
S1(00010)-->S1(00010): 00
S1(00010)-->S2(00100): x1
S1(00010)-->S4(10000): 10
S2(00100)-->S2(00100): 00
S2(00100)-->S3(01000): x1
S2(00100)-->S4(10000): 10
S3(01000)-->S3(01000): 00
S3(01000)-->S4(10000): 1x
S3(01000)-->S4(10000): x1
S4(10000)-->S4(10000): x0
S4(10000)-->S0(00001): x1

I: FSM cur_state_fsm[4:0] inferred.
FSM cur_state_fsm[4:0] STG:
Number of reachable states: 5
Input nets: skip_en 
S0(00001)-->S1(00010): 1
S0(00001)-->S0(00001): 0
S1(00010)-->S1(00010): 0
S1(00010)-->S2(00100): 1
S2(00100)-->S2(00100): 0
S2(00100)-->S3(01000): 1
S3(01000)-->S3(01000): 0
S3(01000)-->S4(10000): 1
S4(10000)-->S4(10000): 0
S4(10000)-->S0(00001): 1

I: FSM cur_state_fsm[6:0] inferred.
FSM cur_state_fsm[6:0] STG:
Number of reachable states: 7
Input nets: error_en skip_en 
S0(0000001)-->S1(0000010): x1
S1(0000010)-->S1(0000010): 00
S1(0000010)-->S2(0000100): x1
S1(0000010)-->S6(1000000): 10
S2(0000100)-->S2(0000100): 00
S2(0000100)-->S3(0001000): x1
S2(0000100)-->S6(1000000): 10
S3(0001000)-->S3(0001000): 00
S3(0001000)-->S4(0010000): x1
S3(0001000)-->S6(1000000): 10
S4(0010000)-->S4(0010000): 00
S4(0010000)-->S5(0100000): x1
S4(0010000)-->S6(1000000): 10
S5(0100000)-->S5(0100000): x0
S5(0100000)-->S6(1000000): x1
S6(1000000)-->S6(1000000): x0
S6(1000000)-->S0(0000001): x1
S0(0000001)-->S0(0000001): x0

I: FSM cur_state_fsm[7:0] inferred.
FSM cur_state_fsm[7:0] STG:
Number of reachable states: 8
Input nets: skip_en 
S0(00000001)-->S1(00000010): 1
S0(00000001)-->S0(00000001): 0
S1(00000010)-->S1(00000010): 0
S1(00000010)-->S2(00000100): 1
S2(00000100)-->S2(00000100): 0
S2(00000100)-->S3(00001000): 1
S3(00001000)-->S3(00001000): 0
S3(00001000)-->S4(00010000): 1
S4(00010000)-->S4(00010000): 0
S4(00010000)-->S5(00100000): 1
S5(00100000)-->S5(00100000): 0
S5(00100000)-->S6(01000000): 1
S6(01000000)-->S6(01000000): 0
S6(01000000)-->S7(10000000): 1
S7(10000000)-->S7(10000000): 0
S7(10000000)-->S0(00000001): 1

W: Loop was found during constant probe.
W: Loop was found during constant probe.
W: Loop was found during constant probe.
W: Loop was found during constant probe.
W: Loop was found during constant probe.
W: Loop was found during constant probe.
I: FSM cur_state_fsm[6:0] inferred.
FSM cur_state_fsm[6:0] STG:
Number of reachable states: 7
Input nets: error_en skip_en 
S0(0000001)-->S1(0000010): x1
S1(0000010)-->S1(0000010): 00
S1(0000010)-->S2(0000100): x1
S1(0000010)-->S6(1000000): 10
S2(0000100)-->S2(0000100): 00
S2(0000100)-->S3(0001000): x1
S2(0000100)-->S6(1000000): 10
S3(0001000)-->S3(0001000): 00
S3(0001000)-->S4(0010000): x1
S3(0001000)-->S6(1000000): 10
S4(0010000)-->S4(0010000): x0
S4(0010000)-->S5(0100000): x1
S5(0100000)-->S5(0100000): x0
S5(0100000)-->S6(1000000): x1
S6(1000000)-->S6(1000000): x0
S6(1000000)-->S0(0000001): x1
S0(0000001)-->S0(0000001): x0

I: FSM cur_state_fsm[6:0] inferred.
FSM cur_state_fsm[6:0] STG:
Number of reachable states: 7
Input nets: skip_en 
S0(0000001)-->S1(0000010): 1
S0(0000001)-->S0(0000001): 0
S1(0000010)-->S1(0000010): 0
S1(0000010)-->S2(0000100): 1
S2(0000100)-->S2(0000100): 0
S2(0000100)-->S3(0001000): 1
S3(0001000)-->S3(0001000): 0
S3(0001000)-->S4(0010000): 1
S4(0010000)-->S4(0010000): 0
S4(0010000)-->S5(0100000): 1
S5(0100000)-->S5(0100000): 0
S5(0100000)-->S6(1000000): 1
S6(1000000)-->S6(1000000): 0
S6(1000000)-->S0(0000001): 1

W: Loop was found during constant probe.
W: Loop was found during constant probe.
W: Loop was found during constant probe.
W: Loop was found during constant probe.
W: Loop was found during constant probe.
Executing : FSM inference successfully. Time elapsed: 0.143s wall, 0.125s user + 0.031s system = 0.156s CPU (109.5%)

Start sdm2adm.
I: Constant propagation done on N66 (bmsREDAND).
W: Loop was found during constant probe.
I: Constant propagation done on N83 (bmsWIDEMUX).
I: Constant propagation done on N140 (bmsWIDEMUX).
I: Constant propagation done on N7 (bmsWIDEMUX).
I: Constant propagation done on N77 (bmsWIDEMUX).
I: Constant propagation done on N82 (bmsWIDEMUX).
I: Constant propagation done on N138 (bmsWIDEMUX).
I: Constant propagation done on N215 (bmsWIDEMUX).
I: Constant propagation done on N12 (bmsWIDEMUX).
I: Constant propagation done on N18 (bmsWIDEMUX).
W: Loop was found during constant probe.
W: Loop was found during constant probe.
W: Loop was found during constant probe.
W: Loop was found during constant probe.
W: Loop was found during constant probe.
W: Loop was found during constant probe.
W: Loop was found during constant probe.
W: Loop was found during constant probe.
W: Loop was found during constant probe.
W: Loop was found during constant probe.
W: Loop was found during constant probe.
W: Loop was found during constant probe.
W: Loop was found during constant probe.
W: Loop was found during constant probe.
W: Loop was found during constant probe.
W: Loop was found during constant probe.
W: Loop was found during constant probe.
W: Loop was found during constant probe.
W: Loop was found during constant probe.
W: Loop was found during constant probe.
W: Loop was found during constant probe.
W: Loop was found during constant probe.
W: Loop was found during constant probe.
W: Loop was found during constant probe.
W: Loop was found during constant probe.
W: Loop was found during constant probe.
W: Loop was found during constant probe.
W: Loop was found during constant probe.
W: Loop was found during constant probe.
W: Loop was found during constant probe.
W: Loop was found during constant probe.
W: Loop was found during constant probe.
W: Loop was found during constant probe.
W: Loop was found during constant probe.
W: Loop was found during constant probe.
W: Loop was found during constant probe.
W: Loop was found during constant probe.
W: Loop was found during constant probe.
W: Loop was found during constant probe.
W: Loop was found during constant probe.
W: Loop was found during constant probe.
Executing : sdm2adm successfully. Time elapsed: 0.213s wall, 0.172s user + 0.000s system = 0.172s CPU (80.6%)

Saving design to DB.
Action compile: Real time elapsed is 0h:0m:17s
Action compile: CPU time elapsed is 0h:0m:6s
Action compile: Process CPU time elapsed is 0h:0m:6s
Current time: Wed Jan 31 15:27:05 2024
Action compile: Peak memory pool usage is 153 MB
Action from compile to compile: Total Real Time elapsed is 0h:0m:17s
Action from compile to compile: Total CPU time elapsed is 0h:0m:6s
Action from compile to compile: Total Process CPU Time elapsed is 0h:0m:6s
Process "Compile" done.


Process "Synthesize" started.
Current time: Wed Jan 31 15:27:05 2024
Compiling architecture definition.
Analyzing project file 'C:/Users/VIDEO/Desktop/52_eth_udp_loop/prj/eth_udp_loop.pds'.
License checkout: fabric_ads from C:\pango\license\new_pds_584120290F2C.lic
Compiling verification operator library.
Compiling common defs.
Loading technology operator library.
Compiling technology operator library.
Compiling technology operator (valence) library.
Reading design from compile DB
Reading design from compile DB successfully.
NOTE: The technology fpga was specified.
NOTE: delay_model specified was generic_cmos.
NOTE: Using the fpga syntax tables...
Totals:
 Calls to malloc = 0
 Calls to calloc = 148538

Constraint check start.
Compiling prim grid devices.
Building architecture model.
Loading device packaging model.
Building architecture floorplan logic view.
Executing : get_ports eth_rxc
Executing : get_ports eth_rxc successfully.
Executing : create_clock -name eth_rxc [get_ports eth_rxc] -period 8 -waveform {0.000 4.000}
Executing : create_clock -name eth_rxc [get_ports eth_rxc] -period 8 -waveform {0.000 4.000} successfully.
Executing : get_ports sys_clk
Executing : get_ports sys_clk successfully.
Executing : create_clock -name sys_clk [get_ports sys_clk] -period 20 -waveform {0.000 10.000}
Executing : create_clock -name sys_clk [get_ports sys_clk] -period 20 -waveform {0.000 10.000} successfully.
E: ConstraintEditor-0046: [C:/Users/VIDEO/Desktop/52_eth_udp_loop/prj/eth_udp_loop.fdc(line number: 176)] Object 'p:touch_key' can not be found in current view.
E: ConstraintEditor-0046: [C:/Users/VIDEO/Desktop/52_eth_udp_loop/prj/eth_udp_loop.fdc(line number: 177)] Object 'p:touch_key' can not be found in current view.
E: ConstraintEditor-0046: [C:/Users/VIDEO/Desktop/52_eth_udp_loop/prj/eth_udp_loop.fdc(line number: 178)] Object 'p:touch_key' can not be found in current view.
E: ConstraintEditor-0046: [C:/Users/VIDEO/Desktop/52_eth_udp_loop/prj/eth_udp_loop.fdc(line number: 179)] Object 'p:touch_key' can not be found in current view.
E: ConstraintEditor-0046: [C:/Users/VIDEO/Desktop/52_eth_udp_loop/prj/eth_udp_loop.fdc(line number: 180)] Object 'p:touch_key' can not be found in current view.
C: ConstraintEditor-2002: [C:/Users/VIDEO/Desktop/52_eth_udp_loop/prj/eth_udp_loop.fdc(line number: 94)] | Port eth_txd[2] has been placed at location T20, whose type is share pin.
C: ConstraintEditor-2002: [C:/Users/VIDEO/Desktop/52_eth_udp_loop/prj/eth_udp_loop.fdc(line number: 101)] | Port eth_txd[1] has been placed at location W21, whose type is share pin.
C: ConstraintEditor-2002: [C:/Users/VIDEO/Desktop/52_eth_udp_loop/prj/eth_udp_loop.fdc(line number: 108)] | Port eth_txd[0] has been placed at location W22, whose type is share pin.
C: ConstraintEditor-2002: [C:/Users/VIDEO/Desktop/52_eth_udp_loop/prj/eth_udp_loop.fdc(line number: 120)] | Port eth_rxd[2] has been placed at location AB22, whose type is share pin.
C: ConstraintEditor-2002: [C:/Users/VIDEO/Desktop/52_eth_udp_loop/prj/eth_udp_loop.fdc(line number: 125)] | Port eth_rxd[1] has been placed at location AB21, whose type is share pin.
C: ConstraintEditor-2002: [C:/Users/VIDEO/Desktop/52_eth_udp_loop/prj/eth_udp_loop.fdc(line number: 130)] | Port eth_rxd[0] has been placed at location Y22, whose type is share pin.
C: ConstraintEditor-2002: [C:/Users/VIDEO/Desktop/52_eth_udp_loop/prj/eth_udp_loop.fdc(line number: 135)] | Port eth_rst_n has been placed at location N20, whose type is share pin.
Constraint check end.

Action synthesize: Real time elapsed is 0h:0m:13s
Action synthesize: CPU time elapsed is 0h:0m:9s
Action synthesize: Process CPU time elapsed is 0h:0m:9s
Current time: Wed Jan 31 15:27:18 2024
Action synthesize: Peak memory pool usage is 278 MB
C: Flow-2004: Constraint file modified: "C:/Users/VIDEO/Desktop/52_eth_udp_loop/prj/eth_udp_loop.fdc". 


Process "Compile" started.
Current time: Wed Jan 31 15:27:35 2024
Compiling architecture definition.
Analyzing project file 'C:/Users/VIDEO/Desktop/52_eth_udp_loop/prj/eth_udp_loop.pds'.
License checkout: fabric_ads from C:\pango\license\new_pds_584120290F2C.lic
Compiling verification operator library.
Loading technology operator library.
Compiling technology operator library.
Compiling technology operator (valence) library.
I: Enable Verilog2k features and keywords
Start rtl-analyze.
Executing : .rtl_analyze -work work -include_path {C:/Users/VIDEO/Desktop/52_eth_udp_loop/prj} C:/Users/VIDEO/Desktop/52_eth_udp_loop/rtl/udp/udp.v
I: Verilog-0001: Analyzing file C:/Users/VIDEO/Desktop/52_eth_udp_loop/rtl/udp/udp.v
I: Verilog-0002: [C:/Users/VIDEO/Desktop/52_eth_udp_loop/rtl/udp/udp.v(line number: 23)] Analyzing module udp (library work)
Parsing done.
Executing : .rtl_analyze -work work -include_path {C:/Users/VIDEO/Desktop/52_eth_udp_loop/prj} C:/Users/VIDEO/Desktop/52_eth_udp_loop/rtl/udp/udp.v successfully.
Executing : .rtl_analyze -work work -include_path {C:/Users/VIDEO/Desktop/52_eth_udp_loop/prj} C:/Users/VIDEO/Desktop/52_eth_udp_loop/rtl/udp/udp_rx.v
I: Verilog-0001: Analyzing file C:/Users/VIDEO/Desktop/52_eth_udp_loop/rtl/udp/udp_rx.v
I: Verilog-0002: [C:/Users/VIDEO/Desktop/52_eth_udp_loop/rtl/udp/udp_rx.v(line number: 23)] Analyzing module udp_rx (library work)
Parsing done.
Executing : .rtl_analyze -work work -include_path {C:/Users/VIDEO/Desktop/52_eth_udp_loop/prj} C:/Users/VIDEO/Desktop/52_eth_udp_loop/rtl/udp/udp_rx.v successfully.
Executing : .rtl_analyze -work work -include_path {C:/Users/VIDEO/Desktop/52_eth_udp_loop/prj} C:/Users/VIDEO/Desktop/52_eth_udp_loop/rtl/udp/udp_tx.v
I: Verilog-0001: Analyzing file C:/Users/VIDEO/Desktop/52_eth_udp_loop/rtl/udp/udp_tx.v
I: Verilog-0002: [C:/Users/VIDEO/Desktop/52_eth_udp_loop/rtl/udp/udp_tx.v(line number: 23)] Analyzing module udp_tx (library work)
Parsing done.
Executing : .rtl_analyze -work work -include_path {C:/Users/VIDEO/Desktop/52_eth_udp_loop/prj} C:/Users/VIDEO/Desktop/52_eth_udp_loop/rtl/udp/udp_tx.v successfully.
Executing : .rtl_analyze -work work -include_path {C:/Users/VIDEO/Desktop/52_eth_udp_loop/prj} C:/Users/VIDEO/Desktop/52_eth_udp_loop/rtl/eth_ctrl.v
I: Verilog-0001: Analyzing file C:/Users/VIDEO/Desktop/52_eth_udp_loop/rtl/eth_ctrl.v
I: Verilog-0002: [C:/Users/VIDEO/Desktop/52_eth_udp_loop/rtl/eth_ctrl.v(line number: 23)] Analyzing module eth_ctrl (library work)
Parsing done.
Executing : .rtl_analyze -work work -include_path {C:/Users/VIDEO/Desktop/52_eth_udp_loop/prj} C:/Users/VIDEO/Desktop/52_eth_udp_loop/rtl/eth_ctrl.v successfully.
Executing : .rtl_analyze -work work -include_path {C:/Users/VIDEO/Desktop/52_eth_udp_loop/prj} C:/Users/VIDEO/Desktop/52_eth_udp_loop/rtl/eth_udp_loop.v
I: Verilog-0001: Analyzing file C:/Users/VIDEO/Desktop/52_eth_udp_loop/rtl/eth_udp_loop.v
I: Verilog-0002: [C:/Users/VIDEO/Desktop/52_eth_udp_loop/rtl/eth_udp_loop.v(line number: 23)] Analyzing module eth_udp_loop (library work)
Parsing done.
Executing : .rtl_analyze -work work -include_path {C:/Users/VIDEO/Desktop/52_eth_udp_loop/prj} C:/Users/VIDEO/Desktop/52_eth_udp_loop/rtl/eth_udp_loop.v successfully.
Executing : .rtl_analyze -work work -include_path {C:/Users/VIDEO/Desktop/52_eth_udp_loop/prj} C:/Users/VIDEO/Desktop/52_eth_udp_loop/rtl/arp/arp.v
I: Verilog-0001: Analyzing file C:/Users/VIDEO/Desktop/52_eth_udp_loop/rtl/arp/arp.v
I: Verilog-0002: [C:/Users/VIDEO/Desktop/52_eth_udp_loop/rtl/arp/arp.v(line number: 23)] Analyzing module arp (library work)
Parsing done.
Executing : .rtl_analyze -work work -include_path {C:/Users/VIDEO/Desktop/52_eth_udp_loop/prj} C:/Users/VIDEO/Desktop/52_eth_udp_loop/rtl/arp/arp.v successfully.
Executing : .rtl_analyze -work work -include_path {C:/Users/VIDEO/Desktop/52_eth_udp_loop/prj} C:/Users/VIDEO/Desktop/52_eth_udp_loop/rtl/arp/arp_rx.v
I: Verilog-0001: Analyzing file C:/Users/VIDEO/Desktop/52_eth_udp_loop/rtl/arp/arp_rx.v
I: Verilog-0002: [C:/Users/VIDEO/Desktop/52_eth_udp_loop/rtl/arp/arp_rx.v(line number: 23)] Analyzing module arp_rx (library work)
Parsing done.
Executing : .rtl_analyze -work work -include_path {C:/Users/VIDEO/Desktop/52_eth_udp_loop/prj} C:/Users/VIDEO/Desktop/52_eth_udp_loop/rtl/arp/arp_rx.v successfully.
Executing : .rtl_analyze -work work -include_path {C:/Users/VIDEO/Desktop/52_eth_udp_loop/prj} C:/Users/VIDEO/Desktop/52_eth_udp_loop/rtl/arp/arp_tx.v
I: Verilog-0001: Analyzing file C:/Users/VIDEO/Desktop/52_eth_udp_loop/rtl/arp/arp_tx.v
I: Verilog-0002: [C:/Users/VIDEO/Desktop/52_eth_udp_loop/rtl/arp/arp_tx.v(line number: 23)] Analyzing module arp_tx (library work)
Parsing done.
Executing : .rtl_analyze -work work -include_path {C:/Users/VIDEO/Desktop/52_eth_udp_loop/prj} C:/Users/VIDEO/Desktop/52_eth_udp_loop/rtl/arp/arp_tx.v successfully.
Executing : .rtl_analyze -work work -include_path {C:/Users/VIDEO/Desktop/52_eth_udp_loop/prj} C:/Users/VIDEO/Desktop/52_eth_udp_loop/rtl/arp/crc32_d8.v
I: Verilog-0001: Analyzing file C:/Users/VIDEO/Desktop/52_eth_udp_loop/rtl/arp/crc32_d8.v
I: Verilog-0002: [C:/Users/VIDEO/Desktop/52_eth_udp_loop/rtl/arp/crc32_d8.v(line number: 22)] Analyzing module crc32_d8 (library work)
Parsing done.
Executing : .rtl_analyze -work work -include_path {C:/Users/VIDEO/Desktop/52_eth_udp_loop/prj} C:/Users/VIDEO/Desktop/52_eth_udp_loop/rtl/arp/crc32_d8.v successfully.
Executing : .rtl_analyze -work work -include_path {C:/Users/VIDEO/Desktop/52_eth_udp_loop/prj} C:/Users/VIDEO/Desktop/52_eth_udp_loop/rtl/gmii_to_rgmii/gmii_to_rgmii.v
I: Verilog-0001: Analyzing file C:/Users/VIDEO/Desktop/52_eth_udp_loop/rtl/gmii_to_rgmii/gmii_to_rgmii.v
I: Verilog-0002: [C:/Users/VIDEO/Desktop/52_eth_udp_loop/rtl/gmii_to_rgmii/gmii_to_rgmii.v(line number: 23)] Analyzing module gmii_to_rgmii (library work)
Parsing done.
Executing : .rtl_analyze -work work -include_path {C:/Users/VIDEO/Desktop/52_eth_udp_loop/prj} C:/Users/VIDEO/Desktop/52_eth_udp_loop/rtl/gmii_to_rgmii/gmii_to_rgmii.v successfully.
Executing : .rtl_analyze -work work -include_path {C:/Users/VIDEO/Desktop/52_eth_udp_loop/prj} C:/Users/VIDEO/Desktop/52_eth_udp_loop/rtl/gmii_to_rgmii/rgmii_rx.v
I: Verilog-0001: Analyzing file C:/Users/VIDEO/Desktop/52_eth_udp_loop/rtl/gmii_to_rgmii/rgmii_rx.v
I: Verilog-0002: [C:/Users/VIDEO/Desktop/52_eth_udp_loop/rtl/gmii_to_rgmii/rgmii_rx.v(line number: 23)] Analyzing module rgmii_rx (library work)
Parsing done.
Executing : .rtl_analyze -work work -include_path {C:/Users/VIDEO/Desktop/52_eth_udp_loop/prj} C:/Users/VIDEO/Desktop/52_eth_udp_loop/rtl/gmii_to_rgmii/rgmii_rx.v successfully.
Executing : .rtl_analyze -work work -include_path {C:/Users/VIDEO/Desktop/52_eth_udp_loop/prj} C:/Users/VIDEO/Desktop/52_eth_udp_loop/rtl/gmii_to_rgmii/rgmii_tx.v
I: Verilog-0001: Analyzing file C:/Users/VIDEO/Desktop/52_eth_udp_loop/rtl/gmii_to_rgmii/rgmii_tx.v
I: Verilog-0002: [C:/Users/VIDEO/Desktop/52_eth_udp_loop/rtl/gmii_to_rgmii/rgmii_tx.v(line number: 23)] Analyzing module rgmii_tx (library work)
Parsing done.
Executing : .rtl_analyze -work work -include_path {C:/Users/VIDEO/Desktop/52_eth_udp_loop/prj} C:/Users/VIDEO/Desktop/52_eth_udp_loop/rtl/gmii_to_rgmii/rgmii_tx.v successfully.
Executing : .rtl_analyze -work work -include_path {C:/Users/VIDEO/Desktop/52_eth_udp_loop/prj} C:/Users/VIDEO/Desktop/52_eth_udp_loop/rtl/icmp/icmp.v
I: Verilog-0001: Analyzing file C:/Users/VIDEO/Desktop/52_eth_udp_loop/rtl/icmp/icmp.v
I: Verilog-0002: [C:/Users/VIDEO/Desktop/52_eth_udp_loop/rtl/icmp/icmp.v(line number: 23)] Analyzing module icmp (library work)
Parsing done.
Executing : .rtl_analyze -work work -include_path {C:/Users/VIDEO/Desktop/52_eth_udp_loop/prj} C:/Users/VIDEO/Desktop/52_eth_udp_loop/rtl/icmp/icmp.v successfully.
Executing : .rtl_analyze -work work -include_path {C:/Users/VIDEO/Desktop/52_eth_udp_loop/prj} C:/Users/VIDEO/Desktop/52_eth_udp_loop/rtl/icmp/icmp_rx.v
I: Verilog-0001: Analyzing file C:/Users/VIDEO/Desktop/52_eth_udp_loop/rtl/icmp/icmp_rx.v
I: Verilog-0002: [C:/Users/VIDEO/Desktop/52_eth_udp_loop/rtl/icmp/icmp_rx.v(line number: 23)] Analyzing module icmp_rx (library work)
Parsing done.
Executing : .rtl_analyze -work work -include_path {C:/Users/VIDEO/Desktop/52_eth_udp_loop/prj} C:/Users/VIDEO/Desktop/52_eth_udp_loop/rtl/icmp/icmp_rx.v successfully.
Executing : .rtl_analyze -work work -include_path {C:/Users/VIDEO/Desktop/52_eth_udp_loop/prj} C:/Users/VIDEO/Desktop/52_eth_udp_loop/rtl/icmp/icmp_tx.v
I: Verilog-0001: Analyzing file C:/Users/VIDEO/Desktop/52_eth_udp_loop/rtl/icmp/icmp_tx.v
I: Verilog-0002: [C:/Users/VIDEO/Desktop/52_eth_udp_loop/rtl/icmp/icmp_tx.v(line number: 23)] Analyzing module icmp_tx (library work)
Parsing done.
Executing : .rtl_analyze -work work -include_path {C:/Users/VIDEO/Desktop/52_eth_udp_loop/prj} C:/Users/VIDEO/Desktop/52_eth_udp_loop/rtl/icmp/icmp_tx.v successfully.
Executing : .rtl_analyze -include_path {C:/Users/VIDEO/Desktop/52_eth_udp_loop/prj} C:/Users/VIDEO/Desktop/52_eth_udp_loop/prj/ipcore/sync_fifo_2048x8b/rtl/ipm2l_fifo_ctrl_v1_1_sync_fifo_2048x8b.v
I: Verilog-0001: Analyzing file C:/Users/VIDEO/Desktop/52_eth_udp_loop/prj/ipcore/sync_fifo_2048x8b/rtl/ipm2l_fifo_ctrl_v1_1_sync_fifo_2048x8b.v
I: Verilog-0002: [C:/Users/VIDEO/Desktop/52_eth_udp_loop/prj/ipcore/sync_fifo_2048x8b/rtl/ipm2l_fifo_ctrl_v1_1_sync_fifo_2048x8b.v(line number: 18)] Analyzing module ipm2l_fifo_ctrl_v1_1_sync_fifo_2048x8b (library work)
I: [C:/Users/VIDEO/Desktop/52_eth_udp_loop/prj/ipcore/sync_fifo_2048x8b/rtl/ipm2l_fifo_ctrl_v1_1_sync_fifo_2048x8b.v(line number: 46)] Convert attribute name from syn_preserve to PAP_PRESERVE
I: [C:/Users/VIDEO/Desktop/52_eth_udp_loop/prj/ipcore/sync_fifo_2048x8b/rtl/ipm2l_fifo_ctrl_v1_1_sync_fifo_2048x8b.v(line number: 48)] Convert attribute name from syn_preserve to PAP_PRESERVE
I: [C:/Users/VIDEO/Desktop/52_eth_udp_loop/prj/ipcore/sync_fifo_2048x8b/rtl/ipm2l_fifo_ctrl_v1_1_sync_fifo_2048x8b.v(line number: 59)] Convert attribute name from syn_preserve to PAP_PRESERVE
I: [C:/Users/VIDEO/Desktop/52_eth_udp_loop/prj/ipcore/sync_fifo_2048x8b/rtl/ipm2l_fifo_ctrl_v1_1_sync_fifo_2048x8b.v(line number: 61)] Convert attribute name from syn_preserve to PAP_PRESERVE
Parsing done.
Executing : .rtl_analyze -include_path {C:/Users/VIDEO/Desktop/52_eth_udp_loop/prj} C:/Users/VIDEO/Desktop/52_eth_udp_loop/prj/ipcore/sync_fifo_2048x8b/rtl/ipm2l_fifo_ctrl_v1_1_sync_fifo_2048x8b.v successfully.
Executing : .rtl_analyze -include_path {C:/Users/VIDEO/Desktop/52_eth_udp_loop/prj} C:/Users/VIDEO/Desktop/52_eth_udp_loop/prj/ipcore/sync_fifo_2048x8b/rtl/ipm2l_sdpram_v1_6a_sync_fifo_2048x8b.v
I: Verilog-0001: Analyzing file C:/Users/VIDEO/Desktop/52_eth_udp_loop/prj/ipcore/sync_fifo_2048x8b/rtl/ipm2l_sdpram_v1_6a_sync_fifo_2048x8b.v
I: Verilog-0002: [C:/Users/VIDEO/Desktop/52_eth_udp_loop/prj/ipcore/sync_fifo_2048x8b/rtl/ipm2l_sdpram_v1_6a_sync_fifo_2048x8b.v(line number: 18)] Analyzing module ipm2l_sdpram_v1_6a_sync_fifo_2048x8b (library work)
W: Verilog-2008: [C:/Users/VIDEO/Desktop/52_eth_udp_loop/prj/ipcore/sync_fifo_2048x8b/rtl/ipm2l_sdpram_v1_6a_sync_fifo_2048x8b.v(line number: 289)] Ignore 'system task' $display
W: Verilog-2008: [C:/Users/VIDEO/Desktop/52_eth_udp_loop/prj/ipcore/sync_fifo_2048x8b/rtl/ipm2l_sdpram_v1_6a_sync_fifo_2048x8b.v(line number: 290)] Ignore 'system task' $finish
W: Verilog-2008: [C:/Users/VIDEO/Desktop/52_eth_udp_loop/prj/ipcore/sync_fifo_2048x8b/rtl/ipm2l_sdpram_v1_6a_sync_fifo_2048x8b.v(line number: 293)] Ignore 'system task' $display
W: Verilog-2008: [C:/Users/VIDEO/Desktop/52_eth_udp_loop/prj/ipcore/sync_fifo_2048x8b/rtl/ipm2l_sdpram_v1_6a_sync_fifo_2048x8b.v(line number: 297)] Ignore 'system task' $display
W: Verilog-2008: [C:/Users/VIDEO/Desktop/52_eth_udp_loop/prj/ipcore/sync_fifo_2048x8b/rtl/ipm2l_sdpram_v1_6a_sync_fifo_2048x8b.v(line number: 301)] Ignore 'system task' $display
W: Verilog-2008: [C:/Users/VIDEO/Desktop/52_eth_udp_loop/prj/ipcore/sync_fifo_2048x8b/rtl/ipm2l_sdpram_v1_6a_sync_fifo_2048x8b.v(line number: 305)] Ignore 'system task' $display
W: Verilog-2008: [C:/Users/VIDEO/Desktop/52_eth_udp_loop/prj/ipcore/sync_fifo_2048x8b/rtl/ipm2l_sdpram_v1_6a_sync_fifo_2048x8b.v(line number: 313)] Ignore 'system task' $display
W: Verilog-2008: [C:/Users/VIDEO/Desktop/52_eth_udp_loop/prj/ipcore/sync_fifo_2048x8b/rtl/ipm2l_sdpram_v1_6a_sync_fifo_2048x8b.v(line number: 314)] Ignore 'system task' $finish
W: Verilog-2008: [C:/Users/VIDEO/Desktop/52_eth_udp_loop/prj/ipcore/sync_fifo_2048x8b/rtl/ipm2l_sdpram_v1_6a_sync_fifo_2048x8b.v(line number: 317)] Ignore 'system task' $display
W: Verilog-2008: [C:/Users/VIDEO/Desktop/52_eth_udp_loop/prj/ipcore/sync_fifo_2048x8b/rtl/ipm2l_sdpram_v1_6a_sync_fifo_2048x8b.v(line number: 318)] Ignore 'system task' $finish
W: Verilog-2008: [C:/Users/VIDEO/Desktop/52_eth_udp_loop/prj/ipcore/sync_fifo_2048x8b/rtl/ipm2l_sdpram_v1_6a_sync_fifo_2048x8b.v(line number: 321)] Ignore 'system task' $display
W: Verilog-2008: [C:/Users/VIDEO/Desktop/52_eth_udp_loop/prj/ipcore/sync_fifo_2048x8b/rtl/ipm2l_sdpram_v1_6a_sync_fifo_2048x8b.v(line number: 322)] Ignore 'system task' $finish
W: Verilog-2008: [C:/Users/VIDEO/Desktop/52_eth_udp_loop/prj/ipcore/sync_fifo_2048x8b/rtl/ipm2l_sdpram_v1_6a_sync_fifo_2048x8b.v(line number: 325)] Ignore 'system task' $display
W: Verilog-2008: [C:/Users/VIDEO/Desktop/52_eth_udp_loop/prj/ipcore/sync_fifo_2048x8b/rtl/ipm2l_sdpram_v1_6a_sync_fifo_2048x8b.v(line number: 326)] Ignore 'system task' $finish
W: Verilog-2008: [C:/Users/VIDEO/Desktop/52_eth_udp_loop/prj/ipcore/sync_fifo_2048x8b/rtl/ipm2l_sdpram_v1_6a_sync_fifo_2048x8b.v(line number: 329)] Ignore 'system task' $display
W: Verilog-2008: [C:/Users/VIDEO/Desktop/52_eth_udp_loop/prj/ipcore/sync_fifo_2048x8b/rtl/ipm2l_sdpram_v1_6a_sync_fifo_2048x8b.v(line number: 330)] Ignore 'system task' $finish
W: Verilog-2008: [C:/Users/VIDEO/Desktop/52_eth_udp_loop/prj/ipcore/sync_fifo_2048x8b/rtl/ipm2l_sdpram_v1_6a_sync_fifo_2048x8b.v(line number: 333)] Ignore 'system task' $display
W: Verilog-2008: [C:/Users/VIDEO/Desktop/52_eth_udp_loop/prj/ipcore/sync_fifo_2048x8b/rtl/ipm2l_sdpram_v1_6a_sync_fifo_2048x8b.v(line number: 334)] Ignore 'system task' $finish
W: Verilog-2008: [C:/Users/VIDEO/Desktop/52_eth_udp_loop/prj/ipcore/sync_fifo_2048x8b/rtl/ipm2l_sdpram_v1_6a_sync_fifo_2048x8b.v(line number: 337)] Ignore 'system task' $display
W: Verilog-2008: [C:/Users/VIDEO/Desktop/52_eth_udp_loop/prj/ipcore/sync_fifo_2048x8b/rtl/ipm2l_sdpram_v1_6a_sync_fifo_2048x8b.v(line number: 338)] Ignore 'system task' $finish
W: Verilog-2008: [C:/Users/VIDEO/Desktop/52_eth_udp_loop/prj/ipcore/sync_fifo_2048x8b/rtl/ipm2l_sdpram_v1_6a_sync_fifo_2048x8b.v(line number: 341)] Ignore 'system task' $display
W: Verilog-2008: [C:/Users/VIDEO/Desktop/52_eth_udp_loop/prj/ipcore/sync_fifo_2048x8b/rtl/ipm2l_sdpram_v1_6a_sync_fifo_2048x8b.v(line number: 342)] Ignore 'system task' $finish
W: Verilog-2008: [C:/Users/VIDEO/Desktop/52_eth_udp_loop/prj/ipcore/sync_fifo_2048x8b/rtl/ipm2l_sdpram_v1_6a_sync_fifo_2048x8b.v(line number: 345)] Ignore 'system task' $display
W: Verilog-2008: [C:/Users/VIDEO/Desktop/52_eth_udp_loop/prj/ipcore/sync_fifo_2048x8b/rtl/ipm2l_sdpram_v1_6a_sync_fifo_2048x8b.v(line number: 346)] Ignore 'system task' $finish
W: Verilog-2008: [C:/Users/VIDEO/Desktop/52_eth_udp_loop/prj/ipcore/sync_fifo_2048x8b/rtl/ipm2l_sdpram_v1_6a_sync_fifo_2048x8b.v(line number: 349)] Ignore 'system task' $display
W: Verilog-2008: [C:/Users/VIDEO/Desktop/52_eth_udp_loop/prj/ipcore/sync_fifo_2048x8b/rtl/ipm2l_sdpram_v1_6a_sync_fifo_2048x8b.v(line number: 350)] Ignore 'system task' $finish
W: Verilog-2008: [C:/Users/VIDEO/Desktop/52_eth_udp_loop/prj/ipcore/sync_fifo_2048x8b/rtl/ipm2l_sdpram_v1_6a_sync_fifo_2048x8b.v(line number: 353)] Ignore 'system task' $display
W: Verilog-2008: [C:/Users/VIDEO/Desktop/52_eth_udp_loop/prj/ipcore/sync_fifo_2048x8b/rtl/ipm2l_sdpram_v1_6a_sync_fifo_2048x8b.v(line number: 354)] Ignore 'system task' $finish
W: Verilog-2008: [C:/Users/VIDEO/Desktop/52_eth_udp_loop/prj/ipcore/sync_fifo_2048x8b/rtl/ipm2l_sdpram_v1_6a_sync_fifo_2048x8b.v(line number: 357)] Ignore 'system task' $display
W: Verilog-2008: [C:/Users/VIDEO/Desktop/52_eth_udp_loop/prj/ipcore/sync_fifo_2048x8b/rtl/ipm2l_sdpram_v1_6a_sync_fifo_2048x8b.v(line number: 358)] Ignore 'system task' $finish
W: Verilog-2008: [C:/Users/VIDEO/Desktop/52_eth_udp_loop/prj/ipcore/sync_fifo_2048x8b/rtl/ipm2l_sdpram_v1_6a_sync_fifo_2048x8b.v(line number: 361)] Ignore 'system task' $display
W: Verilog-2008: [C:/Users/VIDEO/Desktop/52_eth_udp_loop/prj/ipcore/sync_fifo_2048x8b/rtl/ipm2l_sdpram_v1_6a_sync_fifo_2048x8b.v(line number: 362)] Ignore 'system task' $finish
W: Verilog-2008: [C:/Users/VIDEO/Desktop/52_eth_udp_loop/prj/ipcore/sync_fifo_2048x8b/rtl/ipm2l_sdpram_v1_6a_sync_fifo_2048x8b.v(line number: 365)] Ignore 'system task' $display
W: Verilog-2008: [C:/Users/VIDEO/Desktop/52_eth_udp_loop/prj/ipcore/sync_fifo_2048x8b/rtl/ipm2l_sdpram_v1_6a_sync_fifo_2048x8b.v(line number: 366)] Ignore 'system task' $finish
W: Verilog-2008: [C:/Users/VIDEO/Desktop/52_eth_udp_loop/prj/ipcore/sync_fifo_2048x8b/rtl/ipm2l_sdpram_v1_6a_sync_fifo_2048x8b.v(line number: 370)] Ignore 'system task' $display
W: Verilog-2008: [C:/Users/VIDEO/Desktop/52_eth_udp_loop/prj/ipcore/sync_fifo_2048x8b/rtl/ipm2l_sdpram_v1_6a_sync_fifo_2048x8b.v(line number: 371)] Ignore 'system task' $finish
W: Verilog-2008: [C:/Users/VIDEO/Desktop/52_eth_udp_loop/prj/ipcore/sync_fifo_2048x8b/rtl/ipm2l_sdpram_v1_6a_sync_fifo_2048x8b.v(line number: 374)] Ignore 'system task' $display
W: Verilog-2008: [C:/Users/VIDEO/Desktop/52_eth_udp_loop/prj/ipcore/sync_fifo_2048x8b/rtl/ipm2l_sdpram_v1_6a_sync_fifo_2048x8b.v(line number: 375)] Ignore 'system task' $finish
W: Verilog-2008: [C:/Users/VIDEO/Desktop/52_eth_udp_loop/prj/ipcore/sync_fifo_2048x8b/rtl/ipm2l_sdpram_v1_6a_sync_fifo_2048x8b.v(line number: 379)] Ignore 'system task' $display
W: Verilog-2008: [C:/Users/VIDEO/Desktop/52_eth_udp_loop/prj/ipcore/sync_fifo_2048x8b/rtl/ipm2l_sdpram_v1_6a_sync_fifo_2048x8b.v(line number: 380)] Ignore 'system task' $finish
W: Verilog-2008: [C:/Users/VIDEO/Desktop/52_eth_udp_loop/prj/ipcore/sync_fifo_2048x8b/rtl/ipm2l_sdpram_v1_6a_sync_fifo_2048x8b.v(line number: 385)] Ignore 'system task' $display
W: Verilog-2008: [C:/Users/VIDEO/Desktop/52_eth_udp_loop/prj/ipcore/sync_fifo_2048x8b/rtl/ipm2l_sdpram_v1_6a_sync_fifo_2048x8b.v(line number: 386)] Ignore 'system task' $finish
W: Verilog-2008: [C:/Users/VIDEO/Desktop/52_eth_udp_loop/prj/ipcore/sync_fifo_2048x8b/rtl/ipm2l_sdpram_v1_6a_sync_fifo_2048x8b.v(line number: 389)] Ignore 'system task' $display
W: Verilog-2008: [C:/Users/VIDEO/Desktop/52_eth_udp_loop/prj/ipcore/sync_fifo_2048x8b/rtl/ipm2l_sdpram_v1_6a_sync_fifo_2048x8b.v(line number: 390)] Ignore 'system task' $finish
W: Verilog-2008: [C:/Users/VIDEO/Desktop/52_eth_udp_loop/prj/ipcore/sync_fifo_2048x8b/rtl/ipm2l_sdpram_v1_6a_sync_fifo_2048x8b.v(line number: 395)] Ignore 'system task' $display
W: Verilog-2008: [C:/Users/VIDEO/Desktop/52_eth_udp_loop/prj/ipcore/sync_fifo_2048x8b/rtl/ipm2l_sdpram_v1_6a_sync_fifo_2048x8b.v(line number: 396)] Ignore 'system task' $finish
Parsing done.
Executing : .rtl_analyze -include_path {C:/Users/VIDEO/Desktop/52_eth_udp_loop/prj} C:/Users/VIDEO/Desktop/52_eth_udp_loop/prj/ipcore/sync_fifo_2048x8b/rtl/ipm2l_sdpram_v1_6a_sync_fifo_2048x8b.v successfully.
Executing : .rtl_analyze -include_path {C:/Users/VIDEO/Desktop/52_eth_udp_loop/prj} C:/Users/VIDEO/Desktop/52_eth_udp_loop/prj/ipcore/sync_fifo_2048x8b/rtl/ipm2l_fifo_v1_7_sync_fifo_2048x8b.v
I: Verilog-0001: Analyzing file C:/Users/VIDEO/Desktop/52_eth_udp_loop/prj/ipcore/sync_fifo_2048x8b/rtl/ipm2l_fifo_v1_7_sync_fifo_2048x8b.v
I: Verilog-0002: [C:/Users/VIDEO/Desktop/52_eth_udp_loop/prj/ipcore/sync_fifo_2048x8b/rtl/ipm2l_fifo_v1_7_sync_fifo_2048x8b.v(line number: 19)] Analyzing module ipm2l_fifo_v1_7_sync_fifo_2048x8b (library work)
Parsing done.
Executing : .rtl_analyze -include_path {C:/Users/VIDEO/Desktop/52_eth_udp_loop/prj} C:/Users/VIDEO/Desktop/52_eth_udp_loop/prj/ipcore/sync_fifo_2048x8b/rtl/ipm2l_fifo_v1_7_sync_fifo_2048x8b.v successfully.
Executing : .rtl_analyze -include_path {C:/Users/VIDEO/Desktop/52_eth_udp_loop/prj} C:/Users/VIDEO/Desktop/52_eth_udp_loop/prj/ipcore/sync_fifo_2048x8b/sync_fifo_2048x8b.v
I: Verilog-0001: Analyzing file C:/Users/VIDEO/Desktop/52_eth_udp_loop/prj/ipcore/sync_fifo_2048x8b/sync_fifo_2048x8b.v
I: Verilog-0002: [C:/Users/VIDEO/Desktop/52_eth_udp_loop/prj/ipcore/sync_fifo_2048x8b/sync_fifo_2048x8b.v(line number: 16)] Analyzing module sync_fifo_2048x8b (library work)
Parsing done.
Executing : .rtl_analyze -include_path {C:/Users/VIDEO/Desktop/52_eth_udp_loop/prj} C:/Users/VIDEO/Desktop/52_eth_udp_loop/prj/ipcore/sync_fifo_2048x8b/sync_fifo_2048x8b.v successfully.
I: Module "eth_udp_loop" is set as top module.
Executing : rtl-analyze successfully. Time elapsed: 4.465s wall, 0.016s user + 0.078s system = 0.094s CPU (2.1%)

Start rtl-elaborate.
I: Verilog-0003: [C:/Users/VIDEO/Desktop/52_eth_udp_loop/rtl/eth_udp_loop.v(line number: 23)] Elaborating module eth_udp_loop
I: Module instance {eth_udp_loop} parameter value:
    BOARD_MAC = 48'b000000000001000100100010001100110100010001010101
    BOARD_IP = 32'b11000000101010000000000100001010
    DES_MAC = 48'b111111111111111111111111111111111111111111111111
    DES_IP = 32'b11000000101010000000000101100110
I: Verilog-0004: [C:/Users/VIDEO/Desktop/52_eth_udp_loop/rtl/eth_udp_loop.v(line number: 109)] Elaborating instance u_gmii_to_rgmii
I: Verilog-0003: [C:/Users/VIDEO/Desktop/52_eth_udp_loop/rtl/gmii_to_rgmii/gmii_to_rgmii.v(line number: 23)] Elaborating module gmii_to_rgmii
I: Verilog-0004: [C:/Users/VIDEO/Desktop/52_eth_udp_loop/rtl/gmii_to_rgmii/gmii_to_rgmii.v(line number: 47)] Elaborating instance u_rgmii_rx
I: Verilog-0003: [C:/Users/VIDEO/Desktop/52_eth_udp_loop/rtl/gmii_to_rgmii/rgmii_rx.v(line number: 23)] Elaborating module rgmii_rx
I: Verilog-0004: [C:/Users/VIDEO/Desktop/52_eth_udp_loop/rtl/gmii_to_rgmii/rgmii_rx.v(line number: 52)] Elaborating instance BUFG_inst
I: Verilog-0004: [C:/Users/VIDEO/Desktop/52_eth_udp_loop/rtl/gmii_to_rgmii/rgmii_rx.v(line number: 61)] Elaborating instance u_GTP_IOCLKBUF
I: Verilog-0004: [C:/Users/VIDEO/Desktop/52_eth_udp_loop/rtl/gmii_to_rgmii/rgmii_rx.v(line number: 72)] Elaborating instance u_iddr_rx_ctl
I: Verilog-0004: [C:/Users/VIDEO/Desktop/52_eth_udp_loop/rtl/gmii_to_rgmii/rgmii_rx.v(line number: 89)] Elaborating instance u_iddr_rxd
I: Verilog-0004: [C:/Users/VIDEO/Desktop/52_eth_udp_loop/rtl/gmii_to_rgmii/rgmii_rx.v(line number: 89)] Elaborating instance u_iddr_rxd
I: Verilog-0004: [C:/Users/VIDEO/Desktop/52_eth_udp_loop/rtl/gmii_to_rgmii/rgmii_rx.v(line number: 89)] Elaborating instance u_iddr_rxd
I: Verilog-0004: [C:/Users/VIDEO/Desktop/52_eth_udp_loop/rtl/gmii_to_rgmii/rgmii_rx.v(line number: 89)] Elaborating instance u_iddr_rxd
I: Verilog-0004: [C:/Users/VIDEO/Desktop/52_eth_udp_loop/rtl/gmii_to_rgmii/gmii_to_rgmii.v(line number: 58)] Elaborating instance u_rgmii_tx
I: Verilog-0003: [C:/Users/VIDEO/Desktop/52_eth_udp_loop/rtl/gmii_to_rgmii/rgmii_tx.v(line number: 23)] Elaborating module rgmii_tx
I: Verilog-0004: [C:/Users/VIDEO/Desktop/52_eth_udp_loop/rtl/gmii_to_rgmii/rgmii_tx.v(line number: 47)] Elaborating instance u_ODDR_inst_tx_ctl
I: Verilog-0004: [C:/Users/VIDEO/Desktop/52_eth_udp_loop/rtl/gmii_to_rgmii/rgmii_tx.v(line number: 65)] Elaborating instance u_ODDR_inst_txdata
I: Verilog-0004: [C:/Users/VIDEO/Desktop/52_eth_udp_loop/rtl/gmii_to_rgmii/rgmii_tx.v(line number: 65)] Elaborating instance u_ODDR_inst_txdata
I: Verilog-0004: [C:/Users/VIDEO/Desktop/52_eth_udp_loop/rtl/gmii_to_rgmii/rgmii_tx.v(line number: 65)] Elaborating instance u_ODDR_inst_txdata
I: Verilog-0004: [C:/Users/VIDEO/Desktop/52_eth_udp_loop/rtl/gmii_to_rgmii/rgmii_tx.v(line number: 65)] Elaborating instance u_ODDR_inst_txdata
W: Verilog-2023: [C:/Users/VIDEO/Desktop/52_eth_udp_loop/rtl/gmii_to_rgmii/gmii_to_rgmii.v(line number: 47)] Give initial value 0 for the no drive pin idelay_clk in module instance eth_udp_loop/u_gmii_to_rgmii.u_rgmii_rx
I: Verilog-0004: [C:/Users/VIDEO/Desktop/52_eth_udp_loop/rtl/eth_udp_loop.v(line number: 133)] Elaborating instance u_arp
I: Verilog-0003: [C:/Users/VIDEO/Desktop/52_eth_udp_loop/rtl/arp/arp.v(line number: 23)] Elaborating module arp
I: Module instance {eth_udp_loop/u_arp} parameter value:
    BOARD_MAC = 48'b000000000001000100100010001100110100010001010101
    BOARD_IP = 32'b11000000101010000000000100001010
    DES_MAC = 48'b111111111111111111111111111111111111111111111111
    DES_IP = 32'b11000000101010000000000101100110
I: Verilog-0004: [C:/Users/VIDEO/Desktop/52_eth_udp_loop/rtl/arp/arp.v(line number: 74)] Elaborating instance u_arp_rx
I: Verilog-0003: [C:/Users/VIDEO/Desktop/52_eth_udp_loop/rtl/arp/arp_rx.v(line number: 23)] Elaborating module arp_rx
I: Module instance {eth_udp_loop/u_arp/u_arp_rx} parameter value:
    BOARD_MAC = 48'b000000000001000100100010001100110100010001010101
    BOARD_IP = 32'b11000000101010000000000100001010
I: Verilog-0004: [C:/Users/VIDEO/Desktop/52_eth_udp_loop/rtl/arp/arp.v(line number: 94)] Elaborating instance u_arp_tx
I: Verilog-0003: [C:/Users/VIDEO/Desktop/52_eth_udp_loop/rtl/arp/arp_tx.v(line number: 23)] Elaborating module arp_tx
I: Module instance {eth_udp_loop/u_arp/u_arp_tx} parameter value:
    BOARD_MAC = 48'b000000000001000100100010001100110100010001010101
    BOARD_IP = 32'b11000000101010000000000100001010
    DES_MAC = 48'b111111111111111111111111111111111111111111111111
    DES_IP = 32'b11000000101010000000000101100110
I: Verilog-0004: [C:/Users/VIDEO/Desktop/52_eth_udp_loop/rtl/arp/arp.v(line number: 112)] Elaborating instance u_crc32_d8
I: Verilog-0003: [C:/Users/VIDEO/Desktop/52_eth_udp_loop/rtl/arp/crc32_d8.v(line number: 22)] Elaborating module crc32_d8
I: Verilog-0004: [C:/Users/VIDEO/Desktop/52_eth_udp_loop/rtl/eth_udp_loop.v(line number: 162)] Elaborating instance u_icmp
I: Verilog-0003: [C:/Users/VIDEO/Desktop/52_eth_udp_loop/rtl/icmp/icmp.v(line number: 23)] Elaborating module icmp
I: Module instance {eth_udp_loop/u_icmp} parameter value:
    BOARD_MAC = 48'b000000000001000100100010001100110100010001010101
    BOARD_IP = 32'b11000000101010000000000100001010
    DES_MAC = 48'b111111111111111111111111111111111111111111111111
    DES_IP = 32'b11000000101010000000000101100110
I: Verilog-0004: [C:/Users/VIDEO/Desktop/52_eth_udp_loop/rtl/icmp/icmp.v(line number: 81)] Elaborating instance u_icmp_rx
I: Verilog-0003: [C:/Users/VIDEO/Desktop/52_eth_udp_loop/rtl/icmp/icmp_rx.v(line number: 23)] Elaborating module icmp_rx
I: Module instance {eth_udp_loop/u_icmp/u_icmp_rx} parameter value:
    BOARD_MAC = 48'b000000000001000100100010001100110100010001010101
    BOARD_IP = 32'b11000000101010000000000100001010
I: Verilog-0004: [C:/Users/VIDEO/Desktop/52_eth_udp_loop/rtl/icmp/icmp.v(line number: 103)] Elaborating instance u_icmp_tx
I: Verilog-0003: [C:/Users/VIDEO/Desktop/52_eth_udp_loop/rtl/icmp/icmp_tx.v(line number: 23)] Elaborating module icmp_tx
I: Module instance {eth_udp_loop/u_icmp/u_icmp_tx} parameter value:
    BOARD_MAC = 48'b000000000001000100100010001100110100010001010101
    BOARD_IP = 32'b11000000101010000000000100001010
    DES_MAC = 48'b111111111111111111111111111111111111111111111111
    DES_IP = 32'b11000000101010000000000101100110
    ECHO_REPLY = 8'b00000000
I: Verilog-0004: [C:/Users/VIDEO/Desktop/52_eth_udp_loop/rtl/icmp/icmp.v(line number: 125)] Elaborating instance u_crc32_d8
I: Verilog-0003: [C:/Users/VIDEO/Desktop/52_eth_udp_loop/rtl/arp/crc32_d8.v(line number: 22)] Elaborating module crc32_d8
I: Verilog-0004: [C:/Users/VIDEO/Desktop/52_eth_udp_loop/rtl/eth_udp_loop.v(line number: 193)] Elaborating instance u_udp
I: Verilog-0003: [C:/Users/VIDEO/Desktop/52_eth_udp_loop/rtl/udp/udp.v(line number: 23)] Elaborating module udp
I: Module instance {eth_udp_loop/u_udp} parameter value:
    BOARD_MAC = 48'b000000000001000100100010001100110100010001010101
    BOARD_IP = 32'b11000000101010000000000100001010
    DES_MAC = 48'b111111111111111111111111111111111111111111111111
    DES_IP = 32'b11000000101010000000000101100110
I: Verilog-0004: [C:/Users/VIDEO/Desktop/52_eth_udp_loop/rtl/udp/udp.v(line number: 76)] Elaborating instance u_udp_rx
I: Verilog-0003: [C:/Users/VIDEO/Desktop/52_eth_udp_loop/rtl/udp/udp_rx.v(line number: 23)] Elaborating module udp_rx
I: Module instance {eth_udp_loop/u_udp/u_udp_rx} parameter value:
    BOARD_MAC = 48'b000000000001000100100010001100110100010001010101
    BOARD_IP = 32'b11000000101010000000000100001010
I: Verilog-0004: [C:/Users/VIDEO/Desktop/52_eth_udp_loop/rtl/udp/udp.v(line number: 95)] Elaborating instance u_udp_tx
I: Verilog-0003: [C:/Users/VIDEO/Desktop/52_eth_udp_loop/rtl/udp/udp_tx.v(line number: 23)] Elaborating module udp_tx
I: Module instance {eth_udp_loop/u_udp/u_udp_tx} parameter value:
    BOARD_MAC = 48'b000000000001000100100010001100110100010001010101
    BOARD_IP = 32'b11000000101010000000000100001010
    DES_MAC = 48'b111111111111111111111111111111111111111111111111
    DES_IP = 32'b11000000101010000000000101100110
I: Verilog-0004: [C:/Users/VIDEO/Desktop/52_eth_udp_loop/rtl/udp/udp.v(line number: 114)] Elaborating instance u_crc32_d8
I: Verilog-0003: [C:/Users/VIDEO/Desktop/52_eth_udp_loop/rtl/arp/crc32_d8.v(line number: 22)] Elaborating module crc32_d8
I: Verilog-0004: [C:/Users/VIDEO/Desktop/52_eth_udp_loop/rtl/eth_udp_loop.v(line number: 217)] Elaborating instance sync_fifo_2048x8b_inst
I: Verilog-0003: [C:/Users/VIDEO/Desktop/52_eth_udp_loop/prj/ipcore/sync_fifo_2048x8b/sync_fifo_2048x8b.v(line number: 16)] Elaborating module sync_fifo_2048x8b
I: Verilog-0004: [C:/Users/VIDEO/Desktop/52_eth_udp_loop/prj/ipcore/sync_fifo_2048x8b/sync_fifo_2048x8b.v(line number: 154)] Elaborating instance U_ipm2l_fifo_sync_fifo_2048x8b
I: Verilog-0003: [C:/Users/VIDEO/Desktop/52_eth_udp_loop/prj/ipcore/sync_fifo_2048x8b/rtl/ipm2l_fifo_v1_7_sync_fifo_2048x8b.v(line number: 19)] Elaborating module ipm2l_fifo_v1_7_sync_fifo_2048x8b
I: Module instance {eth_udp_loop/sync_fifo_2048x8b_inst/U_ipm2l_fifo_sync_fifo_2048x8b} parameter value:
    c_CAS_MODE = 18K
    c_WR_DEPTH_WIDTH = 32'b00000000000000000000000000001011
    c_WR_DATA_WIDTH = 32'b00000000000000000000000000001000
    c_RD_DEPTH_WIDTH = 32'b00000000000000000000000000001011
    c_RD_DATA_WIDTH = 32'b00000000000000000000000000001000
    c_OUTPUT_REG = 32'b00000000000000000000000000000000
    c_RD_OCE_EN = 32'b00000000000000000000000000000000
    c_FAB_REG = 32'b00000000000000000000000000000000
    c_RESET_TYPE = ASYNC
    c_POWER_OPT = 32'b00000000000000000000000000000000
    c_RD_CLK_OR_POL_INV = 32'b00000000000000000000000000000000
    c_WR_BYTE_EN = 32'b00000000000000000000000000000000
    c_BE_WIDTH = 32'b00000000000000000000000000000001
    c_FIFO_TYPE = SYN
    c_ALMOST_FULL_NUM = 32'b00000000000000000000001111111100
    c_ALMOST_EMPTY_NUM = 32'b00000000000000000000000000000100
I: Verilog-0004: [C:/Users/VIDEO/Desktop/52_eth_udp_loop/prj/ipcore/sync_fifo_2048x8b/rtl/ipm2l_fifo_v1_7_sync_fifo_2048x8b.v(line number: 84)] Elaborating instance U_ipm2l_sdpram
I: Verilog-0003: [C:/Users/VIDEO/Desktop/52_eth_udp_loop/prj/ipcore/sync_fifo_2048x8b/rtl/ipm2l_sdpram_v1_6a_sync_fifo_2048x8b.v(line number: 18)] Elaborating module ipm2l_sdpram_v1_6a_sync_fifo_2048x8b
I: Module instance {eth_udp_loop/sync_fifo_2048x8b_inst/U_ipm2l_fifo_sync_fifo_2048x8b/U_ipm2l_sdpram} parameter value:
    c_CAS_MODE = 18K
    c_WR_ADDR_WIDTH = 32'b00000000000000000000000000001011
    c_WR_DATA_WIDTH = 32'b00000000000000000000000000001000
    c_RD_ADDR_WIDTH = 32'b00000000000000000000000000001011
    c_RD_DATA_WIDTH = 32'b00000000000000000000000000001000
    c_WR_ADDR_STROBE_EN = 32'b00000000000000000000000000000000
    c_WR_CLK_EN = 32'b00000000000000000000000000000001
    c_OUTPUT_REG = 32'b00000000000000000000000000000000
    c_RD_OCE_EN = 32'b00000000000000000000000000000000
    c_FAB_REG = 32'b00000000000000000000000000000000
    c_RD_ADDR_STROBE_EN = 32'b00000000000000000000000000000000
    c_RD_CLK_EN = 32'b00000000000000000000000000000001
    c_RESET_TYPE = ASYNC
    c_RD_CLK_OR_POL_INV = 32'b00000000000000000000000000000000
    c_POWER_OPT = 32'b00000000000000000000000000000000
    c_INIT_FILE = NONE
    c_INIT_FORMAT = BIN
    c_WR_BYTE_EN = 32'b00000000000000000000000000000000
    c_BE_WIDTH = 32'b00000000000000000000000000000001
W: Verilog-2039: [C:/Users/VIDEO/Desktop/52_eth_udp_loop/prj/ipcore/sync_fifo_2048x8b/rtl/ipm2l_sdpram_v1_6a_sync_fifo_2048x8b.v(line number: 444)] Repeat multiplier in concatenation evaluates to 0
W: Verilog-2039: [C:/Users/VIDEO/Desktop/52_eth_udp_loop/prj/ipcore/sync_fifo_2048x8b/rtl/ipm2l_sdpram_v1_6a_sync_fifo_2048x8b.v(line number: 445)] Repeat multiplier in concatenation evaluates to 0
W: Verilog-2038: [C:/Users/VIDEO/Desktop/52_eth_udp_loop/prj/ipcore/sync_fifo_2048x8b/rtl/ipm2l_sdpram_v1_6a_sync_fifo_2048x8b.v(line number: 453)] Case condition never applies
W: Verilog-2038: [C:/Users/VIDEO/Desktop/52_eth_udp_loop/prj/ipcore/sync_fifo_2048x8b/rtl/ipm2l_sdpram_v1_6a_sync_fifo_2048x8b.v(line number: 454)] Case condition never applies
W: Verilog-2038: [C:/Users/VIDEO/Desktop/52_eth_udp_loop/prj/ipcore/sync_fifo_2048x8b/rtl/ipm2l_sdpram_v1_6a_sync_fifo_2048x8b.v(line number: 455)] Case condition never applies
W: Verilog-2039: [C:/Users/VIDEO/Desktop/52_eth_udp_loop/prj/ipcore/sync_fifo_2048x8b/rtl/ipm2l_sdpram_v1_6a_sync_fifo_2048x8b.v(line number: 577)] Repeat multiplier in concatenation evaluates to 0
W: Verilog-2038: [C:/Users/VIDEO/Desktop/52_eth_udp_loop/prj/ipcore/sync_fifo_2048x8b/rtl/ipm2l_sdpram_v1_6a_sync_fifo_2048x8b.v(line number: 582)] Case condition never applies
W: Verilog-2038: [C:/Users/VIDEO/Desktop/52_eth_udp_loop/prj/ipcore/sync_fifo_2048x8b/rtl/ipm2l_sdpram_v1_6a_sync_fifo_2048x8b.v(line number: 583)] Case condition never applies
W: Verilog-2038: [C:/Users/VIDEO/Desktop/52_eth_udp_loop/prj/ipcore/sync_fifo_2048x8b/rtl/ipm2l_sdpram_v1_6a_sync_fifo_2048x8b.v(line number: 584)] Case condition never applies
I: Verilog-0004: [C:/Users/VIDEO/Desktop/52_eth_udp_loop/prj/ipcore/sync_fifo_2048x8b/rtl/ipm2l_sdpram_v1_6a_sync_fifo_2048x8b.v(line number: 749)] Elaborating instance U_GTP_DRM18K_E1
W: Verilog-2020: [C:/Users/VIDEO/Desktop/52_eth_udp_loop/prj/ipcore/sync_fifo_2048x8b/rtl/ipm2l_sdpram_v1_6a_sync_fifo_2048x8b.v(line number: 672)] Net DA_bus[8] in ipm2l_sdpram_v1_6a_sync_fifo_2048x8b(original module ipm2l_sdpram_v1_6a_sync_fifo_2048x8b) does not have a driver, tie it to 0
W: Verilog-2020: [C:/Users/VIDEO/Desktop/52_eth_udp_loop/prj/ipcore/sync_fifo_2048x8b/rtl/ipm2l_sdpram_v1_6a_sync_fifo_2048x8b.v(line number: 672)] Net DA_bus[9] in ipm2l_sdpram_v1_6a_sync_fifo_2048x8b(original module ipm2l_sdpram_v1_6a_sync_fifo_2048x8b) does not have a driver, tie it to 0
W: Verilog-2020: [C:/Users/VIDEO/Desktop/52_eth_udp_loop/prj/ipcore/sync_fifo_2048x8b/rtl/ipm2l_sdpram_v1_6a_sync_fifo_2048x8b.v(line number: 672)] Net DA_bus[10] in ipm2l_sdpram_v1_6a_sync_fifo_2048x8b(original module ipm2l_sdpram_v1_6a_sync_fifo_2048x8b) does not have a driver, tie it to 0
W: Verilog-2020: [C:/Users/VIDEO/Desktop/52_eth_udp_loop/prj/ipcore/sync_fifo_2048x8b/rtl/ipm2l_sdpram_v1_6a_sync_fifo_2048x8b.v(line number: 672)] Net DA_bus[11] in ipm2l_sdpram_v1_6a_sync_fifo_2048x8b(original module ipm2l_sdpram_v1_6a_sync_fifo_2048x8b) does not have a driver, tie it to 0
W: Verilog-2020: [C:/Users/VIDEO/Desktop/52_eth_udp_loop/prj/ipcore/sync_fifo_2048x8b/rtl/ipm2l_sdpram_v1_6a_sync_fifo_2048x8b.v(line number: 672)] Net DA_bus[12] in ipm2l_sdpram_v1_6a_sync_fifo_2048x8b(original module ipm2l_sdpram_v1_6a_sync_fifo_2048x8b) does not have a driver, tie it to 0
W: Verilog-2020: [C:/Users/VIDEO/Desktop/52_eth_udp_loop/prj/ipcore/sync_fifo_2048x8b/rtl/ipm2l_sdpram_v1_6a_sync_fifo_2048x8b.v(line number: 672)] Net DA_bus[13] in ipm2l_sdpram_v1_6a_sync_fifo_2048x8b(original module ipm2l_sdpram_v1_6a_sync_fifo_2048x8b) does not have a driver, tie it to 0
W: Verilog-2020: [C:/Users/VIDEO/Desktop/52_eth_udp_loop/prj/ipcore/sync_fifo_2048x8b/rtl/ipm2l_sdpram_v1_6a_sync_fifo_2048x8b.v(line number: 672)] Net DA_bus[14] in ipm2l_sdpram_v1_6a_sync_fifo_2048x8b(original module ipm2l_sdpram_v1_6a_sync_fifo_2048x8b) does not have a driver, tie it to 0
W: Verilog-2020: [C:/Users/VIDEO/Desktop/52_eth_udp_loop/prj/ipcore/sync_fifo_2048x8b/rtl/ipm2l_sdpram_v1_6a_sync_fifo_2048x8b.v(line number: 672)] Net DA_bus[15] in ipm2l_sdpram_v1_6a_sync_fifo_2048x8b(original module ipm2l_sdpram_v1_6a_sync_fifo_2048x8b) does not have a driver, tie it to 0
W: Verilog-2020: [C:/Users/VIDEO/Desktop/52_eth_udp_loop/prj/ipcore/sync_fifo_2048x8b/rtl/ipm2l_sdpram_v1_6a_sync_fifo_2048x8b.v(line number: 672)] Net DA_bus[16] in ipm2l_sdpram_v1_6a_sync_fifo_2048x8b(original module ipm2l_sdpram_v1_6a_sync_fifo_2048x8b) does not have a driver, tie it to 0
W: Verilog-2020: [C:/Users/VIDEO/Desktop/52_eth_udp_loop/prj/ipcore/sync_fifo_2048x8b/rtl/ipm2l_sdpram_v1_6a_sync_fifo_2048x8b.v(line number: 672)] Net DA_bus[17] in ipm2l_sdpram_v1_6a_sync_fifo_2048x8b(original module ipm2l_sdpram_v1_6a_sync_fifo_2048x8b) does not have a driver, tie it to 0
W: Verilog-2020: [C:/Users/VIDEO/Desktop/52_eth_udp_loop/prj/ipcore/sync_fifo_2048x8b/rtl/ipm2l_sdpram_v1_6a_sync_fifo_2048x8b.v(line number: 673)] Net DB_bus[8] in ipm2l_sdpram_v1_6a_sync_fifo_2048x8b(original module ipm2l_sdpram_v1_6a_sync_fifo_2048x8b) does not have a driver, tie it to 0
W: Verilog-2020: [C:/Users/VIDEO/Desktop/52_eth_udp_loop/prj/ipcore/sync_fifo_2048x8b/rtl/ipm2l_sdpram_v1_6a_sync_fifo_2048x8b.v(line number: 673)] Net DB_bus[9] in ipm2l_sdpram_v1_6a_sync_fifo_2048x8b(original module ipm2l_sdpram_v1_6a_sync_fifo_2048x8b) does not have a driver, tie it to 0
W: Verilog-2020: [C:/Users/VIDEO/Desktop/52_eth_udp_loop/prj/ipcore/sync_fifo_2048x8b/rtl/ipm2l_sdpram_v1_6a_sync_fifo_2048x8b.v(line number: 673)] Net DB_bus[10] in ipm2l_sdpram_v1_6a_sync_fifo_2048x8b(original module ipm2l_sdpram_v1_6a_sync_fifo_2048x8b) does not have a driver, tie it to 0
W: Verilog-2020: [C:/Users/VIDEO/Desktop/52_eth_udp_loop/prj/ipcore/sync_fifo_2048x8b/rtl/ipm2l_sdpram_v1_6a_sync_fifo_2048x8b.v(line number: 673)] Net DB_bus[11] in ipm2l_sdpram_v1_6a_sync_fifo_2048x8b(original module ipm2l_sdpram_v1_6a_sync_fifo_2048x8b) does not have a driver, tie it to 0
W: Verilog-2020: [C:/Users/VIDEO/Desktop/52_eth_udp_loop/prj/ipcore/sync_fifo_2048x8b/rtl/ipm2l_sdpram_v1_6a_sync_fifo_2048x8b.v(line number: 673)] Net DB_bus[12] in ipm2l_sdpram_v1_6a_sync_fifo_2048x8b(original module ipm2l_sdpram_v1_6a_sync_fifo_2048x8b) does not have a driver, tie it to 0
W: Verilog-2020: [C:/Users/VIDEO/Desktop/52_eth_udp_loop/prj/ipcore/sync_fifo_2048x8b/rtl/ipm2l_sdpram_v1_6a_sync_fifo_2048x8b.v(line number: 673)] Net DB_bus[13] in ipm2l_sdpram_v1_6a_sync_fifo_2048x8b(original module ipm2l_sdpram_v1_6a_sync_fifo_2048x8b) does not have a driver, tie it to 0
W: Verilog-2020: [C:/Users/VIDEO/Desktop/52_eth_udp_loop/prj/ipcore/sync_fifo_2048x8b/rtl/ipm2l_sdpram_v1_6a_sync_fifo_2048x8b.v(line number: 673)] Net DB_bus[14] in ipm2l_sdpram_v1_6a_sync_fifo_2048x8b(original module ipm2l_sdpram_v1_6a_sync_fifo_2048x8b) does not have a driver, tie it to 0
W: Verilog-2020: [C:/Users/VIDEO/Desktop/52_eth_udp_loop/prj/ipcore/sync_fifo_2048x8b/rtl/ipm2l_sdpram_v1_6a_sync_fifo_2048x8b.v(line number: 673)] Net DB_bus[15] in ipm2l_sdpram_v1_6a_sync_fifo_2048x8b(original module ipm2l_sdpram_v1_6a_sync_fifo_2048x8b) does not have a driver, tie it to 0
W: Verilog-2020: [C:/Users/VIDEO/Desktop/52_eth_udp_loop/prj/ipcore/sync_fifo_2048x8b/rtl/ipm2l_sdpram_v1_6a_sync_fifo_2048x8b.v(line number: 673)] Net DB_bus[16] in ipm2l_sdpram_v1_6a_sync_fifo_2048x8b(original module ipm2l_sdpram_v1_6a_sync_fifo_2048x8b) does not have a driver, tie it to 0
W: Verilog-2020: [C:/Users/VIDEO/Desktop/52_eth_udp_loop/prj/ipcore/sync_fifo_2048x8b/rtl/ipm2l_sdpram_v1_6a_sync_fifo_2048x8b.v(line number: 673)] Net DB_bus[17] in ipm2l_sdpram_v1_6a_sync_fifo_2048x8b(original module ipm2l_sdpram_v1_6a_sync_fifo_2048x8b) does not have a driver, tie it to 0
I: Verilog-0004: [C:/Users/VIDEO/Desktop/52_eth_udp_loop/prj/ipcore/sync_fifo_2048x8b/rtl/ipm2l_fifo_v1_7_sync_fifo_2048x8b.v(line number: 109)] Elaborating instance U_ipm2l_fifo_ctrl
I: Verilog-0003: [C:/Users/VIDEO/Desktop/52_eth_udp_loop/prj/ipcore/sync_fifo_2048x8b/rtl/ipm2l_fifo_ctrl_v1_1_sync_fifo_2048x8b.v(line number: 18)] Elaborating module ipm2l_fifo_ctrl_v1_1_sync_fifo_2048x8b
I: Module instance {eth_udp_loop/sync_fifo_2048x8b_inst/U_ipm2l_fifo_sync_fifo_2048x8b/U_ipm2l_fifo_ctrl} parameter value:
    c_WR_DEPTH_WIDTH = 32'b00000000000000000000000000001011
    c_RD_DEPTH_WIDTH = 32'b00000000000000000000000000001011
    c_FIFO_TYPE = SYN
    c_ALMOST_FULL_NUM = 32'b00000000000000000000001111111100
    c_ALMOST_EMPTY_NUM = 32'b00000000000000000000000000000100
W: Verilog-2039: [C:/Users/VIDEO/Desktop/52_eth_udp_loop/prj/ipcore/sync_fifo_2048x8b/rtl/ipm2l_fifo_ctrl_v1_1_sync_fifo_2048x8b.v(line number: 316)] Repeat multiplier in concatenation evaluates to 0
I: Verilog-0004: [C:/Users/VIDEO/Desktop/52_eth_udp_loop/rtl/eth_udp_loop.v(line number: 231)] Elaborating instance u_eth_ctrl
I: Verilog-0003: [C:/Users/VIDEO/Desktop/52_eth_udp_loop/rtl/eth_ctrl.v(line number: 23)] Elaborating module eth_ctrl
Executing : rtl-elaborate successfully. Time elapsed: 0.079s wall, 0.047s user + 0.031s system = 0.078s CPU (99.0%)

Start rtl-prep.
Executing : rtl-prep successfully. Time elapsed: 0.116s wall, 0.094s user + 0.000s system = 0.094s CPU (80.5%)

Start rtl-infer.
Start DFF-inference.
I: Removed inst tx_done that is redundant to crc_clr.
W: Sdm-2014: Feedback mux created for signal 'ip_head[6] [31]'. It is possible a async set/reset assignment for this is signal missing. To improve timing and area, specify a set/reset value. 
W: Sdm-2014: Feedback mux created for signal 'ip_head[6] [30]'. It is possible a async set/reset assignment for this is signal missing. To improve timing and area, specify a set/reset value. 
W: Sdm-2014: Feedback mux created for signal 'ip_head[0] [0]'. It is possible a async set/reset assignment for this is signal missing. To improve timing and area, specify a set/reset value. 
W: Sdm-2014: Feedback mux created for signal 'ip_head[0] [1]'. It is possible a async set/reset assignment for this is signal missing. To improve timing and area, specify a set/reset value. 
W: Sdm-2014: Feedback mux created for signal 'ip_head[0] [2]'. It is possible a async set/reset assignment for this is signal missing. To improve timing and area, specify a set/reset value. 
W: Sdm-2014: Feedback mux created for signal 'ip_head[0] [3]'. It is possible a async set/reset assignment for this is signal missing. To improve timing and area, specify a set/reset value. 
W: Sdm-2014: Feedback mux created for signal 'ip_head[0] [4]'. It is possible a async set/reset assignment for this is signal missing. To improve timing and area, specify a set/reset value. 
W: Sdm-2014: Feedback mux created for signal 'ip_head[0] [5]'. It is possible a async set/reset assignment for this is signal missing. To improve timing and area, specify a set/reset value. 
W: Sdm-2014: Feedback mux created for signal 'ip_head[0] [6]'. It is possible a async set/reset assignment for this is signal missing. To improve timing and area, specify a set/reset value. 
W: Sdm-2014: Feedback mux created for signal 'ip_head[0] [7]'. It is possible a async set/reset assignment for this is signal missing. To improve timing and area, specify a set/reset value. 
W: Sdm-2014: Feedback mux created for signal 'ip_head[0] [8]'. It is possible a async set/reset assignment for this is signal missing. To improve timing and area, specify a set/reset value. 
W: Sdm-2014: Feedback mux created for signal 'ip_head[0] [9]'. It is possible a async set/reset assignment for this is signal missing. To improve timing and area, specify a set/reset value. 
W: Sdm-2014: Feedback mux created for signal 'ip_head[0] [10]'. It is possible a async set/reset assignment for this is signal missing. To improve timing and area, specify a set/reset value. 
W: Sdm-2014: Feedback mux created for signal 'ip_head[0] [11]'. It is possible a async set/reset assignment for this is signal missing. To improve timing and area, specify a set/reset value. 
W: Sdm-2014: Feedback mux created for signal 'ip_head[0] [12]'. It is possible a async set/reset assignment for this is signal missing. To improve timing and area, specify a set/reset value. 
W: Sdm-2014: Feedback mux created for signal 'ip_head[0] [13]'. It is possible a async set/reset assignment for this is signal missing. To improve timing and area, specify a set/reset value. 
W: Sdm-2014: Feedback mux created for signal 'ip_head[0] [14]'. It is possible a async set/reset assignment for this is signal missing. To improve timing and area, specify a set/reset value. 
W: Sdm-2014: Feedback mux created for signal 'ip_head[0] [15]'. It is possible a async set/reset assignment for this is signal missing. To improve timing and area, specify a set/reset value. 
W: Sdm-2014: Feedback mux created for signal 'ip_head[0] [16]'. It is possible a async set/reset assignment for this is signal missing. To improve timing and area, specify a set/reset value. 
W: Sdm-2014: Feedback mux created for signal 'ip_head[0] [17]'. It is possible a async set/reset assignment for this is signal missing. To improve timing and area, specify a set/reset value. 
W: Sdm-2014: Feedback mux created for signal 'ip_head[0] [18]'. It is possible a async set/reset assignment for this is signal missing. To improve timing and area, specify a set/reset value. 
W: Sdm-2014: Feedback mux created for signal 'ip_head[0] [19]'. It is possible a async set/reset assignment for this is signal missing. To improve timing and area, specify a set/reset value. 
W: Sdm-2014: Feedback mux created for signal 'ip_head[0] [20]'. It is possible a async set/reset assignment for this is signal missing. To improve timing and area, specify a set/reset value. 
W: Sdm-2014: Feedback mux created for signal 'ip_head[0] [21]'. It is possible a async set/reset assignment for this is signal missing. To improve timing and area, specify a set/reset value. 
W: Sdm-2014: Feedback mux created for signal 'ip_head[0] [22]'. It is possible a async set/reset assignment for this is signal missing. To improve timing and area, specify a set/reset value. 
W: Sdm-2014: Feedback mux created for signal 'ip_head[0] [23]'. It is possible a async set/reset assignment for this is signal missing. To improve timing and area, specify a set/reset value. 
W: Sdm-2014: Feedback mux created for signal 'ip_head[0] [24]'. It is possible a async set/reset assignment for this is signal missing. To improve timing and area, specify a set/reset value. 
W: Sdm-2014: Feedback mux created for signal 'ip_head[0] [25]'. It is possible a async set/reset assignment for this is signal missing. To improve timing and area, specify a set/reset value. 
W: Sdm-2014: Feedback mux created for signal 'ip_head[0] [26]'. It is possible a async set/reset assignment for this is signal missing. To improve timing and area, specify a set/reset value. 
W: Sdm-2014: Feedback mux created for signal 'ip_head[0] [27]'. It is possible a async set/reset assignment for this is signal missing. To improve timing and area, specify a set/reset value. 
W: Sdm-2014: Feedback mux created for signal 'ip_head[0] [28]'. It is possible a async set/reset assignment for this is signal missing. To improve timing and area, specify a set/reset value. 
W: Sdm-2014: Feedback mux created for signal 'ip_head[0] [29]'. It is possible a async set/reset assignment for this is signal missing. To improve timing and area, specify a set/reset value. 
W: Sdm-2014: Feedback mux created for signal 'ip_head[0] [30]'. It is possible a async set/reset assignment for this is signal missing. To improve timing and area, specify a set/reset value. 
W: Sdm-2014: Feedback mux created for signal 'ip_head[0] [31]'. It is possible a async set/reset assignment for this is signal missing. To improve timing and area, specify a set/reset value. 
W: Sdm-2014: Feedback mux created for signal 'ip_head[1] [0]'. It is possible a async set/reset assignment for this is signal missing. To improve timing and area, specify a set/reset value. 
W: Sdm-2014: Feedback mux created for signal 'ip_head[1] [1]'. It is possible a async set/reset assignment for this is signal missing. To improve timing and area, specify a set/reset value. 
W: Sdm-2014: Feedback mux created for signal 'ip_head[1] [2]'. It is possible a async set/reset assignment for this is signal missing. To improve timing and area, specify a set/reset value. 
W: Sdm-2014: Feedback mux created for signal 'ip_head[1] [3]'. It is possible a async set/reset assignment for this is signal missing. To improve timing and area, specify a set/reset value. 
W: Sdm-2014: Feedback mux created for signal 'ip_head[1] [4]'. It is possible a async set/reset assignment for this is signal missing. To improve timing and area, specify a set/reset value. 
W: Sdm-2014: Feedback mux created for signal 'ip_head[1] [5]'. It is possible a async set/reset assignment for this is signal missing. To improve timing and area, specify a set/reset value. 
W: Sdm-2014: Feedback mux created for signal 'ip_head[1] [6]'. It is possible a async set/reset assignment for this is signal missing. To improve timing and area, specify a set/reset value. 
W: Sdm-2014: Feedback mux created for signal 'ip_head[1] [7]'. It is possible a async set/reset assignment for this is signal missing. To improve timing and area, specify a set/reset value. 
W: Sdm-2014: Feedback mux created for signal 'ip_head[1] [8]'. It is possible a async set/reset assignment for this is signal missing. To improve timing and area, specify a set/reset value. 
W: Sdm-2014: Feedback mux created for signal 'ip_head[1] [9]'. It is possible a async set/reset assignment for this is signal missing. To improve timing and area, specify a set/reset value. 
W: Sdm-2014: Feedback mux created for signal 'ip_head[1] [10]'. It is possible a async set/reset assignment for this is signal missing. To improve timing and area, specify a set/reset value. 
W: Sdm-2014: Feedback mux created for signal 'ip_head[1] [11]'. It is possible a async set/reset assignment for this is signal missing. To improve timing and area, specify a set/reset value. 
W: Sdm-2014: Feedback mux created for signal 'ip_head[1] [12]'. It is possible a async set/reset assignment for this is signal missing. To improve timing and area, specify a set/reset value. 
W: Sdm-2014: Feedback mux created for signal 'ip_head[1] [13]'. It is possible a async set/reset assignment for this is signal missing. To improve timing and area, specify a set/reset value. 
W: Sdm-2014: Feedback mux created for signal 'ip_head[1] [14]'. It is possible a async set/reset assignment for this is signal missing. To improve timing and area, specify a set/reset value. 
W: Sdm-2014: Feedback mux created for signal 'ip_head[1] [15]'. It is possible a async set/reset assignment for this is signal missing. To improve timing and area, specify a set/reset value. 
W: Sdm-2014: Feedback mux created for signal 'ip_head[2] [0]'. It is possible a async set/reset assignment for this is signal missing. To improve timing and area, specify a set/reset value. 
W: Sdm-2014: Feedback mux created for signal 'ip_head[2] [1]'. It is possible a async set/reset assignment for this is signal missing. To improve timing and area, specify a set/reset value. 
W: Sdm-2014: Feedback mux created for signal 'ip_head[2] [2]'. It is possible a async set/reset assignment for this is signal missing. To improve timing and area, specify a set/reset value. 
W: Sdm-2014: Feedback mux created for signal 'ip_head[2] [3]'. It is possible a async set/reset assignment for this is signal missing. To improve timing and area, specify a set/reset value. 
W: Sdm-2014: Feedback mux created for signal 'ip_head[2] [4]'. It is possible a async set/reset assignment for this is signal missing. To improve timing and area, specify a set/reset value. 
W: Sdm-2014: Feedback mux created for signal 'ip_head[2] [5]'. It is possible a async set/reset assignment for this is signal missing. To improve timing and area, specify a set/reset value. 
W: Sdm-2014: Feedback mux created for signal 'ip_head[2] [6]'. It is possible a async set/reset assignment for this is signal missing. To improve timing and area, specify a set/reset value. 
W: Sdm-2014: Feedback mux created for signal 'ip_head[2] [7]'. It is possible a async set/reset assignment for this is signal missing. To improve timing and area, specify a set/reset value. 
W: Sdm-2014: Feedback mux created for signal 'ip_head[2] [8]'. It is possible a async set/reset assignment for this is signal missing. To improve timing and area, specify a set/reset value. 
W: Sdm-2014: Feedback mux created for signal 'ip_head[2] [9]'. It is possible a async set/reset assignment for this is signal missing. To improve timing and area, specify a set/reset value. 
W: Sdm-2014: Feedback mux created for signal 'ip_head[2] [10]'. It is possible a async set/reset assignment for this is signal missing. To improve timing and area, specify a set/reset value. 
W: Sdm-2014: Feedback mux created for signal 'ip_head[2] [11]'. It is possible a async set/reset assignment for this is signal missing. To improve timing and area, specify a set/reset value. 
W: Sdm-2014: Feedback mux created for signal 'ip_head[2] [12]'. It is possible a async set/reset assignment for this is signal missing. To improve timing and area, specify a set/reset value. 
W: Sdm-2014: Feedback mux created for signal 'ip_head[2] [13]'. It is possible a async set/reset assignment for this is signal missing. To improve timing and area, specify a set/reset value. 
W: Sdm-2014: Feedback mux created for signal 'ip_head[2] [14]'. It is possible a async set/reset assignment for this is signal missing. To improve timing and area, specify a set/reset value. 
W: Sdm-2014: Feedback mux created for signal 'ip_head[2] [15]'. It is possible a async set/reset assignment for this is signal missing. To improve timing and area, specify a set/reset value. 
W: Sdm-2014: Feedback mux created for signal 'ip_head[2] [16]'. It is possible a async set/reset assignment for this is signal missing. To improve timing and area, specify a set/reset value. 
W: Sdm-2014: Feedback mux created for signal 'ip_head[2] [17]'. It is possible a async set/reset assignment for this is signal missing. To improve timing and area, specify a set/reset value. 
W: Sdm-2014: Feedback mux created for signal 'ip_head[2] [18]'. It is possible a async set/reset assignment for this is signal missing. To improve timing and area, specify a set/reset value. 
W: Sdm-2014: Feedback mux created for signal 'ip_head[2] [19]'. It is possible a async set/reset assignment for this is signal missing. To improve timing and area, specify a set/reset value. 
W: Sdm-2014: Feedback mux created for signal 'ip_head[2] [20]'. It is possible a async set/reset assignment for this is signal missing. To improve timing and area, specify a set/reset value. 
W: Sdm-2014: Feedback mux created for signal 'ip_head[2] [21]'. It is possible a async set/reset assignment for this is signal missing. To improve timing and area, specify a set/reset value. 
W: Sdm-2014: Feedback mux created for signal 'ip_head[2] [22]'. It is possible a async set/reset assignment for this is signal missing. To improve timing and area, specify a set/reset value. 
W: Sdm-2014: Feedback mux created for signal 'ip_head[2] [23]'. It is possible a async set/reset assignment for this is signal missing. To improve timing and area, specify a set/reset value. 
W: Sdm-2014: Feedback mux created for signal 'ip_head[2] [24]'. It is possible a async set/reset assignment for this is signal missing. To improve timing and area, specify a set/reset value. 
W: Sdm-2014: Feedback mux created for signal 'ip_head[2] [25]'. It is possible a async set/reset assignment for this is signal missing. To improve timing and area, specify a set/reset value. 
W: Sdm-2014: Feedback mux created for signal 'ip_head[2] [26]'. It is possible a async set/reset assignment for this is signal missing. To improve timing and area, specify a set/reset value. 
W: Sdm-2014: Feedback mux created for signal 'ip_head[2] [27]'. It is possible a async set/reset assignment for this is signal missing. To improve timing and area, specify a set/reset value. 
W: Sdm-2014: Feedback mux created for signal 'ip_head[2] [28]'. It is possible a async set/reset assignment for this is signal missing. To improve timing and area, specify a set/reset value. 
W: Sdm-2014: Feedback mux created for signal 'ip_head[2] [29]'. It is possible a async set/reset assignment for this is signal missing. To improve timing and area, specify a set/reset value. 
W: Sdm-2014: Feedback mux created for signal 'ip_head[2] [30]'. It is possible a async set/reset assignment for this is signal missing. To improve timing and area, specify a set/reset value. 
W: Sdm-2014: Feedback mux created for signal 'ip_head[2] [31]'. It is possible a async set/reset assignment for this is signal missing. To improve timing and area, specify a set/reset value. 
W: Sdm-2014: Feedback mux created for signal 'ip_head[3] [0]'. It is possible a async set/reset assignment for this is signal missing. To improve timing and area, specify a set/reset value. 
W: Sdm-2014: Feedback mux created for signal 'ip_head[3] [1]'. It is possible a async set/reset assignment for this is signal missing. To improve timing and area, specify a set/reset value. 
W: Sdm-2014: Feedback mux created for signal 'ip_head[3] [2]'. It is possible a async set/reset assignment for this is signal missing. To improve timing and area, specify a set/reset value. 
W: Sdm-2014: Feedback mux created for signal 'ip_head[3] [3]'. It is possible a async set/reset assignment for this is signal missing. To improve timing and area, specify a set/reset value. 
W: Sdm-2014: Feedback mux created for signal 'ip_head[3] [4]'. It is possible a async set/reset assignment for this is signal missing. To improve timing and area, specify a set/reset value. 
W: Sdm-2014: Feedback mux created for signal 'ip_head[3] [5]'. It is possible a async set/reset assignment for this is signal missing. To improve timing and area, specify a set/reset value. 
W: Sdm-2014: Feedback mux created for signal 'ip_head[3] [6]'. It is possible a async set/reset assignment for this is signal missing. To improve timing and area, specify a set/reset value. 
W: Sdm-2014: Feedback mux created for signal 'ip_head[3] [7]'. It is possible a async set/reset assignment for this is signal missing. To improve timing and area, specify a set/reset value. 
W: Sdm-2014: Feedback mux created for signal 'ip_head[3] [8]'. It is possible a async set/reset assignment for this is signal missing. To improve timing and area, specify a set/reset value. 
W: Sdm-2014: Feedback mux created for signal 'ip_head[3] [9]'. It is possible a async set/reset assignment for this is signal missing. To improve timing and area, specify a set/reset value. 
W: Sdm-2014: Feedback mux created for signal 'ip_head[3] [10]'. It is possible a async set/reset assignment for this is signal missing. To improve timing and area, specify a set/reset value. 
W: Sdm-2014: Feedback mux created for signal 'ip_head[3] [11]'. It is possible a async set/reset assignment for this is signal missing. To improve timing and area, specify a set/reset value. 
W: Sdm-2014: Feedback mux created for signal 'ip_head[3] [12]'. It is possible a async set/reset assignment for this is signal missing. To improve timing and area, specify a set/reset value. 
W: Sdm-2014: Feedback mux created for signal 'ip_head[3] [13]'. It is possible a async set/reset assignment for this is signal missing. To improve timing and area, specify a set/reset value. 
W: Sdm-2014: Feedback mux created for signal 'ip_head[3] [14]'. It is possible a async set/reset assignment for this is signal missing. To improve timing and area, specify a set/reset value. 
W: Sdm-2014: Feedback mux created for signal 'ip_head[3] [15]'. It is possible a async set/reset assignment for this is signal missing. To improve timing and area, specify a set/reset value. 
W: Sdm-2014: Feedback mux created for signal 'ip_head[3] [16]'. It is possible a async set/reset assignment for this is signal missing. To improve timing and area, specify a set/reset value. 
W: Sdm-2014: Feedback mux created for signal 'ip_head[3] [17]'. It is possible a async set/reset assignment for this is signal missing. To improve timing and area, specify a set/reset value. 
W: Sdm-2014: Feedback mux created for signal 'ip_head[3] [18]'. It is possible a async set/reset assignment for this is signal missing. To improve timing and area, specify a set/reset value. 
W: Sdm-2014: Feedback mux created for signal 'ip_head[3] [19]'. It is possible a async set/reset assignment for this is signal missing. To improve timing and area, specify a set/reset value. 
W: Sdm-2014: Feedback mux created for signal 'ip_head[3] [20]'. It is possible a async set/reset assignment for this is signal missing. To improve timing and area, specify a set/reset value. 
W: Sdm-2014: Feedback mux created for signal 'ip_head[3] [21]'. It is possible a async set/reset assignment for this is signal missing. To improve timing and area, specify a set/reset value. 
W: Sdm-2014: Feedback mux created for signal 'ip_head[3] [22]'. It is possible a async set/reset assignment for this is signal missing. To improve timing and area, specify a set/reset value. 
W: Sdm-2014: Feedback mux created for signal 'ip_head[3] [23]'. It is possible a async set/reset assignment for this is signal missing. To improve timing and area, specify a set/reset value. 
W: Sdm-2014: Feedback mux created for signal 'ip_head[3] [24]'. It is possible a async set/reset assignment for this is signal missing. To improve timing and area, specify a set/reset value. 
W: Sdm-2014: Feedback mux created for signal 'ip_head[3] [25]'. It is possible a async set/reset assignment for this is signal missing. To improve timing and area, specify a set/reset value. 
W: Sdm-2014: Feedback mux created for signal 'ip_head[3] [26]'. It is possible a async set/reset assignment for this is signal missing. To improve timing and area, specify a set/reset value. 
W: Sdm-2014: Feedback mux created for signal 'ip_head[3] [27]'. It is possible a async set/reset assignment for this is signal missing. To improve timing and area, specify a set/reset value. 
W: Sdm-2014: Feedback mux created for signal 'ip_head[3] [28]'. It is possible a async set/reset assignment for this is signal missing. To improve timing and area, specify a set/reset value. 
W: Sdm-2014: Feedback mux created for signal 'ip_head[3] [29]'. It is possible a async set/reset assignment for this is signal missing. To improve timing and area, specify a set/reset value. 
W: Sdm-2014: Feedback mux created for signal 'ip_head[3] [30]'. It is possible a async set/reset assignment for this is signal missing. To improve timing and area, specify a set/reset value. 
W: Sdm-2014: Feedback mux created for signal 'ip_head[3] [31]'. It is possible a async set/reset assignment for this is signal missing. To improve timing and area, specify a set/reset value. 
W: Sdm-2014: Feedback mux created for signal 'ip_head[4] [0]'. It is possible a async set/reset assignment for this is signal missing. To improve timing and area, specify a set/reset value. 
W: Sdm-2014: Feedback mux created for signal 'ip_head[4] [1]'. It is possible a async set/reset assignment for this is signal missing. To improve timing and area, specify a set/reset value. 
W: Sdm-2014: Feedback mux created for signal 'ip_head[4] [2]'. It is possible a async set/reset assignment for this is signal missing. To improve timing and area, specify a set/reset value. 
W: Sdm-2014: Feedback mux created for signal 'ip_head[4] [3]'. It is possible a async set/reset assignment for this is signal missing. To improve timing and area, specify a set/reset value. 
W: Sdm-2014: Feedback mux created for signal 'ip_head[4] [4]'. It is possible a async set/reset assignment for this is signal missing. To improve timing and area, specify a set/reset value. 
W: Sdm-2014: Feedback mux created for signal 'ip_head[4] [5]'. It is possible a async set/reset assignment for this is signal missing. To improve timing and area, specify a set/reset value. 
W: Sdm-2014: Feedback mux created for signal 'ip_head[4] [6]'. It is possible a async set/reset assignment for this is signal missing. To improve timing and area, specify a set/reset value. 
W: Sdm-2014: Feedback mux created for signal 'ip_head[4] [7]'. It is possible a async set/reset assignment for this is signal missing. To improve timing and area, specify a set/reset value. 
W: Sdm-2014: Feedback mux created for signal 'ip_head[4] [8]'. It is possible a async set/reset assignment for this is signal missing. To improve timing and area, specify a set/reset value. 
W: Sdm-2014: Feedback mux created for signal 'ip_head[4] [9]'. It is possible a async set/reset assignment for this is signal missing. To improve timing and area, specify a set/reset value. 
W: Sdm-2014: Feedback mux created for signal 'ip_head[4] [10]'. It is possible a async set/reset assignment for this is signal missing. To improve timing and area, specify a set/reset value. 
W: Sdm-2014: Feedback mux created for signal 'ip_head[4] [11]'. It is possible a async set/reset assignment for this is signal missing. To improve timing and area, specify a set/reset value. 
W: Sdm-2014: Feedback mux created for signal 'ip_head[4] [12]'. It is possible a async set/reset assignment for this is signal missing. To improve timing and area, specify a set/reset value. 
W: Sdm-2014: Feedback mux created for signal 'ip_head[4] [13]'. It is possible a async set/reset assignment for this is signal missing. To improve timing and area, specify a set/reset value. 
W: Sdm-2014: Feedback mux created for signal 'ip_head[4] [14]'. It is possible a async set/reset assignment for this is signal missing. To improve timing and area, specify a set/reset value. 
W: Sdm-2014: Feedback mux created for signal 'ip_head[4] [15]'. It is possible a async set/reset assignment for this is signal missing. To improve timing and area, specify a set/reset value. 
W: Sdm-2014: Feedback mux created for signal 'ip_head[4] [16]'. It is possible a async set/reset assignment for this is signal missing. To improve timing and area, specify a set/reset value. 
W: Sdm-2014: Feedback mux created for signal 'ip_head[4] [17]'. It is possible a async set/reset assignment for this is signal missing. To improve timing and area, specify a set/reset value. 
W: Sdm-2014: Feedback mux created for signal 'ip_head[4] [18]'. It is possible a async set/reset assignment for this is signal missing. To improve timing and area, specify a set/reset value. 
W: Sdm-2014: Feedback mux created for signal 'ip_head[4] [19]'. It is possible a async set/reset assignment for this is signal missing. To improve timing and area, specify a set/reset value. 
W: Sdm-2014: Feedback mux created for signal 'ip_head[4] [20]'. It is possible a async set/reset assignment for this is signal missing. To improve timing and area, specify a set/reset value. 
W: Sdm-2014: Feedback mux created for signal 'ip_head[4] [21]'. It is possible a async set/reset assignment for this is signal missing. To improve timing and area, specify a set/reset value. 
W: Sdm-2014: Feedback mux created for signal 'ip_head[4] [22]'. It is possible a async set/reset assignment for this is signal missing. To improve timing and area, specify a set/reset value. 
W: Sdm-2014: Feedback mux created for signal 'ip_head[4] [23]'. It is possible a async set/reset assignment for this is signal missing. To improve timing and area, specify a set/reset value. 
W: Sdm-2014: Feedback mux created for signal 'ip_head[4] [24]'. It is possible a async set/reset assignment for this is signal missing. To improve timing and area, specify a set/reset value. 
W: Sdm-2014: Feedback mux created for signal 'ip_head[4] [25]'. It is possible a async set/reset assignment for this is signal missing. To improve timing and area, specify a set/reset value. 
W: Sdm-2014: Feedback mux created for signal 'ip_head[4] [26]'. It is possible a async set/reset assignment for this is signal missing. To improve timing and area, specify a set/reset value. 
W: Sdm-2014: Feedback mux created for signal 'ip_head[4] [27]'. It is possible a async set/reset assignment for this is signal missing. To improve timing and area, specify a set/reset value. 
W: Sdm-2014: Feedback mux created for signal 'ip_head[4] [28]'. It is possible a async set/reset assignment for this is signal missing. To improve timing and area, specify a set/reset value. 
W: Sdm-2014: Feedback mux created for signal 'ip_head[4] [29]'. It is possible a async set/reset assignment for this is signal missing. To improve timing and area, specify a set/reset value. 
W: Sdm-2014: Feedback mux created for signal 'ip_head[4] [30]'. It is possible a async set/reset assignment for this is signal missing. To improve timing and area, specify a set/reset value. 
W: Sdm-2014: Feedback mux created for signal 'ip_head[4] [31]'. It is possible a async set/reset assignment for this is signal missing. To improve timing and area, specify a set/reset value. 
W: Sdm-2014: Feedback mux created for signal 'ip_head[5] [0]'. It is possible a async set/reset assignment for this is signal missing. To improve timing and area, specify a set/reset value. 
W: Sdm-2014: Feedback mux created for signal 'ip_head[5] [1]'. It is possible a async set/reset assignment for this is signal missing. To improve timing and area, specify a set/reset value. 
W: Sdm-2014: Feedback mux created for signal 'ip_head[5] [2]'. It is possible a async set/reset assignment for this is signal missing. To improve timing and area, specify a set/reset value. 
W: Sdm-2014: Feedback mux created for signal 'ip_head[5] [3]'. It is possible a async set/reset assignment for this is signal missing. To improve timing and area, specify a set/reset value. 
W: Sdm-2014: Feedback mux created for signal 'ip_head[5] [4]'. It is possible a async set/reset assignment for this is signal missing. To improve timing and area, specify a set/reset value. 
W: Sdm-2014: Feedback mux created for signal 'ip_head[5] [5]'. It is possible a async set/reset assignment for this is signal missing. To improve timing and area, specify a set/reset value. 
W: Sdm-2014: Feedback mux created for signal 'ip_head[5] [6]'. It is possible a async set/reset assignment for this is signal missing. To improve timing and area, specify a set/reset value. 
W: Sdm-2014: Feedback mux created for signal 'ip_head[5] [7]'. It is possible a async set/reset assignment for this is signal missing. To improve timing and area, specify a set/reset value. 
W: Sdm-2014: Feedback mux created for signal 'ip_head[5] [8]'. It is possible a async set/reset assignment for this is signal missing. To improve timing and area, specify a set/reset value. 
W: Sdm-2014: Feedback mux created for signal 'ip_head[5] [9]'. It is possible a async set/reset assignment for this is signal missing. To improve timing and area, specify a set/reset value. 
W: Sdm-2014: Feedback mux created for signal 'ip_head[5] [10]'. It is possible a async set/reset assignment for this is signal missing. To improve timing and area, specify a set/reset value. 
W: Sdm-2014: Feedback mux created for signal 'ip_head[5] [11]'. It is possible a async set/reset assignment for this is signal missing. To improve timing and area, specify a set/reset value. 
W: Sdm-2014: Feedback mux created for signal 'ip_head[5] [12]'. It is possible a async set/reset assignment for this is signal missing. To improve timing and area, specify a set/reset value. 
W: Sdm-2014: Feedback mux created for signal 'ip_head[5] [13]'. It is possible a async set/reset assignment for this is signal missing. To improve timing and area, specify a set/reset value. 
W: Sdm-2014: Feedback mux created for signal 'ip_head[5] [14]'. It is possible a async set/reset assignment for this is signal missing. To improve timing and area, specify a set/reset value. 
W: Sdm-2014: Feedback mux created for signal 'ip_head[5] [15]'. It is possible a async set/reset assignment for this is signal missing. To improve timing and area, specify a set/reset value. 
W: Sdm-2014: Feedback mux created for signal 'ip_head[5] [16]'. It is possible a async set/reset assignment for this is signal missing. To improve timing and area, specify a set/reset value. 
W: Sdm-2014: Feedback mux created for signal 'ip_head[5] [17]'. It is possible a async set/reset assignment for this is signal missing. To improve timing and area, specify a set/reset value. 
W: Sdm-2014: Feedback mux created for signal 'ip_head[5] [18]'. It is possible a async set/reset assignment for this is signal missing. To improve timing and area, specify a set/reset value. 
W: Sdm-2014: Feedback mux created for signal 'ip_head[5] [19]'. It is possible a async set/reset assignment for this is signal missing. To improve timing and area, specify a set/reset value. 
W: Sdm-2014: Feedback mux created for signal 'ip_head[5] [20]'. It is possible a async set/reset assignment for this is signal missing. To improve timing and area, specify a set/reset value. 
W: Sdm-2014: Feedback mux created for signal 'ip_head[5] [21]'. It is possible a async set/reset assignment for this is signal missing. To improve timing and area, specify a set/reset value. 
W: Sdm-2014: Feedback mux created for signal 'ip_head[5] [22]'. It is possible a async set/reset assignment for this is signal missing. To improve timing and area, specify a set/reset value. 
W: Sdm-2014: Feedback mux created for signal 'ip_head[5] [23]'. It is possible a async set/reset assignment for this is signal missing. To improve timing and area, specify a set/reset value. 
W: Sdm-2014: Feedback mux created for signal 'ip_head[5] [24]'. It is possible a async set/reset assignment for this is signal missing. To improve timing and area, specify a set/reset value. 
W: Sdm-2014: Feedback mux created for signal 'ip_head[5] [25]'. It is possible a async set/reset assignment for this is signal missing. To improve timing and area, specify a set/reset value. 
W: Sdm-2014: Feedback mux created for signal 'ip_head[5] [26]'. It is possible a async set/reset assignment for this is signal missing. To improve timing and area, specify a set/reset value. 
W: Sdm-2014: Feedback mux created for signal 'ip_head[5] [27]'. It is possible a async set/reset assignment for this is signal missing. To improve timing and area, specify a set/reset value. 
W: Sdm-2014: Feedback mux created for signal 'ip_head[5] [28]'. It is possible a async set/reset assignment for this is signal missing. To improve timing and area, specify a set/reset value. 
W: Sdm-2014: Feedback mux created for signal 'ip_head[5] [29]'. It is possible a async set/reset assignment for this is signal missing. To improve timing and area, specify a set/reset value. 
W: Sdm-2014: Feedback mux created for signal 'ip_head[5] [30]'. It is possible a async set/reset assignment for this is signal missing. To improve timing and area, specify a set/reset value. 
W: Sdm-2014: Feedback mux created for signal 'ip_head[5] [31]'. It is possible a async set/reset assignment for this is signal missing. To improve timing and area, specify a set/reset value. 
W: Sdm-2014: Feedback mux created for signal 'ip_head[6] [0]'. It is possible a async set/reset assignment for this is signal missing. To improve timing and area, specify a set/reset value. 
W: Sdm-2014: Feedback mux created for signal 'ip_head[6] [1]'. It is possible a async set/reset assignment for this is signal missing. To improve timing and area, specify a set/reset value. 
W: Sdm-2014: Feedback mux created for signal 'ip_head[6] [2]'. It is possible a async set/reset assignment for this is signal missing. To improve timing and area, specify a set/reset value. 
W: Sdm-2014: Feedback mux created for signal 'ip_head[6] [3]'. It is possible a async set/reset assignment for this is signal missing. To improve timing and area, specify a set/reset value. 
W: Sdm-2014: Feedback mux created for signal 'ip_head[6] [4]'. It is possible a async set/reset assignment for this is signal missing. To improve timing and area, specify a set/reset value. 
W: Sdm-2014: Feedback mux created for signal 'ip_head[6] [5]'. It is possible a async set/reset assignment for this is signal missing. To improve timing and area, specify a set/reset value. 
W: Sdm-2014: Feedback mux created for signal 'ip_head[6] [6]'. It is possible a async set/reset assignment for this is signal missing. To improve timing and area, specify a set/reset value. 
W: Sdm-2014: Feedback mux created for signal 'ip_head[6] [7]'. It is possible a async set/reset assignment for this is signal missing. To improve timing and area, specify a set/reset value. 
W: Sdm-2014: Feedback mux created for signal 'ip_head[6] [8]'. It is possible a async set/reset assignment for this is signal missing. To improve timing and area, specify a set/reset value. 
W: Sdm-2014: Feedback mux created for signal 'ip_head[6] [9]'. It is possible a async set/reset assignment for this is signal missing. To improve timing and area, specify a set/reset value. 
W: Sdm-2014: Feedback mux created for signal 'ip_head[6] [10]'. It is possible a async set/reset assignment for this is signal missing. To improve timing and area, specify a set/reset value. 
W: Sdm-2014: Feedback mux created for signal 'ip_head[6] [11]'. It is possible a async set/reset assignment for this is signal missing. To improve timing and area, specify a set/reset value. 
W: Sdm-2014: Feedback mux created for signal 'ip_head[6] [12]'. It is possible a async set/reset assignment for this is signal missing. To improve timing and area, specify a set/reset value. 
W: Sdm-2014: Feedback mux created for signal 'ip_head[6] [13]'. It is possible a async set/reset assignment for this is signal missing. To improve timing and area, specify a set/reset value. 
W: Sdm-2014: Feedback mux created for signal 'ip_head[6] [14]'. It is possible a async set/reset assignment for this is signal missing. To improve timing and area, specify a set/reset value. 
W: Sdm-2014: Feedback mux created for signal 'ip_head[6] [15]'. It is possible a async set/reset assignment for this is signal missing. To improve timing and area, specify a set/reset value. 
W: Sdm-2014: Feedback mux created for signal 'ip_head[6] [16]'. It is possible a async set/reset assignment for this is signal missing. To improve timing and area, specify a set/reset value. 
W: Sdm-2014: Feedback mux created for signal 'ip_head[6] [17]'. It is possible a async set/reset assignment for this is signal missing. To improve timing and area, specify a set/reset value. 
W: Sdm-2014: Feedback mux created for signal 'ip_head[6] [18]'. It is possible a async set/reset assignment for this is signal missing. To improve timing and area, specify a set/reset value. 
W: Sdm-2014: Feedback mux created for signal 'ip_head[6] [19]'. It is possible a async set/reset assignment for this is signal missing. To improve timing and area, specify a set/reset value. 
W: Sdm-2014: Feedback mux created for signal 'ip_head[6] [20]'. It is possible a async set/reset assignment for this is signal missing. To improve timing and area, specify a set/reset value. 
W: Sdm-2014: Feedback mux created for signal 'ip_head[6] [21]'. It is possible a async set/reset assignment for this is signal missing. To improve timing and area, specify a set/reset value. 
W: Sdm-2014: Feedback mux created for signal 'ip_head[6] [22]'. It is possible a async set/reset assignment for this is signal missing. To improve timing and area, specify a set/reset value. 
W: Sdm-2014: Feedback mux created for signal 'ip_head[6] [23]'. It is possible a async set/reset assignment for this is signal missing. To improve timing and area, specify a set/reset value. 
W: Sdm-2014: Feedback mux created for signal 'ip_head[6] [24]'. It is possible a async set/reset assignment for this is signal missing. To improve timing and area, specify a set/reset value. 
W: Sdm-2014: Feedback mux created for signal 'ip_head[6] [25]'. It is possible a async set/reset assignment for this is signal missing. To improve timing and area, specify a set/reset value. 
W: Sdm-2014: Feedback mux created for signal 'ip_head[6] [26]'. It is possible a async set/reset assignment for this is signal missing. To improve timing and area, specify a set/reset value. 
W: Sdm-2014: Feedback mux created for signal 'ip_head[6] [27]'. It is possible a async set/reset assignment for this is signal missing. To improve timing and area, specify a set/reset value. 
W: Sdm-2014: Feedback mux created for signal 'ip_head[6] [28]'. It is possible a async set/reset assignment for this is signal missing. To improve timing and area, specify a set/reset value. 
W: Sdm-2014: Feedback mux created for signal 'ip_head[6] [29]'. It is possible a async set/reset assignment for this is signal missing. To improve timing and area, specify a set/reset value. 
I: Removed inst tx_done that is redundant to crc_clr.
W: Sdm-2014: Feedback mux created for signal 'ip_head[6] [31]'. It is possible a async set/reset assignment for this is signal missing. To improve timing and area, specify a set/reset value. 
W: Sdm-2014: Feedback mux created for signal 'ip_head[6] [30]'. It is possible a async set/reset assignment for this is signal missing. To improve timing and area, specify a set/reset value. 
W: Sdm-2014: Feedback mux created for signal 'ip_head[0] [0]'. It is possible a async set/reset assignment for this is signal missing. To improve timing and area, specify a set/reset value. 
W: Sdm-2014: Feedback mux created for signal 'ip_head[0] [1]'. It is possible a async set/reset assignment for this is signal missing. To improve timing and area, specify a set/reset value. 
W: Sdm-2014: Feedback mux created for signal 'ip_head[0] [2]'. It is possible a async set/reset assignment for this is signal missing. To improve timing and area, specify a set/reset value. 
W: Sdm-2014: Feedback mux created for signal 'ip_head[0] [3]'. It is possible a async set/reset assignment for this is signal missing. To improve timing and area, specify a set/reset value. 
W: Sdm-2014: Feedback mux created for signal 'ip_head[0] [4]'. It is possible a async set/reset assignment for this is signal missing. To improve timing and area, specify a set/reset value. 
W: Sdm-2014: Feedback mux created for signal 'ip_head[0] [5]'. It is possible a async set/reset assignment for this is signal missing. To improve timing and area, specify a set/reset value. 
W: Sdm-2014: Feedback mux created for signal 'ip_head[0] [6]'. It is possible a async set/reset assignment for this is signal missing. To improve timing and area, specify a set/reset value. 
W: Sdm-2014: Feedback mux created for signal 'ip_head[0] [7]'. It is possible a async set/reset assignment for this is signal missing. To improve timing and area, specify a set/reset value. 
W: Sdm-2014: Feedback mux created for signal 'ip_head[0] [8]'. It is possible a async set/reset assignment for this is signal missing. To improve timing and area, specify a set/reset value. 
W: Sdm-2014: Feedback mux created for signal 'ip_head[0] [9]'. It is possible a async set/reset assignment for this is signal missing. To improve timing and area, specify a set/reset value. 
W: Sdm-2014: Feedback mux created for signal 'ip_head[0] [10]'. It is possible a async set/reset assignment for this is signal missing. To improve timing and area, specify a set/reset value. 
W: Sdm-2014: Feedback mux created for signal 'ip_head[0] [11]'. It is possible a async set/reset assignment for this is signal missing. To improve timing and area, specify a set/reset value. 
W: Sdm-2014: Feedback mux created for signal 'ip_head[0] [12]'. It is possible a async set/reset assignment for this is signal missing. To improve timing and area, specify a set/reset value. 
W: Sdm-2014: Feedback mux created for signal 'ip_head[0] [13]'. It is possible a async set/reset assignment for this is signal missing. To improve timing and area, specify a set/reset value. 
W: Sdm-2014: Feedback mux created for signal 'ip_head[0] [14]'. It is possible a async set/reset assignment for this is signal missing. To improve timing and area, specify a set/reset value. 
W: Sdm-2014: Feedback mux created for signal 'ip_head[0] [15]'. It is possible a async set/reset assignment for this is signal missing. To improve timing and area, specify a set/reset value. 
W: Sdm-2014: Feedback mux created for signal 'ip_head[0] [16]'. It is possible a async set/reset assignment for this is signal missing. To improve timing and area, specify a set/reset value. 
W: Sdm-2014: Feedback mux created for signal 'ip_head[0] [17]'. It is possible a async set/reset assignment for this is signal missing. To improve timing and area, specify a set/reset value. 
W: Sdm-2014: Feedback mux created for signal 'ip_head[0] [18]'. It is possible a async set/reset assignment for this is signal missing. To improve timing and area, specify a set/reset value. 
W: Sdm-2014: Feedback mux created for signal 'ip_head[0] [19]'. It is possible a async set/reset assignment for this is signal missing. To improve timing and area, specify a set/reset value. 
W: Sdm-2014: Feedback mux created for signal 'ip_head[0] [20]'. It is possible a async set/reset assignment for this is signal missing. To improve timing and area, specify a set/reset value. 
W: Sdm-2014: Feedback mux created for signal 'ip_head[0] [21]'. It is possible a async set/reset assignment for this is signal missing. To improve timing and area, specify a set/reset value. 
W: Sdm-2014: Feedback mux created for signal 'ip_head[0] [22]'. It is possible a async set/reset assignment for this is signal missing. To improve timing and area, specify a set/reset value. 
W: Sdm-2014: Feedback mux created for signal 'ip_head[0] [23]'. It is possible a async set/reset assignment for this is signal missing. To improve timing and area, specify a set/reset value. 
W: Sdm-2014: Feedback mux created for signal 'ip_head[0] [24]'. It is possible a async set/reset assignment for this is signal missing. To improve timing and area, specify a set/reset value. 
W: Sdm-2014: Feedback mux created for signal 'ip_head[0] [25]'. It is possible a async set/reset assignment for this is signal missing. To improve timing and area, specify a set/reset value. 
W: Sdm-2014: Feedback mux created for signal 'ip_head[0] [26]'. It is possible a async set/reset assignment for this is signal missing. To improve timing and area, specify a set/reset value. 
W: Sdm-2014: Feedback mux created for signal 'ip_head[0] [27]'. It is possible a async set/reset assignment for this is signal missing. To improve timing and area, specify a set/reset value. 
W: Sdm-2014: Feedback mux created for signal 'ip_head[0] [28]'. It is possible a async set/reset assignment for this is signal missing. To improve timing and area, specify a set/reset value. 
W: Sdm-2014: Feedback mux created for signal 'ip_head[0] [29]'. It is possible a async set/reset assignment for this is signal missing. To improve timing and area, specify a set/reset value. 
W: Sdm-2014: Feedback mux created for signal 'ip_head[0] [30]'. It is possible a async set/reset assignment for this is signal missing. To improve timing and area, specify a set/reset value. 
W: Sdm-2014: Feedback mux created for signal 'ip_head[0] [31]'. It is possible a async set/reset assignment for this is signal missing. To improve timing and area, specify a set/reset value. 
W: Sdm-2014: Feedback mux created for signal 'ip_head[1] [0]'. It is possible a async set/reset assignment for this is signal missing. To improve timing and area, specify a set/reset value. 
W: Sdm-2014: Feedback mux created for signal 'ip_head[1] [1]'. It is possible a async set/reset assignment for this is signal missing. To improve timing and area, specify a set/reset value. 
W: Sdm-2014: Feedback mux created for signal 'ip_head[1] [2]'. It is possible a async set/reset assignment for this is signal missing. To improve timing and area, specify a set/reset value. 
W: Sdm-2014: Feedback mux created for signal 'ip_head[1] [3]'. It is possible a async set/reset assignment for this is signal missing. To improve timing and area, specify a set/reset value. 
W: Sdm-2014: Feedback mux created for signal 'ip_head[1] [4]'. It is possible a async set/reset assignment for this is signal missing. To improve timing and area, specify a set/reset value. 
W: Sdm-2014: Feedback mux created for signal 'ip_head[1] [5]'. It is possible a async set/reset assignment for this is signal missing. To improve timing and area, specify a set/reset value. 
W: Sdm-2014: Feedback mux created for signal 'ip_head[1] [6]'. It is possible a async set/reset assignment for this is signal missing. To improve timing and area, specify a set/reset value. 
W: Sdm-2014: Feedback mux created for signal 'ip_head[1] [7]'. It is possible a async set/reset assignment for this is signal missing. To improve timing and area, specify a set/reset value. 
W: Sdm-2014: Feedback mux created for signal 'ip_head[1] [8]'. It is possible a async set/reset assignment for this is signal missing. To improve timing and area, specify a set/reset value. 
W: Sdm-2014: Feedback mux created for signal 'ip_head[1] [9]'. It is possible a async set/reset assignment for this is signal missing. To improve timing and area, specify a set/reset value. 
W: Sdm-2014: Feedback mux created for signal 'ip_head[1] [10]'. It is possible a async set/reset assignment for this is signal missing. To improve timing and area, specify a set/reset value. 
W: Sdm-2014: Feedback mux created for signal 'ip_head[1] [11]'. It is possible a async set/reset assignment for this is signal missing. To improve timing and area, specify a set/reset value. 
W: Sdm-2014: Feedback mux created for signal 'ip_head[1] [12]'. It is possible a async set/reset assignment for this is signal missing. To improve timing and area, specify a set/reset value. 
W: Sdm-2014: Feedback mux created for signal 'ip_head[1] [13]'. It is possible a async set/reset assignment for this is signal missing. To improve timing and area, specify a set/reset value. 
W: Sdm-2014: Feedback mux created for signal 'ip_head[1] [14]'. It is possible a async set/reset assignment for this is signal missing. To improve timing and area, specify a set/reset value. 
W: Sdm-2014: Feedback mux created for signal 'ip_head[1] [15]'. It is possible a async set/reset assignment for this is signal missing. To improve timing and area, specify a set/reset value. 
W: Sdm-2014: Feedback mux created for signal 'ip_head[2] [0]'. It is possible a async set/reset assignment for this is signal missing. To improve timing and area, specify a set/reset value. 
W: Sdm-2014: Feedback mux created for signal 'ip_head[2] [1]'. It is possible a async set/reset assignment for this is signal missing. To improve timing and area, specify a set/reset value. 
W: Sdm-2014: Feedback mux created for signal 'ip_head[2] [2]'. It is possible a async set/reset assignment for this is signal missing. To improve timing and area, specify a set/reset value. 
W: Sdm-2014: Feedback mux created for signal 'ip_head[2] [3]'. It is possible a async set/reset assignment for this is signal missing. To improve timing and area, specify a set/reset value. 
W: Sdm-2014: Feedback mux created for signal 'ip_head[2] [4]'. It is possible a async set/reset assignment for this is signal missing. To improve timing and area, specify a set/reset value. 
W: Sdm-2014: Feedback mux created for signal 'ip_head[2] [5]'. It is possible a async set/reset assignment for this is signal missing. To improve timing and area, specify a set/reset value. 
W: Sdm-2014: Feedback mux created for signal 'ip_head[2] [6]'. It is possible a async set/reset assignment for this is signal missing. To improve timing and area, specify a set/reset value. 
W: Sdm-2014: Feedback mux created for signal 'ip_head[2] [7]'. It is possible a async set/reset assignment for this is signal missing. To improve timing and area, specify a set/reset value. 
W: Sdm-2014: Feedback mux created for signal 'ip_head[2] [8]'. It is possible a async set/reset assignment for this is signal missing. To improve timing and area, specify a set/reset value. 
W: Sdm-2014: Feedback mux created for signal 'ip_head[2] [9]'. It is possible a async set/reset assignment for this is signal missing. To improve timing and area, specify a set/reset value. 
W: Sdm-2014: Feedback mux created for signal 'ip_head[2] [10]'. It is possible a async set/reset assignment for this is signal missing. To improve timing and area, specify a set/reset value. 
W: Sdm-2014: Feedback mux created for signal 'ip_head[2] [11]'. It is possible a async set/reset assignment for this is signal missing. To improve timing and area, specify a set/reset value. 
W: Sdm-2014: Feedback mux created for signal 'ip_head[2] [12]'. It is possible a async set/reset assignment for this is signal missing. To improve timing and area, specify a set/reset value. 
W: Sdm-2014: Feedback mux created for signal 'ip_head[2] [13]'. It is possible a async set/reset assignment for this is signal missing. To improve timing and area, specify a set/reset value. 
W: Sdm-2014: Feedback mux created for signal 'ip_head[2] [14]'. It is possible a async set/reset assignment for this is signal missing. To improve timing and area, specify a set/reset value. 
W: Sdm-2014: Feedback mux created for signal 'ip_head[2] [15]'. It is possible a async set/reset assignment for this is signal missing. To improve timing and area, specify a set/reset value. 
W: Sdm-2014: Feedback mux created for signal 'ip_head[2] [16]'. It is possible a async set/reset assignment for this is signal missing. To improve timing and area, specify a set/reset value. 
W: Sdm-2014: Feedback mux created for signal 'ip_head[2] [17]'. It is possible a async set/reset assignment for this is signal missing. To improve timing and area, specify a set/reset value. 
W: Sdm-2014: Feedback mux created for signal 'ip_head[2] [18]'. It is possible a async set/reset assignment for this is signal missing. To improve timing and area, specify a set/reset value. 
W: Sdm-2014: Feedback mux created for signal 'ip_head[2] [19]'. It is possible a async set/reset assignment for this is signal missing. To improve timing and area, specify a set/reset value. 
W: Sdm-2014: Feedback mux created for signal 'ip_head[2] [20]'. It is possible a async set/reset assignment for this is signal missing. To improve timing and area, specify a set/reset value. 
W: Sdm-2014: Feedback mux created for signal 'ip_head[2] [21]'. It is possible a async set/reset assignment for this is signal missing. To improve timing and area, specify a set/reset value. 
W: Sdm-2014: Feedback mux created for signal 'ip_head[2] [22]'. It is possible a async set/reset assignment for this is signal missing. To improve timing and area, specify a set/reset value. 
W: Sdm-2014: Feedback mux created for signal 'ip_head[2] [23]'. It is possible a async set/reset assignment for this is signal missing. To improve timing and area, specify a set/reset value. 
W: Sdm-2014: Feedback mux created for signal 'ip_head[2] [24]'. It is possible a async set/reset assignment for this is signal missing. To improve timing and area, specify a set/reset value. 
W: Sdm-2014: Feedback mux created for signal 'ip_head[2] [25]'. It is possible a async set/reset assignment for this is signal missing. To improve timing and area, specify a set/reset value. 
W: Sdm-2014: Feedback mux created for signal 'ip_head[2] [26]'. It is possible a async set/reset assignment for this is signal missing. To improve timing and area, specify a set/reset value. 
W: Sdm-2014: Feedback mux created for signal 'ip_head[2] [27]'. It is possible a async set/reset assignment for this is signal missing. To improve timing and area, specify a set/reset value. 
W: Sdm-2014: Feedback mux created for signal 'ip_head[2] [28]'. It is possible a async set/reset assignment for this is signal missing. To improve timing and area, specify a set/reset value. 
W: Sdm-2014: Feedback mux created for signal 'ip_head[2] [29]'. It is possible a async set/reset assignment for this is signal missing. To improve timing and area, specify a set/reset value. 
W: Sdm-2014: Feedback mux created for signal 'ip_head[2] [30]'. It is possible a async set/reset assignment for this is signal missing. To improve timing and area, specify a set/reset value. 
W: Sdm-2014: Feedback mux created for signal 'ip_head[2] [31]'. It is possible a async set/reset assignment for this is signal missing. To improve timing and area, specify a set/reset value. 
W: Sdm-2014: Feedback mux created for signal 'ip_head[3] [0]'. It is possible a async set/reset assignment for this is signal missing. To improve timing and area, specify a set/reset value. 
W: Sdm-2014: Feedback mux created for signal 'ip_head[3] [1]'. It is possible a async set/reset assignment for this is signal missing. To improve timing and area, specify a set/reset value. 
W: Sdm-2014: Feedback mux created for signal 'ip_head[3] [2]'. It is possible a async set/reset assignment for this is signal missing. To improve timing and area, specify a set/reset value. 
W: Sdm-2014: Feedback mux created for signal 'ip_head[3] [3]'. It is possible a async set/reset assignment for this is signal missing. To improve timing and area, specify a set/reset value. 
W: Sdm-2014: Feedback mux created for signal 'ip_head[3] [4]'. It is possible a async set/reset assignment for this is signal missing. To improve timing and area, specify a set/reset value. 
W: Sdm-2014: Feedback mux created for signal 'ip_head[3] [5]'. It is possible a async set/reset assignment for this is signal missing. To improve timing and area, specify a set/reset value. 
W: Sdm-2014: Feedback mux created for signal 'ip_head[3] [6]'. It is possible a async set/reset assignment for this is signal missing. To improve timing and area, specify a set/reset value. 
W: Sdm-2014: Feedback mux created for signal 'ip_head[3] [7]'. It is possible a async set/reset assignment for this is signal missing. To improve timing and area, specify a set/reset value. 
W: Sdm-2014: Feedback mux created for signal 'ip_head[3] [8]'. It is possible a async set/reset assignment for this is signal missing. To improve timing and area, specify a set/reset value. 
W: Sdm-2014: Feedback mux created for signal 'ip_head[3] [9]'. It is possible a async set/reset assignment for this is signal missing. To improve timing and area, specify a set/reset value. 
W: Sdm-2014: Feedback mux created for signal 'ip_head[3] [10]'. It is possible a async set/reset assignment for this is signal missing. To improve timing and area, specify a set/reset value. 
W: Sdm-2014: Feedback mux created for signal 'ip_head[3] [11]'. It is possible a async set/reset assignment for this is signal missing. To improve timing and area, specify a set/reset value. 
W: Sdm-2014: Feedback mux created for signal 'ip_head[3] [12]'. It is possible a async set/reset assignment for this is signal missing. To improve timing and area, specify a set/reset value. 
W: Sdm-2014: Feedback mux created for signal 'ip_head[3] [13]'. It is possible a async set/reset assignment for this is signal missing. To improve timing and area, specify a set/reset value. 
W: Sdm-2014: Feedback mux created for signal 'ip_head[3] [14]'. It is possible a async set/reset assignment for this is signal missing. To improve timing and area, specify a set/reset value. 
W: Sdm-2014: Feedback mux created for signal 'ip_head[3] [15]'. It is possible a async set/reset assignment for this is signal missing. To improve timing and area, specify a set/reset value. 
W: Sdm-2014: Feedback mux created for signal 'ip_head[3] [16]'. It is possible a async set/reset assignment for this is signal missing. To improve timing and area, specify a set/reset value. 
W: Sdm-2014: Feedback mux created for signal 'ip_head[3] [17]'. It is possible a async set/reset assignment for this is signal missing. To improve timing and area, specify a set/reset value. 
W: Sdm-2014: Feedback mux created for signal 'ip_head[3] [18]'. It is possible a async set/reset assignment for this is signal missing. To improve timing and area, specify a set/reset value. 
W: Sdm-2014: Feedback mux created for signal 'ip_head[3] [19]'. It is possible a async set/reset assignment for this is signal missing. To improve timing and area, specify a set/reset value. 
W: Sdm-2014: Feedback mux created for signal 'ip_head[3] [20]'. It is possible a async set/reset assignment for this is signal missing. To improve timing and area, specify a set/reset value. 
W: Sdm-2014: Feedback mux created for signal 'ip_head[3] [21]'. It is possible a async set/reset assignment for this is signal missing. To improve timing and area, specify a set/reset value. 
W: Sdm-2014: Feedback mux created for signal 'ip_head[3] [22]'. It is possible a async set/reset assignment for this is signal missing. To improve timing and area, specify a set/reset value. 
W: Sdm-2014: Feedback mux created for signal 'ip_head[3] [23]'. It is possible a async set/reset assignment for this is signal missing. To improve timing and area, specify a set/reset value. 
W: Sdm-2014: Feedback mux created for signal 'ip_head[3] [24]'. It is possible a async set/reset assignment for this is signal missing. To improve timing and area, specify a set/reset value. 
W: Sdm-2014: Feedback mux created for signal 'ip_head[3] [25]'. It is possible a async set/reset assignment for this is signal missing. To improve timing and area, specify a set/reset value. 
W: Sdm-2014: Feedback mux created for signal 'ip_head[3] [26]'. It is possible a async set/reset assignment for this is signal missing. To improve timing and area, specify a set/reset value. 
W: Sdm-2014: Feedback mux created for signal 'ip_head[3] [27]'. It is possible a async set/reset assignment for this is signal missing. To improve timing and area, specify a set/reset value. 
W: Sdm-2014: Feedback mux created for signal 'ip_head[3] [28]'. It is possible a async set/reset assignment for this is signal missing. To improve timing and area, specify a set/reset value. 
W: Sdm-2014: Feedback mux created for signal 'ip_head[3] [29]'. It is possible a async set/reset assignment for this is signal missing. To improve timing and area, specify a set/reset value. 
W: Sdm-2014: Feedback mux created for signal 'ip_head[3] [30]'. It is possible a async set/reset assignment for this is signal missing. To improve timing and area, specify a set/reset value. 
W: Sdm-2014: Feedback mux created for signal 'ip_head[3] [31]'. It is possible a async set/reset assignment for this is signal missing. To improve timing and area, specify a set/reset value. 
W: Sdm-2014: Feedback mux created for signal 'ip_head[4] [0]'. It is possible a async set/reset assignment for this is signal missing. To improve timing and area, specify a set/reset value. 
W: Sdm-2014: Feedback mux created for signal 'ip_head[4] [1]'. It is possible a async set/reset assignment for this is signal missing. To improve timing and area, specify a set/reset value. 
W: Sdm-2014: Feedback mux created for signal 'ip_head[4] [2]'. It is possible a async set/reset assignment for this is signal missing. To improve timing and area, specify a set/reset value. 
W: Sdm-2014: Feedback mux created for signal 'ip_head[4] [3]'. It is possible a async set/reset assignment for this is signal missing. To improve timing and area, specify a set/reset value. 
W: Sdm-2014: Feedback mux created for signal 'ip_head[4] [4]'. It is possible a async set/reset assignment for this is signal missing. To improve timing and area, specify a set/reset value. 
W: Sdm-2014: Feedback mux created for signal 'ip_head[4] [5]'. It is possible a async set/reset assignment for this is signal missing. To improve timing and area, specify a set/reset value. 
W: Sdm-2014: Feedback mux created for signal 'ip_head[4] [6]'. It is possible a async set/reset assignment for this is signal missing. To improve timing and area, specify a set/reset value. 
W: Sdm-2014: Feedback mux created for signal 'ip_head[4] [7]'. It is possible a async set/reset assignment for this is signal missing. To improve timing and area, specify a set/reset value. 
W: Sdm-2014: Feedback mux created for signal 'ip_head[4] [8]'. It is possible a async set/reset assignment for this is signal missing. To improve timing and area, specify a set/reset value. 
W: Sdm-2014: Feedback mux created for signal 'ip_head[4] [9]'. It is possible a async set/reset assignment for this is signal missing. To improve timing and area, specify a set/reset value. 
W: Sdm-2014: Feedback mux created for signal 'ip_head[4] [10]'. It is possible a async set/reset assignment for this is signal missing. To improve timing and area, specify a set/reset value. 
W: Sdm-2014: Feedback mux created for signal 'ip_head[4] [11]'. It is possible a async set/reset assignment for this is signal missing. To improve timing and area, specify a set/reset value. 
W: Sdm-2014: Feedback mux created for signal 'ip_head[4] [12]'. It is possible a async set/reset assignment for this is signal missing. To improve timing and area, specify a set/reset value. 
W: Sdm-2014: Feedback mux created for signal 'ip_head[4] [13]'. It is possible a async set/reset assignment for this is signal missing. To improve timing and area, specify a set/reset value. 
W: Sdm-2014: Feedback mux created for signal 'ip_head[4] [14]'. It is possible a async set/reset assignment for this is signal missing. To improve timing and area, specify a set/reset value. 
W: Sdm-2014: Feedback mux created for signal 'ip_head[4] [15]'. It is possible a async set/reset assignment for this is signal missing. To improve timing and area, specify a set/reset value. 
W: Sdm-2014: Feedback mux created for signal 'ip_head[4] [16]'. It is possible a async set/reset assignment for this is signal missing. To improve timing and area, specify a set/reset value. 
W: Sdm-2014: Feedback mux created for signal 'ip_head[4] [17]'. It is possible a async set/reset assignment for this is signal missing. To improve timing and area, specify a set/reset value. 
W: Sdm-2014: Feedback mux created for signal 'ip_head[4] [18]'. It is possible a async set/reset assignment for this is signal missing. To improve timing and area, specify a set/reset value. 
W: Sdm-2014: Feedback mux created for signal 'ip_head[4] [19]'. It is possible a async set/reset assignment for this is signal missing. To improve timing and area, specify a set/reset value. 
W: Sdm-2014: Feedback mux created for signal 'ip_head[4] [20]'. It is possible a async set/reset assignment for this is signal missing. To improve timing and area, specify a set/reset value. 
W: Sdm-2014: Feedback mux created for signal 'ip_head[4] [21]'. It is possible a async set/reset assignment for this is signal missing. To improve timing and area, specify a set/reset value. 
W: Sdm-2014: Feedback mux created for signal 'ip_head[4] [22]'. It is possible a async set/reset assignment for this is signal missing. To improve timing and area, specify a set/reset value. 
W: Sdm-2014: Feedback mux created for signal 'ip_head[4] [23]'. It is possible a async set/reset assignment for this is signal missing. To improve timing and area, specify a set/reset value. 
W: Sdm-2014: Feedback mux created for signal 'ip_head[4] [24]'. It is possible a async set/reset assignment for this is signal missing. To improve timing and area, specify a set/reset value. 
W: Sdm-2014: Feedback mux created for signal 'ip_head[4] [25]'. It is possible a async set/reset assignment for this is signal missing. To improve timing and area, specify a set/reset value. 
W: Sdm-2014: Feedback mux created for signal 'ip_head[4] [26]'. It is possible a async set/reset assignment for this is signal missing. To improve timing and area, specify a set/reset value. 
W: Sdm-2014: Feedback mux created for signal 'ip_head[4] [27]'. It is possible a async set/reset assignment for this is signal missing. To improve timing and area, specify a set/reset value. 
W: Sdm-2014: Feedback mux created for signal 'ip_head[4] [28]'. It is possible a async set/reset assignment for this is signal missing. To improve timing and area, specify a set/reset value. 
W: Sdm-2014: Feedback mux created for signal 'ip_head[4] [29]'. It is possible a async set/reset assignment for this is signal missing. To improve timing and area, specify a set/reset value. 
W: Sdm-2014: Feedback mux created for signal 'ip_head[4] [30]'. It is possible a async set/reset assignment for this is signal missing. To improve timing and area, specify a set/reset value. 
W: Sdm-2014: Feedback mux created for signal 'ip_head[4] [31]'. It is possible a async set/reset assignment for this is signal missing. To improve timing and area, specify a set/reset value. 
W: Sdm-2014: Feedback mux created for signal 'ip_head[5] [0]'. It is possible a async set/reset assignment for this is signal missing. To improve timing and area, specify a set/reset value. 
W: Sdm-2014: Feedback mux created for signal 'ip_head[5] [1]'. It is possible a async set/reset assignment for this is signal missing. To improve timing and area, specify a set/reset value. 
W: Sdm-2014: Feedback mux created for signal 'ip_head[5] [2]'. It is possible a async set/reset assignment for this is signal missing. To improve timing and area, specify a set/reset value. 
W: Sdm-2014: Feedback mux created for signal 'ip_head[5] [3]'. It is possible a async set/reset assignment for this is signal missing. To improve timing and area, specify a set/reset value. 
W: Sdm-2014: Feedback mux created for signal 'ip_head[5] [4]'. It is possible a async set/reset assignment for this is signal missing. To improve timing and area, specify a set/reset value. 
W: Sdm-2014: Feedback mux created for signal 'ip_head[5] [5]'. It is possible a async set/reset assignment for this is signal missing. To improve timing and area, specify a set/reset value. 
W: Sdm-2014: Feedback mux created for signal 'ip_head[5] [6]'. It is possible a async set/reset assignment for this is signal missing. To improve timing and area, specify a set/reset value. 
W: Sdm-2014: Feedback mux created for signal 'ip_head[5] [7]'. It is possible a async set/reset assignment for this is signal missing. To improve timing and area, specify a set/reset value. 
W: Sdm-2014: Feedback mux created for signal 'ip_head[5] [8]'. It is possible a async set/reset assignment for this is signal missing. To improve timing and area, specify a set/reset value. 
W: Sdm-2014: Feedback mux created for signal 'ip_head[5] [9]'. It is possible a async set/reset assignment for this is signal missing. To improve timing and area, specify a set/reset value. 
W: Sdm-2014: Feedback mux created for signal 'ip_head[5] [10]'. It is possible a async set/reset assignment for this is signal missing. To improve timing and area, specify a set/reset value. 
W: Sdm-2014: Feedback mux created for signal 'ip_head[5] [11]'. It is possible a async set/reset assignment for this is signal missing. To improve timing and area, specify a set/reset value. 
W: Sdm-2014: Feedback mux created for signal 'ip_head[5] [12]'. It is possible a async set/reset assignment for this is signal missing. To improve timing and area, specify a set/reset value. 
W: Sdm-2014: Feedback mux created for signal 'ip_head[5] [13]'. It is possible a async set/reset assignment for this is signal missing. To improve timing and area, specify a set/reset value. 
W: Sdm-2014: Feedback mux created for signal 'ip_head[5] [14]'. It is possible a async set/reset assignment for this is signal missing. To improve timing and area, specify a set/reset value. 
W: Sdm-2014: Feedback mux created for signal 'ip_head[5] [15]'. It is possible a async set/reset assignment for this is signal missing. To improve timing and area, specify a set/reset value. 
W: Sdm-2014: Feedback mux created for signal 'ip_head[5] [16]'. It is possible a async set/reset assignment for this is signal missing. To improve timing and area, specify a set/reset value. 
W: Sdm-2014: Feedback mux created for signal 'ip_head[5] [17]'. It is possible a async set/reset assignment for this is signal missing. To improve timing and area, specify a set/reset value. 
W: Sdm-2014: Feedback mux created for signal 'ip_head[5] [18]'. It is possible a async set/reset assignment for this is signal missing. To improve timing and area, specify a set/reset value. 
W: Sdm-2014: Feedback mux created for signal 'ip_head[5] [19]'. It is possible a async set/reset assignment for this is signal missing. To improve timing and area, specify a set/reset value. 
W: Sdm-2014: Feedback mux created for signal 'ip_head[5] [20]'. It is possible a async set/reset assignment for this is signal missing. To improve timing and area, specify a set/reset value. 
W: Sdm-2014: Feedback mux created for signal 'ip_head[5] [21]'. It is possible a async set/reset assignment for this is signal missing. To improve timing and area, specify a set/reset value. 
W: Sdm-2014: Feedback mux created for signal 'ip_head[5] [22]'. It is possible a async set/reset assignment for this is signal missing. To improve timing and area, specify a set/reset value. 
W: Sdm-2014: Feedback mux created for signal 'ip_head[5] [23]'. It is possible a async set/reset assignment for this is signal missing. To improve timing and area, specify a set/reset value. 
W: Sdm-2014: Feedback mux created for signal 'ip_head[5] [24]'. It is possible a async set/reset assignment for this is signal missing. To improve timing and area, specify a set/reset value. 
W: Sdm-2014: Feedback mux created for signal 'ip_head[5] [25]'. It is possible a async set/reset assignment for this is signal missing. To improve timing and area, specify a set/reset value. 
W: Sdm-2014: Feedback mux created for signal 'ip_head[5] [26]'. It is possible a async set/reset assignment for this is signal missing. To improve timing and area, specify a set/reset value. 
W: Sdm-2014: Feedback mux created for signal 'ip_head[5] [27]'. It is possible a async set/reset assignment for this is signal missing. To improve timing and area, specify a set/reset value. 
W: Sdm-2014: Feedback mux created for signal 'ip_head[5] [28]'. It is possible a async set/reset assignment for this is signal missing. To improve timing and area, specify a set/reset value. 
W: Sdm-2014: Feedback mux created for signal 'ip_head[5] [29]'. It is possible a async set/reset assignment for this is signal missing. To improve timing and area, specify a set/reset value. 
W: Sdm-2014: Feedback mux created for signal 'ip_head[5] [30]'. It is possible a async set/reset assignment for this is signal missing. To improve timing and area, specify a set/reset value. 
W: Sdm-2014: Feedback mux created for signal 'ip_head[5] [31]'. It is possible a async set/reset assignment for this is signal missing. To improve timing and area, specify a set/reset value. 
W: Sdm-2014: Feedback mux created for signal 'ip_head[6] [0]'. It is possible a async set/reset assignment for this is signal missing. To improve timing and area, specify a set/reset value. 
W: Sdm-2014: Feedback mux created for signal 'ip_head[6] [1]'. It is possible a async set/reset assignment for this is signal missing. To improve timing and area, specify a set/reset value. 
W: Sdm-2014: Feedback mux created for signal 'ip_head[6] [2]'. It is possible a async set/reset assignment for this is signal missing. To improve timing and area, specify a set/reset value. 
W: Sdm-2014: Feedback mux created for signal 'ip_head[6] [3]'. It is possible a async set/reset assignment for this is signal missing. To improve timing and area, specify a set/reset value. 
W: Sdm-2014: Feedback mux created for signal 'ip_head[6] [4]'. It is possible a async set/reset assignment for this is signal missing. To improve timing and area, specify a set/reset value. 
W: Sdm-2014: Feedback mux created for signal 'ip_head[6] [5]'. It is possible a async set/reset assignment for this is signal missing. To improve timing and area, specify a set/reset value. 
W: Sdm-2014: Feedback mux created for signal 'ip_head[6] [6]'. It is possible a async set/reset assignment for this is signal missing. To improve timing and area, specify a set/reset value. 
W: Sdm-2014: Feedback mux created for signal 'ip_head[6] [7]'. It is possible a async set/reset assignment for this is signal missing. To improve timing and area, specify a set/reset value. 
W: Sdm-2014: Feedback mux created for signal 'ip_head[6] [8]'. It is possible a async set/reset assignment for this is signal missing. To improve timing and area, specify a set/reset value. 
W: Sdm-2014: Feedback mux created for signal 'ip_head[6] [9]'. It is possible a async set/reset assignment for this is signal missing. To improve timing and area, specify a set/reset value. 
W: Sdm-2014: Feedback mux created for signal 'ip_head[6] [10]'. It is possible a async set/reset assignment for this is signal missing. To improve timing and area, specify a set/reset value. 
W: Sdm-2014: Feedback mux created for signal 'ip_head[6] [11]'. It is possible a async set/reset assignment for this is signal missing. To improve timing and area, specify a set/reset value. 
W: Sdm-2014: Feedback mux created for signal 'ip_head[6] [12]'. It is possible a async set/reset assignment for this is signal missing. To improve timing and area, specify a set/reset value. 
W: Sdm-2014: Feedback mux created for signal 'ip_head[6] [13]'. It is possible a async set/reset assignment for this is signal missing. To improve timing and area, specify a set/reset value. 
W: Sdm-2014: Feedback mux created for signal 'ip_head[6] [14]'. It is possible a async set/reset assignment for this is signal missing. To improve timing and area, specify a set/reset value. 
W: Sdm-2014: Feedback mux created for signal 'ip_head[6] [15]'. It is possible a async set/reset assignment for this is signal missing. To improve timing and area, specify a set/reset value. 
W: Sdm-2014: Feedback mux created for signal 'ip_head[6] [16]'. It is possible a async set/reset assignment for this is signal missing. To improve timing and area, specify a set/reset value. 
W: Sdm-2014: Feedback mux created for signal 'ip_head[6] [17]'. It is possible a async set/reset assignment for this is signal missing. To improve timing and area, specify a set/reset value. 
W: Sdm-2014: Feedback mux created for signal 'ip_head[6] [18]'. It is possible a async set/reset assignment for this is signal missing. To improve timing and area, specify a set/reset value. 
W: Sdm-2014: Feedback mux created for signal 'ip_head[6] [19]'. It is possible a async set/reset assignment for this is signal missing. To improve timing and area, specify a set/reset value. 
W: Sdm-2014: Feedback mux created for signal 'ip_head[6] [20]'. It is possible a async set/reset assignment for this is signal missing. To improve timing and area, specify a set/reset value. 
W: Sdm-2014: Feedback mux created for signal 'ip_head[6] [21]'. It is possible a async set/reset assignment for this is signal missing. To improve timing and area, specify a set/reset value. 
W: Sdm-2014: Feedback mux created for signal 'ip_head[6] [22]'. It is possible a async set/reset assignment for this is signal missing. To improve timing and area, specify a set/reset value. 
W: Sdm-2014: Feedback mux created for signal 'ip_head[6] [23]'. It is possible a async set/reset assignment for this is signal missing. To improve timing and area, specify a set/reset value. 
W: Sdm-2014: Feedback mux created for signal 'ip_head[6] [24]'. It is possible a async set/reset assignment for this is signal missing. To improve timing and area, specify a set/reset value. 
W: Sdm-2014: Feedback mux created for signal 'ip_head[6] [25]'. It is possible a async set/reset assignment for this is signal missing. To improve timing and area, specify a set/reset value. 
W: Sdm-2014: Feedback mux created for signal 'ip_head[6] [26]'. It is possible a async set/reset assignment for this is signal missing. To improve timing and area, specify a set/reset value. 
W: Sdm-2014: Feedback mux created for signal 'ip_head[6] [27]'. It is possible a async set/reset assignment for this is signal missing. To improve timing and area, specify a set/reset value. 
W: Sdm-2014: Feedback mux created for signal 'ip_head[6] [28]'. It is possible a async set/reset assignment for this is signal missing. To improve timing and area, specify a set/reset value. 
W: Sdm-2014: Feedback mux created for signal 'ip_head[6] [29]'. It is possible a async set/reset assignment for this is signal missing. To improve timing and area, specify a set/reset value. 
I: Removed inst tx_done that is redundant to crc_clr.
Executing : DFF-inference successfully.
Executing : rtl-infer successfully. Time elapsed: 7.599s wall, 3.391s user + 3.703s system = 7.094s CPU (93.3%)

Start rtl-control-opt.
W: Loop was found during constant probe.
W: Loop was found during constant probe.
W: Loop was found during constant probe.
W: Loop was found during constant probe.
W: Loop was found during constant probe.
W: Loop was found during constant probe.
W: Loop was found during constant probe.
W: Loop was found during constant probe.
W: Loop was found during constant probe.
W: Loop was found during constant probe.
W: Loop was found during constant probe.
W: Loop was found during constant probe.
W: Loop was found during constant probe.
W: Loop was found during constant probe.
W: Loop was found during constant probe.
W: Loop was found during constant probe.
W: Loop was found during constant probe.
W: Loop was found during constant probe.
W: Loop was found during constant probe.
W: Loop was found during constant probe.
W: Loop was found during constant probe.
W: Loop was found during constant probe.
W: Loop was found during constant probe.
W: Loop was found during constant probe.
W: Loop was found during constant probe.
W: Loop was found during constant probe.
W: Loop was found during constant probe.
W: Loop was found during constant probe.
W: Loop was found during constant probe.
W: Loop was found during constant probe.
W: Loop was found during constant probe.
W: Loop was found during constant probe.
W: Loop was found during constant probe.
W: Loop was found during constant probe.
W: Loop was found during constant probe.
W: Loop was found during constant probe.
W: Loop was found during constant probe.
W: Loop was found during constant probe.
W: Loop was found during constant probe.
W: Loop was found during constant probe.
W: Loop was found during constant probe.
W: Loop was found during constant probe.
W: Loop was found during constant probe.
W: Loop was found during constant probe.
W: Loop was found during constant probe.
W: Loop was found during constant probe.
Executing : rtl-control-opt successfully. Time elapsed: 0.031s wall, 0.047s user + 0.000s system = 0.047s CPU (149.6%)

Start rtl-data-opt.
W: Loop was found during constant probe.
W: Loop was found during constant probe.
W: Loop was found during constant probe.
W: Loop was found during constant probe.
W: Loop was found during constant probe.
W: Loop was found during constant probe.
W: Loop was found during constant probe.
W: Loop was found during constant probe.
W: Loop was found during constant probe.
W: Loop was found during constant probe.
W: Loop was found during constant probe.
W: Loop was found during constant probe.
W: Loop was found during constant probe.
W: Loop was found during constant probe.
W: Loop was found during constant probe.
W: Loop was found during constant probe.
W: Loop was found during constant probe.
W: Loop was found during constant probe.
W: Loop was found during constant probe.
W: Loop was found during constant probe.
W: Loop was found during constant probe.
W: Loop was found during constant probe.
W: Loop was found during constant probe.
W: Loop was found during constant probe.
W: Loop was found during constant probe.
W: Loop was found during constant probe.
W: Loop was found during constant probe.
W: Loop was found during constant probe.
W: Loop was found during constant probe.
W: Loop was found during constant probe.
W: Loop was found during constant probe.
W: Loop was found during constant probe.
W: Loop was found during constant probe.
W: Loop was found during constant probe.
W: Loop was found during constant probe.
W: Loop was found during constant probe.
W: Loop was found during constant probe.
W: Loop was found during constant probe.
W: Loop was found during constant probe.
W: Loop was found during constant probe.
W: Loop was found during constant probe.
W: Loop was found during constant probe.
W: Loop was found during constant probe.
W: Loop was found during constant probe.
W: Loop was found during constant probe.
W: Loop was found during constant probe.
W: Loop was found during constant probe.
W: Loop was found during constant probe.
W: Loop was found during constant probe.
W: Loop was found during constant probe.
W: Loop was found during constant probe.
W: Loop was found during constant probe.
W: Loop was found during constant probe.
W: Loop was found during constant probe.
W: Loop was found during constant probe.
W: Loop was found during constant probe.
W: Loop was found during constant probe.
W: Loop was found during constant probe.
W: Loop was found during constant probe.
W: Loop was found during constant probe.
W: Loop was found during constant probe.
W: Loop was found during constant probe.
W: Loop was found during constant probe.
W: Loop was found during constant probe.
W: Loop was found during constant probe.
W: Loop was found during constant probe.
W: Loop was found during constant probe.
W: Loop was found during constant probe.
W: Loop was found during constant probe.
W: Loop was found during constant probe.
W: Loop was found during constant probe.
W: Loop was found during constant probe.
W: Loop was found during constant probe.
W: Loop was found during constant probe.
W: Loop was found during constant probe.
W: Loop was found during constant probe.
W: Loop was found during constant probe.
Executing : rtl-data-opt successfully. Time elapsed: 0.189s wall, 0.188s user + 0.000s system = 0.188s CPU (99.5%)

Start FSM inference.
I: FSM protocol_sw_fsm[1:0] inferred.
FSM protocol_sw_fsm[1:0] STG:
Number of reachable states: 3
Input nets: N93 N95 udp_tx_start_en 
S0(00)-->S0(00): x1x
S1(01)-->S0(00): x1x
S2(10)-->S0(00): x1x
S0(00)-->S1(01): xx1
S1(01)-->S1(01): xx1
S2(10)-->S1(01): xx1
S0(00)-->S2(10): 1xx
S1(01)-->S2(10): 1xx
S2(10)-->S2(10): 1xx

I: FSM cur_state_fsm[4:0] inferred.
FSM cur_state_fsm[4:0] STG:
Number of reachable states: 5
Input nets: error_en skip_en 
S0(00001)-->S1(00010): x1
S0(00001)-->S0(00001): x0
S1(00010)-->S1(00010): 00
S1(00010)-->S2(00100): x1
S1(00010)-->S4(10000): 10
S2(00100)-->S2(00100): 00
S2(00100)-->S3(01000): x1
S2(00100)-->S4(10000): 10
S3(01000)-->S3(01000): 00
S3(01000)-->S4(10000): 1x
S3(01000)-->S4(10000): x1
S4(10000)-->S4(10000): x0
S4(10000)-->S0(00001): x1

I: FSM cur_state_fsm[4:0] inferred.
FSM cur_state_fsm[4:0] STG:
Number of reachable states: 5
Input nets: skip_en 
S0(00001)-->S1(00010): 1
S0(00001)-->S0(00001): 0
S1(00010)-->S1(00010): 0
S1(00010)-->S2(00100): 1
S2(00100)-->S2(00100): 0
S2(00100)-->S3(01000): 1
S3(01000)-->S3(01000): 0
S3(01000)-->S4(10000): 1
S4(10000)-->S4(10000): 0
S4(10000)-->S0(00001): 1

I: FSM cur_state_fsm[6:0] inferred.
FSM cur_state_fsm[6:0] STG:
Number of reachable states: 7
Input nets: error_en skip_en 
S0(0000001)-->S1(0000010): x1
S1(0000010)-->S1(0000010): 00
S1(0000010)-->S2(0000100): x1
S1(0000010)-->S6(1000000): 10
S2(0000100)-->S2(0000100): 00
S2(0000100)-->S3(0001000): x1
S2(0000100)-->S6(1000000): 10
S3(0001000)-->S3(0001000): 00
S3(0001000)-->S4(0010000): x1
S3(0001000)-->S6(1000000): 10
S4(0010000)-->S4(0010000): 00
S4(0010000)-->S5(0100000): x1
S4(0010000)-->S6(1000000): 10
S5(0100000)-->S5(0100000): x0
S5(0100000)-->S6(1000000): x1
S6(1000000)-->S6(1000000): x0
S6(1000000)-->S0(0000001): x1
S0(0000001)-->S0(0000001): x0

I: FSM cur_state_fsm[7:0] inferred.
FSM cur_state_fsm[7:0] STG:
Number of reachable states: 8
Input nets: skip_en 
S0(00000001)-->S1(00000010): 1
S0(00000001)-->S0(00000001): 0
S1(00000010)-->S1(00000010): 0
S1(00000010)-->S2(00000100): 1
S2(00000100)-->S2(00000100): 0
S2(00000100)-->S3(00001000): 1
S3(00001000)-->S3(00001000): 0
S3(00001000)-->S4(00010000): 1
S4(00010000)-->S4(00010000): 0
S4(00010000)-->S5(00100000): 1
S5(00100000)-->S5(00100000): 0
S5(00100000)-->S6(01000000): 1
S6(01000000)-->S6(01000000): 0
S6(01000000)-->S7(10000000): 1
S7(10000000)-->S7(10000000): 0
S7(10000000)-->S0(00000001): 1

W: Loop was found during constant probe.
W: Loop was found during constant probe.
W: Loop was found during constant probe.
W: Loop was found during constant probe.
W: Loop was found during constant probe.
W: Loop was found during constant probe.
I: FSM cur_state_fsm[6:0] inferred.
FSM cur_state_fsm[6:0] STG:
Number of reachable states: 7
Input nets: error_en skip_en 
S0(0000001)-->S1(0000010): x1
S1(0000010)-->S1(0000010): 00
S1(0000010)-->S2(0000100): x1
S1(0000010)-->S6(1000000): 10
S2(0000100)-->S2(0000100): 00
S2(0000100)-->S3(0001000): x1
S2(0000100)-->S6(1000000): 10
S3(0001000)-->S3(0001000): 00
S3(0001000)-->S4(0010000): x1
S3(0001000)-->S6(1000000): 10
S4(0010000)-->S4(0010000): x0
S4(0010000)-->S5(0100000): x1
S5(0100000)-->S5(0100000): x0
S5(0100000)-->S6(1000000): x1
S6(1000000)-->S6(1000000): x0
S6(1000000)-->S0(0000001): x1
S0(0000001)-->S0(0000001): x0

I: FSM cur_state_fsm[6:0] inferred.
FSM cur_state_fsm[6:0] STG:
Number of reachable states: 7
Input nets: skip_en 
S0(0000001)-->S1(0000010): 1
S0(0000001)-->S0(0000001): 0
S1(0000010)-->S1(0000010): 0
S1(0000010)-->S2(0000100): 1
S2(0000100)-->S2(0000100): 0
S2(0000100)-->S3(0001000): 1
S3(0001000)-->S3(0001000): 0
S3(0001000)-->S4(0010000): 1
S4(0010000)-->S4(0010000): 0
S4(0010000)-->S5(0100000): 1
S5(0100000)-->S5(0100000): 0
S5(0100000)-->S6(1000000): 1
S6(1000000)-->S6(1000000): 0
S6(1000000)-->S0(0000001): 1

W: Loop was found during constant probe.
W: Loop was found during constant probe.
W: Loop was found during constant probe.
W: Loop was found during constant probe.
W: Loop was found during constant probe.
Executing : FSM inference successfully. Time elapsed: 0.145s wall, 0.078s user + 0.062s system = 0.141s CPU (97.3%)

Start sdm2adm.
I: Constant propagation done on N66 (bmsREDAND).
W: Loop was found during constant probe.
I: Constant propagation done on N83 (bmsWIDEMUX).
I: Constant propagation done on N140 (bmsWIDEMUX).
I: Constant propagation done on N7 (bmsWIDEMUX).
I: Constant propagation done on N77 (bmsWIDEMUX).
I: Constant propagation done on N82 (bmsWIDEMUX).
I: Constant propagation done on N138 (bmsWIDEMUX).
I: Constant propagation done on N215 (bmsWIDEMUX).
I: Constant propagation done on N12 (bmsWIDEMUX).
I: Constant propagation done on N18 (bmsWIDEMUX).
W: Loop was found during constant probe.
W: Loop was found during constant probe.
W: Loop was found during constant probe.
W: Loop was found during constant probe.
W: Loop was found during constant probe.
W: Loop was found during constant probe.
W: Loop was found during constant probe.
W: Loop was found during constant probe.
W: Loop was found during constant probe.
W: Loop was found during constant probe.
W: Loop was found during constant probe.
W: Loop was found during constant probe.
W: Loop was found during constant probe.
W: Loop was found during constant probe.
W: Loop was found during constant probe.
W: Loop was found during constant probe.
W: Loop was found during constant probe.
W: Loop was found during constant probe.
W: Loop was found during constant probe.
W: Loop was found during constant probe.
W: Loop was found during constant probe.
W: Loop was found during constant probe.
W: Loop was found during constant probe.
W: Loop was found during constant probe.
W: Loop was found during constant probe.
W: Loop was found during constant probe.
W: Loop was found during constant probe.
W: Loop was found during constant probe.
W: Loop was found during constant probe.
W: Loop was found during constant probe.
W: Loop was found during constant probe.
W: Loop was found during constant probe.
W: Loop was found during constant probe.
W: Loop was found during constant probe.
W: Loop was found during constant probe.
W: Loop was found during constant probe.
W: Loop was found during constant probe.
W: Loop was found during constant probe.
W: Loop was found during constant probe.
W: Loop was found during constant probe.
W: Loop was found during constant probe.
Executing : sdm2adm successfully. Time elapsed: 0.161s wall, 0.156s user + 0.000s system = 0.156s CPU (97.2%)

Saving design to DB.
Action compile: Real time elapsed is 0h:0m:17s
Action compile: CPU time elapsed is 0h:0m:6s
Action compile: Process CPU time elapsed is 0h:0m:6s
Current time: Wed Jan 31 15:27:51 2024
Action compile: Peak memory pool usage is 153 MB
Action from compile to compile: Total Real Time elapsed is 0h:0m:17s
Action from compile to compile: Total CPU time elapsed is 0h:0m:6s
Action from compile to compile: Total Process CPU Time elapsed is 0h:0m:6s
Process "Compile" done.


Process "Synthesize" started.
Current time: Wed Jan 31 15:27:52 2024
Compiling architecture definition.
Analyzing project file 'C:/Users/VIDEO/Desktop/52_eth_udp_loop/prj/eth_udp_loop.pds'.
License checkout: fabric_ads from C:\pango\license\new_pds_584120290F2C.lic
Compiling verification operator library.
Compiling common defs.
Loading technology operator library.
Compiling technology operator library.
Compiling technology operator (valence) library.
Reading design from compile DB
Reading design from compile DB successfully.
NOTE: The technology fpga was specified.
NOTE: delay_model specified was generic_cmos.
NOTE: Using the fpga syntax tables...
Totals:
 Calls to malloc = 0
 Calls to calloc = 148538

Constraint check start.
Compiling prim grid devices.
Building architecture model.
Loading device packaging model.
Building architecture floorplan logic view.
Executing : get_ports eth_rxc
Executing : get_ports eth_rxc successfully.
Executing : create_clock -name eth_rxc [get_ports eth_rxc] -period 8 -waveform {0.000 4.000}
Executing : create_clock -name eth_rxc [get_ports eth_rxc] -period 8 -waveform {0.000 4.000} successfully.
Executing : get_ports sys_clk
Executing : get_ports sys_clk successfully.
Executing : create_clock -name sys_clk [get_ports sys_clk] -period 20 -waveform {0.000 10.000}
Executing : create_clock -name sys_clk [get_ports sys_clk] -period 20 -waveform {0.000 10.000} successfully.
C: ConstraintEditor-2002: [C:/Users/VIDEO/Desktop/52_eth_udp_loop/prj/eth_udp_loop.fdc(line number: 94)] | Port eth_txd[2] has been placed at location T20, whose type is share pin.
C: ConstraintEditor-2002: [C:/Users/VIDEO/Desktop/52_eth_udp_loop/prj/eth_udp_loop.fdc(line number: 101)] | Port eth_txd[1] has been placed at location W21, whose type is share pin.
C: ConstraintEditor-2002: [C:/Users/VIDEO/Desktop/52_eth_udp_loop/prj/eth_udp_loop.fdc(line number: 108)] | Port eth_txd[0] has been placed at location W22, whose type is share pin.
C: ConstraintEditor-2002: [C:/Users/VIDEO/Desktop/52_eth_udp_loop/prj/eth_udp_loop.fdc(line number: 120)] | Port eth_rxd[2] has been placed at location AB22, whose type is share pin.
C: ConstraintEditor-2002: [C:/Users/VIDEO/Desktop/52_eth_udp_loop/prj/eth_udp_loop.fdc(line number: 125)] | Port eth_rxd[1] has been placed at location AB21, whose type is share pin.
C: ConstraintEditor-2002: [C:/Users/VIDEO/Desktop/52_eth_udp_loop/prj/eth_udp_loop.fdc(line number: 130)] | Port eth_rxd[0] has been placed at location Y22, whose type is share pin.
C: ConstraintEditor-2002: [C:/Users/VIDEO/Desktop/52_eth_udp_loop/prj/eth_udp_loop.fdc(line number: 135)] | Port eth_rst_n has been placed at location N20, whose type is share pin.
Constraint check end.

Start pre-mapping.
I: Encoding type of FSM 'cur_state_fsm[6:0]' is: onehot.
I: Encoding table of FSM 'cur_state_fsm[6:0]':
I: from  u_icmp/u_icmp_rx/cur_state[6] u_icmp/u_icmp_rx/cur_state[5] u_icmp/u_icmp_rx/cur_state[4] u_icmp/u_icmp_rx/cur_state[3] u_icmp/u_icmp_rx/cur_state[2] u_icmp/u_icmp_rx/cur_state[1] u_icmp/u_icmp_rx/cur_state[0]
I: to  u_icmp/u_icmp_rx/cur_state_reg[6] u_icmp/u_icmp_rx/cur_state_reg[5] u_icmp/u_icmp_rx/cur_state_reg[4] u_icmp/u_icmp_rx/cur_state_reg[3] u_icmp/u_icmp_rx/cur_state_reg[2] u_icmp/u_icmp_rx/cur_state_reg[1] u_icmp/u_icmp_rx/cur_state_reg[0]
I: 0000001 => 0000001
I: 0000010 => 0000010
I: 0000100 => 0000100
I: 0001000 => 0001000
I: 0010000 => 0010000
I: 0100000 => 0100000
I: 1000000 => 1000000
I: Encoding type of FSM 'protocol_sw_fsm[1:0]' is: onehot.
I: Encoding table of FSM 'protocol_sw_fsm[1:0]':
I: from  u_eth_ctrl/protocol_sw[1] u_eth_ctrl/protocol_sw[0]
I: to  u_eth_ctrl/protocol_sw_reg[2] u_eth_ctrl/protocol_sw_reg[1] u_eth_ctrl/protocol_sw_reg[0]
I: 00 => 001
I: 01 => 010
I: 10 => 100
I: Encoding type of FSM 'cur_state_fsm[7:0]' is: onehot.
I: Encoding table of FSM 'cur_state_fsm[7:0]':
I: from  u_icmp/u_icmp_tx/cur_state[7] u_icmp/u_icmp_tx/cur_state[6] u_icmp/u_icmp_tx/cur_state[5] u_icmp/u_icmp_tx/cur_state[4] u_icmp/u_icmp_tx/cur_state[3] u_icmp/u_icmp_tx/cur_state[2] u_icmp/u_icmp_tx/cur_state[1] u_icmp/u_icmp_tx/cur_state[0]
I: to  u_icmp/u_icmp_tx/cur_state_reg[7] u_icmp/u_icmp_tx/cur_state_reg[6] u_icmp/u_icmp_tx/cur_state_reg[5] u_icmp/u_icmp_tx/cur_state_reg[4] u_icmp/u_icmp_tx/cur_state_reg[3] u_icmp/u_icmp_tx/cur_state_reg[2] u_icmp/u_icmp_tx/cur_state_reg[1] u_icmp/u_icmp_tx/cur_state_reg[0]
I: 00000001 => 00000001
I: 00000010 => 00000010
I: 00000100 => 00000100
I: 00001000 => 00001000
I: 00010000 => 00010000
I: 00100000 => 00100000
I: 01000000 => 01000000
I: 10000000 => 10000000
I: Encoding type of FSM 'cur_state_fsm[6:0]' is: onehot.
I: Encoding table of FSM 'cur_state_fsm[6:0]':
I: from  u_udp/u_udp_rx/cur_state[6] u_udp/u_udp_rx/cur_state[5] u_udp/u_udp_rx/cur_state[4] u_udp/u_udp_rx/cur_state[3] u_udp/u_udp_rx/cur_state[2] u_udp/u_udp_rx/cur_state[1] u_udp/u_udp_rx/cur_state[0]
I: to  u_udp/u_udp_rx/cur_state_reg[6] u_udp/u_udp_rx/cur_state_reg[5] u_udp/u_udp_rx/cur_state_reg[4] u_udp/u_udp_rx/cur_state_reg[3] u_udp/u_udp_rx/cur_state_reg[2] u_udp/u_udp_rx/cur_state_reg[1] u_udp/u_udp_rx/cur_state_reg[0]
I: 0000001 => 0000001
I: 0000010 => 0000010
I: 0000100 => 0000100
I: 0001000 => 0001000
I: 0010000 => 0010000
I: 0100000 => 0100000
I: 1000000 => 1000000
I: Encoding type of FSM 'cur_state_fsm[6:0]' is: onehot.
I: Encoding table of FSM 'cur_state_fsm[6:0]':
I: from  u_udp/u_udp_tx/cur_state[6] u_udp/u_udp_tx/cur_state[5] u_udp/u_udp_tx/cur_state[4] u_udp/u_udp_tx/cur_state[3] u_udp/u_udp_tx/cur_state[2] u_udp/u_udp_tx/cur_state[1] u_udp/u_udp_tx/cur_state[0]
I: to  u_udp/u_udp_tx/cur_state_reg[6] u_udp/u_udp_tx/cur_state_reg[5] u_udp/u_udp_tx/cur_state_reg[4] u_udp/u_udp_tx/cur_state_reg[3] u_udp/u_udp_tx/cur_state_reg[2] u_udp/u_udp_tx/cur_state_reg[1] u_udp/u_udp_tx/cur_state_reg[0]
I: 0000001 => 0000001
I: 0000010 => 0000010
I: 0000100 => 0000100
I: 0001000 => 0001000
I: 0010000 => 0010000
I: 0100000 => 0100000
I: 1000000 => 1000000
I: Encoding type of FSM 'cur_state_fsm[4:0]' is: onehot.
I: Encoding table of FSM 'cur_state_fsm[4:0]':
I: from  u_arp/u_arp_rx/cur_state[4] u_arp/u_arp_rx/cur_state[3] u_arp/u_arp_rx/cur_state[2] u_arp/u_arp_rx/cur_state[1] u_arp/u_arp_rx/cur_state[0]
I: to  u_arp/u_arp_rx/cur_state_reg[4] u_arp/u_arp_rx/cur_state_reg[3] u_arp/u_arp_rx/cur_state_reg[2] u_arp/u_arp_rx/cur_state_reg[1] u_arp/u_arp_rx/cur_state_reg[0]
I: 00001 => 00001
I: 00010 => 00010
I: 00100 => 00100
I: 01000 => 01000
I: 10000 => 10000
I: Encoding type of FSM 'cur_state_fsm[4:0]' is: onehot.
I: Encoding table of FSM 'cur_state_fsm[4:0]':
I: from  u_arp/u_arp_tx/cur_state[4] u_arp/u_arp_tx/cur_state[3] u_arp/u_arp_tx/cur_state[2] u_arp/u_arp_tx/cur_state[1] u_arp/u_arp_tx/cur_state[0]
I: to  u_arp/u_arp_tx/cur_state_reg[4] u_arp/u_arp_tx/cur_state_reg[3] u_arp/u_arp_tx/cur_state_reg[2] u_arp/u_arp_tx/cur_state_reg[1] u_arp/u_arp_tx/cur_state_reg[0]
I: 00001 => 00001
I: 00010 => 00010
I: 00100 => 00100
I: 01000 => 01000
I: 10000 => 10000
I: Constant propagation done on u_icmp/u_icmp_rx/N49 (bmsWIDEINV).
I: Constant propagation done on u_icmp/u_icmp_rx/N50 (bmsPMUX).
I: Constant propagation done on u_icmp/u_icmp_tx/N70 (bmsWIDEINV).
I: Constant propagation done on u_icmp/u_icmp_tx/N71 (bmsPMUX).
I: Constant propagation done on u_udp/u_udp_rx/N47 (bmsWIDEINV).
I: Constant propagation done on u_udp/u_udp_rx/N48 (bmsPMUX).
I: Constant propagation done on u_udp/u_udp_tx/N70 (bmsWIDEINV).
I: Constant propagation done on u_udp/u_udp_tx/N71 (bmsPMUX).
I: Constant propagation done on u_arp/u_arp_rx/N37 (bmsWIDEINV).
I: Constant propagation done on u_arp/u_arp_rx/N38 (bmsPMUX).
W: Removed bmsWIDEDFFCPE inst ip_head_byte_num[5:0] at 0 that is stuck at constant 0.
I: Removed bmsSUB inst N348_1 that is redundant to N328
W: Removed bmsWIDEDFFCPE inst check_buffer[31:0] at 20 that is stuck at constant 0.
I: Removed bmsSUB inst N307_1 that is redundant to N287
W: Removed bmsWIDEDFFCPE inst check_buffer[31:0] at 20 that is stuck at constant 0.
I: Removed bmsWIDEDFFCPE inst arp_data[0][1] that is redundant to arp_data[0][0]
I: Removed bmsWIDEDFFCPE inst arp_data[0][2] that is redundant to arp_data[0][0]
I: Removed bmsWIDEDFFCPE inst arp_data[0][3] that is redundant to arp_data[0][0]
I: Removed bmsWIDEDFFCPE inst arp_data[0][4] that is redundant to arp_data[0][0]
I: Removed bmsWIDEDFFCPE inst arp_data[0][5] that is redundant to arp_data[0][0]
I: Removed bmsWIDEDFFCPE inst arp_data[0][6] that is redundant to arp_data[0][0]
I: Removed bmsWIDEDFFCPE inst arp_data[0][7] that is redundant to arp_data[0][0]
I: Removed bmsWIDEDFFCPE inst arp_data[1][1] that is redundant to arp_data[0][0]
I: Removed bmsWIDEDFFCPE inst arp_data[1][2] that is redundant to arp_data[0][0]
I: Removed bmsWIDEDFFCPE inst arp_data[1][3] that is redundant to arp_data[0][0]
I: Removed bmsWIDEDFFCPE inst arp_data[1][4] that is redundant to arp_data[0][0]
I: Removed bmsWIDEDFFCPE inst arp_data[1][5] that is redundant to arp_data[0][0]
I: Removed bmsWIDEDFFCPE inst arp_data[1][6] that is redundant to arp_data[0][0]
I: Removed bmsWIDEDFFCPE inst arp_data[1][7] that is redundant to arp_data[0][0]
I: Removed bmsWIDEDFFCPE inst arp_data[2][0] that is redundant to arp_data[0][0]
I: Removed bmsWIDEDFFCPE inst arp_data[2][1] that is redundant to arp_data[0][0]
I: Removed bmsWIDEDFFCPE inst arp_data[2][2] that is redundant to arp_data[0][0]
I: Removed bmsWIDEDFFCPE inst arp_data[2][4] that is redundant to arp_data[0][0]
I: Removed bmsWIDEDFFCPE inst arp_data[2][5] that is redundant to arp_data[0][0]
I: Removed bmsWIDEDFFCPE inst arp_data[2][6] that is redundant to arp_data[0][0]
I: Removed bmsWIDEDFFCPE inst arp_data[2][7] that is redundant to arp_data[0][0]
I: Removed bmsWIDEDFFCPE inst arp_data[3][0] that is redundant to arp_data[0][0]
I: Removed bmsWIDEDFFCPE inst arp_data[3][1] that is redundant to arp_data[0][0]
I: Removed bmsWIDEDFFCPE inst arp_data[3][2] that is redundant to arp_data[0][0]
I: Removed bmsWIDEDFFCPE inst arp_data[3][3] that is redundant to arp_data[0][0]
I: Removed bmsWIDEDFFCPE inst arp_data[3][4] that is redundant to arp_data[0][0]
I: Removed bmsWIDEDFFCPE inst arp_data[3][5] that is redundant to arp_data[0][0]
I: Removed bmsWIDEDFFCPE inst arp_data[3][6] that is redundant to arp_data[0][0]
I: Removed bmsWIDEDFFCPE inst arp_data[3][7] that is redundant to arp_data[0][0]
I: Removed bmsWIDEDFFCPE inst arp_data[4][0] that is redundant to arp_data[0][0]
I: Removed bmsWIDEDFFCPE inst arp_data[4][3] that is redundant to arp_data[0][0]
I: Removed bmsWIDEDFFCPE inst arp_data[4][4] that is redundant to arp_data[0][0]
I: Removed bmsWIDEDFFCPE inst arp_data[4][5] that is redundant to arp_data[0][0]
I: Removed bmsWIDEDFFCPE inst arp_data[4][6] that is redundant to arp_data[0][0]
I: Removed bmsWIDEDFFCPE inst arp_data[4][7] that is redundant to arp_data[0][0]
I: Removed bmsWIDEDFFCPE inst arp_data[5][0] that is redundant to arp_data[0][0]
I: Removed bmsWIDEDFFCPE inst arp_data[5][1] that is redundant to arp_data[0][0]
I: Removed bmsWIDEDFFCPE inst arp_data[5][3] that is redundant to arp_data[0][0]
I: Removed bmsWIDEDFFCPE inst arp_data[5][4] that is redundant to arp_data[0][0]
I: Removed bmsWIDEDFFCPE inst arp_data[5][5] that is redundant to arp_data[0][0]
I: Removed bmsWIDEDFFCPE inst arp_data[5][6] that is redundant to arp_data[0][0]
I: Removed bmsWIDEDFFCPE inst arp_data[5][7] that is redundant to arp_data[0][0]
I: Removed bmsWIDEDFFCPE inst arp_data[6][0] that is redundant to arp_data[0][0]
I: Removed bmsWIDEDFFCPE inst arp_data[6][1] that is redundant to arp_data[0][0]
I: Removed bmsWIDEDFFCPE inst arp_data[6][2] that is redundant to arp_data[0][0]
I: Removed bmsWIDEDFFCPE inst arp_data[6][3] that is redundant to arp_data[0][0]
I: Removed bmsWIDEDFFCPE inst arp_data[6][4] that is redundant to arp_data[0][0]
I: Removed bmsWIDEDFFCPE inst arp_data[6][5] that is redundant to arp_data[0][0]
I: Removed bmsWIDEDFFCPE inst arp_data[6][6] that is redundant to arp_data[0][0]
I: Removed bmsWIDEDFFCPE inst arp_data[6][7] that is redundant to arp_data[0][0]
I: Removed bmsWIDEDFFCPE inst arp_data[8][0] that is redundant to arp_data[0][0]
I: Removed bmsWIDEDFFCPE inst arp_data[8][1] that is redundant to arp_data[0][0]
I: Removed bmsWIDEDFFCPE inst arp_data[8][2] that is redundant to arp_data[0][0]
I: Removed bmsWIDEDFFCPE inst arp_data[8][3] that is redundant to arp_data[0][0]
I: Removed bmsWIDEDFFCPE inst arp_data[8][4] that is redundant to arp_data[0][0]
I: Removed bmsWIDEDFFCPE inst arp_data[8][5] that is redundant to arp_data[0][0]
I: Removed bmsWIDEDFFCPE inst arp_data[8][6] that is redundant to arp_data[0][0]
I: Removed bmsWIDEDFFCPE inst arp_data[8][7] that is redundant to arp_data[0][0]
I: Removed bmsWIDEDFFCPE inst arp_data[9][1] that is redundant to arp_data[0][0]
I: Removed bmsWIDEDFFCPE inst arp_data[9][2] that is redundant to arp_data[0][0]
I: Removed bmsWIDEDFFCPE inst arp_data[9][3] that is redundant to arp_data[0][0]
I: Removed bmsWIDEDFFCPE inst arp_data[9][5] that is redundant to arp_data[0][0]
I: Removed bmsWIDEDFFCPE inst arp_data[9][6] that is redundant to arp_data[0][0]
I: Removed bmsWIDEDFFCPE inst arp_data[9][7] that is redundant to arp_data[0][0]
I: Removed bmsWIDEDFFCPE inst arp_data[10][0] that is redundant to arp_data[0][0]
I: Removed bmsWIDEDFFCPE inst arp_data[10][2] that is redundant to arp_data[0][0]
I: Removed bmsWIDEDFFCPE inst arp_data[10][3] that is redundant to arp_data[0][0]
I: Removed bmsWIDEDFFCPE inst arp_data[10][4] that is redundant to arp_data[0][0]
I: Removed bmsWIDEDFFCPE inst arp_data[10][6] that is redundant to arp_data[0][0]
I: Removed bmsWIDEDFFCPE inst arp_data[10][7] that is redundant to arp_data[0][0]
I: Removed bmsWIDEDFFCPE inst arp_data[11][2] that is redundant to arp_data[0][0]
I: Removed bmsWIDEDFFCPE inst arp_data[11][3] that is redundant to arp_data[0][0]
I: Removed bmsWIDEDFFCPE inst arp_data[11][6] that is redundant to arp_data[0][0]
I: Removed bmsWIDEDFFCPE inst arp_data[11][7] that is redundant to arp_data[0][0]
I: Removed bmsWIDEDFFCPE inst arp_data[12][0] that is redundant to arp_data[0][0]
I: Removed bmsWIDEDFFCPE inst arp_data[12][1] that is redundant to arp_data[0][0]
I: Removed bmsWIDEDFFCPE inst arp_data[12][3] that is redundant to arp_data[0][0]
I: Removed bmsWIDEDFFCPE inst arp_data[12][4] that is redundant to arp_data[0][0]
I: Removed bmsWIDEDFFCPE inst arp_data[12][5] that is redundant to arp_data[0][0]
I: Removed bmsWIDEDFFCPE inst arp_data[12][7] that is redundant to arp_data[0][0]
I: Removed bmsWIDEDFFCPE inst arp_data[13][1] that is redundant to arp_data[0][0]
I: Removed bmsWIDEDFFCPE inst arp_data[13][3] that is redundant to arp_data[0][0]
I: Removed bmsWIDEDFFCPE inst arp_data[13][5] that is redundant to arp_data[0][0]
I: Removed bmsWIDEDFFCPE inst arp_data[13][7] that is redundant to arp_data[0][0]
I: Removed bmsWIDEDFFCPE inst arp_data[14][0] that is redundant to arp_data[0][0]
I: Removed bmsWIDEDFFCPE inst arp_data[14][1] that is redundant to arp_data[0][0]
I: Removed bmsWIDEDFFCPE inst arp_data[14][2] that is redundant to arp_data[0][0]
I: Removed bmsWIDEDFFCPE inst arp_data[14][3] that is redundant to arp_data[0][0]
I: Removed bmsWIDEDFFCPE inst arp_data[14][4] that is redundant to arp_data[0][0]
I: Removed bmsWIDEDFFCPE inst arp_data[14][5] that is redundant to arp_data[0][0]
I: Removed bmsWIDEDFFCPE inst arp_data[15][0] that is redundant to arp_data[0][0]
I: Removed bmsWIDEDFFCPE inst arp_data[15][1] that is redundant to arp_data[0][0]
I: Removed bmsWIDEDFFCPE inst arp_data[15][2] that is redundant to arp_data[0][0]
I: Removed bmsWIDEDFFCPE inst arp_data[15][4] that is redundant to arp_data[0][0]
I: Removed bmsWIDEDFFCPE inst arp_data[15][6] that is redundant to arp_data[0][0]
I: Removed bmsWIDEDFFCPE inst arp_data[16][1] that is redundant to arp_data[0][0]
I: Removed bmsWIDEDFFCPE inst arp_data[16][2] that is redundant to arp_data[0][0]
I: Removed bmsWIDEDFFCPE inst arp_data[16][3] that is redundant to arp_data[0][0]
I: Removed bmsWIDEDFFCPE inst arp_data[16][4] that is redundant to arp_data[0][0]
I: Removed bmsWIDEDFFCPE inst arp_data[16][5] that is redundant to arp_data[0][0]
I: Removed bmsWIDEDFFCPE inst arp_data[16][6] that is redundant to arp_data[0][0]
I: Removed bmsWIDEDFFCPE inst arp_data[16][7] that is redundant to arp_data[0][0]
I: Removed bmsWIDEDFFCPE inst arp_data[17][0] that is redundant to arp_data[0][0]
I: Removed bmsWIDEDFFCPE inst arp_data[17][2] that is redundant to arp_data[0][0]
I: Removed bmsWIDEDFFCPE inst arp_data[17][4] that is redundant to arp_data[0][0]
I: Removed bmsWIDEDFFCPE inst arp_data[17][5] that is redundant to arp_data[0][0]
I: Removed bmsWIDEDFFCPE inst arp_data[17][6] that is redundant to arp_data[0][0]
I: Removed bmsWIDEDFFCPE inst arp_data[17][7] that is redundant to arp_data[0][0]
I: Removed bmsWIDEDFFCPE inst arp_data[2][3] that is redundant to arp_data[1][0]
I: Removed bmsWIDEDFFCPE inst arp_data[4][1] that is redundant to arp_data[1][0]
I: Removed bmsWIDEDFFCPE inst arp_data[4][2] that is redundant to arp_data[1][0]
I: Removed bmsWIDEDFFCPE inst arp_data[5][2] that is redundant to arp_data[1][0]
I: Removed bmsWIDEDFFCPE inst arp_data[9][0] that is redundant to arp_data[1][0]
I: Removed bmsWIDEDFFCPE inst arp_data[9][4] that is redundant to arp_data[1][0]
I: Removed bmsWIDEDFFCPE inst arp_data[10][1] that is redundant to arp_data[1][0]
I: Removed bmsWIDEDFFCPE inst arp_data[10][5] that is redundant to arp_data[1][0]
I: Removed bmsWIDEDFFCPE inst arp_data[11][0] that is redundant to arp_data[1][0]
I: Removed bmsWIDEDFFCPE inst arp_data[11][1] that is redundant to arp_data[1][0]
I: Removed bmsWIDEDFFCPE inst arp_data[11][4] that is redundant to arp_data[1][0]
I: Removed bmsWIDEDFFCPE inst arp_data[11][5] that is redundant to arp_data[1][0]
I: Removed bmsWIDEDFFCPE inst arp_data[12][2] that is redundant to arp_data[1][0]
I: Removed bmsWIDEDFFCPE inst arp_data[12][6] that is redundant to arp_data[1][0]
I: Removed bmsWIDEDFFCPE inst arp_data[13][0] that is redundant to arp_data[1][0]
I: Removed bmsWIDEDFFCPE inst arp_data[13][2] that is redundant to arp_data[1][0]
I: Removed bmsWIDEDFFCPE inst arp_data[13][4] that is redundant to arp_data[1][0]
I: Removed bmsWIDEDFFCPE inst arp_data[13][6] that is redundant to arp_data[1][0]
I: Removed bmsWIDEDFFCPE inst arp_data[14][6] that is redundant to arp_data[1][0]
I: Removed bmsWIDEDFFCPE inst arp_data[14][7] that is redundant to arp_data[1][0]
I: Removed bmsWIDEDFFCPE inst arp_data[15][3] that is redundant to arp_data[1][0]
I: Removed bmsWIDEDFFCPE inst arp_data[15][5] that is redundant to arp_data[1][0]
I: Removed bmsWIDEDFFCPE inst arp_data[15][7] that is redundant to arp_data[1][0]
I: Removed bmsWIDEDFFCPE inst arp_data[16][0] that is redundant to arp_data[1][0]
I: Removed bmsWIDEDFFCPE inst arp_data[17][1] that is redundant to arp_data[1][0]
I: Removed bmsWIDEDFFCPE inst arp_data[17][3] that is redundant to arp_data[1][0]
W: Removed bmsWIDEDFFCPE inst arp_data[0][0] that is stuck at constant 0.
W: Removed bmsWIDEDFFCPE inst arp_data[1][0] that is stuck at constant 1.
Executing : pre-mapping successfully. Time elapsed: 0.302s wall, 0.453s user + 0.016s system = 0.469s CPU (155.3%)

Start mod-gen.
W: Public-4008: Instance 'sync_fifo_2048x8b_inst/U_ipm2l_fifo_sync_fifo_2048x8b/U_ipm2l_fifo_ctrl/rd_water_level[11:0]' of 'bmsWIDEDFFCPE' unit is dangling and will be cleaned.
W: Public-4008: Instance 'sync_fifo_2048x8b_inst/U_ipm2l_fifo_sync_fifo_2048x8b/U_ipm2l_fifo_ctrl/wr_water_level[11:0]' of 'bmsWIDEDFFCPE' unit is dangling and will be cleaned.
I: Removed bmsADD inst u_udp/u_udp_tx/N3383 that is redundant to u_icmp/u_icmp_tx/N3754
I: Removed bmsREDOR inst u_udp/u_udp_tx/N545 that is redundant to u_icmp/u_icmp_tx/N592
I: Removed bmsREDOR inst u_icmp/u_icmp_tx/N592 that is redundant to u_arp/u_arp_tx/N376
I: Removed bmsSUB inst u_udp/u_udp_tx/N307_0 that is redundant to u_icmp/u_icmp_tx/N348_0
I: Removed bmsREDAND inst u_udp/u_udp_tx/N496 that is redundant to u_icmp/u_icmp_tx/N543
I: Removed inst u_icmp/u_icmp_tx/preamble[1][7:0] which is redundant to u_icmp/u_icmp_tx/preamble[0][7:0] (type bmsWIDEDFFPATCE)
I: Removed inst u_icmp/u_icmp_tx/preamble[2][7:0] which is redundant to u_icmp/u_icmp_tx/preamble[0][7:0] (type bmsWIDEDFFPATCE)
I: Removed inst u_icmp/u_icmp_tx/preamble[3][7:0] which is redundant to u_icmp/u_icmp_tx/preamble[0][7:0] (type bmsWIDEDFFPATCE)
I: Removed inst u_icmp/u_icmp_tx/preamble[4][7:0] which is redundant to u_icmp/u_icmp_tx/preamble[0][7:0] (type bmsWIDEDFFPATCE)
I: Removed inst u_icmp/u_icmp_tx/preamble[5][7:0] which is redundant to u_icmp/u_icmp_tx/preamble[0][7:0] (type bmsWIDEDFFPATCE)
I: Removed inst u_icmp/u_icmp_tx/preamble[6][7:0] which is redundant to u_icmp/u_icmp_tx/preamble[0][7:0] (type bmsWIDEDFFPATCE)
I: Removed inst u_arp/u_arp_tx/preamble[0][7:0] which is redundant to u_icmp/u_icmp_tx/preamble[0][7:0] (type bmsWIDEDFFPATCE)
I: Removed inst u_icmp/u_icmp_tx/eth_head[11][7:0] which is redundant to u_icmp/u_icmp_tx/preamble[0][7:0] (type bmsWIDEDFFPATCE)
I: Removed inst u_arp/u_arp_tx/preamble[1][7:0] which is redundant to u_icmp/u_icmp_tx/preamble[0][7:0] (type bmsWIDEDFFPATCE)
I: Removed inst u_arp/u_arp_tx/eth_head[11][7:0] which is redundant to u_icmp/u_icmp_tx/preamble[0][7:0] (type bmsWIDEDFFPATCE)
I: Removed inst u_arp/u_arp_tx/preamble[2][7:0] which is redundant to u_icmp/u_icmp_tx/preamble[0][7:0] (type bmsWIDEDFFPATCE)
I: Removed inst u_arp/u_arp_tx/preamble[3][7:0] which is redundant to u_icmp/u_icmp_tx/preamble[0][7:0] (type bmsWIDEDFFPATCE)
I: Removed inst u_arp/u_arp_tx/preamble[4][7:0] which is redundant to u_icmp/u_icmp_tx/preamble[0][7:0] (type bmsWIDEDFFPATCE)
I: Removed inst u_arp/u_arp_tx/preamble[5][7:0] which is redundant to u_icmp/u_icmp_tx/preamble[0][7:0] (type bmsWIDEDFFPATCE)
I: Removed inst u_arp/u_arp_tx/preamble[6][7:0] which is redundant to u_icmp/u_icmp_tx/preamble[0][7:0] (type bmsWIDEDFFPATCE)
I: Removed inst u_udp/u_udp_tx/preamble[0][7:0] which is redundant to u_icmp/u_icmp_tx/preamble[0][7:0] (type bmsWIDEDFFPATCE)
I: Removed inst u_udp/u_udp_tx/preamble[1][7:0] which is redundant to u_icmp/u_icmp_tx/preamble[0][7:0] (type bmsWIDEDFFPATCE)
I: Removed inst u_udp/u_udp_tx/preamble[2][7:0] which is redundant to u_icmp/u_icmp_tx/preamble[0][7:0] (type bmsWIDEDFFPATCE)
I: Removed inst u_udp/u_udp_tx/preamble[3][7:0] which is redundant to u_icmp/u_icmp_tx/preamble[0][7:0] (type bmsWIDEDFFPATCE)
I: Removed inst u_udp/u_udp_tx/preamble[4][7:0] which is redundant to u_icmp/u_icmp_tx/preamble[0][7:0] (type bmsWIDEDFFPATCE)
I: Removed inst u_udp/u_udp_tx/preamble[5][7:0] which is redundant to u_icmp/u_icmp_tx/preamble[0][7:0] (type bmsWIDEDFFPATCE)
I: Removed inst u_udp/u_udp_tx/preamble[6][7:0] which is redundant to u_icmp/u_icmp_tx/preamble[0][7:0] (type bmsWIDEDFFPATCE)
I: Removed inst u_udp/u_udp_tx/eth_head[11][7:0] which is redundant to u_icmp/u_icmp_tx/preamble[0][7:0] (type bmsWIDEDFFPATCE)
I: Removed inst u_arp/u_arp_tx/preamble[7][7:0] which is redundant to u_icmp/u_icmp_tx/preamble[7][7:0] (type bmsWIDEDFFPATCE)
I: Removed inst u_udp/u_udp_tx/preamble[7][7:0] which is redundant to u_icmp/u_icmp_tx/preamble[7][7:0] (type bmsWIDEDFFPATCE)
I: Removed inst u_arp/u_arp_tx/eth_head[7][7:0] which is redundant to u_icmp/u_icmp_tx/eth_head[7][7:0] (type bmsWIDEDFFPATCE)
I: Removed inst u_udp/u_udp_tx/eth_head[7][7:0] which is redundant to u_icmp/u_icmp_tx/eth_head[7][7:0] (type bmsWIDEDFFPATCE)
I: Removed inst u_arp/u_arp_tx/eth_head[8][7:0] which is redundant to u_icmp/u_icmp_tx/eth_head[8][7:0] (type bmsWIDEDFFPATCE)
I: Removed inst u_udp/u_udp_tx/eth_head[8][7:0] which is redundant to u_icmp/u_icmp_tx/eth_head[8][7:0] (type bmsWIDEDFFPATCE)
I: Removed inst u_arp/u_arp_tx/eth_head[9][7:0] which is redundant to u_icmp/u_icmp_tx/eth_head[9][7:0] (type bmsWIDEDFFPATCE)
I: Removed inst u_udp/u_udp_tx/eth_head[9][7:0] which is redundant to u_icmp/u_icmp_tx/eth_head[9][7:0] (type bmsWIDEDFFPATCE)
I: Removed inst u_arp/u_arp_tx/eth_head[10][7:0] which is redundant to u_icmp/u_icmp_tx/eth_head[10][7:0] (type bmsWIDEDFFPATCE)
I: Removed inst u_udp/u_udp_tx/eth_head[10][7:0] which is redundant to u_icmp/u_icmp_tx/eth_head[10][7:0] (type bmsWIDEDFFPATCE)
I: Removed inst u_arp/u_arp_tx/eth_head[12][7:0] which is redundant to u_icmp/u_icmp_tx/eth_head[12][7:0] (type bmsWIDEDFFPATCE)
I: Removed inst u_udp/u_udp_tx/eth_head[12][7:0] which is redundant to u_icmp/u_icmp_tx/eth_head[12][7:0] (type bmsWIDEDFFPATCE)
I: Removed inst u_icmp/u_icmp_tx/eth_head[13][7:0] which is redundant to u_icmp/u_icmp_tx/eth_head[6][7:0] (type bmsWIDEDFFCPE)
I: Removed inst u_arp/u_arp_tx/eth_head[6][7:0] which is redundant to u_icmp/u_icmp_tx/eth_head[6][7:0] (type bmsWIDEDFFCPE)
I: Removed inst u_udp/u_udp_tx/eth_head[6][7:0] which is redundant to u_icmp/u_icmp_tx/eth_head[6][7:0] (type bmsWIDEDFFCPE)
I: Removed inst u_udp/u_udp_tx/eth_head[13][7:0] which is redundant to u_icmp/u_icmp_tx/eth_head[6][7:0] (type bmsWIDEDFFCPE)
Executing : mod-gen successfully. Time elapsed: 0.761s wall, 1.094s user + 0.031s system = 1.125s CPU (147.8%)

Start logic-optimization.
W: Removed bmsWIDEDFFPATCE inst u_icmp/u_icmp_tx/preamble[0][7:0] at 0 that is stuck at constant 1.
W: Removed bmsWIDEDFFPATCE inst u_icmp/u_icmp_tx/preamble[0][7:0] at 1 that is stuck at constant 0.
W: Removed bmsWIDEDFFPATCE inst u_icmp/u_icmp_tx/preamble[0][7:0] at 2 that is stuck at constant 1.
W: Removed bmsWIDEDFFPATCE inst u_icmp/u_icmp_tx/preamble[0][7:0] at 3 that is stuck at constant 0.
W: Removed bmsWIDEDFFPATCE inst u_icmp/u_icmp_tx/preamble[0][7:0] at 4 that is stuck at constant 1.
W: Removed bmsWIDEDFFPATCE inst u_icmp/u_icmp_tx/preamble[0][7:0] at 5 that is stuck at constant 0.
W: Removed bmsWIDEDFFPATCE inst u_icmp/u_icmp_tx/preamble[0][7:0] at 6 that is stuck at constant 1.
W: Removed bmsWIDEDFFPATCE inst u_icmp/u_icmp_tx/preamble[0][7:0] at 7 that is stuck at constant 0.
W: Removed bmsWIDEDFFPATCE inst u_icmp/u_icmp_tx/preamble[7][7:0] at 0 that is stuck at constant 1.
W: Removed bmsWIDEDFFPATCE inst u_icmp/u_icmp_tx/preamble[7][7:0] at 1 that is stuck at constant 0.
W: Removed bmsWIDEDFFPATCE inst u_icmp/u_icmp_tx/preamble[7][7:0] at 2 that is stuck at constant 1.
W: Removed bmsWIDEDFFPATCE inst u_icmp/u_icmp_tx/preamble[7][7:0] at 3 that is stuck at constant 0.
W: Removed bmsWIDEDFFPATCE inst u_icmp/u_icmp_tx/preamble[7][7:0] at 4 that is stuck at constant 1.
W: Removed bmsWIDEDFFPATCE inst u_icmp/u_icmp_tx/preamble[7][7:0] at 5 that is stuck at constant 0.
W: Removed bmsWIDEDFFPATCE inst u_icmp/u_icmp_tx/preamble[7][7:0] at 6 that is stuck at constant 1.
W: Removed bmsWIDEDFFPATCE inst u_icmp/u_icmp_tx/preamble[7][7:0] at 7 that is stuck at constant 1.
W: Removed bmsWIDEDFFCPE inst u_icmp/u_icmp_tx/eth_head[6][7:0] at 0 that is stuck at constant 0.
W: Removed bmsWIDEDFFCPE inst u_icmp/u_icmp_tx/eth_head[6][7:0] at 1 that is stuck at constant 0.
W: Removed bmsWIDEDFFCPE inst u_icmp/u_icmp_tx/eth_head[6][7:0] at 2 that is stuck at constant 0.
W: Removed bmsWIDEDFFCPE inst u_icmp/u_icmp_tx/eth_head[6][7:0] at 3 that is stuck at constant 0.
W: Removed bmsWIDEDFFCPE inst u_icmp/u_icmp_tx/eth_head[6][7:0] at 4 that is stuck at constant 0.
W: Removed bmsWIDEDFFCPE inst u_icmp/u_icmp_tx/eth_head[6][7:0] at 5 that is stuck at constant 0.
W: Removed bmsWIDEDFFCPE inst u_icmp/u_icmp_tx/eth_head[6][7:0] at 6 that is stuck at constant 0.
W: Removed bmsWIDEDFFCPE inst u_icmp/u_icmp_tx/eth_head[6][7:0] at 7 that is stuck at constant 0.
W: Removed bmsWIDEDFFPATCE inst u_icmp/u_icmp_tx/eth_head[7][7:0] at 0 that is stuck at constant 1.
W: Removed bmsWIDEDFFPATCE inst u_icmp/u_icmp_tx/eth_head[7][7:0] at 1 that is stuck at constant 0.
W: Removed bmsWIDEDFFPATCE inst u_icmp/u_icmp_tx/eth_head[7][7:0] at 2 that is stuck at constant 0.
W: Removed bmsWIDEDFFPATCE inst u_icmp/u_icmp_tx/eth_head[7][7:0] at 3 that is stuck at constant 0.
W: Removed bmsWIDEDFFPATCE inst u_icmp/u_icmp_tx/eth_head[7][7:0] at 4 that is stuck at constant 1.
W: Removed bmsWIDEDFFPATCE inst u_icmp/u_icmp_tx/eth_head[7][7:0] at 5 that is stuck at constant 0.
W: Removed bmsWIDEDFFPATCE inst u_icmp/u_icmp_tx/eth_head[7][7:0] at 6 that is stuck at constant 0.
W: Removed bmsWIDEDFFPATCE inst u_icmp/u_icmp_tx/eth_head[7][7:0] at 7 that is stuck at constant 0.
W: Removed bmsWIDEDFFPATCE inst u_icmp/u_icmp_tx/eth_head[8][7:0] at 0 that is stuck at constant 0.
W: Removed bmsWIDEDFFPATCE inst u_icmp/u_icmp_tx/eth_head[8][7:0] at 1 that is stuck at constant 1.
W: Removed bmsWIDEDFFPATCE inst u_icmp/u_icmp_tx/eth_head[8][7:0] at 2 that is stuck at constant 0.
W: Removed bmsWIDEDFFPATCE inst u_icmp/u_icmp_tx/eth_head[8][7:0] at 3 that is stuck at constant 0.
W: Removed bmsWIDEDFFPATCE inst u_icmp/u_icmp_tx/eth_head[8][7:0] at 4 that is stuck at constant 0.
W: Removed bmsWIDEDFFPATCE inst u_icmp/u_icmp_tx/eth_head[8][7:0] at 5 that is stuck at constant 1.
W: Removed bmsWIDEDFFPATCE inst u_icmp/u_icmp_tx/eth_head[8][7:0] at 6 that is stuck at constant 0.
W: Removed bmsWIDEDFFPATCE inst u_icmp/u_icmp_tx/eth_head[8][7:0] at 7 that is stuck at constant 0.
W: Removed bmsWIDEDFFPATCE inst u_icmp/u_icmp_tx/eth_head[9][7:0] at 0 that is stuck at constant 1.
W: Removed bmsWIDEDFFPATCE inst u_icmp/u_icmp_tx/eth_head[9][7:0] at 1 that is stuck at constant 1.
W: Removed bmsWIDEDFFPATCE inst u_icmp/u_icmp_tx/eth_head[9][7:0] at 2 that is stuck at constant 0.
W: Removed bmsWIDEDFFPATCE inst u_icmp/u_icmp_tx/eth_head[9][7:0] at 3 that is stuck at constant 0.
W: Removed bmsWIDEDFFPATCE inst u_icmp/u_icmp_tx/eth_head[9][7:0] at 4 that is stuck at constant 1.
W: Removed bmsWIDEDFFPATCE inst u_icmp/u_icmp_tx/eth_head[9][7:0] at 5 that is stuck at constant 1.
W: Removed bmsWIDEDFFPATCE inst u_icmp/u_icmp_tx/eth_head[9][7:0] at 6 that is stuck at constant 0.
W: Removed bmsWIDEDFFPATCE inst u_icmp/u_icmp_tx/eth_head[9][7:0] at 7 that is stuck at constant 0.
W: Removed bmsWIDEDFFPATCE inst u_icmp/u_icmp_tx/eth_head[10][7:0] at 0 that is stuck at constant 0.
W: Removed bmsWIDEDFFPATCE inst u_icmp/u_icmp_tx/eth_head[10][7:0] at 1 that is stuck at constant 0.
W: Removed bmsWIDEDFFPATCE inst u_icmp/u_icmp_tx/eth_head[10][7:0] at 2 that is stuck at constant 1.
W: Removed bmsWIDEDFFPATCE inst u_icmp/u_icmp_tx/eth_head[10][7:0] at 3 that is stuck at constant 0.
W: Removed bmsWIDEDFFPATCE inst u_icmp/u_icmp_tx/eth_head[10][7:0] at 4 that is stuck at constant 0.
W: Removed bmsWIDEDFFPATCE inst u_icmp/u_icmp_tx/eth_head[10][7:0] at 5 that is stuck at constant 0.
W: Removed bmsWIDEDFFPATCE inst u_icmp/u_icmp_tx/eth_head[10][7:0] at 6 that is stuck at constant 1.
W: Removed bmsWIDEDFFPATCE inst u_icmp/u_icmp_tx/eth_head[10][7:0] at 7 that is stuck at constant 0.
W: Removed bmsWIDEDFFPATCE inst u_icmp/u_icmp_tx/eth_head[12][7:0] at 0 that is stuck at constant 0.
W: Removed bmsWIDEDFFPATCE inst u_icmp/u_icmp_tx/eth_head[12][7:0] at 1 that is stuck at constant 0.
W: Removed bmsWIDEDFFPATCE inst u_icmp/u_icmp_tx/eth_head[12][7:0] at 2 that is stuck at constant 0.
W: Removed bmsWIDEDFFPATCE inst u_icmp/u_icmp_tx/eth_head[12][7:0] at 3 that is stuck at constant 1.
W: Removed bmsWIDEDFFPATCE inst u_icmp/u_icmp_tx/eth_head[12][7:0] at 4 that is stuck at constant 0.
W: Removed bmsWIDEDFFPATCE inst u_icmp/u_icmp_tx/eth_head[12][7:0] at 5 that is stuck at constant 0.
W: Removed bmsWIDEDFFPATCE inst u_icmp/u_icmp_tx/eth_head[12][7:0] at 6 that is stuck at constant 0.
W: Removed bmsWIDEDFFPATCE inst u_icmp/u_icmp_tx/eth_head[12][7:0] at 7 that is stuck at constant 0.
W: Removed bmsWIDEDFFPATCE inst u_arp/u_arp_tx/eth_head[13][7:0] at 0 that is stuck at constant 0.
W: Removed bmsWIDEDFFPATCE inst u_arp/u_arp_tx/eth_head[13][7:0] at 1 that is stuck at constant 1.
W: Removed bmsWIDEDFFPATCE inst u_arp/u_arp_tx/eth_head[13][7:0] at 2 that is stuck at constant 1.
W: Removed bmsWIDEDFFPATCE inst u_arp/u_arp_tx/eth_head[13][7:0] at 3 that is stuck at constant 0.
W: Removed bmsWIDEDFFPATCE inst u_arp/u_arp_tx/eth_head[13][7:0] at 4 that is stuck at constant 0.
W: Removed bmsWIDEDFFPATCE inst u_arp/u_arp_tx/eth_head[13][7:0] at 5 that is stuck at constant 0.
W: Removed bmsWIDEDFFPATCE inst u_arp/u_arp_tx/eth_head[13][7:0] at 6 that is stuck at constant 0.
W: Removed bmsWIDEDFFPATCE inst u_arp/u_arp_tx/eth_head[13][7:0] at 7 that is stuck at constant 0.
Executing : logic-optimization successfully. Time elapsed: 2.342s wall, 1.953s user + 0.359s system = 2.312s CPU (98.7%)

Start tech-mapping phase 1.
W: Public-4008: Instance 'u_icmp/u_icmp_rx/des_ip[24]' of 'bmsWIDEDFFCPE' unit is dangling and will be cleaned.
W: Public-4008: Instance 'u_icmp/u_icmp_rx/des_ip[25]' of 'bmsWIDEDFFCPE' unit is dangling and will be cleaned.
W: Public-4008: Instance 'u_icmp/u_icmp_rx/des_ip[26]' of 'bmsWIDEDFFCPE' unit is dangling and will be cleaned.
W: Public-4008: Instance 'u_icmp/u_icmp_rx/des_ip[27]' of 'bmsWIDEDFFCPE' unit is dangling and will be cleaned.
W: Public-4008: Instance 'u_icmp/u_icmp_rx/des_ip[28]' of 'bmsWIDEDFFCPE' unit is dangling and will be cleaned.
W: Public-4008: Instance 'u_icmp/u_icmp_rx/des_ip[29]' of 'bmsWIDEDFFCPE' unit is dangling and will be cleaned.
W: Public-4008: Instance 'u_icmp/u_icmp_rx/des_ip[30]' of 'bmsWIDEDFFCPE' unit is dangling and will be cleaned.
W: Public-4008: Instance 'u_icmp/u_icmp_rx/des_ip[31]' of 'bmsWIDEDFFCPE' unit is dangling and will be cleaned.
W: Public-4008: Instance 'u_icmp/u_icmp_rx/ip_head_byte_num[0]' of 'bmsWIDEDFFCPE' unit is dangling and will be cleaned.
W: Public-4008: Instance 'u_icmp/u_icmp_rx/ip_head_byte_num[1]' of 'bmsWIDEDFFCPE' unit is dangling and will be cleaned.
W: Public-4008: Instance 'u_icmp/u_icmp_tx/check_buffer[20]' of 'bmsWIDEDFFCPE' unit is dangling and will be cleaned.
W: Public-4008: Instance 'u_icmp/u_icmp_tx/check_buffer[21]' of 'bmsWIDEDFFCPE' unit is dangling and will be cleaned.
W: Public-4008: Instance 'u_icmp/u_icmp_tx/check_buffer[22]' of 'bmsWIDEDFFCPE' unit is dangling and will be cleaned.
W: Public-4008: Instance 'u_icmp/u_icmp_tx/check_buffer[23]' of 'bmsWIDEDFFCPE' unit is dangling and will be cleaned.
W: Public-4008: Instance 'u_icmp/u_icmp_tx/check_buffer[24]' of 'bmsWIDEDFFCPE' unit is dangling and will be cleaned.
W: Public-4008: Instance 'u_icmp/u_icmp_tx/check_buffer[25]' of 'bmsWIDEDFFCPE' unit is dangling and will be cleaned.
W: Public-4008: Instance 'u_icmp/u_icmp_tx/check_buffer[26]' of 'bmsWIDEDFFCPE' unit is dangling and will be cleaned.
W: Public-4008: Instance 'u_icmp/u_icmp_tx/check_buffer[27]' of 'bmsWIDEDFFCPE' unit is dangling and will be cleaned.
W: Public-4008: Instance 'u_icmp/u_icmp_tx/check_buffer[28]' of 'bmsWIDEDFFCPE' unit is dangling and will be cleaned.
W: Public-4008: Instance 'u_icmp/u_icmp_tx/check_buffer[29]' of 'bmsWIDEDFFCPE' unit is dangling and will be cleaned.
W: Public-4008: Instance 'u_icmp/u_icmp_tx/check_buffer[30]' of 'bmsWIDEDFFCPE' unit is dangling and will be cleaned.
W: Public-4008: Instance 'u_icmp/u_icmp_tx/check_buffer[31]' of 'bmsWIDEDFFCPE' unit is dangling and will be cleaned.
W: Public-4008: Instance 'u_udp/u_udp_rx/des_ip[24]' of 'bmsWIDEDFFCPE' unit is dangling and will be cleaned.
W: Public-4008: Instance 'u_udp/u_udp_rx/des_ip[25]' of 'bmsWIDEDFFCPE' unit is dangling and will be cleaned.
W: Public-4008: Instance 'u_udp/u_udp_rx/des_ip[26]' of 'bmsWIDEDFFCPE' unit is dangling and will be cleaned.
W: Public-4008: Instance 'u_udp/u_udp_rx/des_ip[27]' of 'bmsWIDEDFFCPE' unit is dangling and will be cleaned.
W: Public-4008: Instance 'u_udp/u_udp_rx/des_ip[28]' of 'bmsWIDEDFFCPE' unit is dangling and will be cleaned.
W: Public-4008: Instance 'u_udp/u_udp_rx/des_ip[29]' of 'bmsWIDEDFFCPE' unit is dangling and will be cleaned.
W: Public-4008: Instance 'u_udp/u_udp_rx/des_ip[30]' of 'bmsWIDEDFFCPE' unit is dangling and will be cleaned.
W: Public-4008: Instance 'u_udp/u_udp_rx/des_ip[31]' of 'bmsWIDEDFFCPE' unit is dangling and will be cleaned.
W: Public-4008: Instance 'u_udp/u_udp_tx/check_buffer[20]' of 'bmsWIDEDFFCPE' unit is dangling and will be cleaned.
W: Public-4008: Instance 'u_udp/u_udp_tx/check_buffer[21]' of 'bmsWIDEDFFCPE' unit is dangling and will be cleaned.
W: Public-4008: Instance 'u_udp/u_udp_tx/check_buffer[22]' of 'bmsWIDEDFFCPE' unit is dangling and will be cleaned.
W: Public-4008: Instance 'u_udp/u_udp_tx/check_buffer[23]' of 'bmsWIDEDFFCPE' unit is dangling and will be cleaned.
W: Public-4008: Instance 'u_udp/u_udp_tx/check_buffer[24]' of 'bmsWIDEDFFCPE' unit is dangling and will be cleaned.
W: Public-4008: Instance 'u_udp/u_udp_tx/check_buffer[25]' of 'bmsWIDEDFFCPE' unit is dangling and will be cleaned.
W: Public-4008: Instance 'u_udp/u_udp_tx/check_buffer[26]' of 'bmsWIDEDFFCPE' unit is dangling and will be cleaned.
W: Public-4008: Instance 'u_udp/u_udp_tx/check_buffer[27]' of 'bmsWIDEDFFCPE' unit is dangling and will be cleaned.
W: Public-4008: Instance 'u_udp/u_udp_tx/check_buffer[28]' of 'bmsWIDEDFFCPE' unit is dangling and will be cleaned.
W: Public-4008: Instance 'u_udp/u_udp_tx/check_buffer[29]' of 'bmsWIDEDFFCPE' unit is dangling and will be cleaned.
W: Public-4008: Instance 'u_udp/u_udp_tx/check_buffer[30]' of 'bmsWIDEDFFCPE' unit is dangling and will be cleaned.
W: Public-4008: Instance 'u_udp/u_udp_tx/check_buffer[31]' of 'bmsWIDEDFFCPE' unit is dangling and will be cleaned.
W: Public-4008: Instance 'sync_fifo_2048x8b_inst/U_ipm2l_fifo_sync_fifo_2048x8b/U_ipm2l_fifo_ctrl/SYN_CTRL.rbin[11]' of 'bmsWIDEDFFCPE' unit is dangling and will be cleaned.
W: Public-4008: Instance 'sync_fifo_2048x8b_inst/U_ipm2l_fifo_sync_fifo_2048x8b/U_ipm2l_fifo_ctrl/SYN_CTRL.wbin[11]' of 'bmsWIDEDFFCPE' unit is dangling and will be cleaned.
I: Removed GTP_DFF_PE inst u_arp/u_arp_tx/eth_head[5][0] that is redundant to u_arp/u_arp_tx/arp_data[23][0]
I: Removed GTP_DFF_PE inst u_arp/u_arp_tx/eth_head[5][1] that is redundant to u_arp/u_arp_tx/arp_data[23][1]
I: Removed GTP_DFF_PE inst u_arp/u_arp_tx/eth_head[5][2] that is redundant to u_arp/u_arp_tx/arp_data[23][2]
I: Removed GTP_DFF_PE inst u_arp/u_arp_tx/eth_head[5][3] that is redundant to u_arp/u_arp_tx/arp_data[23][3]
I: Removed GTP_DFF_PE inst u_arp/u_arp_tx/eth_head[5][4] that is redundant to u_arp/u_arp_tx/arp_data[23][4]
I: Removed GTP_DFF_PE inst u_arp/u_arp_tx/eth_head[5][5] that is redundant to u_arp/u_arp_tx/arp_data[23][5]
I: Removed GTP_DFF_PE inst u_arp/u_arp_tx/eth_head[5][6] that is redundant to u_arp/u_arp_tx/arp_data[23][6]
I: Removed GTP_DFF_PE inst u_arp/u_arp_tx/eth_head[5][7] that is redundant to u_arp/u_arp_tx/arp_data[23][7]
I: Removed GTP_DFF_PE inst u_arp/u_arp_tx/eth_head[4][0] that is redundant to u_arp/u_arp_tx/arp_data[22][0]
I: Removed GTP_DFF_PE inst u_arp/u_arp_tx/eth_head[4][1] that is redundant to u_arp/u_arp_tx/arp_data[22][1]
I: Removed GTP_DFF_PE inst u_arp/u_arp_tx/eth_head[4][2] that is redundant to u_arp/u_arp_tx/arp_data[22][2]
I: Removed GTP_DFF_PE inst u_arp/u_arp_tx/eth_head[4][3] that is redundant to u_arp/u_arp_tx/arp_data[22][3]
I: Removed GTP_DFF_PE inst u_arp/u_arp_tx/eth_head[4][4] that is redundant to u_arp/u_arp_tx/arp_data[22][4]
I: Removed GTP_DFF_PE inst u_arp/u_arp_tx/eth_head[4][5] that is redundant to u_arp/u_arp_tx/arp_data[22][5]
I: Removed GTP_DFF_PE inst u_arp/u_arp_tx/eth_head[4][6] that is redundant to u_arp/u_arp_tx/arp_data[22][6]
I: Removed GTP_DFF_PE inst u_arp/u_arp_tx/eth_head[4][7] that is redundant to u_arp/u_arp_tx/arp_data[22][7]
I: Removed GTP_DFF_PE inst u_arp/u_arp_tx/eth_head[3][0] that is redundant to u_arp/u_arp_tx/arp_data[21][0]
I: Removed GTP_DFF_PE inst u_arp/u_arp_tx/eth_head[3][1] that is redundant to u_arp/u_arp_tx/arp_data[21][1]
I: Removed GTP_DFF_PE inst u_arp/u_arp_tx/eth_head[3][2] that is redundant to u_arp/u_arp_tx/arp_data[21][2]
I: Removed GTP_DFF_PE inst u_arp/u_arp_tx/eth_head[3][3] that is redundant to u_arp/u_arp_tx/arp_data[21][3]
I: Removed GTP_DFF_PE inst u_arp/u_arp_tx/eth_head[3][4] that is redundant to u_arp/u_arp_tx/arp_data[21][4]
I: Removed GTP_DFF_PE inst u_arp/u_arp_tx/eth_head[3][5] that is redundant to u_arp/u_arp_tx/arp_data[21][5]
I: Removed GTP_DFF_PE inst u_arp/u_arp_tx/eth_head[3][6] that is redundant to u_arp/u_arp_tx/arp_data[21][6]
I: Removed GTP_DFF_PE inst u_arp/u_arp_tx/eth_head[3][7] that is redundant to u_arp/u_arp_tx/arp_data[21][7]
I: Removed GTP_DFF_PE inst u_arp/u_arp_tx/eth_head[2][0] that is redundant to u_arp/u_arp_tx/arp_data[20][0]
I: Removed GTP_DFF_PE inst u_arp/u_arp_tx/eth_head[2][1] that is redundant to u_arp/u_arp_tx/arp_data[20][1]
I: Removed GTP_DFF_PE inst u_arp/u_arp_tx/eth_head[2][2] that is redundant to u_arp/u_arp_tx/arp_data[20][2]
I: Removed GTP_DFF_PE inst u_arp/u_arp_tx/eth_head[2][3] that is redundant to u_arp/u_arp_tx/arp_data[20][3]
I: Removed GTP_DFF_PE inst u_arp/u_arp_tx/eth_head[2][4] that is redundant to u_arp/u_arp_tx/arp_data[20][4]
I: Removed GTP_DFF_PE inst u_arp/u_arp_tx/eth_head[2][5] that is redundant to u_arp/u_arp_tx/arp_data[20][5]
I: Removed GTP_DFF_PE inst u_arp/u_arp_tx/eth_head[2][6] that is redundant to u_arp/u_arp_tx/arp_data[20][6]
I: Removed GTP_DFF_PE inst u_arp/u_arp_tx/eth_head[2][7] that is redundant to u_arp/u_arp_tx/arp_data[20][7]
I: Removed GTP_DFF_PE inst u_arp/u_arp_tx/eth_head[1][0] that is redundant to u_arp/u_arp_tx/arp_data[19][0]
I: Removed GTP_DFF_PE inst u_arp/u_arp_tx/eth_head[1][1] that is redundant to u_arp/u_arp_tx/arp_data[19][1]
I: Removed GTP_DFF_PE inst u_arp/u_arp_tx/eth_head[1][2] that is redundant to u_arp/u_arp_tx/arp_data[19][2]
I: Removed GTP_DFF_PE inst u_arp/u_arp_tx/eth_head[1][3] that is redundant to u_arp/u_arp_tx/arp_data[19][3]
I: Removed GTP_DFF_PE inst u_arp/u_arp_tx/eth_head[1][4] that is redundant to u_arp/u_arp_tx/arp_data[19][4]
I: Removed GTP_DFF_PE inst u_arp/u_arp_tx/eth_head[1][5] that is redundant to u_arp/u_arp_tx/arp_data[19][5]
I: Removed GTP_DFF_PE inst u_arp/u_arp_tx/eth_head[1][6] that is redundant to u_arp/u_arp_tx/arp_data[19][6]
I: Removed GTP_DFF_PE inst u_arp/u_arp_tx/eth_head[1][7] that is redundant to u_arp/u_arp_tx/arp_data[19][7]
I: Removed GTP_DFF_PE inst u_arp/u_arp_tx/eth_head[0][0] that is redundant to u_arp/u_arp_tx/arp_data[18][0]
I: Removed GTP_DFF_PE inst u_arp/u_arp_tx/eth_head[0][1] that is redundant to u_arp/u_arp_tx/arp_data[18][1]
I: Removed GTP_DFF_PE inst u_arp/u_arp_tx/eth_head[0][2] that is redundant to u_arp/u_arp_tx/arp_data[18][2]
I: Removed GTP_DFF_PE inst u_arp/u_arp_tx/eth_head[0][3] that is redundant to u_arp/u_arp_tx/arp_data[18][3]
I: Removed GTP_DFF_PE inst u_arp/u_arp_tx/eth_head[0][4] that is redundant to u_arp/u_arp_tx/arp_data[18][4]
I: Removed GTP_DFF_PE inst u_arp/u_arp_tx/eth_head[0][5] that is redundant to u_arp/u_arp_tx/arp_data[18][5]
I: Removed GTP_DFF_PE inst u_arp/u_arp_tx/eth_head[0][6] that is redundant to u_arp/u_arp_tx/arp_data[18][6]
I: Removed GTP_DFF_PE inst u_arp/u_arp_tx/eth_head[0][7] that is redundant to u_arp/u_arp_tx/arp_data[18][7]
I: Removed GTP_DFF_CE inst u_udp/u_udp_tx/tx_data_num[0] that is redundant to u_udp/u_udp_tx/total_num[0]
I: Removed GTP_DFF_CE inst u_udp/u_udp_tx/udp_num[0] that is redundant to u_udp/u_udp_tx/total_num[0]
I: Removed GTP_DFF_CE inst u_udp/u_udp_tx/tx_data_num[1] that is redundant to u_udp/u_udp_tx/total_num[1]
I: Removed GTP_DFF_CE inst u_udp/u_udp_tx/udp_num[1] that is redundant to u_udp/u_udp_tx/total_num[1]
I: Removed GTP_DFF_CE inst u_udp/u_udp_tx/udp_num[2] that is redundant to u_udp/u_udp_tx/tx_data_num[2]
I: Removed GTP_DFF_CE inst u_icmp/u_icmp_tx/tx_data_num[0] that is redundant to u_icmp/u_icmp_tx/total_num[0]
I: Removed GTP_DFF_CE inst u_icmp/u_icmp_tx/tx_data_num[1] that is redundant to u_icmp/u_icmp_tx/total_num[1]
I: Removed GTP_DFF_E inst u_udp/u_udp_tx/ip_head[6][16] that is redundant to u_udp/u_udp_tx/ip_head[0][0]
I: Removed GTP_DFF_E inst u_udp/u_udp_tx/ip_head[6][17] that is redundant to u_udp/u_udp_tx/ip_head[0][1]
Executing : tech-mapping phase 1 successfully. Time elapsed: 0.237s wall, 0.234s user + 0.000s system = 0.234s CPU (98.8%)

Start tech-mapping phase 2.
Executing : tech-mapping phase 2 successfully. Time elapsed: 3.395s wall, 4.109s user + 0.266s system = 4.375s CPU (128.9%)

Start tech-optimization.
Executing : tech-optimization successfully. Time elapsed: 0.586s wall, 0.812s user + 0.000s system = 0.812s CPU (138.7%)

Start phys-optimization.
Executing : phys-optimization successfully. Time elapsed: 0.000s wall, 0.000s user + 0.000s system = 0.000s CPU (n/a%)

Start restore-hierarchy.
Executing : restore-hierarchy successfully. Time elapsed: 0.487s wall, 0.328s user + 0.000s system = 0.328s CPU (67.4%)

W: Unable to honor max fanout constraint for gtp_inv driven net N30
W: Unable to honor max fanout constraint for gtp_inv driven net N30

Cell Usage:
GTP_CLKBUFG                   1 use
GTP_DFF_C                   111 uses
GTP_DFF_CE                 1025 uses
GTP_DFF_E                   190 uses
GTP_DFF_P                     7 uses
GTP_DFF_PE                  252 uses
GTP_DRM18K_E1                 1 use
GTP_GRS                       1 use
GTP_IDDR_E1                   5 uses
GTP_INV                       3 uses
GTP_IOCLKBUF                  1 use
GTP_LUT1                     23 uses
GTP_LUT2                     27 uses
GTP_LUT3                     71 uses
GTP_LUT4                     72 uses
GTP_LUT5                    128 uses
GTP_LUT6                    445 uses
GTP_LUT6CARRY               750 uses
GTP_LUT6D                   230 uses
GTP_MUX2LUT7                 56 uses
GTP_MUX2LUT8                 16 uses
GTP_ODDR_E1                   5 uses

I/O ports: 14
GTP_INBUF                   7 uses
GTP_OUTBUF                  7 uses

Mapping Summary:
Total LUTs: 1746 of 66600 (2.62%)
	LUTs as dram: 0 of 19900 (0.00%)
	LUTs as logic: 1746
Total Registers: 1585 of 133200 (1.19%)
Total Latches: 0

DRM36K/FIFO:
Total DRM = 0.5 of 155 (0.32%)

APMs:
Total APMs = 0.00 of 240 (0.00%)

Total I/O ports = 14 of 285 (4.91%)


Overview of Control Sets:

Number of unique control sets : 73

Histogram:
**************************************************************
  Fanout      | Count    | Sync Set/Reset    Async Set/Reset
--------------------------------------------------------------
  [0, 2)      | 0        | 0                 0
  [2, 4)      | 4        | 0                 4
  [4, 6)      | 9        | 0                 9
  [6, 8)      | 1        | 0                 1
  [8, 10)     | 19       | 0                 19
  [10, 12)    | 0        | 0                 0
  [12, 14)    | 2        | 0                 2
  [14, 16)    | 0        | 0                 0
  [16, Inf)   | 38       | 5                 33
--------------------------------------------------------------
  The maximum fanout: 118
==============================================================

Flip-Flop Distribution:
************************************************************************
  Clock Enable    Sync Set/Reset    Async Set/Reset    Total Registers
------------------------------------------------------------------------
  NO              NO                NO                 0
  NO              NO                YES                118
  NO              YES               NO                 0
  YES             NO                NO                 190
  YES             NO                YES                1277
  YES             YES               NO                 0
========================================================================

Latch Distribution:
************************************************
  Gate Enable    Preset/Clear    Total Latches
************************************************
  NO             NO              0
  NO             YES             0
  YES            NO              0
  YES            YES             0
************************************************

Design 'eth_udp_loop' has been successfully synthesized to architecture-specific objects.
Saving design to DB.
Saving design to eth_udp_loop_syn.vm
Constructing timing graph ...
Timing graph has been constructed successfully
C: STA-3009: The clock sys_clk is not connected to any clock endpoints,it will be treated as a normal port or pin.
W: Timing-4087: Port 'eth_rst_n' is not constrained, it is treated as combinational output.
W: Timing-4087: Port 'eth_tx_ctl' is not constrained, it is treated as combinational output.
W: Timing-4087: Port 'eth_txc' is not constrained, it is treated as combinational output.
W: Timing-4087: Port 'eth_txd[0]' is not constrained, it is treated as combinational output.
W: Timing-4087: Port 'eth_txd[1]' is not constrained, it is treated as combinational output.
W: Timing-4087: Port 'eth_txd[2]' is not constrained, it is treated as combinational output.
W: Timing-4087: Port 'eth_txd[3]' is not constrained, it is treated as combinational output.
W: Timing-4086: Port 'eth_rx_ctl' is not constrained, it is treated as combinational input.
W: Timing-4086: Port 'eth_rxd[0]' is not constrained, it is treated as combinational input.
W: Timing-4086: Port 'eth_rxd[1]' is not constrained, it is treated as combinational input.
W: Timing-4086: Port 'eth_rxd[2]' is not constrained, it is treated as combinational input.
W: Timing-4086: Port 'eth_rxd[3]' is not constrained, it is treated as combinational input.
W: Timing-4086: Port 'sys_rst_n' is not constrained, it is treated as combinational input.
Action synthesize: Real time elapsed is 0h:0m:21s
Action synthesize: CPU time elapsed is 0h:0m:17s
Action synthesize: Process CPU time elapsed is 0h:0m:19s
Current time: Wed Jan 31 15:28:12 2024
Action synthesize: Peak memory pool usage is 401 MB
Action from compile to synthesize: Total Real Time elapsed is 0h:0m:38s
Action from compile to synthesize: Total CPU time elapsed is 0h:0m:23s
Action from compile to synthesize: Total Process CPU Time elapsed is 0h:0m:25s
Process "Synthesize" done.


Process "Device Map" started.
Current time: Wed Jan 31 15:28:13 2024
Compiling architecture definition.
Analyzing project file 'C:/Users/VIDEO/Desktop/52_eth_udp_loop/prj/eth_udp_loop.pds'.
Compiling verification operator library.
Compiling common defs.
Loading technology operator library.
Compiling technology operator library.
Compiling technology operator (valence) library.
Compiling operator packing rules.
Compiling prim grid devices.
Compiling gate devices.
Compiling gate operators.
Compiling tech operator impls.
Building architecture model.
Loading device packaging model.
NOTE: The technology fpga was specified.
NOTE: delay_model specified was generic_cmos.
NOTE: Using the fpga syntax tables...
Totals:
 Calls to malloc = 0
 Calls to calloc = 148538

Flattening design 'eth_udp_loop'
Device mapping started.
Optimizing circuit logic.
Checking design netlist.
Processing tech operator.
Converting tech operator to gate operator.
Processing gate operator.
I: Infer CARRY group, base inst: sync_fifo_2048x8b_inst/U_ipm2l_fifo_sync_fifo_2048x8b/U_ipm2l_fifo_ctrl/N11_1/gateop, insts:12.
I: Infer CARRY group, base inst: sync_fifo_2048x8b_inst/U_ipm2l_fifo_sync_fifo_2048x8b/U_ipm2l_fifo_ctrl/N21.eq_0/gateop, insts:6.
I: Infer CARRY group, base inst: u_icmp/u_icmp_rx/N168_1.fsub_1/gateop, insts:13.
I: Infer CARRY group, base inst: u_icmp/u_icmp_rx/N356_1_1/gateop, insts:15.
I: Infer CARRY group, base inst: u_icmp/u_icmp_rx/N360_1.fsub_1/gateop, insts:16.
I: Infer CARRY group, base inst: u_icmp/u_icmp_rx/N361.eq_0/gateop, insts:8.
I: Infer CARRY group, base inst: u_icmp/u_icmp_rx/N372_1/gateop, insts:32.
I: Infer CARRY group, base inst: u_icmp/u_icmp_rx/N375_1/gateop, insts:32.
I: Infer CARRY group, base inst: u_icmp/u_icmp_rx/N377.lt_0/gateop, insts:8.
I: Infer CARRY group, base inst: u_icmp/u_icmp_rx/N397.eq_0/gateop, insts:8.
I: Infer CARRY group, base inst: sync_fifo_2048x8b_inst/U_ipm2l_fifo_sync_fifo_2048x8b/U_ipm2l_fifo_ctrl/N24.eq_0/gateop, insts:6.
I: Infer CARRY group, base inst: u_icmp/u_icmp_tx/N19_1_1/gateop, insts:13.
I: Infer CARRY group, base inst: u_icmp/u_icmp_tx/N130_1_1/gateop, insts:15.
I: Infer CARRY group, base inst: u_icmp/u_icmp_tx/N328_1.fsub_1/gateop, insts:15.
I: Infer CARRY group, base inst: u_icmp/u_icmp_tx/N329.lt_0/gateop, insts:8.
I: Infer CARRY group, base inst: u_icmp/u_icmp_tx/N337_1_1/gateop, insts:15.
I: Infer CARRY group, base inst: u_icmp/u_icmp_tx/N340.eq_0/gateop, insts:8.
I: Infer CARRY group, base inst: u_icmp/u_icmp_tx/N346_1/gateop, insts:16.
I: Infer CARRY group, base inst: u_icmp/u_icmp_tx/N349.lt_0/gateop, insts:8.
I: Infer CARRY group, base inst: u_icmp/u_icmp_tx/N370_1.fsub_1/gateop, insts:14.
I: Infer CARRY group, base inst: u_icmp/u_icmp_tx/N371.eq_0/gateop, insts:8.
I: Infer CARRY group, base inst: u_icmp/u_icmp_tx/N943_5_0/gateop, insts:21.
I: Infer CARRY group, base inst: u_icmp/u_icmp_tx/N964_5_0/gateop, insts:33.
I: Infer CARRY group, base inst: u_icmp/u_icmp_tx/N3739_1/gateop, insts:32.
I: Infer CARRY group, base inst: u_icmp/u_icmp_tx/N3751_1_1/gateop, insts:16.
I: Infer CARRY group, base inst: u_icmp/u_icmp_tx/N3757_0/gateop, insts:18.
I: Infer CARRY group, base inst: u_icmp/u_icmp_tx/N3760_1/gateop, insts:18.
I: Infer CARRY group, base inst: u_icmp/u_icmp_tx/N3763_1_1/gateop, insts:16.
I: Infer CARRY group, base inst: u_icmp/u_icmp_tx/N3766_1/gateop, insts:19.
I: Infer CARRY group, base inst: u_udp/u_udp_rx/N216_1.fsub_1/gateop, insts:12.
I: Infer CARRY group, base inst: u_udp/u_udp_rx/N235_1_1/gateop, insts:15.
I: Infer CARRY group, base inst: u_udp/u_udp_rx/N237_1.fsub_1/gateop, insts:15.
I: Infer CARRY group, base inst: u_udp/u_udp_rx/N238.eq_0/gateop, insts:8.
I: Infer CARRY group, base inst: u_udp/u_udp_tx/N20_1_1/gateop, insts:13.
I: Infer CARRY group, base inst: u_udp/u_udp_tx/N22_1_1/gateop, insts:12.
I: Infer CARRY group, base inst: u_udp/u_udp_tx/N129_1_1/gateop, insts:15.
I: Infer CARRY group, base inst: sync_fifo_2048x8b_inst/U_ipm2l_fifo_sync_fifo_2048x8b/U_ipm2l_fifo_ctrl/N2_1/gateop, insts:12.
I: Infer CARRY group, base inst: u_udp/u_udp_tx/N287_1.fsub_1/gateop, insts:15.
I: Infer CARRY group, base inst: u_udp/u_udp_tx/N288.lt_0/gateop, insts:8.
I: Infer CARRY group, base inst: u_udp/u_udp_tx/N296_1_1/gateop, insts:15.
I: Infer CARRY group, base inst: u_udp/u_udp_tx/N299.eq_0/gateop, insts:8.
I: Infer CARRY group, base inst: u_udp/u_udp_tx/N305_1/gateop, insts:16.
I: Infer CARRY group, base inst: u_udp/u_udp_tx/N308.lt_0/gateop, insts:8.
I: Infer CARRY group, base inst: u_udp/u_udp_tx/N329_1.fsub_1/gateop, insts:14.
I: Infer CARRY group, base inst: u_udp/u_udp_tx/N330.eq_0/gateop, insts:8.
I: Infer CARRY group, base inst: u_udp/u_udp_tx/N891_5_0/gateop, insts:21.
I: Infer CARRY group, base inst: u_udp/u_udp_tx/N3380_1_1/gateop, insts:16.
I: Infer CARRY group, base inst: u_udp/u_udp_tx/N3386_1/gateop, insts:17.
I: Infer CARRY group, base inst: u_udp/u_udp_tx/N3389_1/gateop, insts:18.
I: Infer CARRY group, base inst: u_udp/u_udp_tx/N3392_1_1/gateop, insts:16.
I: Infer CARRY group, base inst: u_udp/u_udp_tx/N3395_1/gateop, insts:19.
I: OSERDES "u_gmii_to_rgmii/u_rgmii_tx/txdata_bus[2].u_ODDR_inst_txdata/oserdes_inst" has been packed in "ODDR" of IOL "eth_txd_obuf[2]/opit_1" success.
I: OSERDES "u_gmii_to_rgmii/u_rgmii_tx/txdata_bus[1].u_ODDR_inst_txdata/oserdes_inst" has been packed in "ODDR" of IOL "eth_txd_obuf[1]/opit_1" success.
I: ISERDES "u_gmii_to_rgmii/u_rgmii_rx/u_iddr_rx_ctl/iserdes_inst" has been packed in "IDDR" of IOL "eth_rx_ctl_ibuf/opit_1" success.
I: ISERDES "u_gmii_to_rgmii/u_rgmii_rx/rxdata_bus[0].u_iddr_rxd/iserdes_inst" has been packed in "IDDR" of IOL "eth_rxd_ibuf[0]/opit_1" success.
I: ISERDES "u_gmii_to_rgmii/u_rgmii_rx/rxdata_bus[1].u_iddr_rxd/iserdes_inst" has been packed in "IDDR" of IOL "eth_rxd_ibuf[1]/opit_1" success.
I: ISERDES "u_gmii_to_rgmii/u_rgmii_rx/rxdata_bus[2].u_iddr_rxd/iserdes_inst" has been packed in "IDDR" of IOL "eth_rxd_ibuf[2]/opit_1" success.
I: ISERDES "u_gmii_to_rgmii/u_rgmii_rx/rxdata_bus[3].u_iddr_rxd/iserdes_inst" has been packed in "IDDR" of IOL "eth_rxd_ibuf[3]/opit_1" success.
I: OSERDES "u_gmii_to_rgmii/u_rgmii_tx/u_ODDR_inst_tx_ctl/oserdes_inst" has been packed in "ODDR" of IOL "eth_tx_ctl_obuf/opit_1" success.
I: OSERDES "u_gmii_to_rgmii/u_rgmii_tx/txdata_bus[0].u_ODDR_inst_txdata/oserdes_inst" has been packed in "ODDR" of IOL "eth_txd_obuf[0]/opit_1" success.
I: OSERDES "u_gmii_to_rgmii/u_rgmii_tx/txdata_bus[3].u_ODDR_inst_txdata/oserdes_inst" has been packed in "ODDR" of IOL "eth_txd_obuf[3]/opit_1" success.
Device Utilization Summary:
+------------------------------------------------------------------------+
| Logic Utilization     | Used     | Available     | Utilization(%)     
+------------------------------------------------------------------------+
| APM                   | 0        | 240           | 0                  
| FF                    | 1585     | 133200        | 2                  
| LUT                   | 1746     | 66600         | 3                  
| Distributed RAM       | 0        | 19900         | 0                  
| DRM                   | 0.5      | 155           | 1                  
| IO                    | 14       | 285           | 5                  
| RCKB                  | 0        | 24            | 0                  
| SCANCHAIN             | 0        | 1             | 0                  
| USCM                  | 1        | 32            | 4                  
| CCS                   | 1        | 1             | 100                
| ADC                   | 0        | 1             | 0                  
| DDR_PHY               | 0        | 24            | 0                  
| HSSTLP                | 0        | 1             | 0                  
| GPLL                  | 0        | 6             | 0                  
| PPLL                  | 0        | 6             | 0                  
| DDRPHY_CPD            | 0        | 12            | 0                  
| HCKB                  | 0        | 96            | 0                  
| IOCKB                 | 1        | 24            | 5                  
| MRCKB                 | 0        | 12            | 0                  
| PCIE                  | 0        | 1             | 0                  
| DDRPHY_IOCLK_DIV      | 0        | 6             | 0                  
| ANALOG                | 0        | 1             | 0                  
| TSERDES               | 0        | 48            | 0                  
| KEYRAM                | 0        | 1             | 0                  
+------------------------------------------------------------------------+

Device mapping done.
Total device mapping takes 0.34 sec.

Design 'eth_udp_loop' has been successfully mapped to architecture-specific objects.
Saving design to DB.
W: Public-4010: Pcf file C:/Users/VIDEO/Desktop/52_eth_udp_loop/prj/device_map/eth_udp_loop.pcf has been covered.
Action dev_map: Real time elapsed is 0h:0m:16s
Action dev_map: CPU time elapsed is 0h:0m:12s
Action dev_map: Process CPU time elapsed is 0h:0m:12s
Current time: Wed Jan 31 15:28:28 2024
Action dev_map: Peak memory pool usage is 360 MB
Action from compile to dev_map: Total Real Time elapsed is 0h:0m:54s
Action from compile to dev_map: Total CPU time elapsed is 0h:0m:35s
Action from compile to dev_map: Total Process CPU Time elapsed is 0h:0m:37s
Process "Device Map" done.


Process "Place & Route" started.
Current time: Wed Jan 31 15:28:30 2024
Compiling architecture definition.
Analyzing project file 'C:/Users/VIDEO/Desktop/52_eth_udp_loop/prj/eth_udp_loop.pds'.
Compiling verification operator library.
Compiling common defs.
Compiling prim grid devices.
Compiling gate devices.
Compiling gate operators.
Building architecture model.
Loading device packaging model.
pnr strategy configuration : 
strategy name : 0
Building architecture floorplan logic view.
Constraint check start.
Executing : def_port {eth_rst_n} LOC=N20 VCCIO=3.3 IOSTANDARD=LVCMOS33 DRIVE=8 SLEW=SLOW NONE=TRUE
C: ConstraintEditor-2002: [C:/Users/VIDEO/Desktop/52_eth_udp_loop/prj/device_map/eth_udp_loop.pcf(line number: 3)] | Port eth_rst_n has been placed at location N20, whose type is share pin.
Executing : def_port {eth_rst_n} LOC=N20 VCCIO=3.3 IOSTANDARD=LVCMOS33 DRIVE=8 SLEW=SLOW NONE=TRUE successfully
Executing : def_port {eth_tx_ctl} LOC=W20 VCCIO=3.3 IOSTANDARD=LVCMOS33 DRIVE=8 SLEW=SLOW NONE=TRUE
Executing : def_port {eth_tx_ctl} LOC=W20 VCCIO=3.3 IOSTANDARD=LVCMOS33 DRIVE=8 SLEW=SLOW NONE=TRUE successfully
Executing : def_port {eth_txc} LOC=W19 VCCIO=3.3 IOSTANDARD=LVCMOS33 DRIVE=8 SLEW=SLOW NONE=TRUE
Executing : def_port {eth_txc} LOC=W19 VCCIO=3.3 IOSTANDARD=LVCMOS33 DRIVE=8 SLEW=SLOW NONE=TRUE successfully
Executing : def_port {eth_txd[0]} LOC=W22 VCCIO=3.3 IOSTANDARD=LVCMOS33 DRIVE=8 SLEW=SLOW NONE=TRUE
C: ConstraintEditor-2002: [C:/Users/VIDEO/Desktop/52_eth_udp_loop/prj/device_map/eth_udp_loop.pcf(line number: 6)] | Port eth_txd[0] has been placed at location W22, whose type is share pin.
Executing : def_port {eth_txd[0]} LOC=W22 VCCIO=3.3 IOSTANDARD=LVCMOS33 DRIVE=8 SLEW=SLOW NONE=TRUE successfully
Executing : def_port {eth_txd[1]} LOC=W21 VCCIO=3.3 IOSTANDARD=LVCMOS33 DRIVE=8 SLEW=SLOW NONE=TRUE
C: ConstraintEditor-2002: [C:/Users/VIDEO/Desktop/52_eth_udp_loop/prj/device_map/eth_udp_loop.pcf(line number: 7)] | Port eth_txd[1] has been placed at location W21, whose type is share pin.
Executing : def_port {eth_txd[1]} LOC=W21 VCCIO=3.3 IOSTANDARD=LVCMOS33 DRIVE=8 SLEW=SLOW NONE=TRUE successfully
Executing : def_port {eth_txd[2]} LOC=T20 VCCIO=3.3 IOSTANDARD=LVCMOS33 DRIVE=8 SLEW=SLOW NONE=TRUE
C: ConstraintEditor-2002: [C:/Users/VIDEO/Desktop/52_eth_udp_loop/prj/device_map/eth_udp_loop.pcf(line number: 8)] | Port eth_txd[2] has been placed at location T20, whose type is share pin.
Executing : def_port {eth_txd[2]} LOC=T20 VCCIO=3.3 IOSTANDARD=LVCMOS33 DRIVE=8 SLEW=SLOW NONE=TRUE successfully
Executing : def_port {eth_txd[3]} LOC=P20 VCCIO=3.3 IOSTANDARD=LVCMOS33 DRIVE=8 SLEW=SLOW NONE=TRUE
Executing : def_port {eth_txd[3]} LOC=P20 VCCIO=3.3 IOSTANDARD=LVCMOS33 DRIVE=8 SLEW=SLOW NONE=TRUE successfully
Executing : def_port {eth_rx_ctl} LOC=Y21 VCCIO=3.3 IOSTANDARD=LVCMOS33 NONE=TRUE
Executing : def_port {eth_rx_ctl} LOC=Y21 VCCIO=3.3 IOSTANDARD=LVCMOS33 NONE=TRUE successfully
Executing : def_port {eth_rxc} LOC=Y18 VCCIO=3.3 IOSTANDARD=LVCMOS33 NONE=TRUE
Executing : def_port {eth_rxc} LOC=Y18 VCCIO=3.3 IOSTANDARD=LVCMOS33 NONE=TRUE successfully
Executing : def_port {eth_rxd[0]} LOC=Y22 VCCIO=3.3 IOSTANDARD=LVCMOS33 NONE=TRUE
C: ConstraintEditor-2002: [C:/Users/VIDEO/Desktop/52_eth_udp_loop/prj/device_map/eth_udp_loop.pcf(line number: 12)] | Port eth_rxd[0] has been placed at location Y22, whose type is share pin.
Executing : def_port {eth_rxd[0]} LOC=Y22 VCCIO=3.3 IOSTANDARD=LVCMOS33 NONE=TRUE successfully
Executing : def_port {eth_rxd[1]} LOC=AB21 VCCIO=3.3 IOSTANDARD=LVCMOS33 NONE=TRUE
C: ConstraintEditor-2002: [C:/Users/VIDEO/Desktop/52_eth_udp_loop/prj/device_map/eth_udp_loop.pcf(line number: 13)] | Port eth_rxd[1] has been placed at location AB21, whose type is share pin.
Executing : def_port {eth_rxd[1]} LOC=AB21 VCCIO=3.3 IOSTANDARD=LVCMOS33 NONE=TRUE successfully
Executing : def_port {eth_rxd[2]} LOC=AB22 VCCIO=3.3 IOSTANDARD=LVCMOS33 NONE=TRUE
C: ConstraintEditor-2002: [C:/Users/VIDEO/Desktop/52_eth_udp_loop/prj/device_map/eth_udp_loop.pcf(line number: 14)] | Port eth_rxd[2] has been placed at location AB22, whose type is share pin.
Executing : def_port {eth_rxd[2]} LOC=AB22 VCCIO=3.3 IOSTANDARD=LVCMOS33 NONE=TRUE successfully
Executing : def_port {eth_rxd[3]} LOC=Y19 VCCIO=3.3 IOSTANDARD=LVCMOS33 NONE=TRUE
Executing : def_port {eth_rxd[3]} LOC=Y19 VCCIO=3.3 IOSTANDARD=LVCMOS33 NONE=TRUE successfully
Executing : def_port {sys_clk} LOC=R4 VCCIO=1.5 IOSTANDARD=LVCMOS15 NONE=TRUE
C: ConstraintEditor-2001: [C:/Users/VIDEO/Desktop/52_eth_udp_loop/prj/device_map/eth_udp_loop.pcf(line number: 16)] Object 'sys_clk' is dangling, which has no connection. it will be ignored.
Executing : def_port {sys_clk} LOC=R4 VCCIO=1.5 IOSTANDARD=LVCMOS15 NONE=TRUE failed
Executing : def_port {sys_rst_n} LOC=U7 VCCIO=1.5 IOSTANDARD=LVCMOS15 NONE=TRUE
Executing : def_port {sys_rst_n} LOC=U7 VCCIO=1.5 IOSTANDARD=LVCMOS15 NONE=TRUE successfully
Constraint check end.
NOTE: The technology fpga was specified.
NOTE: delay_model specified was generic_cmos.
NOTE: Using the fpga syntax tables...
Totals:
 Calls to malloc = 0
 Calls to calloc = 5993935

I: Column Clock Check open.
Read Column Clock Map.

Placement started.
Phase 1 Pre global placement started.
Mapping instance GRS_INST/grs_ccs to CCS_87_316.
Phase 1.1 1st GP placement started.
Design Utilization : 3%.
First map gop timing takes 1.67 sec
Worst slack after clock region global placement is 189
Wirelength after clock region global placement is 14254 and checksum is D6EBFBC190D3F279.
1st GP placement takes 5.22 sec.

Phase 1.2 Clock placement started.
Mapping instance u_gmii_to_rgmii/u_rgmii_rx/u_GTP_IOCLKBUF/gopclkgate to IOCKB_11_459.
Mapping instance u_gmii_to_rgmii/u_rgmii_rx/BUFG_inst/gopclkbufg to USCM_215_576.
Clock placement takes 0.19 sec.

Wirelength after Pre Global Placement is 14254 and checksum is D6EBFBC190D3F279.
Pre global placement takes 6.22 sec.

Phase 2 Global placement started.
Phase 2.1 Fixed placement started.
Placed fixed group with base inst eth_rst_n_obuf/opit_1 on IOLHR_16_696.
Placed fixed group with base inst eth_rx_ctl_ibuf/opit_1 on IOLHR_16_504.
Placed fixed group with base inst eth_rxc_ibuf/opit_1 on IOLHR_16_450.
Placed fixed group with base inst eth_rxd_ibuf[0]/opit_1 on IOLHR_16_498.
Placed fixed group with base inst eth_rxd_ibuf[1]/opit_1 on IOLHR_16_492.
Placed fixed group with base inst eth_rxd_ibuf[2]/opit_1 on IOLHR_16_486.
Placed fixed group with base inst eth_rxd_ibuf[3]/opit_1 on IOLHR_16_444.
Placed fixed group with base inst eth_tx_ctl_obuf/opit_1 on IOLHR_16_462.
Placed fixed group with base inst eth_txc_obuf/opit_1 on IOLHR_16_468.
Placed fixed group with base inst eth_txd_obuf[0]/opit_1 on IOLHR_16_522.
Placed fixed group with base inst eth_txd_obuf[1]/opit_1 on IOLHR_16_528.
Placed fixed group with base inst eth_txd_obuf[2]/opit_1 on IOLHR_16_534.
Placed fixed group with base inst eth_txd_obuf[3]/opit_1 on IOLHR_16_606.
Placed fixed group with base inst sys_rst_n_ibuf/opit_1 on IOLHR_364_306.
Placed fixed instance GRS_INST/grs_ccs on CCS_87_316.
Placed fixed instance u_gmii_to_rgmii/u_rgmii_rx/BUFG_inst/gopclkbufg on USCM_215_576.
Placed fixed instance u_gmii_to_rgmii/u_rgmii_rx/u_GTP_IOCLKBUF/gopclkgate on IOCKB_11_459.
Placed fixed instance BKCL_auto_0 on BKCL_1_646.
Placed fixed instance BKCL_auto_1 on BKCL_1_340.
Placed fixed instance BKCL_auto_2 on BKCL_373_340.
Fixed placement takes 0.11 sec.

Phase 2.2 Process placement started.
Process placement takes 0.00 sec.

Phase 2.3 IO placement started.
IO placement takes 0.06 sec.

Phase 2.4 2nd GP placement started.
Run super clustering :
	Initial slack -3150.
	13 iterations finished.
	Final slack 650.
Super clustering done.
Design Utilization : 3%.
Worst slack after global placement is 4258
2nd GP placement takes 1.55 sec.

Wirelength after global placement is 12169 and checksum is EC52CF313D84B098.
Global placement takes 1.72 sec.

Phase 3 Post global placement started.
Packing LUT6D started.
I: LUT6D pack result: There are 651 LUT6 in collection, pack success:52
Packing LUT6D takes 0.39 sec.
Phase 3.1 Macro cell placement started.
I: Process macros using "Greedy".
Wirelength after macro cell placement is 12443 and checksum is 94F916B2D4DC4D53.
Macro cell placement takes 0.00 sec.

Phase 3.2 3rd GP placement started.
Run super clustering :
	Initial slack -3397.
	11 iterations finished.
	Final slack 321.
Super clustering done.
Design Utilization : 3%.
Worst slack after post global placement is 4277
3rd GP placement takes 1.53 sec.

Wirelength after post global placement is 17140 and checksum is 18FDFCAC2F8BDFBB.
Packing LUT6D started.
I: LUT6D pack result: There are 547 LUT6 in collection, pack success:1
Packing LUT6D takes 0.41 sec.
Post global placement takes 2.34 sec.

Phase 4 Legalization started.
The average distance in LP is 0.807729.
Wirelength after legalization is 20268 and checksum is D6D6E798B6455D5F.
Legalization takes 0.23 sec.

Phase 5 Timing-driven detailed placement started.
Phase 5.1 Replication placement started.
Worst slack before Replication Place is 3438.
Replication placement takes 0.22 sec.

Wirelength after replication placement is 20268 and checksum is D6D6E798B6455D5F.
Phase 5.2 Swapping placement started.
Worst slack before detailed placement is 3438, TNS before detailed placement is 0. 
Worst slack after detailed placement is 3438, TNS after detailed placement is 0. 
Swapping placement takes 0.09 sec.

Wirelength after detailed placement is 20268 and checksum is D6D6E798B6455D5F.
Timing-driven detailed placement takes 0.31 sec.

Worst slack is 3438, TNS after placement is 0.
Placement done.
Total placement takes 11.83 sec.
Finished placement.

Routing started.
Building routing graph takes 5.27 sec.
Worst slack is 3438, TNS before global route is 0.
Processing design graph takes 1.34 sec.
Total memory for routing:
	218.208964 M.
Total nets for routing : 3667.
Rcf routing step 1 processed 0 nets, it takes 0.00 sec.
Rcf routing step 2 processed 0 nets, it takes 0.00 sec.
Rcf routing step 3 processed 0 nets, it takes 0.00 sec.
Unrouted nets 0 at the end of iteration 0.
Global Routing step 1 processed 61 nets, it takes 0.03 sec.
Unrouted nets 231 at the end of iteration 0.
Unrouted nets 157 at the end of iteration 1.
Unrouted nets 114 at the end of iteration 2.
Unrouted nets 97 at the end of iteration 3.
Unrouted nets 60 at the end of iteration 4.
Unrouted nets 46 at the end of iteration 5.
Unrouted nets 45 at the end of iteration 6.
Unrouted nets 35 at the end of iteration 7.
Unrouted nets 28 at the end of iteration 8.
Unrouted nets 22 at the end of iteration 9.
Unrouted nets 22 at the end of iteration 10.
Unrouted nets 14 at the end of iteration 11.
Unrouted nets 10 at the end of iteration 12.
Unrouted nets 10 at the end of iteration 13.
Unrouted nets 8 at the end of iteration 14.
Unrouted nets 8 at the end of iteration 15.
Unrouted nets 8 at the end of iteration 16.
Unrouted nets 6 at the end of iteration 17.
Unrouted nets 7 at the end of iteration 18.
Unrouted nets 6 at the end of iteration 19.
Unrouted nets 6 at the end of iteration 20.
Unrouted nets 6 at the end of iteration 21.
Unrouted nets 6 at the end of iteration 22.
Unrouted nets 4 at the end of iteration 23.
Unrouted nets 2 at the end of iteration 24.
Unrouted nets 2 at the end of iteration 25.
Unrouted nets 0 at the end of iteration 26.
Global Routing step 2 processed 561 nets, it takes 2.16 sec.
Global Routing step 3 processed 0 nets, it takes 0.00 sec.
Unrouted nets 6 at the end of iteration 0.
Unrouted nets 4 at the end of iteration 1.
Unrouted nets 2 at the end of iteration 2.
Unrouted nets 0 at the end of iteration 3.
Global Routing step 4 processed 62 nets, it takes 0.09 sec.
Global routing takes 2.41 sec.
Total 3759 subnets.
    forward max bucket size 122 , backward 44.
        Unrouted nets 2085 at the end of iteration 0.
    route iteration 0, CPU time elapsed 0.609375 sec.
    forward max bucket size 48 , backward 109.
        Unrouted nets 1891 at the end of iteration 1.
    route iteration 1, CPU time elapsed 0.406250 sec.
    forward max bucket size 57 , backward 108.
        Unrouted nets 1641 at the end of iteration 2.
    route iteration 2, CPU time elapsed 0.343750 sec.
    forward max bucket size 57 , backward 62.
        Unrouted nets 1420 at the end of iteration 3.
    route iteration 3, CPU time elapsed 0.312500 sec.
    forward max bucket size 57 , backward 79.
        Unrouted nets 1248 at the end of iteration 4.
    route iteration 4, CPU time elapsed 0.265625 sec.
    forward max bucket size 48 , backward 81.
        Unrouted nets 1110 at the end of iteration 5.
    route iteration 5, CPU time elapsed 0.265625 sec.
    forward max bucket size 51 , backward 66.
        Unrouted nets 959 at the end of iteration 6.
    route iteration 6, CPU time elapsed 0.218750 sec.
    forward max bucket size 44 , backward 86.
        Unrouted nets 876 at the end of iteration 7.
    route iteration 7, CPU time elapsed 0.218750 sec.
    forward max bucket size 45 , backward 43.
        Unrouted nets 792 at the end of iteration 8.
    route iteration 8, CPU time elapsed 0.187500 sec.
    forward max bucket size 45 , backward 37.
        Unrouted nets 687 at the end of iteration 9.
    route iteration 9, CPU time elapsed 0.171875 sec.
    forward max bucket size 43 , backward 37.
        Unrouted nets 644 at the end of iteration 10.
    route iteration 10, CPU time elapsed 0.156250 sec.
    forward max bucket size 47 , backward 45.
        Unrouted nets 574 at the end of iteration 11.
    route iteration 11, CPU time elapsed 0.125000 sec.
    forward max bucket size 53 , backward 36.
        Unrouted nets 474 at the end of iteration 12.
    route iteration 12, CPU time elapsed 0.109375 sec.
    forward max bucket size 44 , backward 39.
        Unrouted nets 427 at the end of iteration 13.
    route iteration 13, CPU time elapsed 0.109375 sec.
    forward max bucket size 46 , backward 41.
        Unrouted nets 381 at the end of iteration 14.
    route iteration 14, CPU time elapsed 0.093750 sec.
    forward max bucket size 41 , backward 40.
        Unrouted nets 333 at the end of iteration 15.
    route iteration 15, CPU time elapsed 0.062500 sec.
    forward max bucket size 51 , backward 78.
        Unrouted nets 296 at the end of iteration 16.
    route iteration 16, CPU time elapsed 0.062500 sec.
    forward max bucket size 41 , backward 41.
        Unrouted nets 256 at the end of iteration 17.
    route iteration 17, CPU time elapsed 0.062500 sec.
    forward max bucket size 47 , backward 51.
        Unrouted nets 243 at the end of iteration 18.
    route iteration 18, CPU time elapsed 0.062500 sec.
    forward max bucket size 40 , backward 30.
        Unrouted nets 215 at the end of iteration 19.
    route iteration 19, CPU time elapsed 0.046875 sec.
    forward max bucket size 37 , backward 44.
        Unrouted nets 181 at the end of iteration 20.
    route iteration 20, CPU time elapsed 0.031250 sec.
    forward max bucket size 42 , backward 26.
        Unrouted nets 147 at the end of iteration 21.
    route iteration 21, CPU time elapsed 0.031250 sec.
    forward max bucket size 39 , backward 19.
        Unrouted nets 123 at the end of iteration 22.
    route iteration 22, CPU time elapsed 0.046875 sec.
    forward max bucket size 47 , backward 31.
        Unrouted nets 125 at the end of iteration 23.
    route iteration 23, CPU time elapsed 0.031250 sec.
    forward max bucket size 49 , backward 20.
        Unrouted nets 99 at the end of iteration 24.
    route iteration 24, CPU time elapsed 0.031250 sec.
    forward max bucket size 49 , backward 20.
        Unrouted nets 95 at the end of iteration 25.
    route iteration 25, CPU time elapsed 0.031250 sec.
    forward max bucket size 42 , backward 23.
        Unrouted nets 88 at the end of iteration 26.
    route iteration 26, CPU time elapsed 0.031250 sec.
    forward max bucket size 48 , backward 16.
        Unrouted nets 71 at the end of iteration 27.
    route iteration 27, CPU time elapsed 0.031250 sec.
    forward max bucket size 48 , backward 21.
        Unrouted nets 54 at the end of iteration 28.
    route iteration 28, CPU time elapsed 0.015625 sec.
    forward max bucket size 42 , backward 16.
        Unrouted nets 38 at the end of iteration 29.
    route iteration 29, CPU time elapsed 0.015625 sec.
    forward max bucket size 42 , backward 18.
        Unrouted nets 32 at the end of iteration 30.
    route iteration 30, CPU time elapsed 0.015625 sec.
    forward max bucket size 45 , backward 16.
        Unrouted nets 35 at the end of iteration 31.
    route iteration 31, CPU time elapsed 0.015625 sec.
    forward max bucket size 45 , backward 17.
        Unrouted nets 34 at the end of iteration 32.
    route iteration 32, CPU time elapsed 0.015625 sec.
    forward max bucket size 45 , backward 15.
        Unrouted nets 41 at the end of iteration 33.
    route iteration 33, CPU time elapsed 0.015625 sec.
    forward max bucket size 47 , backward 32.
        Unrouted nets 39 at the end of iteration 34.
    route iteration 34, CPU time elapsed 0.015625 sec.
    forward max bucket size 39 , backward 19.
        Unrouted nets 35 at the end of iteration 35.
    route iteration 35, CPU time elapsed 0.015625 sec.
    forward max bucket size 29 , backward 18.
        Unrouted nets 27 at the end of iteration 36.
    route iteration 36, CPU time elapsed 0.015625 sec.
    forward max bucket size 47 , backward 32.
        Unrouted nets 16 at the end of iteration 37.
    route iteration 37, CPU time elapsed 0.015625 sec.
    forward max bucket size 47 , backward 16.
        Unrouted nets 17 at the end of iteration 38.
    route iteration 38, CPU time elapsed 0.015625 sec.
    forward max bucket size 47 , backward 17.
        Unrouted nets 14 at the end of iteration 39.
    route iteration 39, CPU time elapsed 0.015625 sec.
    forward max bucket size 22 , backward 17.
        Unrouted nets 13 at the end of iteration 40.
    route iteration 40, CPU time elapsed 0.015625 sec.
    forward max bucket size 22 , backward 15.
        Unrouted nets 8 at the end of iteration 41.
    route iteration 41, CPU time elapsed 0.015625 sec.
    forward max bucket size 31 , backward 15.
        Unrouted nets 6 at the end of iteration 42.
    route iteration 42, CPU time elapsed 0.015625 sec.
    forward max bucket size 19 , backward 17.
        Unrouted nets 6 at the end of iteration 43.
    route iteration 43, CPU time elapsed 0.015625 sec.
    forward max bucket size 23 , backward 18.
        Unrouted nets 4 at the end of iteration 44.
    route iteration 44, CPU time elapsed 0.000000 sec.
    forward max bucket size 15 , backward 17.
        Unrouted nets 2 at the end of iteration 45.
    route iteration 45, CPU time elapsed 0.000000 sec.
    forward max bucket size 5 , backward 3.
        Unrouted nets 2 at the end of iteration 46.
    route iteration 46, CPU time elapsed 0.000000 sec.
    forward max bucket size 13 , backward 5.
        Unrouted nets 2 at the end of iteration 47.
    route iteration 47, CPU time elapsed 0.015625 sec.
    forward max bucket size 17 , backward 5.
        Unrouted nets 0 at the end of iteration 48.
    route iteration 48, CPU time elapsed 0.015625 sec.
Detailed routing takes 48 iterations
Detailed routing takes 4.70 sec.
Start fix hold violation.
Build tmp routing results takes 0.03 sec.
Timing analysis takes 0.06 sec.
Hold violation fix iter 0 takes 2.98 sec, total_step_forward 58942.
Incremental timing analysis takes 0.03 sec.
Hold violation fix iter 1 takes 0.03 sec, total_step_forward 316.
Incremental timing analysis takes 0.05 sec.
Hold violation fix iter 2 takes 0.00 sec, total_step_forward 0.
Hold Violation Fix in router takes 3 iterations.
Fix hold violation Finished.
Hold Violation Fix in router takes 4.14 sec.

Dispose routing result:
    Collect routing result.
    Delete unused device instances.
    Annotate routing result.
    Change LUT configuration.
    Dispose misc instances.
    Annotate routing result again.
Finish routing takes 0.27 sec.
Used SRB routing arc is 25807.
Cleanup routing takes 0.03 sec.
Routing done.
Total routing takes 19.34 sec.


Device Utilization Summary :
+------------------------------------------------------------------------------+
| Logic Utilization           | Used     | Available     | Utilization(%)     
+------------------------------------------------------------------------------+
| Use of ADC                  | 0        | 1             | 0                  
| Use of ANALOG               | 0        | 1             | 0                  
| Use of APM                  | 0        | 240           | 0                  
| Use of BKCL                 | 3        | 6             | 50                 
| Use of CCS                  | 1        | 1             | 100                
| Use of CLMA                 | 396      | 11675         | 4                  
|   FF                        | 1055     | 93400         | 2                  
|   LUT                       | 1127     | 46700         | 3                  
|   LUT-FF pairs              | 376      | 46700         | 1                  
| Use of CLMS                 | 189      | 4975          | 4                  
|   FF                        | 530      | 39800         | 2                  
|   LUT                       | 566      | 19900         | 3                  
|   LUT-FF pairs              | 257      | 19900         | 2                  
|   Distributed RAM           | 0        | 19900         | 0                  
| Use of DDRPHY_CPD           | 0        | 12            | 0                  
| Use of DDRPHY_IOCLK_DIV     | 0        | 6             | 0                  
| Use of DDR_PHY              | 0        | 24            | 0                  
| Use of DRM                  | 0.5      | 155           | 1                  
| Use of GPLL                 | 0        | 6             | 0                  
| Use of GSEB                 | 0        | 218           | 0                  
| Use of HARD0                | 212      | 10550         | 3                  
| Use of HCKB                 | 2        | 96            | 3                  
|  HCKB dataused              | 0        | 96            | 0                  
| Use of HCKMUX_TEST          | 0        | 8             | 0                  
| Use of HSSTLP               | 0        | 1             | 0                  
| Use of IO                   | 14       | 285           | 5                  
|   IOBD                      | 6        | 137           | 5                  
|   IOBS                      | 8        | 148           | 6                  
| Use of IOCKB                | 1        | 24            | 5                  
| Use of IOCKMUX_TEST         | 0        | 6             | 0                  
| Use of IOLHR                | 14       | 300           | 5                  
| Use of KEYRAM               | 0        | 1             | 0                  
| Use of MFG_TEST             | 0        | 1             | 0                  
| Use of MRCKB                | 0        | 12            | 0                  
| Use of MRCKMUX_TEST         | 0        | 6             | 0                  
| Use of MRPOSTMUX_TEST       | 0        | 6             | 0                  
| Use of PCIE                 | 0        | 1             | 0                  
| Use of PCKMUX_TEST          | 0        | 12            | 0                  
| Use of PLLMRMUX_TEST        | 0        | 6             | 0                  
| Use of PLLREFMUX_TEST       | 0        | 6             | 0                  
| Use of PPLL                 | 0        | 6             | 0                  
| Use of PREGMUXC_TEST        | 0        | 4             | 0                  
| Use of PREGMUXLR_TEST       | 0        | 6             | 0                  
| Use of RCKB                 | 0        | 24            | 0                  
|  RCKB dataused              | 0        | 24            | 0                  
| Use of RCKMUX_TEST          | 0        | 6             | 0                  
| Use of SCANCHAIN            | 0        | 1             | 0                  
| Use of SCKMUX_TEST          | 0        | 12            | 0                  
| Use of SFB                  | 0        | 2225          | 0                  
| Use of SPAD                 | 0        | 4             | 0                  
| Use of TSERDES              | 0        | 48            | 0                  
| Use of USCM                 | 1        | 32            | 4                  
|  USCM dataused              | 0        | 32            | 0                  
| Use of USCMMUX_TEST         | 0        | 32            | 0                  
+------------------------------------------------------------------------------+

Finished routing.
Design 'eth_udp_loop' has been placed and routed successfully.
Saving design to DB.
Finished placement and routing.
Action pnr: Real time elapsed is 0h:1m:3s
Action pnr: CPU time elapsed is 0h:0m:55s
Action pnr: Process CPU time elapsed is 0h:1m:1s
Current time: Wed Jan 31 15:29:32 2024
Action pnr: Peak memory pool usage is 1,281 MB
Action from compile to pnr: Total Real Time elapsed is 0h:1m:57s
Action from compile to pnr: Total CPU time elapsed is 0h:1m:30s
Action from compile to pnr: Total Process CPU Time elapsed is 0h:1m:38s
Process "Place & Route" done.


Process "Report Timing" started.
Current time: Wed Jan 31 15:29:34 2024
Compiling architecture definition.
Analyzing project file 'C:/Users/VIDEO/Desktop/52_eth_udp_loop/prj/eth_udp_loop.pds'.
Compiling verification operator library.
Compiling common defs.
Compiling prim grid devices.
Compiling gate devices.
Compiling gate operators.
Building architecture model.
Loading device packaging model.
Reading design from pnr DB.
Start Report Post-PnR timing.
NOTE: The technology fpga was specified.
NOTE: delay_model specified was generic_cmos.
NOTE: Using the fpga syntax tables...
Totals:
 Calls to malloc = 0
 Calls to calloc = 5993935

W: Flow-4065: The port sys_clk has a sdc constraint, but it do not connect to any pin.
Constructing timing graph ...
Timing graph has been constructed successfully
C: STA-3009: The clock sys_clk is not connected to any clock endpoints,it will be treated as a normal port or pin.
W: Timing-4087: Port 'eth_rst_n' is not constrained, it is treated as combinational output.
W: Timing-4087: Port 'eth_tx_ctl' is not constrained, it is treated as combinational output.
W: Timing-4087: Port 'eth_txc' is not constrained, it is treated as combinational output.
W: Timing-4087: Port 'eth_txd[0]' is not constrained, it is treated as combinational output.
W: Timing-4087: Port 'eth_txd[1]' is not constrained, it is treated as combinational output.
W: Timing-4087: Port 'eth_txd[2]' is not constrained, it is treated as combinational output.
W: Timing-4087: Port 'eth_txd[3]' is not constrained, it is treated as combinational output.
W: Timing-4086: Port 'eth_rx_ctl' is not constrained, it is treated as combinational input.
W: Timing-4086: Port 'eth_rxd[0]' is not constrained, it is treated as combinational input.
W: Timing-4086: Port 'eth_rxd[1]' is not constrained, it is treated as combinational input.
W: Timing-4086: Port 'eth_rxd[2]' is not constrained, it is treated as combinational input.
W: Timing-4086: Port 'eth_rxd[3]' is not constrained, it is treated as combinational input.
W: Timing-4086: Port 'sys_rst_n' is not constrained, it is treated as combinational input.
Report timing is finished successfully.
Action report_timing: Real time elapsed is 0h:0m:22s
Action report_timing: CPU time elapsed is 0h:0m:19s
Action report_timing: Process CPU time elapsed is 0h:0m:19s
Current time: Wed Jan 31 15:29:55 2024
Action report_timing: Peak memory pool usage is 1,125 MB
Action from compile to report_timing: Total Real Time elapsed is 0h:2m:19s
Action from compile to report_timing: Total CPU time elapsed is 0h:1m:49s
Action from compile to report_timing: Total Process CPU Time elapsed is 0h:1m:57s
Process "Report Timing" done.


Process "Generate Bitstream" started.
Current time: Wed Jan 31 15:29:56 2024
Compiling architecture definition.
Analyzing project file 'C:/Users/VIDEO/Desktop/52_eth_udp_loop/prj/eth_udp_loop.pds'.
Compiling verification operator library.
Compiling common defs.
Compiling prim grid devices.
Compiling gate devices.
Compiling gate operators.
Building architecture model.
Loading device packaging model.
Reading design from DB.
Start Generating Programming File...
Reading design from DB takes 0.718750 sec.
Generating architecture configuration.
The bitstream file is "C:/Users/VIDEO/Desktop/52_eth_udp_loop/prj/generate_bitstream/eth_udp_loop.sbit"
Generate programming file takes 8.593750 sec.
Generating Programming File done.
Action gen_bit_stream: Real time elapsed is 0h:0m:27s
Action gen_bit_stream: CPU time elapsed is 0h:0m:23s
Action gen_bit_stream: Process CPU time elapsed is 0h:0m:23s
Current time: Wed Jan 31 15:30:22 2024
Action gen_bit_stream: Peak memory pool usage is 1,136 MB
Action from compile to gen_bit_stream: Total Real Time elapsed is 0h:2m:46s
Action from compile to gen_bit_stream: Total CPU time elapsed is 0h:2m:12s
Action from compile to gen_bit_stream: Total Process CPU Time elapsed is 0h:2m:20s
Process "Generate Bitstream" done.
Process exit normally.
Customize IP 'C:/Users/VIDEO/Desktop/52_eth_udp_loop/prj/ipcore/sync_fifo_2048x8b/sync_fifo_2048x8b.idf' ...
IP Compiler exited.
Customize IP 'C:/Users/VIDEO/Desktop/52_eth_udp_loop/prj/ipcore/sync_fifo_2048x8b/sync_fifo_2048x8b.idf' ...
IP Compiler exited.
Customize IP 'C:/Users/VIDEO/Desktop/52_eth_udp_loop/prj/ipcore/sync_fifo_2048x8b/sync_fifo_2048x8b.idf' ...
IP Compiler exited.
Customize IP 'C:/Users/VIDEO/Desktop/52_eth_udp_loop/prj/ipcore/sync_fifo_2048x8b/sync_fifo_2048x8b.idf' ...
C: Flow-2008: IP file modified: "C:/Users/VIDEO/Desktop/52_eth_udp_loop/prj/ipcore/sync_fifo_2048x8b/sync_fifo_2048x8b.idf". 
Parse module hierarchy of project 'C:/Users/VIDEO/Desktop/52_eth_udp_loop/prj/temp_projects/Main_Flow/Main_Flow.pds' (ADS Parser)
C: Flow-2008: IP file modified: "C:/Users/VIDEO/Desktop/52_eth_udp_loop/prj/ipcore/sync_fifo_2048x8b/sync_fifo_2048x8b.idf". 
Parse module hierarchy of project 'C:/Users/VIDEO/Desktop/52_eth_udp_loop/prj/temp_projects/Main_Flow/Main_Flow.pds' (ADS Parser)
Parse module hierarchy of project 'C:/Users/VIDEO/Desktop/52_eth_udp_loop/prj/temp_projects/Main_Flow/Main_Flow.pds' (ADS Parser)
IP Compiler exited.
E: Verilog-4119: [C:/Users/VIDEO/Desktop/52_eth_udp_loop/rtl/eth_udp_loop.v(line number: 217)] Referenced port name 'clk' was not defined in module 'sync_fifo_2048x8b'
Parse module hierarchy of project 'C:/Users/VIDEO/Desktop/52_eth_udp_loop/prj/temp_projects/Main_Flow/Main_Flow.pds' (ADS Parser)
I: Flow-6004: Design file modified: "C:/Users/VIDEO/Desktop/52_eth_udp_loop/rtl/eth_udp_loop.v". 


Process "Compile" started.
Current time: Wed Jan 31 20:17:59 2024
Compiling architecture definition.
Analyzing project file 'C:/Users/VIDEO/Desktop/52_eth_udp_loop/prj/eth_udp_loop.pds'.
License checkout: fabric_ads from C:\pango\license\new_pds_584120290F2C.lic
Compiling verification operator library.
Loading technology operator library.
Compiling technology operator library.
Compiling technology operator (valence) library.
I: Enable Verilog2k features and keywords
Start rtl-analyze.
Executing : .rtl_analyze -work work -include_path {C:/Users/VIDEO/Desktop/52_eth_udp_loop/prj} C:/Users/VIDEO/Desktop/52_eth_udp_loop/rtl/udp/udp.v
I: Verilog-0001: Analyzing file C:/Users/VIDEO/Desktop/52_eth_udp_loop/rtl/udp/udp.v
I: Verilog-0002: [C:/Users/VIDEO/Desktop/52_eth_udp_loop/rtl/udp/udp.v(line number: 23)] Analyzing module udp (library work)
Parsing done.
Executing : .rtl_analyze -work work -include_path {C:/Users/VIDEO/Desktop/52_eth_udp_loop/prj} C:/Users/VIDEO/Desktop/52_eth_udp_loop/rtl/udp/udp.v successfully.
Executing : .rtl_analyze -work work -include_path {C:/Users/VIDEO/Desktop/52_eth_udp_loop/prj} C:/Users/VIDEO/Desktop/52_eth_udp_loop/rtl/udp/udp_rx.v
I: Verilog-0001: Analyzing file C:/Users/VIDEO/Desktop/52_eth_udp_loop/rtl/udp/udp_rx.v
I: Verilog-0002: [C:/Users/VIDEO/Desktop/52_eth_udp_loop/rtl/udp/udp_rx.v(line number: 23)] Analyzing module udp_rx (library work)
Parsing done.
Executing : .rtl_analyze -work work -include_path {C:/Users/VIDEO/Desktop/52_eth_udp_loop/prj} C:/Users/VIDEO/Desktop/52_eth_udp_loop/rtl/udp/udp_rx.v successfully.
Executing : .rtl_analyze -work work -include_path {C:/Users/VIDEO/Desktop/52_eth_udp_loop/prj} C:/Users/VIDEO/Desktop/52_eth_udp_loop/rtl/udp/udp_tx.v
I: Verilog-0001: Analyzing file C:/Users/VIDEO/Desktop/52_eth_udp_loop/rtl/udp/udp_tx.v
I: Verilog-0002: [C:/Users/VIDEO/Desktop/52_eth_udp_loop/rtl/udp/udp_tx.v(line number: 23)] Analyzing module udp_tx (library work)
Parsing done.
Executing : .rtl_analyze -work work -include_path {C:/Users/VIDEO/Desktop/52_eth_udp_loop/prj} C:/Users/VIDEO/Desktop/52_eth_udp_loop/rtl/udp/udp_tx.v successfully.
Executing : .rtl_analyze -work work -include_path {C:/Users/VIDEO/Desktop/52_eth_udp_loop/prj} C:/Users/VIDEO/Desktop/52_eth_udp_loop/rtl/eth_ctrl.v
I: Verilog-0001: Analyzing file C:/Users/VIDEO/Desktop/52_eth_udp_loop/rtl/eth_ctrl.v
I: Verilog-0002: [C:/Users/VIDEO/Desktop/52_eth_udp_loop/rtl/eth_ctrl.v(line number: 23)] Analyzing module eth_ctrl (library work)
Parsing done.
Executing : .rtl_analyze -work work -include_path {C:/Users/VIDEO/Desktop/52_eth_udp_loop/prj} C:/Users/VIDEO/Desktop/52_eth_udp_loop/rtl/eth_ctrl.v successfully.
Executing : .rtl_analyze -work work -include_path {C:/Users/VIDEO/Desktop/52_eth_udp_loop/prj} C:/Users/VIDEO/Desktop/52_eth_udp_loop/rtl/eth_udp_loop.v
I: Verilog-0001: Analyzing file C:/Users/VIDEO/Desktop/52_eth_udp_loop/rtl/eth_udp_loop.v
I: Verilog-0002: [C:/Users/VIDEO/Desktop/52_eth_udp_loop/rtl/eth_udp_loop.v(line number: 23)] Analyzing module eth_udp_loop (library work)
Parsing done.
Executing : .rtl_analyze -work work -include_path {C:/Users/VIDEO/Desktop/52_eth_udp_loop/prj} C:/Users/VIDEO/Desktop/52_eth_udp_loop/rtl/eth_udp_loop.v successfully.
Executing : .rtl_analyze -work work -include_path {C:/Users/VIDEO/Desktop/52_eth_udp_loop/prj} C:/Users/VIDEO/Desktop/52_eth_udp_loop/rtl/arp/arp.v
I: Verilog-0001: Analyzing file C:/Users/VIDEO/Desktop/52_eth_udp_loop/rtl/arp/arp.v
I: Verilog-0002: [C:/Users/VIDEO/Desktop/52_eth_udp_loop/rtl/arp/arp.v(line number: 23)] Analyzing module arp (library work)
Parsing done.
Executing : .rtl_analyze -work work -include_path {C:/Users/VIDEO/Desktop/52_eth_udp_loop/prj} C:/Users/VIDEO/Desktop/52_eth_udp_loop/rtl/arp/arp.v successfully.
Executing : .rtl_analyze -work work -include_path {C:/Users/VIDEO/Desktop/52_eth_udp_loop/prj} C:/Users/VIDEO/Desktop/52_eth_udp_loop/rtl/arp/arp_rx.v
I: Verilog-0001: Analyzing file C:/Users/VIDEO/Desktop/52_eth_udp_loop/rtl/arp/arp_rx.v
I: Verilog-0002: [C:/Users/VIDEO/Desktop/52_eth_udp_loop/rtl/arp/arp_rx.v(line number: 23)] Analyzing module arp_rx (library work)
Parsing done.
Executing : .rtl_analyze -work work -include_path {C:/Users/VIDEO/Desktop/52_eth_udp_loop/prj} C:/Users/VIDEO/Desktop/52_eth_udp_loop/rtl/arp/arp_rx.v successfully.
Executing : .rtl_analyze -work work -include_path {C:/Users/VIDEO/Desktop/52_eth_udp_loop/prj} C:/Users/VIDEO/Desktop/52_eth_udp_loop/rtl/arp/arp_tx.v
I: Verilog-0001: Analyzing file C:/Users/VIDEO/Desktop/52_eth_udp_loop/rtl/arp/arp_tx.v
I: Verilog-0002: [C:/Users/VIDEO/Desktop/52_eth_udp_loop/rtl/arp/arp_tx.v(line number: 23)] Analyzing module arp_tx (library work)
Parsing done.
Executing : .rtl_analyze -work work -include_path {C:/Users/VIDEO/Desktop/52_eth_udp_loop/prj} C:/Users/VIDEO/Desktop/52_eth_udp_loop/rtl/arp/arp_tx.v successfully.
Executing : .rtl_analyze -work work -include_path {C:/Users/VIDEO/Desktop/52_eth_udp_loop/prj} C:/Users/VIDEO/Desktop/52_eth_udp_loop/rtl/arp/crc32_d8.v
I: Verilog-0001: Analyzing file C:/Users/VIDEO/Desktop/52_eth_udp_loop/rtl/arp/crc32_d8.v
I: Verilog-0002: [C:/Users/VIDEO/Desktop/52_eth_udp_loop/rtl/arp/crc32_d8.v(line number: 22)] Analyzing module crc32_d8 (library work)
Parsing done.
Executing : .rtl_analyze -work work -include_path {C:/Users/VIDEO/Desktop/52_eth_udp_loop/prj} C:/Users/VIDEO/Desktop/52_eth_udp_loop/rtl/arp/crc32_d8.v successfully.
Executing : .rtl_analyze -work work -include_path {C:/Users/VIDEO/Desktop/52_eth_udp_loop/prj} C:/Users/VIDEO/Desktop/52_eth_udp_loop/rtl/gmii_to_rgmii/gmii_to_rgmii.v
I: Verilog-0001: Analyzing file C:/Users/VIDEO/Desktop/52_eth_udp_loop/rtl/gmii_to_rgmii/gmii_to_rgmii.v
I: Verilog-0002: [C:/Users/VIDEO/Desktop/52_eth_udp_loop/rtl/gmii_to_rgmii/gmii_to_rgmii.v(line number: 23)] Analyzing module gmii_to_rgmii (library work)
Parsing done.
Executing : .rtl_analyze -work work -include_path {C:/Users/VIDEO/Desktop/52_eth_udp_loop/prj} C:/Users/VIDEO/Desktop/52_eth_udp_loop/rtl/gmii_to_rgmii/gmii_to_rgmii.v successfully.
Executing : .rtl_analyze -work work -include_path {C:/Users/VIDEO/Desktop/52_eth_udp_loop/prj} C:/Users/VIDEO/Desktop/52_eth_udp_loop/rtl/gmii_to_rgmii/rgmii_rx.v
I: Verilog-0001: Analyzing file C:/Users/VIDEO/Desktop/52_eth_udp_loop/rtl/gmii_to_rgmii/rgmii_rx.v
I: Verilog-0002: [C:/Users/VIDEO/Desktop/52_eth_udp_loop/rtl/gmii_to_rgmii/rgmii_rx.v(line number: 23)] Analyzing module rgmii_rx (library work)
Parsing done.
Executing : .rtl_analyze -work work -include_path {C:/Users/VIDEO/Desktop/52_eth_udp_loop/prj} C:/Users/VIDEO/Desktop/52_eth_udp_loop/rtl/gmii_to_rgmii/rgmii_rx.v successfully.
Executing : .rtl_analyze -work work -include_path {C:/Users/VIDEO/Desktop/52_eth_udp_loop/prj} C:/Users/VIDEO/Desktop/52_eth_udp_loop/rtl/gmii_to_rgmii/rgmii_tx.v
I: Verilog-0001: Analyzing file C:/Users/VIDEO/Desktop/52_eth_udp_loop/rtl/gmii_to_rgmii/rgmii_tx.v
I: Verilog-0002: [C:/Users/VIDEO/Desktop/52_eth_udp_loop/rtl/gmii_to_rgmii/rgmii_tx.v(line number: 23)] Analyzing module rgmii_tx (library work)
Parsing done.
Executing : .rtl_analyze -work work -include_path {C:/Users/VIDEO/Desktop/52_eth_udp_loop/prj} C:/Users/VIDEO/Desktop/52_eth_udp_loop/rtl/gmii_to_rgmii/rgmii_tx.v successfully.
Executing : .rtl_analyze -work work -include_path {C:/Users/VIDEO/Desktop/52_eth_udp_loop/prj} C:/Users/VIDEO/Desktop/52_eth_udp_loop/rtl/icmp/icmp.v
I: Verilog-0001: Analyzing file C:/Users/VIDEO/Desktop/52_eth_udp_loop/rtl/icmp/icmp.v
I: Verilog-0002: [C:/Users/VIDEO/Desktop/52_eth_udp_loop/rtl/icmp/icmp.v(line number: 23)] Analyzing module icmp (library work)
Parsing done.
Executing : .rtl_analyze -work work -include_path {C:/Users/VIDEO/Desktop/52_eth_udp_loop/prj} C:/Users/VIDEO/Desktop/52_eth_udp_loop/rtl/icmp/icmp.v successfully.
Executing : .rtl_analyze -work work -include_path {C:/Users/VIDEO/Desktop/52_eth_udp_loop/prj} C:/Users/VIDEO/Desktop/52_eth_udp_loop/rtl/icmp/icmp_rx.v
I: Verilog-0001: Analyzing file C:/Users/VIDEO/Desktop/52_eth_udp_loop/rtl/icmp/icmp_rx.v
I: Verilog-0002: [C:/Users/VIDEO/Desktop/52_eth_udp_loop/rtl/icmp/icmp_rx.v(line number: 23)] Analyzing module icmp_rx (library work)
Parsing done.
Executing : .rtl_analyze -work work -include_path {C:/Users/VIDEO/Desktop/52_eth_udp_loop/prj} C:/Users/VIDEO/Desktop/52_eth_udp_loop/rtl/icmp/icmp_rx.v successfully.
Executing : .rtl_analyze -work work -include_path {C:/Users/VIDEO/Desktop/52_eth_udp_loop/prj} C:/Users/VIDEO/Desktop/52_eth_udp_loop/rtl/icmp/icmp_tx.v
I: Verilog-0001: Analyzing file C:/Users/VIDEO/Desktop/52_eth_udp_loop/rtl/icmp/icmp_tx.v
I: Verilog-0002: [C:/Users/VIDEO/Desktop/52_eth_udp_loop/rtl/icmp/icmp_tx.v(line number: 23)] Analyzing module icmp_tx (library work)
Parsing done.
Executing : .rtl_analyze -work work -include_path {C:/Users/VIDEO/Desktop/52_eth_udp_loop/prj} C:/Users/VIDEO/Desktop/52_eth_udp_loop/rtl/icmp/icmp_tx.v successfully.
Executing : .rtl_analyze -include_path {C:/Users/VIDEO/Desktop/52_eth_udp_loop/prj} C:/Users/VIDEO/Desktop/52_eth_udp_loop/prj/ipcore/sync_fifo_2048x8b/rtl/ipm2l_fifo_ctrl_v1_1_sync_fifo_2048x8b.v
I: Verilog-0001: Analyzing file C:/Users/VIDEO/Desktop/52_eth_udp_loop/prj/ipcore/sync_fifo_2048x8b/rtl/ipm2l_fifo_ctrl_v1_1_sync_fifo_2048x8b.v
I: Verilog-0002: [C:/Users/VIDEO/Desktop/52_eth_udp_loop/prj/ipcore/sync_fifo_2048x8b/rtl/ipm2l_fifo_ctrl_v1_1_sync_fifo_2048x8b.v(line number: 18)] Analyzing module ipm2l_fifo_ctrl_v1_1_sync_fifo_2048x8b (library work)
I: [C:/Users/VIDEO/Desktop/52_eth_udp_loop/prj/ipcore/sync_fifo_2048x8b/rtl/ipm2l_fifo_ctrl_v1_1_sync_fifo_2048x8b.v(line number: 46)] Convert attribute name from syn_preserve to PAP_PRESERVE
I: [C:/Users/VIDEO/Desktop/52_eth_udp_loop/prj/ipcore/sync_fifo_2048x8b/rtl/ipm2l_fifo_ctrl_v1_1_sync_fifo_2048x8b.v(line number: 48)] Convert attribute name from syn_preserve to PAP_PRESERVE
I: [C:/Users/VIDEO/Desktop/52_eth_udp_loop/prj/ipcore/sync_fifo_2048x8b/rtl/ipm2l_fifo_ctrl_v1_1_sync_fifo_2048x8b.v(line number: 59)] Convert attribute name from syn_preserve to PAP_PRESERVE
I: [C:/Users/VIDEO/Desktop/52_eth_udp_loop/prj/ipcore/sync_fifo_2048x8b/rtl/ipm2l_fifo_ctrl_v1_1_sync_fifo_2048x8b.v(line number: 61)] Convert attribute name from syn_preserve to PAP_PRESERVE
Parsing done.
Executing : .rtl_analyze -include_path {C:/Users/VIDEO/Desktop/52_eth_udp_loop/prj} C:/Users/VIDEO/Desktop/52_eth_udp_loop/prj/ipcore/sync_fifo_2048x8b/rtl/ipm2l_fifo_ctrl_v1_1_sync_fifo_2048x8b.v successfully.
Executing : .rtl_analyze -include_path {C:/Users/VIDEO/Desktop/52_eth_udp_loop/prj} C:/Users/VIDEO/Desktop/52_eth_udp_loop/prj/ipcore/sync_fifo_2048x8b/rtl/ipm2l_sdpram_v1_6a_sync_fifo_2048x8b.v
I: Verilog-0001: Analyzing file C:/Users/VIDEO/Desktop/52_eth_udp_loop/prj/ipcore/sync_fifo_2048x8b/rtl/ipm2l_sdpram_v1_6a_sync_fifo_2048x8b.v
I: Verilog-0002: [C:/Users/VIDEO/Desktop/52_eth_udp_loop/prj/ipcore/sync_fifo_2048x8b/rtl/ipm2l_sdpram_v1_6a_sync_fifo_2048x8b.v(line number: 18)] Analyzing module ipm2l_sdpram_v1_6a_sync_fifo_2048x8b (library work)
W: Verilog-2008: [C:/Users/VIDEO/Desktop/52_eth_udp_loop/prj/ipcore/sync_fifo_2048x8b/rtl/ipm2l_sdpram_v1_6a_sync_fifo_2048x8b.v(line number: 289)] Ignore 'system task' $display
W: Verilog-2008: [C:/Users/VIDEO/Desktop/52_eth_udp_loop/prj/ipcore/sync_fifo_2048x8b/rtl/ipm2l_sdpram_v1_6a_sync_fifo_2048x8b.v(line number: 290)] Ignore 'system task' $finish
W: Verilog-2008: [C:/Users/VIDEO/Desktop/52_eth_udp_loop/prj/ipcore/sync_fifo_2048x8b/rtl/ipm2l_sdpram_v1_6a_sync_fifo_2048x8b.v(line number: 293)] Ignore 'system task' $display
W: Verilog-2008: [C:/Users/VIDEO/Desktop/52_eth_udp_loop/prj/ipcore/sync_fifo_2048x8b/rtl/ipm2l_sdpram_v1_6a_sync_fifo_2048x8b.v(line number: 297)] Ignore 'system task' $display
W: Verilog-2008: [C:/Users/VIDEO/Desktop/52_eth_udp_loop/prj/ipcore/sync_fifo_2048x8b/rtl/ipm2l_sdpram_v1_6a_sync_fifo_2048x8b.v(line number: 301)] Ignore 'system task' $display
W: Verilog-2008: [C:/Users/VIDEO/Desktop/52_eth_udp_loop/prj/ipcore/sync_fifo_2048x8b/rtl/ipm2l_sdpram_v1_6a_sync_fifo_2048x8b.v(line number: 305)] Ignore 'system task' $display
W: Verilog-2008: [C:/Users/VIDEO/Desktop/52_eth_udp_loop/prj/ipcore/sync_fifo_2048x8b/rtl/ipm2l_sdpram_v1_6a_sync_fifo_2048x8b.v(line number: 313)] Ignore 'system task' $display
W: Verilog-2008: [C:/Users/VIDEO/Desktop/52_eth_udp_loop/prj/ipcore/sync_fifo_2048x8b/rtl/ipm2l_sdpram_v1_6a_sync_fifo_2048x8b.v(line number: 314)] Ignore 'system task' $finish
W: Verilog-2008: [C:/Users/VIDEO/Desktop/52_eth_udp_loop/prj/ipcore/sync_fifo_2048x8b/rtl/ipm2l_sdpram_v1_6a_sync_fifo_2048x8b.v(line number: 317)] Ignore 'system task' $display
W: Verilog-2008: [C:/Users/VIDEO/Desktop/52_eth_udp_loop/prj/ipcore/sync_fifo_2048x8b/rtl/ipm2l_sdpram_v1_6a_sync_fifo_2048x8b.v(line number: 318)] Ignore 'system task' $finish
W: Verilog-2008: [C:/Users/VIDEO/Desktop/52_eth_udp_loop/prj/ipcore/sync_fifo_2048x8b/rtl/ipm2l_sdpram_v1_6a_sync_fifo_2048x8b.v(line number: 321)] Ignore 'system task' $display
W: Verilog-2008: [C:/Users/VIDEO/Desktop/52_eth_udp_loop/prj/ipcore/sync_fifo_2048x8b/rtl/ipm2l_sdpram_v1_6a_sync_fifo_2048x8b.v(line number: 322)] Ignore 'system task' $finish
W: Verilog-2008: [C:/Users/VIDEO/Desktop/52_eth_udp_loop/prj/ipcore/sync_fifo_2048x8b/rtl/ipm2l_sdpram_v1_6a_sync_fifo_2048x8b.v(line number: 325)] Ignore 'system task' $display
W: Verilog-2008: [C:/Users/VIDEO/Desktop/52_eth_udp_loop/prj/ipcore/sync_fifo_2048x8b/rtl/ipm2l_sdpram_v1_6a_sync_fifo_2048x8b.v(line number: 326)] Ignore 'system task' $finish
W: Verilog-2008: [C:/Users/VIDEO/Desktop/52_eth_udp_loop/prj/ipcore/sync_fifo_2048x8b/rtl/ipm2l_sdpram_v1_6a_sync_fifo_2048x8b.v(line number: 329)] Ignore 'system task' $display
W: Verilog-2008: [C:/Users/VIDEO/Desktop/52_eth_udp_loop/prj/ipcore/sync_fifo_2048x8b/rtl/ipm2l_sdpram_v1_6a_sync_fifo_2048x8b.v(line number: 330)] Ignore 'system task' $finish
W: Verilog-2008: [C:/Users/VIDEO/Desktop/52_eth_udp_loop/prj/ipcore/sync_fifo_2048x8b/rtl/ipm2l_sdpram_v1_6a_sync_fifo_2048x8b.v(line number: 333)] Ignore 'system task' $display
W: Verilog-2008: [C:/Users/VIDEO/Desktop/52_eth_udp_loop/prj/ipcore/sync_fifo_2048x8b/rtl/ipm2l_sdpram_v1_6a_sync_fifo_2048x8b.v(line number: 334)] Ignore 'system task' $finish
W: Verilog-2008: [C:/Users/VIDEO/Desktop/52_eth_udp_loop/prj/ipcore/sync_fifo_2048x8b/rtl/ipm2l_sdpram_v1_6a_sync_fifo_2048x8b.v(line number: 337)] Ignore 'system task' $display
W: Verilog-2008: [C:/Users/VIDEO/Desktop/52_eth_udp_loop/prj/ipcore/sync_fifo_2048x8b/rtl/ipm2l_sdpram_v1_6a_sync_fifo_2048x8b.v(line number: 338)] Ignore 'system task' $finish
W: Verilog-2008: [C:/Users/VIDEO/Desktop/52_eth_udp_loop/prj/ipcore/sync_fifo_2048x8b/rtl/ipm2l_sdpram_v1_6a_sync_fifo_2048x8b.v(line number: 341)] Ignore 'system task' $display
W: Verilog-2008: [C:/Users/VIDEO/Desktop/52_eth_udp_loop/prj/ipcore/sync_fifo_2048x8b/rtl/ipm2l_sdpram_v1_6a_sync_fifo_2048x8b.v(line number: 342)] Ignore 'system task' $finish
W: Verilog-2008: [C:/Users/VIDEO/Desktop/52_eth_udp_loop/prj/ipcore/sync_fifo_2048x8b/rtl/ipm2l_sdpram_v1_6a_sync_fifo_2048x8b.v(line number: 345)] Ignore 'system task' $display
W: Verilog-2008: [C:/Users/VIDEO/Desktop/52_eth_udp_loop/prj/ipcore/sync_fifo_2048x8b/rtl/ipm2l_sdpram_v1_6a_sync_fifo_2048x8b.v(line number: 346)] Ignore 'system task' $finish
W: Verilog-2008: [C:/Users/VIDEO/Desktop/52_eth_udp_loop/prj/ipcore/sync_fifo_2048x8b/rtl/ipm2l_sdpram_v1_6a_sync_fifo_2048x8b.v(line number: 349)] Ignore 'system task' $display
W: Verilog-2008: [C:/Users/VIDEO/Desktop/52_eth_udp_loop/prj/ipcore/sync_fifo_2048x8b/rtl/ipm2l_sdpram_v1_6a_sync_fifo_2048x8b.v(line number: 350)] Ignore 'system task' $finish
W: Verilog-2008: [C:/Users/VIDEO/Desktop/52_eth_udp_loop/prj/ipcore/sync_fifo_2048x8b/rtl/ipm2l_sdpram_v1_6a_sync_fifo_2048x8b.v(line number: 353)] Ignore 'system task' $display
W: Verilog-2008: [C:/Users/VIDEO/Desktop/52_eth_udp_loop/prj/ipcore/sync_fifo_2048x8b/rtl/ipm2l_sdpram_v1_6a_sync_fifo_2048x8b.v(line number: 354)] Ignore 'system task' $finish
W: Verilog-2008: [C:/Users/VIDEO/Desktop/52_eth_udp_loop/prj/ipcore/sync_fifo_2048x8b/rtl/ipm2l_sdpram_v1_6a_sync_fifo_2048x8b.v(line number: 357)] Ignore 'system task' $display
W: Verilog-2008: [C:/Users/VIDEO/Desktop/52_eth_udp_loop/prj/ipcore/sync_fifo_2048x8b/rtl/ipm2l_sdpram_v1_6a_sync_fifo_2048x8b.v(line number: 358)] Ignore 'system task' $finish
W: Verilog-2008: [C:/Users/VIDEO/Desktop/52_eth_udp_loop/prj/ipcore/sync_fifo_2048x8b/rtl/ipm2l_sdpram_v1_6a_sync_fifo_2048x8b.v(line number: 361)] Ignore 'system task' $display
W: Verilog-2008: [C:/Users/VIDEO/Desktop/52_eth_udp_loop/prj/ipcore/sync_fifo_2048x8b/rtl/ipm2l_sdpram_v1_6a_sync_fifo_2048x8b.v(line number: 362)] Ignore 'system task' $finish
W: Verilog-2008: [C:/Users/VIDEO/Desktop/52_eth_udp_loop/prj/ipcore/sync_fifo_2048x8b/rtl/ipm2l_sdpram_v1_6a_sync_fifo_2048x8b.v(line number: 365)] Ignore 'system task' $display
W: Verilog-2008: [C:/Users/VIDEO/Desktop/52_eth_udp_loop/prj/ipcore/sync_fifo_2048x8b/rtl/ipm2l_sdpram_v1_6a_sync_fifo_2048x8b.v(line number: 366)] Ignore 'system task' $finish
W: Verilog-2008: [C:/Users/VIDEO/Desktop/52_eth_udp_loop/prj/ipcore/sync_fifo_2048x8b/rtl/ipm2l_sdpram_v1_6a_sync_fifo_2048x8b.v(line number: 370)] Ignore 'system task' $display
W: Verilog-2008: [C:/Users/VIDEO/Desktop/52_eth_udp_loop/prj/ipcore/sync_fifo_2048x8b/rtl/ipm2l_sdpram_v1_6a_sync_fifo_2048x8b.v(line number: 371)] Ignore 'system task' $finish
W: Verilog-2008: [C:/Users/VIDEO/Desktop/52_eth_udp_loop/prj/ipcore/sync_fifo_2048x8b/rtl/ipm2l_sdpram_v1_6a_sync_fifo_2048x8b.v(line number: 374)] Ignore 'system task' $display
W: Verilog-2008: [C:/Users/VIDEO/Desktop/52_eth_udp_loop/prj/ipcore/sync_fifo_2048x8b/rtl/ipm2l_sdpram_v1_6a_sync_fifo_2048x8b.v(line number: 375)] Ignore 'system task' $finish
W: Verilog-2008: [C:/Users/VIDEO/Desktop/52_eth_udp_loop/prj/ipcore/sync_fifo_2048x8b/rtl/ipm2l_sdpram_v1_6a_sync_fifo_2048x8b.v(line number: 379)] Ignore 'system task' $display
W: Verilog-2008: [C:/Users/VIDEO/Desktop/52_eth_udp_loop/prj/ipcore/sync_fifo_2048x8b/rtl/ipm2l_sdpram_v1_6a_sync_fifo_2048x8b.v(line number: 380)] Ignore 'system task' $finish
W: Verilog-2008: [C:/Users/VIDEO/Desktop/52_eth_udp_loop/prj/ipcore/sync_fifo_2048x8b/rtl/ipm2l_sdpram_v1_6a_sync_fifo_2048x8b.v(line number: 385)] Ignore 'system task' $display
W: Verilog-2008: [C:/Users/VIDEO/Desktop/52_eth_udp_loop/prj/ipcore/sync_fifo_2048x8b/rtl/ipm2l_sdpram_v1_6a_sync_fifo_2048x8b.v(line number: 386)] Ignore 'system task' $finish
W: Verilog-2008: [C:/Users/VIDEO/Desktop/52_eth_udp_loop/prj/ipcore/sync_fifo_2048x8b/rtl/ipm2l_sdpram_v1_6a_sync_fifo_2048x8b.v(line number: 389)] Ignore 'system task' $display
W: Verilog-2008: [C:/Users/VIDEO/Desktop/52_eth_udp_loop/prj/ipcore/sync_fifo_2048x8b/rtl/ipm2l_sdpram_v1_6a_sync_fifo_2048x8b.v(line number: 390)] Ignore 'system task' $finish
W: Verilog-2008: [C:/Users/VIDEO/Desktop/52_eth_udp_loop/prj/ipcore/sync_fifo_2048x8b/rtl/ipm2l_sdpram_v1_6a_sync_fifo_2048x8b.v(line number: 395)] Ignore 'system task' $display
W: Verilog-2008: [C:/Users/VIDEO/Desktop/52_eth_udp_loop/prj/ipcore/sync_fifo_2048x8b/rtl/ipm2l_sdpram_v1_6a_sync_fifo_2048x8b.v(line number: 396)] Ignore 'system task' $finish
Parsing done.
Executing : .rtl_analyze -include_path {C:/Users/VIDEO/Desktop/52_eth_udp_loop/prj} C:/Users/VIDEO/Desktop/52_eth_udp_loop/prj/ipcore/sync_fifo_2048x8b/rtl/ipm2l_sdpram_v1_6a_sync_fifo_2048x8b.v successfully.
Executing : .rtl_analyze -include_path {C:/Users/VIDEO/Desktop/52_eth_udp_loop/prj} C:/Users/VIDEO/Desktop/52_eth_udp_loop/prj/ipcore/sync_fifo_2048x8b/rtl/ipm2l_fifo_v1_7_sync_fifo_2048x8b.v
I: Verilog-0001: Analyzing file C:/Users/VIDEO/Desktop/52_eth_udp_loop/prj/ipcore/sync_fifo_2048x8b/rtl/ipm2l_fifo_v1_7_sync_fifo_2048x8b.v
I: Verilog-0002: [C:/Users/VIDEO/Desktop/52_eth_udp_loop/prj/ipcore/sync_fifo_2048x8b/rtl/ipm2l_fifo_v1_7_sync_fifo_2048x8b.v(line number: 19)] Analyzing module ipm2l_fifo_v1_7_sync_fifo_2048x8b (library work)
Parsing done.
Executing : .rtl_analyze -include_path {C:/Users/VIDEO/Desktop/52_eth_udp_loop/prj} C:/Users/VIDEO/Desktop/52_eth_udp_loop/prj/ipcore/sync_fifo_2048x8b/rtl/ipm2l_fifo_v1_7_sync_fifo_2048x8b.v successfully.
Executing : .rtl_analyze -include_path {C:/Users/VIDEO/Desktop/52_eth_udp_loop/prj} C:/Users/VIDEO/Desktop/52_eth_udp_loop/prj/ipcore/sync_fifo_2048x8b/sync_fifo_2048x8b.v
I: Verilog-0001: Analyzing file C:/Users/VIDEO/Desktop/52_eth_udp_loop/prj/ipcore/sync_fifo_2048x8b/sync_fifo_2048x8b.v
I: Verilog-0002: [C:/Users/VIDEO/Desktop/52_eth_udp_loop/prj/ipcore/sync_fifo_2048x8b/sync_fifo_2048x8b.v(line number: 16)] Analyzing module sync_fifo_2048x8b (library work)
Parsing done.
Executing : .rtl_analyze -include_path {C:/Users/VIDEO/Desktop/52_eth_udp_loop/prj} C:/Users/VIDEO/Desktop/52_eth_udp_loop/prj/ipcore/sync_fifo_2048x8b/sync_fifo_2048x8b.v successfully.
I: Module "eth_udp_loop" is set as top module.
Executing : rtl-analyze successfully. Time elapsed: 5.674s wall, 0.016s user + 0.078s system = 0.094s CPU (1.7%)

Start rtl-elaborate.
I: Verilog-0003: [C:/Users/VIDEO/Desktop/52_eth_udp_loop/rtl/eth_udp_loop.v(line number: 23)] Elaborating module eth_udp_loop
I: Module instance {eth_udp_loop} parameter value:
    BOARD_MAC = 48'b000000000001000100100010001100110100010001010101
    BOARD_IP = 32'b11000000101010000000000100001010
    DES_MAC = 48'b111111111111111111111111111111111111111111111111
    DES_IP = 32'b11000000101010000000000101100110
I: Verilog-0004: [C:/Users/VIDEO/Desktop/52_eth_udp_loop/rtl/eth_udp_loop.v(line number: 109)] Elaborating instance u_gmii_to_rgmii
I: Verilog-0003: [C:/Users/VIDEO/Desktop/52_eth_udp_loop/rtl/gmii_to_rgmii/gmii_to_rgmii.v(line number: 23)] Elaborating module gmii_to_rgmii
I: Verilog-0004: [C:/Users/VIDEO/Desktop/52_eth_udp_loop/rtl/gmii_to_rgmii/gmii_to_rgmii.v(line number: 47)] Elaborating instance u_rgmii_rx
I: Verilog-0003: [C:/Users/VIDEO/Desktop/52_eth_udp_loop/rtl/gmii_to_rgmii/rgmii_rx.v(line number: 23)] Elaborating module rgmii_rx
I: Verilog-0004: [C:/Users/VIDEO/Desktop/52_eth_udp_loop/rtl/gmii_to_rgmii/rgmii_rx.v(line number: 52)] Elaborating instance BUFG_inst
I: Verilog-0004: [C:/Users/VIDEO/Desktop/52_eth_udp_loop/rtl/gmii_to_rgmii/rgmii_rx.v(line number: 61)] Elaborating instance u_GTP_IOCLKBUF
I: Verilog-0004: [C:/Users/VIDEO/Desktop/52_eth_udp_loop/rtl/gmii_to_rgmii/rgmii_rx.v(line number: 72)] Elaborating instance u_iddr_rx_ctl
I: Verilog-0004: [C:/Users/VIDEO/Desktop/52_eth_udp_loop/rtl/gmii_to_rgmii/rgmii_rx.v(line number: 89)] Elaborating instance u_iddr_rxd
I: Verilog-0004: [C:/Users/VIDEO/Desktop/52_eth_udp_loop/rtl/gmii_to_rgmii/rgmii_rx.v(line number: 89)] Elaborating instance u_iddr_rxd
I: Verilog-0004: [C:/Users/VIDEO/Desktop/52_eth_udp_loop/rtl/gmii_to_rgmii/rgmii_rx.v(line number: 89)] Elaborating instance u_iddr_rxd
I: Verilog-0004: [C:/Users/VIDEO/Desktop/52_eth_udp_loop/rtl/gmii_to_rgmii/rgmii_rx.v(line number: 89)] Elaborating instance u_iddr_rxd
I: Verilog-0004: [C:/Users/VIDEO/Desktop/52_eth_udp_loop/rtl/gmii_to_rgmii/gmii_to_rgmii.v(line number: 58)] Elaborating instance u_rgmii_tx
I: Verilog-0003: [C:/Users/VIDEO/Desktop/52_eth_udp_loop/rtl/gmii_to_rgmii/rgmii_tx.v(line number: 23)] Elaborating module rgmii_tx
I: Verilog-0004: [C:/Users/VIDEO/Desktop/52_eth_udp_loop/rtl/gmii_to_rgmii/rgmii_tx.v(line number: 47)] Elaborating instance u_ODDR_inst_tx_ctl
I: Verilog-0004: [C:/Users/VIDEO/Desktop/52_eth_udp_loop/rtl/gmii_to_rgmii/rgmii_tx.v(line number: 65)] Elaborating instance u_ODDR_inst_txdata
I: Verilog-0004: [C:/Users/VIDEO/Desktop/52_eth_udp_loop/rtl/gmii_to_rgmii/rgmii_tx.v(line number: 65)] Elaborating instance u_ODDR_inst_txdata
I: Verilog-0004: [C:/Users/VIDEO/Desktop/52_eth_udp_loop/rtl/gmii_to_rgmii/rgmii_tx.v(line number: 65)] Elaborating instance u_ODDR_inst_txdata
I: Verilog-0004: [C:/Users/VIDEO/Desktop/52_eth_udp_loop/rtl/gmii_to_rgmii/rgmii_tx.v(line number: 65)] Elaborating instance u_ODDR_inst_txdata
W: Verilog-2023: [C:/Users/VIDEO/Desktop/52_eth_udp_loop/rtl/gmii_to_rgmii/gmii_to_rgmii.v(line number: 47)] Give initial value 0 for the no drive pin idelay_clk in module instance eth_udp_loop/u_gmii_to_rgmii.u_rgmii_rx
I: Verilog-0004: [C:/Users/VIDEO/Desktop/52_eth_udp_loop/rtl/eth_udp_loop.v(line number: 133)] Elaborating instance u_arp
I: Verilog-0003: [C:/Users/VIDEO/Desktop/52_eth_udp_loop/rtl/arp/arp.v(line number: 23)] Elaborating module arp
I: Module instance {eth_udp_loop/u_arp} parameter value:
    BOARD_MAC = 48'b000000000001000100100010001100110100010001010101
    BOARD_IP = 32'b11000000101010000000000100001010
    DES_MAC = 48'b111111111111111111111111111111111111111111111111
    DES_IP = 32'b11000000101010000000000101100110
I: Verilog-0004: [C:/Users/VIDEO/Desktop/52_eth_udp_loop/rtl/arp/arp.v(line number: 74)] Elaborating instance u_arp_rx
I: Verilog-0003: [C:/Users/VIDEO/Desktop/52_eth_udp_loop/rtl/arp/arp_rx.v(line number: 23)] Elaborating module arp_rx
I: Module instance {eth_udp_loop/u_arp/u_arp_rx} parameter value:
    BOARD_MAC = 48'b000000000001000100100010001100110100010001010101
    BOARD_IP = 32'b11000000101010000000000100001010
I: Verilog-0004: [C:/Users/VIDEO/Desktop/52_eth_udp_loop/rtl/arp/arp.v(line number: 94)] Elaborating instance u_arp_tx
I: Verilog-0003: [C:/Users/VIDEO/Desktop/52_eth_udp_loop/rtl/arp/arp_tx.v(line number: 23)] Elaborating module arp_tx
I: Module instance {eth_udp_loop/u_arp/u_arp_tx} parameter value:
    BOARD_MAC = 48'b000000000001000100100010001100110100010001010101
    BOARD_IP = 32'b11000000101010000000000100001010
    DES_MAC = 48'b111111111111111111111111111111111111111111111111
    DES_IP = 32'b11000000101010000000000101100110
I: Verilog-0004: [C:/Users/VIDEO/Desktop/52_eth_udp_loop/rtl/arp/arp.v(line number: 112)] Elaborating instance u_crc32_d8
I: Verilog-0003: [C:/Users/VIDEO/Desktop/52_eth_udp_loop/rtl/arp/crc32_d8.v(line number: 22)] Elaborating module crc32_d8
I: Verilog-0004: [C:/Users/VIDEO/Desktop/52_eth_udp_loop/rtl/eth_udp_loop.v(line number: 162)] Elaborating instance u_icmp
I: Verilog-0003: [C:/Users/VIDEO/Desktop/52_eth_udp_loop/rtl/icmp/icmp.v(line number: 23)] Elaborating module icmp
I: Module instance {eth_udp_loop/u_icmp} parameter value:
    BOARD_MAC = 48'b000000000001000100100010001100110100010001010101
    BOARD_IP = 32'b11000000101010000000000100001010
    DES_MAC = 48'b111111111111111111111111111111111111111111111111
    DES_IP = 32'b11000000101010000000000101100110
I: Verilog-0004: [C:/Users/VIDEO/Desktop/52_eth_udp_loop/rtl/icmp/icmp.v(line number: 81)] Elaborating instance u_icmp_rx
I: Verilog-0003: [C:/Users/VIDEO/Desktop/52_eth_udp_loop/rtl/icmp/icmp_rx.v(line number: 23)] Elaborating module icmp_rx
I: Module instance {eth_udp_loop/u_icmp/u_icmp_rx} parameter value:
    BOARD_MAC = 48'b000000000001000100100010001100110100010001010101
    BOARD_IP = 32'b11000000101010000000000100001010
I: Verilog-0004: [C:/Users/VIDEO/Desktop/52_eth_udp_loop/rtl/icmp/icmp.v(line number: 103)] Elaborating instance u_icmp_tx
I: Verilog-0003: [C:/Users/VIDEO/Desktop/52_eth_udp_loop/rtl/icmp/icmp_tx.v(line number: 23)] Elaborating module icmp_tx
I: Module instance {eth_udp_loop/u_icmp/u_icmp_tx} parameter value:
    BOARD_MAC = 48'b000000000001000100100010001100110100010001010101
    BOARD_IP = 32'b11000000101010000000000100001010
    DES_MAC = 48'b111111111111111111111111111111111111111111111111
    DES_IP = 32'b11000000101010000000000101100110
    ECHO_REPLY = 8'b00000000
I: Verilog-0004: [C:/Users/VIDEO/Desktop/52_eth_udp_loop/rtl/icmp/icmp.v(line number: 125)] Elaborating instance u_crc32_d8
I: Verilog-0003: [C:/Users/VIDEO/Desktop/52_eth_udp_loop/rtl/arp/crc32_d8.v(line number: 22)] Elaborating module crc32_d8
I: Verilog-0004: [C:/Users/VIDEO/Desktop/52_eth_udp_loop/rtl/eth_udp_loop.v(line number: 193)] Elaborating instance u_udp
I: Verilog-0003: [C:/Users/VIDEO/Desktop/52_eth_udp_loop/rtl/udp/udp.v(line number: 23)] Elaborating module udp
I: Module instance {eth_udp_loop/u_udp} parameter value:
    BOARD_MAC = 48'b000000000001000100100010001100110100010001010101
    BOARD_IP = 32'b11000000101010000000000100001010
    DES_MAC = 48'b111111111111111111111111111111111111111111111111
    DES_IP = 32'b11000000101010000000000101100110
I: Verilog-0004: [C:/Users/VIDEO/Desktop/52_eth_udp_loop/rtl/udp/udp.v(line number: 76)] Elaborating instance u_udp_rx
I: Verilog-0003: [C:/Users/VIDEO/Desktop/52_eth_udp_loop/rtl/udp/udp_rx.v(line number: 23)] Elaborating module udp_rx
I: Module instance {eth_udp_loop/u_udp/u_udp_rx} parameter value:
    BOARD_MAC = 48'b000000000001000100100010001100110100010001010101
    BOARD_IP = 32'b11000000101010000000000100001010
I: Verilog-0004: [C:/Users/VIDEO/Desktop/52_eth_udp_loop/rtl/udp/udp.v(line number: 95)] Elaborating instance u_udp_tx
I: Verilog-0003: [C:/Users/VIDEO/Desktop/52_eth_udp_loop/rtl/udp/udp_tx.v(line number: 23)] Elaborating module udp_tx
I: Module instance {eth_udp_loop/u_udp/u_udp_tx} parameter value:
    BOARD_MAC = 48'b000000000001000100100010001100110100010001010101
    BOARD_IP = 32'b11000000101010000000000100001010
    DES_MAC = 48'b111111111111111111111111111111111111111111111111
    DES_IP = 32'b11000000101010000000000101100110
I: Verilog-0004: [C:/Users/VIDEO/Desktop/52_eth_udp_loop/rtl/udp/udp.v(line number: 114)] Elaborating instance u_crc32_d8
I: Verilog-0003: [C:/Users/VIDEO/Desktop/52_eth_udp_loop/rtl/arp/crc32_d8.v(line number: 22)] Elaborating module crc32_d8
I: Verilog-0004: [C:/Users/VIDEO/Desktop/52_eth_udp_loop/rtl/eth_udp_loop.v(line number: 229)] Elaborating instance the_instance_name
I: Verilog-0003: [C:/Users/VIDEO/Desktop/52_eth_udp_loop/prj/ipcore/sync_fifo_2048x8b/sync_fifo_2048x8b.v(line number: 16)] Elaborating module sync_fifo_2048x8b
I: Verilog-0004: [C:/Users/VIDEO/Desktop/52_eth_udp_loop/prj/ipcore/sync_fifo_2048x8b/sync_fifo_2048x8b.v(line number: 160)] Elaborating instance U_ipm2l_fifo_sync_fifo_2048x8b
I: Verilog-0003: [C:/Users/VIDEO/Desktop/52_eth_udp_loop/prj/ipcore/sync_fifo_2048x8b/rtl/ipm2l_fifo_v1_7_sync_fifo_2048x8b.v(line number: 19)] Elaborating module ipm2l_fifo_v1_7_sync_fifo_2048x8b
I: Module instance {eth_udp_loop/the_instance_name/U_ipm2l_fifo_sync_fifo_2048x8b} parameter value:
    c_CAS_MODE = 18K
    c_WR_DEPTH_WIDTH = 32'b00000000000000000000000000001011
    c_WR_DATA_WIDTH = 32'b00000000000000000000000000001000
    c_RD_DEPTH_WIDTH = 32'b00000000000000000000000000001011
    c_RD_DATA_WIDTH = 32'b00000000000000000000000000001000
    c_OUTPUT_REG = 32'b00000000000000000000000000000000
    c_RD_OCE_EN = 32'b00000000000000000000000000000000
    c_FAB_REG = 32'b00000000000000000000000000000000
    c_RESET_TYPE = ASYNC
    c_POWER_OPT = 32'b00000000000000000000000000000000
    c_RD_CLK_OR_POL_INV = 32'b00000000000000000000000000000000
    c_WR_BYTE_EN = 32'b00000000000000000000000000000000
    c_BE_WIDTH = 32'b00000000000000000000000000000001
    c_FIFO_TYPE = ASYN
    c_ALMOST_FULL_NUM = 32'b00000000000000000000001111111100
    c_ALMOST_EMPTY_NUM = 32'b00000000000000000000000000000100
I: Verilog-0004: [C:/Users/VIDEO/Desktop/52_eth_udp_loop/prj/ipcore/sync_fifo_2048x8b/rtl/ipm2l_fifo_v1_7_sync_fifo_2048x8b.v(line number: 84)] Elaborating instance U_ipm2l_sdpram
I: Verilog-0003: [C:/Users/VIDEO/Desktop/52_eth_udp_loop/prj/ipcore/sync_fifo_2048x8b/rtl/ipm2l_sdpram_v1_6a_sync_fifo_2048x8b.v(line number: 18)] Elaborating module ipm2l_sdpram_v1_6a_sync_fifo_2048x8b
I: Module instance {eth_udp_loop/the_instance_name/U_ipm2l_fifo_sync_fifo_2048x8b/U_ipm2l_sdpram} parameter value:
    c_CAS_MODE = 18K
    c_WR_ADDR_WIDTH = 32'b00000000000000000000000000001011
    c_WR_DATA_WIDTH = 32'b00000000000000000000000000001000
    c_RD_ADDR_WIDTH = 32'b00000000000000000000000000001011
    c_RD_DATA_WIDTH = 32'b00000000000000000000000000001000
    c_WR_ADDR_STROBE_EN = 32'b00000000000000000000000000000000
    c_WR_CLK_EN = 32'b00000000000000000000000000000001
    c_OUTPUT_REG = 32'b00000000000000000000000000000000
    c_RD_OCE_EN = 32'b00000000000000000000000000000000
    c_FAB_REG = 32'b00000000000000000000000000000000
    c_RD_ADDR_STROBE_EN = 32'b00000000000000000000000000000000
    c_RD_CLK_EN = 32'b00000000000000000000000000000001
    c_RESET_TYPE = ASYNC
    c_RD_CLK_OR_POL_INV = 32'b00000000000000000000000000000000
    c_POWER_OPT = 32'b00000000000000000000000000000000
    c_INIT_FILE = NONE
    c_INIT_FORMAT = BIN
    c_WR_BYTE_EN = 32'b00000000000000000000000000000000
    c_BE_WIDTH = 32'b00000000000000000000000000000001
W: Verilog-2039: [C:/Users/VIDEO/Desktop/52_eth_udp_loop/prj/ipcore/sync_fifo_2048x8b/rtl/ipm2l_sdpram_v1_6a_sync_fifo_2048x8b.v(line number: 444)] Repeat multiplier in concatenation evaluates to 0
W: Verilog-2039: [C:/Users/VIDEO/Desktop/52_eth_udp_loop/prj/ipcore/sync_fifo_2048x8b/rtl/ipm2l_sdpram_v1_6a_sync_fifo_2048x8b.v(line number: 445)] Repeat multiplier in concatenation evaluates to 0
W: Verilog-2038: [C:/Users/VIDEO/Desktop/52_eth_udp_loop/prj/ipcore/sync_fifo_2048x8b/rtl/ipm2l_sdpram_v1_6a_sync_fifo_2048x8b.v(line number: 453)] Case condition never applies
W: Verilog-2038: [C:/Users/VIDEO/Desktop/52_eth_udp_loop/prj/ipcore/sync_fifo_2048x8b/rtl/ipm2l_sdpram_v1_6a_sync_fifo_2048x8b.v(line number: 454)] Case condition never applies
W: Verilog-2038: [C:/Users/VIDEO/Desktop/52_eth_udp_loop/prj/ipcore/sync_fifo_2048x8b/rtl/ipm2l_sdpram_v1_6a_sync_fifo_2048x8b.v(line number: 455)] Case condition never applies
W: Verilog-2039: [C:/Users/VIDEO/Desktop/52_eth_udp_loop/prj/ipcore/sync_fifo_2048x8b/rtl/ipm2l_sdpram_v1_6a_sync_fifo_2048x8b.v(line number: 577)] Repeat multiplier in concatenation evaluates to 0
W: Verilog-2038: [C:/Users/VIDEO/Desktop/52_eth_udp_loop/prj/ipcore/sync_fifo_2048x8b/rtl/ipm2l_sdpram_v1_6a_sync_fifo_2048x8b.v(line number: 582)] Case condition never applies
W: Verilog-2038: [C:/Users/VIDEO/Desktop/52_eth_udp_loop/prj/ipcore/sync_fifo_2048x8b/rtl/ipm2l_sdpram_v1_6a_sync_fifo_2048x8b.v(line number: 583)] Case condition never applies
W: Verilog-2038: [C:/Users/VIDEO/Desktop/52_eth_udp_loop/prj/ipcore/sync_fifo_2048x8b/rtl/ipm2l_sdpram_v1_6a_sync_fifo_2048x8b.v(line number: 584)] Case condition never applies
I: Verilog-0004: [C:/Users/VIDEO/Desktop/52_eth_udp_loop/prj/ipcore/sync_fifo_2048x8b/rtl/ipm2l_sdpram_v1_6a_sync_fifo_2048x8b.v(line number: 749)] Elaborating instance U_GTP_DRM18K_E1
W: Verilog-2020: [C:/Users/VIDEO/Desktop/52_eth_udp_loop/prj/ipcore/sync_fifo_2048x8b/rtl/ipm2l_sdpram_v1_6a_sync_fifo_2048x8b.v(line number: 672)] Net DA_bus[8] in ipm2l_sdpram_v1_6a_sync_fifo_2048x8b(original module ipm2l_sdpram_v1_6a_sync_fifo_2048x8b) does not have a driver, tie it to 0
W: Verilog-2020: [C:/Users/VIDEO/Desktop/52_eth_udp_loop/prj/ipcore/sync_fifo_2048x8b/rtl/ipm2l_sdpram_v1_6a_sync_fifo_2048x8b.v(line number: 672)] Net DA_bus[9] in ipm2l_sdpram_v1_6a_sync_fifo_2048x8b(original module ipm2l_sdpram_v1_6a_sync_fifo_2048x8b) does not have a driver, tie it to 0
W: Verilog-2020: [C:/Users/VIDEO/Desktop/52_eth_udp_loop/prj/ipcore/sync_fifo_2048x8b/rtl/ipm2l_sdpram_v1_6a_sync_fifo_2048x8b.v(line number: 672)] Net DA_bus[10] in ipm2l_sdpram_v1_6a_sync_fifo_2048x8b(original module ipm2l_sdpram_v1_6a_sync_fifo_2048x8b) does not have a driver, tie it to 0
W: Verilog-2020: [C:/Users/VIDEO/Desktop/52_eth_udp_loop/prj/ipcore/sync_fifo_2048x8b/rtl/ipm2l_sdpram_v1_6a_sync_fifo_2048x8b.v(line number: 672)] Net DA_bus[11] in ipm2l_sdpram_v1_6a_sync_fifo_2048x8b(original module ipm2l_sdpram_v1_6a_sync_fifo_2048x8b) does not have a driver, tie it to 0
W: Verilog-2020: [C:/Users/VIDEO/Desktop/52_eth_udp_loop/prj/ipcore/sync_fifo_2048x8b/rtl/ipm2l_sdpram_v1_6a_sync_fifo_2048x8b.v(line number: 672)] Net DA_bus[12] in ipm2l_sdpram_v1_6a_sync_fifo_2048x8b(original module ipm2l_sdpram_v1_6a_sync_fifo_2048x8b) does not have a driver, tie it to 0
W: Verilog-2020: [C:/Users/VIDEO/Desktop/52_eth_udp_loop/prj/ipcore/sync_fifo_2048x8b/rtl/ipm2l_sdpram_v1_6a_sync_fifo_2048x8b.v(line number: 672)] Net DA_bus[13] in ipm2l_sdpram_v1_6a_sync_fifo_2048x8b(original module ipm2l_sdpram_v1_6a_sync_fifo_2048x8b) does not have a driver, tie it to 0
W: Verilog-2020: [C:/Users/VIDEO/Desktop/52_eth_udp_loop/prj/ipcore/sync_fifo_2048x8b/rtl/ipm2l_sdpram_v1_6a_sync_fifo_2048x8b.v(line number: 672)] Net DA_bus[14] in ipm2l_sdpram_v1_6a_sync_fifo_2048x8b(original module ipm2l_sdpram_v1_6a_sync_fifo_2048x8b) does not have a driver, tie it to 0
W: Verilog-2020: [C:/Users/VIDEO/Desktop/52_eth_udp_loop/prj/ipcore/sync_fifo_2048x8b/rtl/ipm2l_sdpram_v1_6a_sync_fifo_2048x8b.v(line number: 672)] Net DA_bus[15] in ipm2l_sdpram_v1_6a_sync_fifo_2048x8b(original module ipm2l_sdpram_v1_6a_sync_fifo_2048x8b) does not have a driver, tie it to 0
W: Verilog-2020: [C:/Users/VIDEO/Desktop/52_eth_udp_loop/prj/ipcore/sync_fifo_2048x8b/rtl/ipm2l_sdpram_v1_6a_sync_fifo_2048x8b.v(line number: 672)] Net DA_bus[16] in ipm2l_sdpram_v1_6a_sync_fifo_2048x8b(original module ipm2l_sdpram_v1_6a_sync_fifo_2048x8b) does not have a driver, tie it to 0
W: Verilog-2020: [C:/Users/VIDEO/Desktop/52_eth_udp_loop/prj/ipcore/sync_fifo_2048x8b/rtl/ipm2l_sdpram_v1_6a_sync_fifo_2048x8b.v(line number: 672)] Net DA_bus[17] in ipm2l_sdpram_v1_6a_sync_fifo_2048x8b(original module ipm2l_sdpram_v1_6a_sync_fifo_2048x8b) does not have a driver, tie it to 0
W: Verilog-2020: [C:/Users/VIDEO/Desktop/52_eth_udp_loop/prj/ipcore/sync_fifo_2048x8b/rtl/ipm2l_sdpram_v1_6a_sync_fifo_2048x8b.v(line number: 673)] Net DB_bus[8] in ipm2l_sdpram_v1_6a_sync_fifo_2048x8b(original module ipm2l_sdpram_v1_6a_sync_fifo_2048x8b) does not have a driver, tie it to 0
W: Verilog-2020: [C:/Users/VIDEO/Desktop/52_eth_udp_loop/prj/ipcore/sync_fifo_2048x8b/rtl/ipm2l_sdpram_v1_6a_sync_fifo_2048x8b.v(line number: 673)] Net DB_bus[9] in ipm2l_sdpram_v1_6a_sync_fifo_2048x8b(original module ipm2l_sdpram_v1_6a_sync_fifo_2048x8b) does not have a driver, tie it to 0
W: Verilog-2020: [C:/Users/VIDEO/Desktop/52_eth_udp_loop/prj/ipcore/sync_fifo_2048x8b/rtl/ipm2l_sdpram_v1_6a_sync_fifo_2048x8b.v(line number: 673)] Net DB_bus[10] in ipm2l_sdpram_v1_6a_sync_fifo_2048x8b(original module ipm2l_sdpram_v1_6a_sync_fifo_2048x8b) does not have a driver, tie it to 0
W: Verilog-2020: [C:/Users/VIDEO/Desktop/52_eth_udp_loop/prj/ipcore/sync_fifo_2048x8b/rtl/ipm2l_sdpram_v1_6a_sync_fifo_2048x8b.v(line number: 673)] Net DB_bus[11] in ipm2l_sdpram_v1_6a_sync_fifo_2048x8b(original module ipm2l_sdpram_v1_6a_sync_fifo_2048x8b) does not have a driver, tie it to 0
W: Verilog-2020: [C:/Users/VIDEO/Desktop/52_eth_udp_loop/prj/ipcore/sync_fifo_2048x8b/rtl/ipm2l_sdpram_v1_6a_sync_fifo_2048x8b.v(line number: 673)] Net DB_bus[12] in ipm2l_sdpram_v1_6a_sync_fifo_2048x8b(original module ipm2l_sdpram_v1_6a_sync_fifo_2048x8b) does not have a driver, tie it to 0
W: Verilog-2020: [C:/Users/VIDEO/Desktop/52_eth_udp_loop/prj/ipcore/sync_fifo_2048x8b/rtl/ipm2l_sdpram_v1_6a_sync_fifo_2048x8b.v(line number: 673)] Net DB_bus[13] in ipm2l_sdpram_v1_6a_sync_fifo_2048x8b(original module ipm2l_sdpram_v1_6a_sync_fifo_2048x8b) does not have a driver, tie it to 0
W: Verilog-2020: [C:/Users/VIDEO/Desktop/52_eth_udp_loop/prj/ipcore/sync_fifo_2048x8b/rtl/ipm2l_sdpram_v1_6a_sync_fifo_2048x8b.v(line number: 673)] Net DB_bus[14] in ipm2l_sdpram_v1_6a_sync_fifo_2048x8b(original module ipm2l_sdpram_v1_6a_sync_fifo_2048x8b) does not have a driver, tie it to 0
W: Verilog-2020: [C:/Users/VIDEO/Desktop/52_eth_udp_loop/prj/ipcore/sync_fifo_2048x8b/rtl/ipm2l_sdpram_v1_6a_sync_fifo_2048x8b.v(line number: 673)] Net DB_bus[15] in ipm2l_sdpram_v1_6a_sync_fifo_2048x8b(original module ipm2l_sdpram_v1_6a_sync_fifo_2048x8b) does not have a driver, tie it to 0
W: Verilog-2020: [C:/Users/VIDEO/Desktop/52_eth_udp_loop/prj/ipcore/sync_fifo_2048x8b/rtl/ipm2l_sdpram_v1_6a_sync_fifo_2048x8b.v(line number: 673)] Net DB_bus[16] in ipm2l_sdpram_v1_6a_sync_fifo_2048x8b(original module ipm2l_sdpram_v1_6a_sync_fifo_2048x8b) does not have a driver, tie it to 0
W: Verilog-2020: [C:/Users/VIDEO/Desktop/52_eth_udp_loop/prj/ipcore/sync_fifo_2048x8b/rtl/ipm2l_sdpram_v1_6a_sync_fifo_2048x8b.v(line number: 673)] Net DB_bus[17] in ipm2l_sdpram_v1_6a_sync_fifo_2048x8b(original module ipm2l_sdpram_v1_6a_sync_fifo_2048x8b) does not have a driver, tie it to 0
I: Verilog-0004: [C:/Users/VIDEO/Desktop/52_eth_udp_loop/prj/ipcore/sync_fifo_2048x8b/rtl/ipm2l_fifo_v1_7_sync_fifo_2048x8b.v(line number: 109)] Elaborating instance U_ipm2l_fifo_ctrl
I: Verilog-0003: [C:/Users/VIDEO/Desktop/52_eth_udp_loop/prj/ipcore/sync_fifo_2048x8b/rtl/ipm2l_fifo_ctrl_v1_1_sync_fifo_2048x8b.v(line number: 18)] Elaborating module ipm2l_fifo_ctrl_v1_1_sync_fifo_2048x8b
I: Module instance {eth_udp_loop/the_instance_name/U_ipm2l_fifo_sync_fifo_2048x8b/U_ipm2l_fifo_ctrl} parameter value:
    c_WR_DEPTH_WIDTH = 32'b00000000000000000000000000001011
    c_RD_DEPTH_WIDTH = 32'b00000000000000000000000000001011
    c_FIFO_TYPE = ASYN
    c_ALMOST_FULL_NUM = 32'b00000000000000000000001111111100
    c_ALMOST_EMPTY_NUM = 32'b00000000000000000000000000000100
W: Verilog-2039: [C:/Users/VIDEO/Desktop/52_eth_udp_loop/prj/ipcore/sync_fifo_2048x8b/rtl/ipm2l_fifo_ctrl_v1_1_sync_fifo_2048x8b.v(line number: 195)] Repeat multiplier in concatenation evaluates to 0
I: Verilog-0004: [C:/Users/VIDEO/Desktop/52_eth_udp_loop/rtl/eth_udp_loop.v(line number: 244)] Elaborating instance u_eth_ctrl
I: Verilog-0003: [C:/Users/VIDEO/Desktop/52_eth_udp_loop/rtl/eth_ctrl.v(line number: 23)] Elaborating module eth_ctrl
Executing : rtl-elaborate successfully. Time elapsed: 0.080s wall, 0.047s user + 0.031s system = 0.078s CPU (97.8%)

Start rtl-prep.
Executing : rtl-prep successfully. Time elapsed: 0.115s wall, 0.125s user + 0.000s system = 0.125s CPU (108.4%)

Start rtl-infer.
Start DFF-inference.
I: Removed inst tx_done that is redundant to crc_clr.
W: Sdm-2014: Feedback mux created for signal 'ip_head[6] [31]'. It is possible a async set/reset assignment for this is signal missing. To improve timing and area, specify a set/reset value. 
W: Sdm-2014: Feedback mux created for signal 'ip_head[6] [30]'. It is possible a async set/reset assignment for this is signal missing. To improve timing and area, specify a set/reset value. 
W: Sdm-2014: Feedback mux created for signal 'ip_head[0] [0]'. It is possible a async set/reset assignment for this is signal missing. To improve timing and area, specify a set/reset value. 
W: Sdm-2014: Feedback mux created for signal 'ip_head[0] [1]'. It is possible a async set/reset assignment for this is signal missing. To improve timing and area, specify a set/reset value. 
W: Sdm-2014: Feedback mux created for signal 'ip_head[0] [2]'. It is possible a async set/reset assignment for this is signal missing. To improve timing and area, specify a set/reset value. 
W: Sdm-2014: Feedback mux created for signal 'ip_head[0] [3]'. It is possible a async set/reset assignment for this is signal missing. To improve timing and area, specify a set/reset value. 
W: Sdm-2014: Feedback mux created for signal 'ip_head[0] [4]'. It is possible a async set/reset assignment for this is signal missing. To improve timing and area, specify a set/reset value. 
W: Sdm-2014: Feedback mux created for signal 'ip_head[0] [5]'. It is possible a async set/reset assignment for this is signal missing. To improve timing and area, specify a set/reset value. 
W: Sdm-2014: Feedback mux created for signal 'ip_head[0] [6]'. It is possible a async set/reset assignment for this is signal missing. To improve timing and area, specify a set/reset value. 
W: Sdm-2014: Feedback mux created for signal 'ip_head[0] [7]'. It is possible a async set/reset assignment for this is signal missing. To improve timing and area, specify a set/reset value. 
W: Sdm-2014: Feedback mux created for signal 'ip_head[0] [8]'. It is possible a async set/reset assignment for this is signal missing. To improve timing and area, specify a set/reset value. 
W: Sdm-2014: Feedback mux created for signal 'ip_head[0] [9]'. It is possible a async set/reset assignment for this is signal missing. To improve timing and area, specify a set/reset value. 
W: Sdm-2014: Feedback mux created for signal 'ip_head[0] [10]'. It is possible a async set/reset assignment for this is signal missing. To improve timing and area, specify a set/reset value. 
W: Sdm-2014: Feedback mux created for signal 'ip_head[0] [11]'. It is possible a async set/reset assignment for this is signal missing. To improve timing and area, specify a set/reset value. 
W: Sdm-2014: Feedback mux created for signal 'ip_head[0] [12]'. It is possible a async set/reset assignment for this is signal missing. To improve timing and area, specify a set/reset value. 
W: Sdm-2014: Feedback mux created for signal 'ip_head[0] [13]'. It is possible a async set/reset assignment for this is signal missing. To improve timing and area, specify a set/reset value. 
W: Sdm-2014: Feedback mux created for signal 'ip_head[0] [14]'. It is possible a async set/reset assignment for this is signal missing. To improve timing and area, specify a set/reset value. 
W: Sdm-2014: Feedback mux created for signal 'ip_head[0] [15]'. It is possible a async set/reset assignment for this is signal missing. To improve timing and area, specify a set/reset value. 
W: Sdm-2014: Feedback mux created for signal 'ip_head[0] [16]'. It is possible a async set/reset assignment for this is signal missing. To improve timing and area, specify a set/reset value. 
W: Sdm-2014: Feedback mux created for signal 'ip_head[0] [17]'. It is possible a async set/reset assignment for this is signal missing. To improve timing and area, specify a set/reset value. 
W: Sdm-2014: Feedback mux created for signal 'ip_head[0] [18]'. It is possible a async set/reset assignment for this is signal missing. To improve timing and area, specify a set/reset value. 
W: Sdm-2014: Feedback mux created for signal 'ip_head[0] [19]'. It is possible a async set/reset assignment for this is signal missing. To improve timing and area, specify a set/reset value. 
W: Sdm-2014: Feedback mux created for signal 'ip_head[0] [20]'. It is possible a async set/reset assignment for this is signal missing. To improve timing and area, specify a set/reset value. 
W: Sdm-2014: Feedback mux created for signal 'ip_head[0] [21]'. It is possible a async set/reset assignment for this is signal missing. To improve timing and area, specify a set/reset value. 
W: Sdm-2014: Feedback mux created for signal 'ip_head[0] [22]'. It is possible a async set/reset assignment for this is signal missing. To improve timing and area, specify a set/reset value. 
W: Sdm-2014: Feedback mux created for signal 'ip_head[0] [23]'. It is possible a async set/reset assignment for this is signal missing. To improve timing and area, specify a set/reset value. 
W: Sdm-2014: Feedback mux created for signal 'ip_head[0] [24]'. It is possible a async set/reset assignment for this is signal missing. To improve timing and area, specify a set/reset value. 
W: Sdm-2014: Feedback mux created for signal 'ip_head[0] [25]'. It is possible a async set/reset assignment for this is signal missing. To improve timing and area, specify a set/reset value. 
W: Sdm-2014: Feedback mux created for signal 'ip_head[0] [26]'. It is possible a async set/reset assignment for this is signal missing. To improve timing and area, specify a set/reset value. 
W: Sdm-2014: Feedback mux created for signal 'ip_head[0] [27]'. It is possible a async set/reset assignment for this is signal missing. To improve timing and area, specify a set/reset value. 
W: Sdm-2014: Feedback mux created for signal 'ip_head[0] [28]'. It is possible a async set/reset assignment for this is signal missing. To improve timing and area, specify a set/reset value. 
W: Sdm-2014: Feedback mux created for signal 'ip_head[0] [29]'. It is possible a async set/reset assignment for this is signal missing. To improve timing and area, specify a set/reset value. 
W: Sdm-2014: Feedback mux created for signal 'ip_head[0] [30]'. It is possible a async set/reset assignment for this is signal missing. To improve timing and area, specify a set/reset value. 
W: Sdm-2014: Feedback mux created for signal 'ip_head[0] [31]'. It is possible a async set/reset assignment for this is signal missing. To improve timing and area, specify a set/reset value. 
W: Sdm-2014: Feedback mux created for signal 'ip_head[1] [0]'. It is possible a async set/reset assignment for this is signal missing. To improve timing and area, specify a set/reset value. 
W: Sdm-2014: Feedback mux created for signal 'ip_head[1] [1]'. It is possible a async set/reset assignment for this is signal missing. To improve timing and area, specify a set/reset value. 
W: Sdm-2014: Feedback mux created for signal 'ip_head[1] [2]'. It is possible a async set/reset assignment for this is signal missing. To improve timing and area, specify a set/reset value. 
W: Sdm-2014: Feedback mux created for signal 'ip_head[1] [3]'. It is possible a async set/reset assignment for this is signal missing. To improve timing and area, specify a set/reset value. 
W: Sdm-2014: Feedback mux created for signal 'ip_head[1] [4]'. It is possible a async set/reset assignment for this is signal missing. To improve timing and area, specify a set/reset value. 
W: Sdm-2014: Feedback mux created for signal 'ip_head[1] [5]'. It is possible a async set/reset assignment for this is signal missing. To improve timing and area, specify a set/reset value. 
W: Sdm-2014: Feedback mux created for signal 'ip_head[1] [6]'. It is possible a async set/reset assignment for this is signal missing. To improve timing and area, specify a set/reset value. 
W: Sdm-2014: Feedback mux created for signal 'ip_head[1] [7]'. It is possible a async set/reset assignment for this is signal missing. To improve timing and area, specify a set/reset value. 
W: Sdm-2014: Feedback mux created for signal 'ip_head[1] [8]'. It is possible a async set/reset assignment for this is signal missing. To improve timing and area, specify a set/reset value. 
W: Sdm-2014: Feedback mux created for signal 'ip_head[1] [9]'. It is possible a async set/reset assignment for this is signal missing. To improve timing and area, specify a set/reset value. 
W: Sdm-2014: Feedback mux created for signal 'ip_head[1] [10]'. It is possible a async set/reset assignment for this is signal missing. To improve timing and area, specify a set/reset value. 
W: Sdm-2014: Feedback mux created for signal 'ip_head[1] [11]'. It is possible a async set/reset assignment for this is signal missing. To improve timing and area, specify a set/reset value. 
W: Sdm-2014: Feedback mux created for signal 'ip_head[1] [12]'. It is possible a async set/reset assignment for this is signal missing. To improve timing and area, specify a set/reset value. 
W: Sdm-2014: Feedback mux created for signal 'ip_head[1] [13]'. It is possible a async set/reset assignment for this is signal missing. To improve timing and area, specify a set/reset value. 
W: Sdm-2014: Feedback mux created for signal 'ip_head[1] [14]'. It is possible a async set/reset assignment for this is signal missing. To improve timing and area, specify a set/reset value. 
W: Sdm-2014: Feedback mux created for signal 'ip_head[1] [15]'. It is possible a async set/reset assignment for this is signal missing. To improve timing and area, specify a set/reset value. 
W: Sdm-2014: Feedback mux created for signal 'ip_head[2] [0]'. It is possible a async set/reset assignment for this is signal missing. To improve timing and area, specify a set/reset value. 
W: Sdm-2014: Feedback mux created for signal 'ip_head[2] [1]'. It is possible a async set/reset assignment for this is signal missing. To improve timing and area, specify a set/reset value. 
W: Sdm-2014: Feedback mux created for signal 'ip_head[2] [2]'. It is possible a async set/reset assignment for this is signal missing. To improve timing and area, specify a set/reset value. 
W: Sdm-2014: Feedback mux created for signal 'ip_head[2] [3]'. It is possible a async set/reset assignment for this is signal missing. To improve timing and area, specify a set/reset value. 
W: Sdm-2014: Feedback mux created for signal 'ip_head[2] [4]'. It is possible a async set/reset assignment for this is signal missing. To improve timing and area, specify a set/reset value. 
W: Sdm-2014: Feedback mux created for signal 'ip_head[2] [5]'. It is possible a async set/reset assignment for this is signal missing. To improve timing and area, specify a set/reset value. 
W: Sdm-2014: Feedback mux created for signal 'ip_head[2] [6]'. It is possible a async set/reset assignment for this is signal missing. To improve timing and area, specify a set/reset value. 
W: Sdm-2014: Feedback mux created for signal 'ip_head[2] [7]'. It is possible a async set/reset assignment for this is signal missing. To improve timing and area, specify a set/reset value. 
W: Sdm-2014: Feedback mux created for signal 'ip_head[2] [8]'. It is possible a async set/reset assignment for this is signal missing. To improve timing and area, specify a set/reset value. 
W: Sdm-2014: Feedback mux created for signal 'ip_head[2] [9]'. It is possible a async set/reset assignment for this is signal missing. To improve timing and area, specify a set/reset value. 
W: Sdm-2014: Feedback mux created for signal 'ip_head[2] [10]'. It is possible a async set/reset assignment for this is signal missing. To improve timing and area, specify a set/reset value. 
W: Sdm-2014: Feedback mux created for signal 'ip_head[2] [11]'. It is possible a async set/reset assignment for this is signal missing. To improve timing and area, specify a set/reset value. 
W: Sdm-2014: Feedback mux created for signal 'ip_head[2] [12]'. It is possible a async set/reset assignment for this is signal missing. To improve timing and area, specify a set/reset value. 
W: Sdm-2014: Feedback mux created for signal 'ip_head[2] [13]'. It is possible a async set/reset assignment for this is signal missing. To improve timing and area, specify a set/reset value. 
W: Sdm-2014: Feedback mux created for signal 'ip_head[2] [14]'. It is possible a async set/reset assignment for this is signal missing. To improve timing and area, specify a set/reset value. 
W: Sdm-2014: Feedback mux created for signal 'ip_head[2] [15]'. It is possible a async set/reset assignment for this is signal missing. To improve timing and area, specify a set/reset value. 
W: Sdm-2014: Feedback mux created for signal 'ip_head[2] [16]'. It is possible a async set/reset assignment for this is signal missing. To improve timing and area, specify a set/reset value. 
W: Sdm-2014: Feedback mux created for signal 'ip_head[2] [17]'. It is possible a async set/reset assignment for this is signal missing. To improve timing and area, specify a set/reset value. 
W: Sdm-2014: Feedback mux created for signal 'ip_head[2] [18]'. It is possible a async set/reset assignment for this is signal missing. To improve timing and area, specify a set/reset value. 
W: Sdm-2014: Feedback mux created for signal 'ip_head[2] [19]'. It is possible a async set/reset assignment for this is signal missing. To improve timing and area, specify a set/reset value. 
W: Sdm-2014: Feedback mux created for signal 'ip_head[2] [20]'. It is possible a async set/reset assignment for this is signal missing. To improve timing and area, specify a set/reset value. 
W: Sdm-2014: Feedback mux created for signal 'ip_head[2] [21]'. It is possible a async set/reset assignment for this is signal missing. To improve timing and area, specify a set/reset value. 
W: Sdm-2014: Feedback mux created for signal 'ip_head[2] [22]'. It is possible a async set/reset assignment for this is signal missing. To improve timing and area, specify a set/reset value. 
W: Sdm-2014: Feedback mux created for signal 'ip_head[2] [23]'. It is possible a async set/reset assignment for this is signal missing. To improve timing and area, specify a set/reset value. 
W: Sdm-2014: Feedback mux created for signal 'ip_head[2] [24]'. It is possible a async set/reset assignment for this is signal missing. To improve timing and area, specify a set/reset value. 
W: Sdm-2014: Feedback mux created for signal 'ip_head[2] [25]'. It is possible a async set/reset assignment for this is signal missing. To improve timing and area, specify a set/reset value. 
W: Sdm-2014: Feedback mux created for signal 'ip_head[2] [26]'. It is possible a async set/reset assignment for this is signal missing. To improve timing and area, specify a set/reset value. 
W: Sdm-2014: Feedback mux created for signal 'ip_head[2] [27]'. It is possible a async set/reset assignment for this is signal missing. To improve timing and area, specify a set/reset value. 
W: Sdm-2014: Feedback mux created for signal 'ip_head[2] [28]'. It is possible a async set/reset assignment for this is signal missing. To improve timing and area, specify a set/reset value. 
W: Sdm-2014: Feedback mux created for signal 'ip_head[2] [29]'. It is possible a async set/reset assignment for this is signal missing. To improve timing and area, specify a set/reset value. 
W: Sdm-2014: Feedback mux created for signal 'ip_head[2] [30]'. It is possible a async set/reset assignment for this is signal missing. To improve timing and area, specify a set/reset value. 
W: Sdm-2014: Feedback mux created for signal 'ip_head[2] [31]'. It is possible a async set/reset assignment for this is signal missing. To improve timing and area, specify a set/reset value. 
W: Sdm-2014: Feedback mux created for signal 'ip_head[3] [0]'. It is possible a async set/reset assignment for this is signal missing. To improve timing and area, specify a set/reset value. 
W: Sdm-2014: Feedback mux created for signal 'ip_head[3] [1]'. It is possible a async set/reset assignment for this is signal missing. To improve timing and area, specify a set/reset value. 
W: Sdm-2014: Feedback mux created for signal 'ip_head[3] [2]'. It is possible a async set/reset assignment for this is signal missing. To improve timing and area, specify a set/reset value. 
W: Sdm-2014: Feedback mux created for signal 'ip_head[3] [3]'. It is possible a async set/reset assignment for this is signal missing. To improve timing and area, specify a set/reset value. 
W: Sdm-2014: Feedback mux created for signal 'ip_head[3] [4]'. It is possible a async set/reset assignment for this is signal missing. To improve timing and area, specify a set/reset value. 
W: Sdm-2014: Feedback mux created for signal 'ip_head[3] [5]'. It is possible a async set/reset assignment for this is signal missing. To improve timing and area, specify a set/reset value. 
W: Sdm-2014: Feedback mux created for signal 'ip_head[3] [6]'. It is possible a async set/reset assignment for this is signal missing. To improve timing and area, specify a set/reset value. 
W: Sdm-2014: Feedback mux created for signal 'ip_head[3] [7]'. It is possible a async set/reset assignment for this is signal missing. To improve timing and area, specify a set/reset value. 
W: Sdm-2014: Feedback mux created for signal 'ip_head[3] [8]'. It is possible a async set/reset assignment for this is signal missing. To improve timing and area, specify a set/reset value. 
W: Sdm-2014: Feedback mux created for signal 'ip_head[3] [9]'. It is possible a async set/reset assignment for this is signal missing. To improve timing and area, specify a set/reset value. 
W: Sdm-2014: Feedback mux created for signal 'ip_head[3] [10]'. It is possible a async set/reset assignment for this is signal missing. To improve timing and area, specify a set/reset value. 
W: Sdm-2014: Feedback mux created for signal 'ip_head[3] [11]'. It is possible a async set/reset assignment for this is signal missing. To improve timing and area, specify a set/reset value. 
W: Sdm-2014: Feedback mux created for signal 'ip_head[3] [12]'. It is possible a async set/reset assignment for this is signal missing. To improve timing and area, specify a set/reset value. 
W: Sdm-2014: Feedback mux created for signal 'ip_head[3] [13]'. It is possible a async set/reset assignment for this is signal missing. To improve timing and area, specify a set/reset value. 
W: Sdm-2014: Feedback mux created for signal 'ip_head[3] [14]'. It is possible a async set/reset assignment for this is signal missing. To improve timing and area, specify a set/reset value. 
W: Sdm-2014: Feedback mux created for signal 'ip_head[3] [15]'. It is possible a async set/reset assignment for this is signal missing. To improve timing and area, specify a set/reset value. 
W: Sdm-2014: Feedback mux created for signal 'ip_head[3] [16]'. It is possible a async set/reset assignment for this is signal missing. To improve timing and area, specify a set/reset value. 
W: Sdm-2014: Feedback mux created for signal 'ip_head[3] [17]'. It is possible a async set/reset assignment for this is signal missing. To improve timing and area, specify a set/reset value. 
W: Sdm-2014: Feedback mux created for signal 'ip_head[3] [18]'. It is possible a async set/reset assignment for this is signal missing. To improve timing and area, specify a set/reset value. 
W: Sdm-2014: Feedback mux created for signal 'ip_head[3] [19]'. It is possible a async set/reset assignment for this is signal missing. To improve timing and area, specify a set/reset value. 
W: Sdm-2014: Feedback mux created for signal 'ip_head[3] [20]'. It is possible a async set/reset assignment for this is signal missing. To improve timing and area, specify a set/reset value. 
W: Sdm-2014: Feedback mux created for signal 'ip_head[3] [21]'. It is possible a async set/reset assignment for this is signal missing. To improve timing and area, specify a set/reset value. 
W: Sdm-2014: Feedback mux created for signal 'ip_head[3] [22]'. It is possible a async set/reset assignment for this is signal missing. To improve timing and area, specify a set/reset value. 
W: Sdm-2014: Feedback mux created for signal 'ip_head[3] [23]'. It is possible a async set/reset assignment for this is signal missing. To improve timing and area, specify a set/reset value. 
W: Sdm-2014: Feedback mux created for signal 'ip_head[3] [24]'. It is possible a async set/reset assignment for this is signal missing. To improve timing and area, specify a set/reset value. 
W: Sdm-2014: Feedback mux created for signal 'ip_head[3] [25]'. It is possible a async set/reset assignment for this is signal missing. To improve timing and area, specify a set/reset value. 
W: Sdm-2014: Feedback mux created for signal 'ip_head[3] [26]'. It is possible a async set/reset assignment for this is signal missing. To improve timing and area, specify a set/reset value. 
W: Sdm-2014: Feedback mux created for signal 'ip_head[3] [27]'. It is possible a async set/reset assignment for this is signal missing. To improve timing and area, specify a set/reset value. 
W: Sdm-2014: Feedback mux created for signal 'ip_head[3] [28]'. It is possible a async set/reset assignment for this is signal missing. To improve timing and area, specify a set/reset value. 
W: Sdm-2014: Feedback mux created for signal 'ip_head[3] [29]'. It is possible a async set/reset assignment for this is signal missing. To improve timing and area, specify a set/reset value. 
W: Sdm-2014: Feedback mux created for signal 'ip_head[3] [30]'. It is possible a async set/reset assignment for this is signal missing. To improve timing and area, specify a set/reset value. 
W: Sdm-2014: Feedback mux created for signal 'ip_head[3] [31]'. It is possible a async set/reset assignment for this is signal missing. To improve timing and area, specify a set/reset value. 
W: Sdm-2014: Feedback mux created for signal 'ip_head[4] [0]'. It is possible a async set/reset assignment for this is signal missing. To improve timing and area, specify a set/reset value. 
W: Sdm-2014: Feedback mux created for signal 'ip_head[4] [1]'. It is possible a async set/reset assignment for this is signal missing. To improve timing and area, specify a set/reset value. 
W: Sdm-2014: Feedback mux created for signal 'ip_head[4] [2]'. It is possible a async set/reset assignment for this is signal missing. To improve timing and area, specify a set/reset value. 
W: Sdm-2014: Feedback mux created for signal 'ip_head[4] [3]'. It is possible a async set/reset assignment for this is signal missing. To improve timing and area, specify a set/reset value. 
W: Sdm-2014: Feedback mux created for signal 'ip_head[4] [4]'. It is possible a async set/reset assignment for this is signal missing. To improve timing and area, specify a set/reset value. 
W: Sdm-2014: Feedback mux created for signal 'ip_head[4] [5]'. It is possible a async set/reset assignment for this is signal missing. To improve timing and area, specify a set/reset value. 
W: Sdm-2014: Feedback mux created for signal 'ip_head[4] [6]'. It is possible a async set/reset assignment for this is signal missing. To improve timing and area, specify a set/reset value. 
W: Sdm-2014: Feedback mux created for signal 'ip_head[4] [7]'. It is possible a async set/reset assignment for this is signal missing. To improve timing and area, specify a set/reset value. 
W: Sdm-2014: Feedback mux created for signal 'ip_head[4] [8]'. It is possible a async set/reset assignment for this is signal missing. To improve timing and area, specify a set/reset value. 
W: Sdm-2014: Feedback mux created for signal 'ip_head[4] [9]'. It is possible a async set/reset assignment for this is signal missing. To improve timing and area, specify a set/reset value. 
W: Sdm-2014: Feedback mux created for signal 'ip_head[4] [10]'. It is possible a async set/reset assignment for this is signal missing. To improve timing and area, specify a set/reset value. 
W: Sdm-2014: Feedback mux created for signal 'ip_head[4] [11]'. It is possible a async set/reset assignment for this is signal missing. To improve timing and area, specify a set/reset value. 
W: Sdm-2014: Feedback mux created for signal 'ip_head[4] [12]'. It is possible a async set/reset assignment for this is signal missing. To improve timing and area, specify a set/reset value. 
W: Sdm-2014: Feedback mux created for signal 'ip_head[4] [13]'. It is possible a async set/reset assignment for this is signal missing. To improve timing and area, specify a set/reset value. 
W: Sdm-2014: Feedback mux created for signal 'ip_head[4] [14]'. It is possible a async set/reset assignment for this is signal missing. To improve timing and area, specify a set/reset value. 
W: Sdm-2014: Feedback mux created for signal 'ip_head[4] [15]'. It is possible a async set/reset assignment for this is signal missing. To improve timing and area, specify a set/reset value. 
W: Sdm-2014: Feedback mux created for signal 'ip_head[4] [16]'. It is possible a async set/reset assignment for this is signal missing. To improve timing and area, specify a set/reset value. 
W: Sdm-2014: Feedback mux created for signal 'ip_head[4] [17]'. It is possible a async set/reset assignment for this is signal missing. To improve timing and area, specify a set/reset value. 
W: Sdm-2014: Feedback mux created for signal 'ip_head[4] [18]'. It is possible a async set/reset assignment for this is signal missing. To improve timing and area, specify a set/reset value. 
W: Sdm-2014: Feedback mux created for signal 'ip_head[4] [19]'. It is possible a async set/reset assignment for this is signal missing. To improve timing and area, specify a set/reset value. 
W: Sdm-2014: Feedback mux created for signal 'ip_head[4] [20]'. It is possible a async set/reset assignment for this is signal missing. To improve timing and area, specify a set/reset value. 
W: Sdm-2014: Feedback mux created for signal 'ip_head[4] [21]'. It is possible a async set/reset assignment for this is signal missing. To improve timing and area, specify a set/reset value. 
W: Sdm-2014: Feedback mux created for signal 'ip_head[4] [22]'. It is possible a async set/reset assignment for this is signal missing. To improve timing and area, specify a set/reset value. 
W: Sdm-2014: Feedback mux created for signal 'ip_head[4] [23]'. It is possible a async set/reset assignment for this is signal missing. To improve timing and area, specify a set/reset value. 
W: Sdm-2014: Feedback mux created for signal 'ip_head[4] [24]'. It is possible a async set/reset assignment for this is signal missing. To improve timing and area, specify a set/reset value. 
W: Sdm-2014: Feedback mux created for signal 'ip_head[4] [25]'. It is possible a async set/reset assignment for this is signal missing. To improve timing and area, specify a set/reset value. 
W: Sdm-2014: Feedback mux created for signal 'ip_head[4] [26]'. It is possible a async set/reset assignment for this is signal missing. To improve timing and area, specify a set/reset value. 
W: Sdm-2014: Feedback mux created for signal 'ip_head[4] [27]'. It is possible a async set/reset assignment for this is signal missing. To improve timing and area, specify a set/reset value. 
W: Sdm-2014: Feedback mux created for signal 'ip_head[4] [28]'. It is possible a async set/reset assignment for this is signal missing. To improve timing and area, specify a set/reset value. 
W: Sdm-2014: Feedback mux created for signal 'ip_head[4] [29]'. It is possible a async set/reset assignment for this is signal missing. To improve timing and area, specify a set/reset value. 
W: Sdm-2014: Feedback mux created for signal 'ip_head[4] [30]'. It is possible a async set/reset assignment for this is signal missing. To improve timing and area, specify a set/reset value. 
W: Sdm-2014: Feedback mux created for signal 'ip_head[4] [31]'. It is possible a async set/reset assignment for this is signal missing. To improve timing and area, specify a set/reset value. 
W: Sdm-2014: Feedback mux created for signal 'ip_head[5] [0]'. It is possible a async set/reset assignment for this is signal missing. To improve timing and area, specify a set/reset value. 
W: Sdm-2014: Feedback mux created for signal 'ip_head[5] [1]'. It is possible a async set/reset assignment for this is signal missing. To improve timing and area, specify a set/reset value. 
W: Sdm-2014: Feedback mux created for signal 'ip_head[5] [2]'. It is possible a async set/reset assignment for this is signal missing. To improve timing and area, specify a set/reset value. 
W: Sdm-2014: Feedback mux created for signal 'ip_head[5] [3]'. It is possible a async set/reset assignment for this is signal missing. To improve timing and area, specify a set/reset value. 
W: Sdm-2014: Feedback mux created for signal 'ip_head[5] [4]'. It is possible a async set/reset assignment for this is signal missing. To improve timing and area, specify a set/reset value. 
W: Sdm-2014: Feedback mux created for signal 'ip_head[5] [5]'. It is possible a async set/reset assignment for this is signal missing. To improve timing and area, specify a set/reset value. 
W: Sdm-2014: Feedback mux created for signal 'ip_head[5] [6]'. It is possible a async set/reset assignment for this is signal missing. To improve timing and area, specify a set/reset value. 
W: Sdm-2014: Feedback mux created for signal 'ip_head[5] [7]'. It is possible a async set/reset assignment for this is signal missing. To improve timing and area, specify a set/reset value. 
W: Sdm-2014: Feedback mux created for signal 'ip_head[5] [8]'. It is possible a async set/reset assignment for this is signal missing. To improve timing and area, specify a set/reset value. 
W: Sdm-2014: Feedback mux created for signal 'ip_head[5] [9]'. It is possible a async set/reset assignment for this is signal missing. To improve timing and area, specify a set/reset value. 
W: Sdm-2014: Feedback mux created for signal 'ip_head[5] [10]'. It is possible a async set/reset assignment for this is signal missing. To improve timing and area, specify a set/reset value. 
W: Sdm-2014: Feedback mux created for signal 'ip_head[5] [11]'. It is possible a async set/reset assignment for this is signal missing. To improve timing and area, specify a set/reset value. 
W: Sdm-2014: Feedback mux created for signal 'ip_head[5] [12]'. It is possible a async set/reset assignment for this is signal missing. To improve timing and area, specify a set/reset value. 
W: Sdm-2014: Feedback mux created for signal 'ip_head[5] [13]'. It is possible a async set/reset assignment for this is signal missing. To improve timing and area, specify a set/reset value. 
W: Sdm-2014: Feedback mux created for signal 'ip_head[5] [14]'. It is possible a async set/reset assignment for this is signal missing. To improve timing and area, specify a set/reset value. 
W: Sdm-2014: Feedback mux created for signal 'ip_head[5] [15]'. It is possible a async set/reset assignment for this is signal missing. To improve timing and area, specify a set/reset value. 
W: Sdm-2014: Feedback mux created for signal 'ip_head[5] [16]'. It is possible a async set/reset assignment for this is signal missing. To improve timing and area, specify a set/reset value. 
W: Sdm-2014: Feedback mux created for signal 'ip_head[5] [17]'. It is possible a async set/reset assignment for this is signal missing. To improve timing and area, specify a set/reset value. 
W: Sdm-2014: Feedback mux created for signal 'ip_head[5] [18]'. It is possible a async set/reset assignment for this is signal missing. To improve timing and area, specify a set/reset value. 
W: Sdm-2014: Feedback mux created for signal 'ip_head[5] [19]'. It is possible a async set/reset assignment for this is signal missing. To improve timing and area, specify a set/reset value. 
W: Sdm-2014: Feedback mux created for signal 'ip_head[5] [20]'. It is possible a async set/reset assignment for this is signal missing. To improve timing and area, specify a set/reset value. 
W: Sdm-2014: Feedback mux created for signal 'ip_head[5] [21]'. It is possible a async set/reset assignment for this is signal missing. To improve timing and area, specify a set/reset value. 
W: Sdm-2014: Feedback mux created for signal 'ip_head[5] [22]'. It is possible a async set/reset assignment for this is signal missing. To improve timing and area, specify a set/reset value. 
W: Sdm-2014: Feedback mux created for signal 'ip_head[5] [23]'. It is possible a async set/reset assignment for this is signal missing. To improve timing and area, specify a set/reset value. 
W: Sdm-2014: Feedback mux created for signal 'ip_head[5] [24]'. It is possible a async set/reset assignment for this is signal missing. To improve timing and area, specify a set/reset value. 
W: Sdm-2014: Feedback mux created for signal 'ip_head[5] [25]'. It is possible a async set/reset assignment for this is signal missing. To improve timing and area, specify a set/reset value. 
W: Sdm-2014: Feedback mux created for signal 'ip_head[5] [26]'. It is possible a async set/reset assignment for this is signal missing. To improve timing and area, specify a set/reset value. 
W: Sdm-2014: Feedback mux created for signal 'ip_head[5] [27]'. It is possible a async set/reset assignment for this is signal missing. To improve timing and area, specify a set/reset value. 
W: Sdm-2014: Feedback mux created for signal 'ip_head[5] [28]'. It is possible a async set/reset assignment for this is signal missing. To improve timing and area, specify a set/reset value. 
W: Sdm-2014: Feedback mux created for signal 'ip_head[5] [29]'. It is possible a async set/reset assignment for this is signal missing. To improve timing and area, specify a set/reset value. 
W: Sdm-2014: Feedback mux created for signal 'ip_head[5] [30]'. It is possible a async set/reset assignment for this is signal missing. To improve timing and area, specify a set/reset value. 
W: Sdm-2014: Feedback mux created for signal 'ip_head[5] [31]'. It is possible a async set/reset assignment for this is signal missing. To improve timing and area, specify a set/reset value. 
W: Sdm-2014: Feedback mux created for signal 'ip_head[6] [0]'. It is possible a async set/reset assignment for this is signal missing. To improve timing and area, specify a set/reset value. 
W: Sdm-2014: Feedback mux created for signal 'ip_head[6] [1]'. It is possible a async set/reset assignment for this is signal missing. To improve timing and area, specify a set/reset value. 
W: Sdm-2014: Feedback mux created for signal 'ip_head[6] [2]'. It is possible a async set/reset assignment for this is signal missing. To improve timing and area, specify a set/reset value. 
W: Sdm-2014: Feedback mux created for signal 'ip_head[6] [3]'. It is possible a async set/reset assignment for this is signal missing. To improve timing and area, specify a set/reset value. 
W: Sdm-2014: Feedback mux created for signal 'ip_head[6] [4]'. It is possible a async set/reset assignment for this is signal missing. To improve timing and area, specify a set/reset value. 
W: Sdm-2014: Feedback mux created for signal 'ip_head[6] [5]'. It is possible a async set/reset assignment for this is signal missing. To improve timing and area, specify a set/reset value. 
W: Sdm-2014: Feedback mux created for signal 'ip_head[6] [6]'. It is possible a async set/reset assignment for this is signal missing. To improve timing and area, specify a set/reset value. 
W: Sdm-2014: Feedback mux created for signal 'ip_head[6] [7]'. It is possible a async set/reset assignment for this is signal missing. To improve timing and area, specify a set/reset value. 
W: Sdm-2014: Feedback mux created for signal 'ip_head[6] [8]'. It is possible a async set/reset assignment for this is signal missing. To improve timing and area, specify a set/reset value. 
W: Sdm-2014: Feedback mux created for signal 'ip_head[6] [9]'. It is possible a async set/reset assignment for this is signal missing. To improve timing and area, specify a set/reset value. 
W: Sdm-2014: Feedback mux created for signal 'ip_head[6] [10]'. It is possible a async set/reset assignment for this is signal missing. To improve timing and area, specify a set/reset value. 
W: Sdm-2014: Feedback mux created for signal 'ip_head[6] [11]'. It is possible a async set/reset assignment for this is signal missing. To improve timing and area, specify a set/reset value. 
W: Sdm-2014: Feedback mux created for signal 'ip_head[6] [12]'. It is possible a async set/reset assignment for this is signal missing. To improve timing and area, specify a set/reset value. 
W: Sdm-2014: Feedback mux created for signal 'ip_head[6] [13]'. It is possible a async set/reset assignment for this is signal missing. To improve timing and area, specify a set/reset value. 
W: Sdm-2014: Feedback mux created for signal 'ip_head[6] [14]'. It is possible a async set/reset assignment for this is signal missing. To improve timing and area, specify a set/reset value. 
W: Sdm-2014: Feedback mux created for signal 'ip_head[6] [15]'. It is possible a async set/reset assignment for this is signal missing. To improve timing and area, specify a set/reset value. 
W: Sdm-2014: Feedback mux created for signal 'ip_head[6] [16]'. It is possible a async set/reset assignment for this is signal missing. To improve timing and area, specify a set/reset value. 
W: Sdm-2014: Feedback mux created for signal 'ip_head[6] [17]'. It is possible a async set/reset assignment for this is signal missing. To improve timing and area, specify a set/reset value. 
W: Sdm-2014: Feedback mux created for signal 'ip_head[6] [18]'. It is possible a async set/reset assignment for this is signal missing. To improve timing and area, specify a set/reset value. 
W: Sdm-2014: Feedback mux created for signal 'ip_head[6] [19]'. It is possible a async set/reset assignment for this is signal missing. To improve timing and area, specify a set/reset value. 
W: Sdm-2014: Feedback mux created for signal 'ip_head[6] [20]'. It is possible a async set/reset assignment for this is signal missing. To improve timing and area, specify a set/reset value. 
W: Sdm-2014: Feedback mux created for signal 'ip_head[6] [21]'. It is possible a async set/reset assignment for this is signal missing. To improve timing and area, specify a set/reset value. 
W: Sdm-2014: Feedback mux created for signal 'ip_head[6] [22]'. It is possible a async set/reset assignment for this is signal missing. To improve timing and area, specify a set/reset value. 
W: Sdm-2014: Feedback mux created for signal 'ip_head[6] [23]'. It is possible a async set/reset assignment for this is signal missing. To improve timing and area, specify a set/reset value. 
W: Sdm-2014: Feedback mux created for signal 'ip_head[6] [24]'. It is possible a async set/reset assignment for this is signal missing. To improve timing and area, specify a set/reset value. 
W: Sdm-2014: Feedback mux created for signal 'ip_head[6] [25]'. It is possible a async set/reset assignment for this is signal missing. To improve timing and area, specify a set/reset value. 
W: Sdm-2014: Feedback mux created for signal 'ip_head[6] [26]'. It is possible a async set/reset assignment for this is signal missing. To improve timing and area, specify a set/reset value. 
W: Sdm-2014: Feedback mux created for signal 'ip_head[6] [27]'. It is possible a async set/reset assignment for this is signal missing. To improve timing and area, specify a set/reset value. 
W: Sdm-2014: Feedback mux created for signal 'ip_head[6] [28]'. It is possible a async set/reset assignment for this is signal missing. To improve timing and area, specify a set/reset value. 
W: Sdm-2014: Feedback mux created for signal 'ip_head[6] [29]'. It is possible a async set/reset assignment for this is signal missing. To improve timing and area, specify a set/reset value. 
I: Removed inst tx_done that is redundant to crc_clr.
W: Sdm-2014: Feedback mux created for signal 'ip_head[6] [31]'. It is possible a async set/reset assignment for this is signal missing. To improve timing and area, specify a set/reset value. 
W: Sdm-2014: Feedback mux created for signal 'ip_head[6] [30]'. It is possible a async set/reset assignment for this is signal missing. To improve timing and area, specify a set/reset value. 
W: Sdm-2014: Feedback mux created for signal 'ip_head[0] [0]'. It is possible a async set/reset assignment for this is signal missing. To improve timing and area, specify a set/reset value. 
W: Sdm-2014: Feedback mux created for signal 'ip_head[0] [1]'. It is possible a async set/reset assignment for this is signal missing. To improve timing and area, specify a set/reset value. 
W: Sdm-2014: Feedback mux created for signal 'ip_head[0] [2]'. It is possible a async set/reset assignment for this is signal missing. To improve timing and area, specify a set/reset value. 
W: Sdm-2014: Feedback mux created for signal 'ip_head[0] [3]'. It is possible a async set/reset assignment for this is signal missing. To improve timing and area, specify a set/reset value. 
W: Sdm-2014: Feedback mux created for signal 'ip_head[0] [4]'. It is possible a async set/reset assignment for this is signal missing. To improve timing and area, specify a set/reset value. 
W: Sdm-2014: Feedback mux created for signal 'ip_head[0] [5]'. It is possible a async set/reset assignment for this is signal missing. To improve timing and area, specify a set/reset value. 
W: Sdm-2014: Feedback mux created for signal 'ip_head[0] [6]'. It is possible a async set/reset assignment for this is signal missing. To improve timing and area, specify a set/reset value. 
W: Sdm-2014: Feedback mux created for signal 'ip_head[0] [7]'. It is possible a async set/reset assignment for this is signal missing. To improve timing and area, specify a set/reset value. 
W: Sdm-2014: Feedback mux created for signal 'ip_head[0] [8]'. It is possible a async set/reset assignment for this is signal missing. To improve timing and area, specify a set/reset value. 
W: Sdm-2014: Feedback mux created for signal 'ip_head[0] [9]'. It is possible a async set/reset assignment for this is signal missing. To improve timing and area, specify a set/reset value. 
W: Sdm-2014: Feedback mux created for signal 'ip_head[0] [10]'. It is possible a async set/reset assignment for this is signal missing. To improve timing and area, specify a set/reset value. 
W: Sdm-2014: Feedback mux created for signal 'ip_head[0] [11]'. It is possible a async set/reset assignment for this is signal missing. To improve timing and area, specify a set/reset value. 
W: Sdm-2014: Feedback mux created for signal 'ip_head[0] [12]'. It is possible a async set/reset assignment for this is signal missing. To improve timing and area, specify a set/reset value. 
W: Sdm-2014: Feedback mux created for signal 'ip_head[0] [13]'. It is possible a async set/reset assignment for this is signal missing. To improve timing and area, specify a set/reset value. 
W: Sdm-2014: Feedback mux created for signal 'ip_head[0] [14]'. It is possible a async set/reset assignment for this is signal missing. To improve timing and area, specify a set/reset value. 
W: Sdm-2014: Feedback mux created for signal 'ip_head[0] [15]'. It is possible a async set/reset assignment for this is signal missing. To improve timing and area, specify a set/reset value. 
W: Sdm-2014: Feedback mux created for signal 'ip_head[0] [16]'. It is possible a async set/reset assignment for this is signal missing. To improve timing and area, specify a set/reset value. 
W: Sdm-2014: Feedback mux created for signal 'ip_head[0] [17]'. It is possible a async set/reset assignment for this is signal missing. To improve timing and area, specify a set/reset value. 
W: Sdm-2014: Feedback mux created for signal 'ip_head[0] [18]'. It is possible a async set/reset assignment for this is signal missing. To improve timing and area, specify a set/reset value. 
W: Sdm-2014: Feedback mux created for signal 'ip_head[0] [19]'. It is possible a async set/reset assignment for this is signal missing. To improve timing and area, specify a set/reset value. 
W: Sdm-2014: Feedback mux created for signal 'ip_head[0] [20]'. It is possible a async set/reset assignment for this is signal missing. To improve timing and area, specify a set/reset value. 
W: Sdm-2014: Feedback mux created for signal 'ip_head[0] [21]'. It is possible a async set/reset assignment for this is signal missing. To improve timing and area, specify a set/reset value. 
W: Sdm-2014: Feedback mux created for signal 'ip_head[0] [22]'. It is possible a async set/reset assignment for this is signal missing. To improve timing and area, specify a set/reset value. 
W: Sdm-2014: Feedback mux created for signal 'ip_head[0] [23]'. It is possible a async set/reset assignment for this is signal missing. To improve timing and area, specify a set/reset value. 
W: Sdm-2014: Feedback mux created for signal 'ip_head[0] [24]'. It is possible a async set/reset assignment for this is signal missing. To improve timing and area, specify a set/reset value. 
W: Sdm-2014: Feedback mux created for signal 'ip_head[0] [25]'. It is possible a async set/reset assignment for this is signal missing. To improve timing and area, specify a set/reset value. 
W: Sdm-2014: Feedback mux created for signal 'ip_head[0] [26]'. It is possible a async set/reset assignment for this is signal missing. To improve timing and area, specify a set/reset value. 
W: Sdm-2014: Feedback mux created for signal 'ip_head[0] [27]'. It is possible a async set/reset assignment for this is signal missing. To improve timing and area, specify a set/reset value. 
W: Sdm-2014: Feedback mux created for signal 'ip_head[0] [28]'. It is possible a async set/reset assignment for this is signal missing. To improve timing and area, specify a set/reset value. 
W: Sdm-2014: Feedback mux created for signal 'ip_head[0] [29]'. It is possible a async set/reset assignment for this is signal missing. To improve timing and area, specify a set/reset value. 
W: Sdm-2014: Feedback mux created for signal 'ip_head[0] [30]'. It is possible a async set/reset assignment for this is signal missing. To improve timing and area, specify a set/reset value. 
W: Sdm-2014: Feedback mux created for signal 'ip_head[0] [31]'. It is possible a async set/reset assignment for this is signal missing. To improve timing and area, specify a set/reset value. 
W: Sdm-2014: Feedback mux created for signal 'ip_head[1] [0]'. It is possible a async set/reset assignment for this is signal missing. To improve timing and area, specify a set/reset value. 
W: Sdm-2014: Feedback mux created for signal 'ip_head[1] [1]'. It is possible a async set/reset assignment for this is signal missing. To improve timing and area, specify a set/reset value. 
W: Sdm-2014: Feedback mux created for signal 'ip_head[1] [2]'. It is possible a async set/reset assignment for this is signal missing. To improve timing and area, specify a set/reset value. 
W: Sdm-2014: Feedback mux created for signal 'ip_head[1] [3]'. It is possible a async set/reset assignment for this is signal missing. To improve timing and area, specify a set/reset value. 
W: Sdm-2014: Feedback mux created for signal 'ip_head[1] [4]'. It is possible a async set/reset assignment for this is signal missing. To improve timing and area, specify a set/reset value. 
W: Sdm-2014: Feedback mux created for signal 'ip_head[1] [5]'. It is possible a async set/reset assignment for this is signal missing. To improve timing and area, specify a set/reset value. 
W: Sdm-2014: Feedback mux created for signal 'ip_head[1] [6]'. It is possible a async set/reset assignment for this is signal missing. To improve timing and area, specify a set/reset value. 
W: Sdm-2014: Feedback mux created for signal 'ip_head[1] [7]'. It is possible a async set/reset assignment for this is signal missing. To improve timing and area, specify a set/reset value. 
W: Sdm-2014: Feedback mux created for signal 'ip_head[1] [8]'. It is possible a async set/reset assignment for this is signal missing. To improve timing and area, specify a set/reset value. 
W: Sdm-2014: Feedback mux created for signal 'ip_head[1] [9]'. It is possible a async set/reset assignment for this is signal missing. To improve timing and area, specify a set/reset value. 
W: Sdm-2014: Feedback mux created for signal 'ip_head[1] [10]'. It is possible a async set/reset assignment for this is signal missing. To improve timing and area, specify a set/reset value. 
W: Sdm-2014: Feedback mux created for signal 'ip_head[1] [11]'. It is possible a async set/reset assignment for this is signal missing. To improve timing and area, specify a set/reset value. 
W: Sdm-2014: Feedback mux created for signal 'ip_head[1] [12]'. It is possible a async set/reset assignment for this is signal missing. To improve timing and area, specify a set/reset value. 
W: Sdm-2014: Feedback mux created for signal 'ip_head[1] [13]'. It is possible a async set/reset assignment for this is signal missing. To improve timing and area, specify a set/reset value. 
W: Sdm-2014: Feedback mux created for signal 'ip_head[1] [14]'. It is possible a async set/reset assignment for this is signal missing. To improve timing and area, specify a set/reset value. 
W: Sdm-2014: Feedback mux created for signal 'ip_head[1] [15]'. It is possible a async set/reset assignment for this is signal missing. To improve timing and area, specify a set/reset value. 
W: Sdm-2014: Feedback mux created for signal 'ip_head[2] [0]'. It is possible a async set/reset assignment for this is signal missing. To improve timing and area, specify a set/reset value. 
W: Sdm-2014: Feedback mux created for signal 'ip_head[2] [1]'. It is possible a async set/reset assignment for this is signal missing. To improve timing and area, specify a set/reset value. 
W: Sdm-2014: Feedback mux created for signal 'ip_head[2] [2]'. It is possible a async set/reset assignment for this is signal missing. To improve timing and area, specify a set/reset value. 
W: Sdm-2014: Feedback mux created for signal 'ip_head[2] [3]'. It is possible a async set/reset assignment for this is signal missing. To improve timing and area, specify a set/reset value. 
W: Sdm-2014: Feedback mux created for signal 'ip_head[2] [4]'. It is possible a async set/reset assignment for this is signal missing. To improve timing and area, specify a set/reset value. 
W: Sdm-2014: Feedback mux created for signal 'ip_head[2] [5]'. It is possible a async set/reset assignment for this is signal missing. To improve timing and area, specify a set/reset value. 
W: Sdm-2014: Feedback mux created for signal 'ip_head[2] [6]'. It is possible a async set/reset assignment for this is signal missing. To improve timing and area, specify a set/reset value. 
W: Sdm-2014: Feedback mux created for signal 'ip_head[2] [7]'. It is possible a async set/reset assignment for this is signal missing. To improve timing and area, specify a set/reset value. 
W: Sdm-2014: Feedback mux created for signal 'ip_head[2] [8]'. It is possible a async set/reset assignment for this is signal missing. To improve timing and area, specify a set/reset value. 
W: Sdm-2014: Feedback mux created for signal 'ip_head[2] [9]'. It is possible a async set/reset assignment for this is signal missing. To improve timing and area, specify a set/reset value. 
W: Sdm-2014: Feedback mux created for signal 'ip_head[2] [10]'. It is possible a async set/reset assignment for this is signal missing. To improve timing and area, specify a set/reset value. 
W: Sdm-2014: Feedback mux created for signal 'ip_head[2] [11]'. It is possible a async set/reset assignment for this is signal missing. To improve timing and area, specify a set/reset value. 
W: Sdm-2014: Feedback mux created for signal 'ip_head[2] [12]'. It is possible a async set/reset assignment for this is signal missing. To improve timing and area, specify a set/reset value. 
W: Sdm-2014: Feedback mux created for signal 'ip_head[2] [13]'. It is possible a async set/reset assignment for this is signal missing. To improve timing and area, specify a set/reset value. 
W: Sdm-2014: Feedback mux created for signal 'ip_head[2] [14]'. It is possible a async set/reset assignment for this is signal missing. To improve timing and area, specify a set/reset value. 
W: Sdm-2014: Feedback mux created for signal 'ip_head[2] [15]'. It is possible a async set/reset assignment for this is signal missing. To improve timing and area, specify a set/reset value. 
W: Sdm-2014: Feedback mux created for signal 'ip_head[2] [16]'. It is possible a async set/reset assignment for this is signal missing. To improve timing and area, specify a set/reset value. 
W: Sdm-2014: Feedback mux created for signal 'ip_head[2] [17]'. It is possible a async set/reset assignment for this is signal missing. To improve timing and area, specify a set/reset value. 
W: Sdm-2014: Feedback mux created for signal 'ip_head[2] [18]'. It is possible a async set/reset assignment for this is signal missing. To improve timing and area, specify a set/reset value. 
W: Sdm-2014: Feedback mux created for signal 'ip_head[2] [19]'. It is possible a async set/reset assignment for this is signal missing. To improve timing and area, specify a set/reset value. 
W: Sdm-2014: Feedback mux created for signal 'ip_head[2] [20]'. It is possible a async set/reset assignment for this is signal missing. To improve timing and area, specify a set/reset value. 
W: Sdm-2014: Feedback mux created for signal 'ip_head[2] [21]'. It is possible a async set/reset assignment for this is signal missing. To improve timing and area, specify a set/reset value. 
W: Sdm-2014: Feedback mux created for signal 'ip_head[2] [22]'. It is possible a async set/reset assignment for this is signal missing. To improve timing and area, specify a set/reset value. 
W: Sdm-2014: Feedback mux created for signal 'ip_head[2] [23]'. It is possible a async set/reset assignment for this is signal missing. To improve timing and area, specify a set/reset value. 
W: Sdm-2014: Feedback mux created for signal 'ip_head[2] [24]'. It is possible a async set/reset assignment for this is signal missing. To improve timing and area, specify a set/reset value. 
W: Sdm-2014: Feedback mux created for signal 'ip_head[2] [25]'. It is possible a async set/reset assignment for this is signal missing. To improve timing and area, specify a set/reset value. 
W: Sdm-2014: Feedback mux created for signal 'ip_head[2] [26]'. It is possible a async set/reset assignment for this is signal missing. To improve timing and area, specify a set/reset value. 
W: Sdm-2014: Feedback mux created for signal 'ip_head[2] [27]'. It is possible a async set/reset assignment for this is signal missing. To improve timing and area, specify a set/reset value. 
W: Sdm-2014: Feedback mux created for signal 'ip_head[2] [28]'. It is possible a async set/reset assignment for this is signal missing. To improve timing and area, specify a set/reset value. 
W: Sdm-2014: Feedback mux created for signal 'ip_head[2] [29]'. It is possible a async set/reset assignment for this is signal missing. To improve timing and area, specify a set/reset value. 
W: Sdm-2014: Feedback mux created for signal 'ip_head[2] [30]'. It is possible a async set/reset assignment for this is signal missing. To improve timing and area, specify a set/reset value. 
W: Sdm-2014: Feedback mux created for signal 'ip_head[2] [31]'. It is possible a async set/reset assignment for this is signal missing. To improve timing and area, specify a set/reset value. 
W: Sdm-2014: Feedback mux created for signal 'ip_head[3] [0]'. It is possible a async set/reset assignment for this is signal missing. To improve timing and area, specify a set/reset value. 
W: Sdm-2014: Feedback mux created for signal 'ip_head[3] [1]'. It is possible a async set/reset assignment for this is signal missing. To improve timing and area, specify a set/reset value. 
W: Sdm-2014: Feedback mux created for signal 'ip_head[3] [2]'. It is possible a async set/reset assignment for this is signal missing. To improve timing and area, specify a set/reset value. 
W: Sdm-2014: Feedback mux created for signal 'ip_head[3] [3]'. It is possible a async set/reset assignment for this is signal missing. To improve timing and area, specify a set/reset value. 
W: Sdm-2014: Feedback mux created for signal 'ip_head[3] [4]'. It is possible a async set/reset assignment for this is signal missing. To improve timing and area, specify a set/reset value. 
W: Sdm-2014: Feedback mux created for signal 'ip_head[3] [5]'. It is possible a async set/reset assignment for this is signal missing. To improve timing and area, specify a set/reset value. 
W: Sdm-2014: Feedback mux created for signal 'ip_head[3] [6]'. It is possible a async set/reset assignment for this is signal missing. To improve timing and area, specify a set/reset value. 
W: Sdm-2014: Feedback mux created for signal 'ip_head[3] [7]'. It is possible a async set/reset assignment for this is signal missing. To improve timing and area, specify a set/reset value. 
W: Sdm-2014: Feedback mux created for signal 'ip_head[3] [8]'. It is possible a async set/reset assignment for this is signal missing. To improve timing and area, specify a set/reset value. 
W: Sdm-2014: Feedback mux created for signal 'ip_head[3] [9]'. It is possible a async set/reset assignment for this is signal missing. To improve timing and area, specify a set/reset value. 
W: Sdm-2014: Feedback mux created for signal 'ip_head[3] [10]'. It is possible a async set/reset assignment for this is signal missing. To improve timing and area, specify a set/reset value. 
W: Sdm-2014: Feedback mux created for signal 'ip_head[3] [11]'. It is possible a async set/reset assignment for this is signal missing. To improve timing and area, specify a set/reset value. 
W: Sdm-2014: Feedback mux created for signal 'ip_head[3] [12]'. It is possible a async set/reset assignment for this is signal missing. To improve timing and area, specify a set/reset value. 
W: Sdm-2014: Feedback mux created for signal 'ip_head[3] [13]'. It is possible a async set/reset assignment for this is signal missing. To improve timing and area, specify a set/reset value. 
W: Sdm-2014: Feedback mux created for signal 'ip_head[3] [14]'. It is possible a async set/reset assignment for this is signal missing. To improve timing and area, specify a set/reset value. 
W: Sdm-2014: Feedback mux created for signal 'ip_head[3] [15]'. It is possible a async set/reset assignment for this is signal missing. To improve timing and area, specify a set/reset value. 
W: Sdm-2014: Feedback mux created for signal 'ip_head[3] [16]'. It is possible a async set/reset assignment for this is signal missing. To improve timing and area, specify a set/reset value. 
W: Sdm-2014: Feedback mux created for signal 'ip_head[3] [17]'. It is possible a async set/reset assignment for this is signal missing. To improve timing and area, specify a set/reset value. 
W: Sdm-2014: Feedback mux created for signal 'ip_head[3] [18]'. It is possible a async set/reset assignment for this is signal missing. To improve timing and area, specify a set/reset value. 
W: Sdm-2014: Feedback mux created for signal 'ip_head[3] [19]'. It is possible a async set/reset assignment for this is signal missing. To improve timing and area, specify a set/reset value. 
W: Sdm-2014: Feedback mux created for signal 'ip_head[3] [20]'. It is possible a async set/reset assignment for this is signal missing. To improve timing and area, specify a set/reset value. 
W: Sdm-2014: Feedback mux created for signal 'ip_head[3] [21]'. It is possible a async set/reset assignment for this is signal missing. To improve timing and area, specify a set/reset value. 
W: Sdm-2014: Feedback mux created for signal 'ip_head[3] [22]'. It is possible a async set/reset assignment for this is signal missing. To improve timing and area, specify a set/reset value. 
W: Sdm-2014: Feedback mux created for signal 'ip_head[3] [23]'. It is possible a async set/reset assignment for this is signal missing. To improve timing and area, specify a set/reset value. 
W: Sdm-2014: Feedback mux created for signal 'ip_head[3] [24]'. It is possible a async set/reset assignment for this is signal missing. To improve timing and area, specify a set/reset value. 
W: Sdm-2014: Feedback mux created for signal 'ip_head[3] [25]'. It is possible a async set/reset assignment for this is signal missing. To improve timing and area, specify a set/reset value. 
W: Sdm-2014: Feedback mux created for signal 'ip_head[3] [26]'. It is possible a async set/reset assignment for this is signal missing. To improve timing and area, specify a set/reset value. 
W: Sdm-2014: Feedback mux created for signal 'ip_head[3] [27]'. It is possible a async set/reset assignment for this is signal missing. To improve timing and area, specify a set/reset value. 
W: Sdm-2014: Feedback mux created for signal 'ip_head[3] [28]'. It is possible a async set/reset assignment for this is signal missing. To improve timing and area, specify a set/reset value. 
W: Sdm-2014: Feedback mux created for signal 'ip_head[3] [29]'. It is possible a async set/reset assignment for this is signal missing. To improve timing and area, specify a set/reset value. 
W: Sdm-2014: Feedback mux created for signal 'ip_head[3] [30]'. It is possible a async set/reset assignment for this is signal missing. To improve timing and area, specify a set/reset value. 
W: Sdm-2014: Feedback mux created for signal 'ip_head[3] [31]'. It is possible a async set/reset assignment for this is signal missing. To improve timing and area, specify a set/reset value. 
W: Sdm-2014: Feedback mux created for signal 'ip_head[4] [0]'. It is possible a async set/reset assignment for this is signal missing. To improve timing and area, specify a set/reset value. 
W: Sdm-2014: Feedback mux created for signal 'ip_head[4] [1]'. It is possible a async set/reset assignment for this is signal missing. To improve timing and area, specify a set/reset value. 
W: Sdm-2014: Feedback mux created for signal 'ip_head[4] [2]'. It is possible a async set/reset assignment for this is signal missing. To improve timing and area, specify a set/reset value. 
W: Sdm-2014: Feedback mux created for signal 'ip_head[4] [3]'. It is possible a async set/reset assignment for this is signal missing. To improve timing and area, specify a set/reset value. 
W: Sdm-2014: Feedback mux created for signal 'ip_head[4] [4]'. It is possible a async set/reset assignment for this is signal missing. To improve timing and area, specify a set/reset value. 
W: Sdm-2014: Feedback mux created for signal 'ip_head[4] [5]'. It is possible a async set/reset assignment for this is signal missing. To improve timing and area, specify a set/reset value. 
W: Sdm-2014: Feedback mux created for signal 'ip_head[4] [6]'. It is possible a async set/reset assignment for this is signal missing. To improve timing and area, specify a set/reset value. 
W: Sdm-2014: Feedback mux created for signal 'ip_head[4] [7]'. It is possible a async set/reset assignment for this is signal missing. To improve timing and area, specify a set/reset value. 
W: Sdm-2014: Feedback mux created for signal 'ip_head[4] [8]'. It is possible a async set/reset assignment for this is signal missing. To improve timing and area, specify a set/reset value. 
W: Sdm-2014: Feedback mux created for signal 'ip_head[4] [9]'. It is possible a async set/reset assignment for this is signal missing. To improve timing and area, specify a set/reset value. 
W: Sdm-2014: Feedback mux created for signal 'ip_head[4] [10]'. It is possible a async set/reset assignment for this is signal missing. To improve timing and area, specify a set/reset value. 
W: Sdm-2014: Feedback mux created for signal 'ip_head[4] [11]'. It is possible a async set/reset assignment for this is signal missing. To improve timing and area, specify a set/reset value. 
W: Sdm-2014: Feedback mux created for signal 'ip_head[4] [12]'. It is possible a async set/reset assignment for this is signal missing. To improve timing and area, specify a set/reset value. 
W: Sdm-2014: Feedback mux created for signal 'ip_head[4] [13]'. It is possible a async set/reset assignment for this is signal missing. To improve timing and area, specify a set/reset value. 
W: Sdm-2014: Feedback mux created for signal 'ip_head[4] [14]'. It is possible a async set/reset assignment for this is signal missing. To improve timing and area, specify a set/reset value. 
W: Sdm-2014: Feedback mux created for signal 'ip_head[4] [15]'. It is possible a async set/reset assignment for this is signal missing. To improve timing and area, specify a set/reset value. 
W: Sdm-2014: Feedback mux created for signal 'ip_head[4] [16]'. It is possible a async set/reset assignment for this is signal missing. To improve timing and area, specify a set/reset value. 
W: Sdm-2014: Feedback mux created for signal 'ip_head[4] [17]'. It is possible a async set/reset assignment for this is signal missing. To improve timing and area, specify a set/reset value. 
W: Sdm-2014: Feedback mux created for signal 'ip_head[4] [18]'. It is possible a async set/reset assignment for this is signal missing. To improve timing and area, specify a set/reset value. 
W: Sdm-2014: Feedback mux created for signal 'ip_head[4] [19]'. It is possible a async set/reset assignment for this is signal missing. To improve timing and area, specify a set/reset value. 
W: Sdm-2014: Feedback mux created for signal 'ip_head[4] [20]'. It is possible a async set/reset assignment for this is signal missing. To improve timing and area, specify a set/reset value. 
W: Sdm-2014: Feedback mux created for signal 'ip_head[4] [21]'. It is possible a async set/reset assignment for this is signal missing. To improve timing and area, specify a set/reset value. 
W: Sdm-2014: Feedback mux created for signal 'ip_head[4] [22]'. It is possible a async set/reset assignment for this is signal missing. To improve timing and area, specify a set/reset value. 
W: Sdm-2014: Feedback mux created for signal 'ip_head[4] [23]'. It is possible a async set/reset assignment for this is signal missing. To improve timing and area, specify a set/reset value. 
W: Sdm-2014: Feedback mux created for signal 'ip_head[4] [24]'. It is possible a async set/reset assignment for this is signal missing. To improve timing and area, specify a set/reset value. 
W: Sdm-2014: Feedback mux created for signal 'ip_head[4] [25]'. It is possible a async set/reset assignment for this is signal missing. To improve timing and area, specify a set/reset value. 
W: Sdm-2014: Feedback mux created for signal 'ip_head[4] [26]'. It is possible a async set/reset assignment for this is signal missing. To improve timing and area, specify a set/reset value. 
W: Sdm-2014: Feedback mux created for signal 'ip_head[4] [27]'. It is possible a async set/reset assignment for this is signal missing. To improve timing and area, specify a set/reset value. 
W: Sdm-2014: Feedback mux created for signal 'ip_head[4] [28]'. It is possible a async set/reset assignment for this is signal missing. To improve timing and area, specify a set/reset value. 
W: Sdm-2014: Feedback mux created for signal 'ip_head[4] [29]'. It is possible a async set/reset assignment for this is signal missing. To improve timing and area, specify a set/reset value. 
W: Sdm-2014: Feedback mux created for signal 'ip_head[4] [30]'. It is possible a async set/reset assignment for this is signal missing. To improve timing and area, specify a set/reset value. 
W: Sdm-2014: Feedback mux created for signal 'ip_head[4] [31]'. It is possible a async set/reset assignment for this is signal missing. To improve timing and area, specify a set/reset value. 
W: Sdm-2014: Feedback mux created for signal 'ip_head[5] [0]'. It is possible a async set/reset assignment for this is signal missing. To improve timing and area, specify a set/reset value. 
W: Sdm-2014: Feedback mux created for signal 'ip_head[5] [1]'. It is possible a async set/reset assignment for this is signal missing. To improve timing and area, specify a set/reset value. 
W: Sdm-2014: Feedback mux created for signal 'ip_head[5] [2]'. It is possible a async set/reset assignment for this is signal missing. To improve timing and area, specify a set/reset value. 
W: Sdm-2014: Feedback mux created for signal 'ip_head[5] [3]'. It is possible a async set/reset assignment for this is signal missing. To improve timing and area, specify a set/reset value. 
W: Sdm-2014: Feedback mux created for signal 'ip_head[5] [4]'. It is possible a async set/reset assignment for this is signal missing. To improve timing and area, specify a set/reset value. 
W: Sdm-2014: Feedback mux created for signal 'ip_head[5] [5]'. It is possible a async set/reset assignment for this is signal missing. To improve timing and area, specify a set/reset value. 
W: Sdm-2014: Feedback mux created for signal 'ip_head[5] [6]'. It is possible a async set/reset assignment for this is signal missing. To improve timing and area, specify a set/reset value. 
W: Sdm-2014: Feedback mux created for signal 'ip_head[5] [7]'. It is possible a async set/reset assignment for this is signal missing. To improve timing and area, specify a set/reset value. 
W: Sdm-2014: Feedback mux created for signal 'ip_head[5] [8]'. It is possible a async set/reset assignment for this is signal missing. To improve timing and area, specify a set/reset value. 
W: Sdm-2014: Feedback mux created for signal 'ip_head[5] [9]'. It is possible a async set/reset assignment for this is signal missing. To improve timing and area, specify a set/reset value. 
W: Sdm-2014: Feedback mux created for signal 'ip_head[5] [10]'. It is possible a async set/reset assignment for this is signal missing. To improve timing and area, specify a set/reset value. 
W: Sdm-2014: Feedback mux created for signal 'ip_head[5] [11]'. It is possible a async set/reset assignment for this is signal missing. To improve timing and area, specify a set/reset value. 
W: Sdm-2014: Feedback mux created for signal 'ip_head[5] [12]'. It is possible a async set/reset assignment for this is signal missing. To improve timing and area, specify a set/reset value. 
W: Sdm-2014: Feedback mux created for signal 'ip_head[5] [13]'. It is possible a async set/reset assignment for this is signal missing. To improve timing and area, specify a set/reset value. 
W: Sdm-2014: Feedback mux created for signal 'ip_head[5] [14]'. It is possible a async set/reset assignment for this is signal missing. To improve timing and area, specify a set/reset value. 
W: Sdm-2014: Feedback mux created for signal 'ip_head[5] [15]'. It is possible a async set/reset assignment for this is signal missing. To improve timing and area, specify a set/reset value. 
W: Sdm-2014: Feedback mux created for signal 'ip_head[5] [16]'. It is possible a async set/reset assignment for this is signal missing. To improve timing and area, specify a set/reset value. 
W: Sdm-2014: Feedback mux created for signal 'ip_head[5] [17]'. It is possible a async set/reset assignment for this is signal missing. To improve timing and area, specify a set/reset value. 
W: Sdm-2014: Feedback mux created for signal 'ip_head[5] [18]'. It is possible a async set/reset assignment for this is signal missing. To improve timing and area, specify a set/reset value. 
W: Sdm-2014: Feedback mux created for signal 'ip_head[5] [19]'. It is possible a async set/reset assignment for this is signal missing. To improve timing and area, specify a set/reset value. 
W: Sdm-2014: Feedback mux created for signal 'ip_head[5] [20]'. It is possible a async set/reset assignment for this is signal missing. To improve timing and area, specify a set/reset value. 
W: Sdm-2014: Feedback mux created for signal 'ip_head[5] [21]'. It is possible a async set/reset assignment for this is signal missing. To improve timing and area, specify a set/reset value. 
W: Sdm-2014: Feedback mux created for signal 'ip_head[5] [22]'. It is possible a async set/reset assignment for this is signal missing. To improve timing and area, specify a set/reset value. 
W: Sdm-2014: Feedback mux created for signal 'ip_head[5] [23]'. It is possible a async set/reset assignment for this is signal missing. To improve timing and area, specify a set/reset value. 
W: Sdm-2014: Feedback mux created for signal 'ip_head[5] [24]'. It is possible a async set/reset assignment for this is signal missing. To improve timing and area, specify a set/reset value. 
W: Sdm-2014: Feedback mux created for signal 'ip_head[5] [25]'. It is possible a async set/reset assignment for this is signal missing. To improve timing and area, specify a set/reset value. 
W: Sdm-2014: Feedback mux created for signal 'ip_head[5] [26]'. It is possible a async set/reset assignment for this is signal missing. To improve timing and area, specify a set/reset value. 
W: Sdm-2014: Feedback mux created for signal 'ip_head[5] [27]'. It is possible a async set/reset assignment for this is signal missing. To improve timing and area, specify a set/reset value. 
W: Sdm-2014: Feedback mux created for signal 'ip_head[5] [28]'. It is possible a async set/reset assignment for this is signal missing. To improve timing and area, specify a set/reset value. 
W: Sdm-2014: Feedback mux created for signal 'ip_head[5] [29]'. It is possible a async set/reset assignment for this is signal missing. To improve timing and area, specify a set/reset value. 
W: Sdm-2014: Feedback mux created for signal 'ip_head[5] [30]'. It is possible a async set/reset assignment for this is signal missing. To improve timing and area, specify a set/reset value. 
W: Sdm-2014: Feedback mux created for signal 'ip_head[5] [31]'. It is possible a async set/reset assignment for this is signal missing. To improve timing and area, specify a set/reset value. 
W: Sdm-2014: Feedback mux created for signal 'ip_head[6] [0]'. It is possible a async set/reset assignment for this is signal missing. To improve timing and area, specify a set/reset value. 
W: Sdm-2014: Feedback mux created for signal 'ip_head[6] [1]'. It is possible a async set/reset assignment for this is signal missing. To improve timing and area, specify a set/reset value. 
W: Sdm-2014: Feedback mux created for signal 'ip_head[6] [2]'. It is possible a async set/reset assignment for this is signal missing. To improve timing and area, specify a set/reset value. 
W: Sdm-2014: Feedback mux created for signal 'ip_head[6] [3]'. It is possible a async set/reset assignment for this is signal missing. To improve timing and area, specify a set/reset value. 
W: Sdm-2014: Feedback mux created for signal 'ip_head[6] [4]'. It is possible a async set/reset assignment for this is signal missing. To improve timing and area, specify a set/reset value. 
W: Sdm-2014: Feedback mux created for signal 'ip_head[6] [5]'. It is possible a async set/reset assignment for this is signal missing. To improve timing and area, specify a set/reset value. 
W: Sdm-2014: Feedback mux created for signal 'ip_head[6] [6]'. It is possible a async set/reset assignment for this is signal missing. To improve timing and area, specify a set/reset value. 
W: Sdm-2014: Feedback mux created for signal 'ip_head[6] [7]'. It is possible a async set/reset assignment for this is signal missing. To improve timing and area, specify a set/reset value. 
W: Sdm-2014: Feedback mux created for signal 'ip_head[6] [8]'. It is possible a async set/reset assignment for this is signal missing. To improve timing and area, specify a set/reset value. 
W: Sdm-2014: Feedback mux created for signal 'ip_head[6] [9]'. It is possible a async set/reset assignment for this is signal missing. To improve timing and area, specify a set/reset value. 
W: Sdm-2014: Feedback mux created for signal 'ip_head[6] [10]'. It is possible a async set/reset assignment for this is signal missing. To improve timing and area, specify a set/reset value. 
W: Sdm-2014: Feedback mux created for signal 'ip_head[6] [11]'. It is possible a async set/reset assignment for this is signal missing. To improve timing and area, specify a set/reset value. 
W: Sdm-2014: Feedback mux created for signal 'ip_head[6] [12]'. It is possible a async set/reset assignment for this is signal missing. To improve timing and area, specify a set/reset value. 
W: Sdm-2014: Feedback mux created for signal 'ip_head[6] [13]'. It is possible a async set/reset assignment for this is signal missing. To improve timing and area, specify a set/reset value. 
W: Sdm-2014: Feedback mux created for signal 'ip_head[6] [14]'. It is possible a async set/reset assignment for this is signal missing. To improve timing and area, specify a set/reset value. 
W: Sdm-2014: Feedback mux created for signal 'ip_head[6] [15]'. It is possible a async set/reset assignment for this is signal missing. To improve timing and area, specify a set/reset value. 
W: Sdm-2014: Feedback mux created for signal 'ip_head[6] [16]'. It is possible a async set/reset assignment for this is signal missing. To improve timing and area, specify a set/reset value. 
W: Sdm-2014: Feedback mux created for signal 'ip_head[6] [17]'. It is possible a async set/reset assignment for this is signal missing. To improve timing and area, specify a set/reset value. 
W: Sdm-2014: Feedback mux created for signal 'ip_head[6] [18]'. It is possible a async set/reset assignment for this is signal missing. To improve timing and area, specify a set/reset value. 
W: Sdm-2014: Feedback mux created for signal 'ip_head[6] [19]'. It is possible a async set/reset assignment for this is signal missing. To improve timing and area, specify a set/reset value. 
W: Sdm-2014: Feedback mux created for signal 'ip_head[6] [20]'. It is possible a async set/reset assignment for this is signal missing. To improve timing and area, specify a set/reset value. 
W: Sdm-2014: Feedback mux created for signal 'ip_head[6] [21]'. It is possible a async set/reset assignment for this is signal missing. To improve timing and area, specify a set/reset value. 
W: Sdm-2014: Feedback mux created for signal 'ip_head[6] [22]'. It is possible a async set/reset assignment for this is signal missing. To improve timing and area, specify a set/reset value. 
W: Sdm-2014: Feedback mux created for signal 'ip_head[6] [23]'. It is possible a async set/reset assignment for this is signal missing. To improve timing and area, specify a set/reset value. 
W: Sdm-2014: Feedback mux created for signal 'ip_head[6] [24]'. It is possible a async set/reset assignment for this is signal missing. To improve timing and area, specify a set/reset value. 
W: Sdm-2014: Feedback mux created for signal 'ip_head[6] [25]'. It is possible a async set/reset assignment for this is signal missing. To improve timing and area, specify a set/reset value. 
W: Sdm-2014: Feedback mux created for signal 'ip_head[6] [26]'. It is possible a async set/reset assignment for this is signal missing. To improve timing and area, specify a set/reset value. 
W: Sdm-2014: Feedback mux created for signal 'ip_head[6] [27]'. It is possible a async set/reset assignment for this is signal missing. To improve timing and area, specify a set/reset value. 
W: Sdm-2014: Feedback mux created for signal 'ip_head[6] [28]'. It is possible a async set/reset assignment for this is signal missing. To improve timing and area, specify a set/reset value. 
W: Sdm-2014: Feedback mux created for signal 'ip_head[6] [29]'. It is possible a async set/reset assignment for this is signal missing. To improve timing and area, specify a set/reset value. 
I: Removed inst tx_done that is redundant to crc_clr.
Executing : DFF-inference successfully.
Executing : rtl-infer successfully. Time elapsed: 8.439s wall, 3.141s user + 4.031s system = 7.172s CPU (85.0%)

Start rtl-control-opt.
W: Loop was found during constant probe.
W: Loop was found during constant probe.
W: Loop was found during constant probe.
W: Loop was found during constant probe.
W: Loop was found during constant probe.
W: Loop was found during constant probe.
W: Loop was found during constant probe.
W: Loop was found during constant probe.
W: Loop was found during constant probe.
W: Loop was found during constant probe.
W: Loop was found during constant probe.
W: Loop was found during constant probe.
W: Loop was found during constant probe.
W: Loop was found during constant probe.
W: Loop was found during constant probe.
W: Loop was found during constant probe.
W: Loop was found during constant probe.
W: Loop was found during constant probe.
W: Loop was found during constant probe.
W: Loop was found during constant probe.
W: Loop was found during constant probe.
W: Loop was found during constant probe.
W: Loop was found during constant probe.
W: Loop was found during constant probe.
W: Loop was found during constant probe.
W: Loop was found during constant probe.
W: Loop was found during constant probe.
W: Loop was found during constant probe.
W: Loop was found during constant probe.
W: Loop was found during constant probe.
W: Loop was found during constant probe.
W: Loop was found during constant probe.
W: Loop was found during constant probe.
W: Loop was found during constant probe.
W: Loop was found during constant probe.
W: Loop was found during constant probe.
W: Loop was found during constant probe.
W: Loop was found during constant probe.
W: Loop was found during constant probe.
W: Loop was found during constant probe.
W: Loop was found during constant probe.
W: Loop was found during constant probe.
W: Loop was found during constant probe.
W: Loop was found during constant probe.
W: Loop was found during constant probe.
W: Loop was found during constant probe.
Executing : rtl-control-opt successfully. Time elapsed: 0.034s wall, 0.031s user + 0.000s system = 0.031s CPU (91.3%)

Start rtl-data-opt.
W: Loop was found during constant probe.
W: Loop was found during constant probe.
W: Loop was found during constant probe.
W: Loop was found during constant probe.
W: Loop was found during constant probe.
W: Loop was found during constant probe.
W: Loop was found during constant probe.
W: Loop was found during constant probe.
W: Loop was found during constant probe.
W: Loop was found during constant probe.
W: Loop was found during constant probe.
W: Loop was found during constant probe.
W: Loop was found during constant probe.
W: Loop was found during constant probe.
W: Loop was found during constant probe.
W: Loop was found during constant probe.
W: Loop was found during constant probe.
W: Loop was found during constant probe.
W: Loop was found during constant probe.
W: Loop was found during constant probe.
W: Loop was found during constant probe.
W: Loop was found during constant probe.
W: Loop was found during constant probe.
W: Loop was found during constant probe.
W: Loop was found during constant probe.
W: Loop was found during constant probe.
W: Loop was found during constant probe.
W: Loop was found during constant probe.
W: Loop was found during constant probe.
W: Loop was found during constant probe.
W: Loop was found during constant probe.
W: Loop was found during constant probe.
W: Loop was found during constant probe.
W: Loop was found during constant probe.
W: Loop was found during constant probe.
W: Loop was found during constant probe.
W: Loop was found during constant probe.
W: Loop was found during constant probe.
W: Loop was found during constant probe.
W: Loop was found during constant probe.
W: Loop was found during constant probe.
W: Loop was found during constant probe.
W: Loop was found during constant probe.
W: Loop was found during constant probe.
W: Loop was found during constant probe.
W: Loop was found during constant probe.
W: Loop was found during constant probe.
W: Loop was found during constant probe.
W: Loop was found during constant probe.
W: Loop was found during constant probe.
W: Loop was found during constant probe.
W: Loop was found during constant probe.
W: Loop was found during constant probe.
W: Loop was found during constant probe.
W: Loop was found during constant probe.
W: Loop was found during constant probe.
W: Loop was found during constant probe.
W: Loop was found during constant probe.
W: Loop was found during constant probe.
W: Loop was found during constant probe.
W: Loop was found during constant probe.
W: Loop was found during constant probe.
W: Loop was found during constant probe.
W: Loop was found during constant probe.
W: Loop was found during constant probe.
W: Loop was found during constant probe.
W: Loop was found during constant probe.
W: Loop was found during constant probe.
W: Loop was found during constant probe.
W: Loop was found during constant probe.
W: Loop was found during constant probe.
W: Loop was found during constant probe.
W: Loop was found during constant probe.
W: Loop was found during constant probe.
W: Loop was found during constant probe.
W: Loop was found during constant probe.
W: Loop was found during constant probe.
Executing : rtl-data-opt successfully. Time elapsed: 0.204s wall, 0.203s user + 0.000s system = 0.203s CPU (99.4%)

Start FSM inference.
I: FSM protocol_sw_fsm[1:0] inferred.
FSM protocol_sw_fsm[1:0] STG:
Number of reachable states: 3
Input nets: N93 N95 udp_tx_start_en 
S0(00)-->S0(00): x1x
S1(01)-->S0(00): x1x
S2(10)-->S0(00): x1x
S0(00)-->S1(01): xx1
S1(01)-->S1(01): xx1
S2(10)-->S1(01): xx1
S0(00)-->S2(10): 1xx
S1(01)-->S2(10): 1xx
S2(10)-->S2(10): 1xx

I: FSM cur_state_fsm[4:0] inferred.
FSM cur_state_fsm[4:0] STG:
Number of reachable states: 5
Input nets: error_en skip_en 
S0(00001)-->S1(00010): x1
S0(00001)-->S0(00001): x0
S1(00010)-->S1(00010): 00
S1(00010)-->S2(00100): x1
S1(00010)-->S4(10000): 10
S2(00100)-->S2(00100): 00
S2(00100)-->S3(01000): x1
S2(00100)-->S4(10000): 10
S3(01000)-->S3(01000): 00
S3(01000)-->S4(10000): 1x
S3(01000)-->S4(10000): x1
S4(10000)-->S4(10000): x0
S4(10000)-->S0(00001): x1

I: FSM cur_state_fsm[4:0] inferred.
FSM cur_state_fsm[4:0] STG:
Number of reachable states: 5
Input nets: skip_en 
S0(00001)-->S1(00010): 1
S0(00001)-->S0(00001): 0
S1(00010)-->S1(00010): 0
S1(00010)-->S2(00100): 1
S2(00100)-->S2(00100): 0
S2(00100)-->S3(01000): 1
S3(01000)-->S3(01000): 0
S3(01000)-->S4(10000): 1
S4(10000)-->S4(10000): 0
S4(10000)-->S0(00001): 1

I: FSM cur_state_fsm[6:0] inferred.
FSM cur_state_fsm[6:0] STG:
Number of reachable states: 7
Input nets: error_en skip_en 
S0(0000001)-->S1(0000010): x1
S1(0000010)-->S1(0000010): 00
S1(0000010)-->S2(0000100): x1
S1(0000010)-->S6(1000000): 10
S2(0000100)-->S2(0000100): 00
S2(0000100)-->S3(0001000): x1
S2(0000100)-->S6(1000000): 10
S3(0001000)-->S3(0001000): 00
S3(0001000)-->S4(0010000): x1
S3(0001000)-->S6(1000000): 10
S4(0010000)-->S4(0010000): 00
S4(0010000)-->S5(0100000): x1
S4(0010000)-->S6(1000000): 10
S5(0100000)-->S5(0100000): x0
S5(0100000)-->S6(1000000): x1
S6(1000000)-->S6(1000000): x0
S6(1000000)-->S0(0000001): x1
S0(0000001)-->S0(0000001): x0

I: FSM cur_state_fsm[7:0] inferred.
FSM cur_state_fsm[7:0] STG:
Number of reachable states: 8
Input nets: skip_en 
S0(00000001)-->S1(00000010): 1
S0(00000001)-->S0(00000001): 0
S1(00000010)-->S1(00000010): 0
S1(00000010)-->S2(00000100): 1
S2(00000100)-->S2(00000100): 0
S2(00000100)-->S3(00001000): 1
S3(00001000)-->S3(00001000): 0
S3(00001000)-->S4(00010000): 1
S4(00010000)-->S4(00010000): 0
S4(00010000)-->S5(00100000): 1
S5(00100000)-->S5(00100000): 0
S5(00100000)-->S6(01000000): 1
S6(01000000)-->S6(01000000): 0
S6(01000000)-->S7(10000000): 1
S7(10000000)-->S7(10000000): 0
S7(10000000)-->S0(00000001): 1

W: Loop was found during constant probe.
W: Loop was found during constant probe.
W: Loop was found during constant probe.
W: Loop was found during constant probe.
W: Loop was found during constant probe.
W: Loop was found during constant probe.
I: FSM cur_state_fsm[6:0] inferred.
FSM cur_state_fsm[6:0] STG:
Number of reachable states: 7
Input nets: error_en skip_en 
S0(0000001)-->S1(0000010): x1
S1(0000010)-->S1(0000010): 00
S1(0000010)-->S2(0000100): x1
S1(0000010)-->S6(1000000): 10
S2(0000100)-->S2(0000100): 00
S2(0000100)-->S3(0001000): x1
S2(0000100)-->S6(1000000): 10
S3(0001000)-->S3(0001000): 00
S3(0001000)-->S4(0010000): x1
S3(0001000)-->S6(1000000): 10
S4(0010000)-->S4(0010000): x0
S4(0010000)-->S5(0100000): x1
S5(0100000)-->S5(0100000): x0
S5(0100000)-->S6(1000000): x1
S6(1000000)-->S6(1000000): x0
S6(1000000)-->S0(0000001): x1
S0(0000001)-->S0(0000001): x0

I: FSM cur_state_fsm[6:0] inferred.
FSM cur_state_fsm[6:0] STG:
Number of reachable states: 7
Input nets: skip_en 
S0(0000001)-->S1(0000010): 1
S0(0000001)-->S0(0000001): 0
S1(0000010)-->S1(0000010): 0
S1(0000010)-->S2(0000100): 1
S2(0000100)-->S2(0000100): 0
S2(0000100)-->S3(0001000): 1
S3(0001000)-->S3(0001000): 0
S3(0001000)-->S4(0010000): 1
S4(0010000)-->S4(0010000): 0
S4(0010000)-->S5(0100000): 1
S5(0100000)-->S5(0100000): 0
S5(0100000)-->S6(1000000): 1
S6(1000000)-->S6(1000000): 0
S6(1000000)-->S0(0000001): 1

W: Loop was found during constant probe.
W: Loop was found during constant probe.
W: Loop was found during constant probe.
W: Loop was found during constant probe.
W: Loop was found during constant probe.
Executing : FSM inference successfully. Time elapsed: 0.150s wall, 0.125s user + 0.016s system = 0.141s CPU (93.8%)

Start sdm2adm.
I: Constant propagation done on N89_11 (bmsREDXOR).
I: Constant propagation done on N79 (bmsREDXOR).
I: Constant propagation done on N29 (bmsREDXOR).
I: Constant propagation done on N34 (bmsREDXOR).
I: Constant propagation done on N39 (bmsREDXOR).
I: Constant propagation done on N44 (bmsREDXOR).
I: Constant propagation done on N49 (bmsREDXOR).
I: Constant propagation done on N54 (bmsREDXOR).
I: Constant propagation done on N59 (bmsREDXOR).
I: Constant propagation done on N64 (bmsREDXOR).
W: Loop was found during constant probe.
W: Loop was found during constant probe.
W: Loop was found during constant probe.
W: Loop was found during constant probe.
W: Loop was found during constant probe.
W: Loop was found during constant probe.
W: Loop was found during constant probe.
W: Loop was found during constant probe.
W: Loop was found during constant probe.
W: Loop was found during constant probe.
W: Loop was found during constant probe.
W: Loop was found during constant probe.
W: Loop was found during constant probe.
W: Loop was found during constant probe.
W: Loop was found during constant probe.
W: Loop was found during constant probe.
W: Loop was found during constant probe.
W: Loop was found during constant probe.
W: Loop was found during constant probe.
W: Loop was found during constant probe.
W: Loop was found during constant probe.
W: Loop was found during constant probe.
W: Loop was found during constant probe.
W: Loop was found during constant probe.
W: Loop was found during constant probe.
W: Loop was found during constant probe.
W: Loop was found during constant probe.
W: Loop was found during constant probe.
W: Loop was found during constant probe.
W: Loop was found during constant probe.
W: Loop was found during constant probe.
W: Loop was found during constant probe.
W: Loop was found during constant probe.
W: Loop was found during constant probe.
W: Loop was found during constant probe.
W: Loop was found during constant probe.
W: Loop was found during constant probe.
W: Loop was found during constant probe.
W: Loop was found during constant probe.
W: Loop was found during constant probe.
W: Loop was found during constant probe.
W: Loop was found during constant probe.
Executing : sdm2adm successfully. Time elapsed: 0.222s wall, 0.188s user + 0.000s system = 0.188s CPU (84.5%)

Saving design to DB.
Action compile: Real time elapsed is 0h:0m:21s
Action compile: CPU time elapsed is 0h:0m:6s
Action compile: Process CPU time elapsed is 0h:0m:6s
Current time: Wed Jan 31 20:18:19 2024
Action compile: Peak memory pool usage is 154 MB
Action from compile to compile: Total Real Time elapsed is 0h:0m:21s
Action from compile to compile: Total CPU time elapsed is 0h:0m:6s
Action from compile to compile: Total Process CPU Time elapsed is 0h:0m:6s
Process "Compile" done.


Process "Synthesize" started.
Current time: Wed Jan 31 20:18:19 2024
Compiling architecture definition.
Analyzing project file 'C:/Users/VIDEO/Desktop/52_eth_udp_loop/prj/eth_udp_loop.pds'.
License checkout: fabric_ads from C:\pango\license\new_pds_584120290F2C.lic
Compiling verification operator library.
Compiling common defs.
Loading technology operator library.
Compiling technology operator library.
Compiling technology operator (valence) library.
Reading design from compile DB
Reading design from compile DB successfully.
NOTE: The technology fpga was specified.
NOTE: delay_model specified was generic_cmos.
NOTE: Using the fpga syntax tables...
Totals:
 Calls to malloc = 0
 Calls to calloc = 148538

Constraint check start.
Compiling prim grid devices.
Building architecture model.
Loading device packaging model.
Building architecture floorplan logic view.
Executing : get_ports eth_rxc
Executing : get_ports eth_rxc successfully.
Executing : create_clock -name eth_rxc [get_ports eth_rxc] -period 8 -waveform {0.000 4.000}
Executing : create_clock -name eth_rxc [get_ports eth_rxc] -period 8 -waveform {0.000 4.000} successfully.
Executing : get_ports sys_clk
Executing : get_ports sys_clk successfully.
Executing : create_clock -name sys_clk [get_ports sys_clk] -period 20 -waveform {0.000 10.000}
Executing : create_clock -name sys_clk [get_ports sys_clk] -period 20 -waveform {0.000 10.000} successfully.
C: ConstraintEditor-2002: [C:/Users/VIDEO/Desktop/52_eth_udp_loop/prj/eth_udp_loop.fdc(line number: 94)] | Port eth_txd[2] has been placed at location T20, whose type is share pin.
C: ConstraintEditor-2002: [C:/Users/VIDEO/Desktop/52_eth_udp_loop/prj/eth_udp_loop.fdc(line number: 101)] | Port eth_txd[1] has been placed at location W21, whose type is share pin.
C: ConstraintEditor-2002: [C:/Users/VIDEO/Desktop/52_eth_udp_loop/prj/eth_udp_loop.fdc(line number: 108)] | Port eth_txd[0] has been placed at location W22, whose type is share pin.
C: ConstraintEditor-2002: [C:/Users/VIDEO/Desktop/52_eth_udp_loop/prj/eth_udp_loop.fdc(line number: 120)] | Port eth_rxd[2] has been placed at location AB22, whose type is share pin.
C: ConstraintEditor-2002: [C:/Users/VIDEO/Desktop/52_eth_udp_loop/prj/eth_udp_loop.fdc(line number: 125)] | Port eth_rxd[1] has been placed at location AB21, whose type is share pin.
C: ConstraintEditor-2002: [C:/Users/VIDEO/Desktop/52_eth_udp_loop/prj/eth_udp_loop.fdc(line number: 130)] | Port eth_rxd[0] has been placed at location Y22, whose type is share pin.
C: ConstraintEditor-2002: [C:/Users/VIDEO/Desktop/52_eth_udp_loop/prj/eth_udp_loop.fdc(line number: 135)] | Port eth_rst_n has been placed at location N20, whose type is share pin.
Constraint check end.

Start pre-mapping.
I: Encoding type of FSM 'cur_state_fsm[6:0]' is: onehot.
I: Encoding table of FSM 'cur_state_fsm[6:0]':
I: from  u_icmp/u_icmp_rx/cur_state[6] u_icmp/u_icmp_rx/cur_state[5] u_icmp/u_icmp_rx/cur_state[4] u_icmp/u_icmp_rx/cur_state[3] u_icmp/u_icmp_rx/cur_state[2] u_icmp/u_icmp_rx/cur_state[1] u_icmp/u_icmp_rx/cur_state[0]
I: to  u_icmp/u_icmp_rx/cur_state_reg[6] u_icmp/u_icmp_rx/cur_state_reg[5] u_icmp/u_icmp_rx/cur_state_reg[4] u_icmp/u_icmp_rx/cur_state_reg[3] u_icmp/u_icmp_rx/cur_state_reg[2] u_icmp/u_icmp_rx/cur_state_reg[1] u_icmp/u_icmp_rx/cur_state_reg[0]
I: 0000001 => 0000001
I: 0000010 => 0000010
I: 0000100 => 0000100
I: 0001000 => 0001000
I: 0010000 => 0010000
I: 0100000 => 0100000
I: 1000000 => 1000000
I: Encoding type of FSM 'protocol_sw_fsm[1:0]' is: onehot.
I: Encoding table of FSM 'protocol_sw_fsm[1:0]':
I: from  u_eth_ctrl/protocol_sw[1] u_eth_ctrl/protocol_sw[0]
I: to  u_eth_ctrl/protocol_sw_reg[2] u_eth_ctrl/protocol_sw_reg[1] u_eth_ctrl/protocol_sw_reg[0]
I: 00 => 001
I: 01 => 010
I: 10 => 100
I: Encoding type of FSM 'cur_state_fsm[7:0]' is: onehot.
I: Encoding table of FSM 'cur_state_fsm[7:0]':
I: from  u_icmp/u_icmp_tx/cur_state[7] u_icmp/u_icmp_tx/cur_state[6] u_icmp/u_icmp_tx/cur_state[5] u_icmp/u_icmp_tx/cur_state[4] u_icmp/u_icmp_tx/cur_state[3] u_icmp/u_icmp_tx/cur_state[2] u_icmp/u_icmp_tx/cur_state[1] u_icmp/u_icmp_tx/cur_state[0]
I: to  u_icmp/u_icmp_tx/cur_state_reg[7] u_icmp/u_icmp_tx/cur_state_reg[6] u_icmp/u_icmp_tx/cur_state_reg[5] u_icmp/u_icmp_tx/cur_state_reg[4] u_icmp/u_icmp_tx/cur_state_reg[3] u_icmp/u_icmp_tx/cur_state_reg[2] u_icmp/u_icmp_tx/cur_state_reg[1] u_icmp/u_icmp_tx/cur_state_reg[0]
I: 00000001 => 00000001
I: 00000010 => 00000010
I: 00000100 => 00000100
I: 00001000 => 00001000
I: 00010000 => 00010000
I: 00100000 => 00100000
I: 01000000 => 01000000
I: 10000000 => 10000000
I: Encoding type of FSM 'cur_state_fsm[6:0]' is: onehot.
I: Encoding table of FSM 'cur_state_fsm[6:0]':
I: from  u_udp/u_udp_rx/cur_state[6] u_udp/u_udp_rx/cur_state[5] u_udp/u_udp_rx/cur_state[4] u_udp/u_udp_rx/cur_state[3] u_udp/u_udp_rx/cur_state[2] u_udp/u_udp_rx/cur_state[1] u_udp/u_udp_rx/cur_state[0]
I: to  u_udp/u_udp_rx/cur_state_reg[6] u_udp/u_udp_rx/cur_state_reg[5] u_udp/u_udp_rx/cur_state_reg[4] u_udp/u_udp_rx/cur_state_reg[3] u_udp/u_udp_rx/cur_state_reg[2] u_udp/u_udp_rx/cur_state_reg[1] u_udp/u_udp_rx/cur_state_reg[0]
I: 0000001 => 0000001
I: 0000010 => 0000010
I: 0000100 => 0000100
I: 0001000 => 0001000
I: 0010000 => 0010000
I: 0100000 => 0100000
I: 1000000 => 1000000
I: Encoding type of FSM 'cur_state_fsm[6:0]' is: onehot.
I: Encoding table of FSM 'cur_state_fsm[6:0]':
I: from  u_udp/u_udp_tx/cur_state[6] u_udp/u_udp_tx/cur_state[5] u_udp/u_udp_tx/cur_state[4] u_udp/u_udp_tx/cur_state[3] u_udp/u_udp_tx/cur_state[2] u_udp/u_udp_tx/cur_state[1] u_udp/u_udp_tx/cur_state[0]
I: to  u_udp/u_udp_tx/cur_state_reg[6] u_udp/u_udp_tx/cur_state_reg[5] u_udp/u_udp_tx/cur_state_reg[4] u_udp/u_udp_tx/cur_state_reg[3] u_udp/u_udp_tx/cur_state_reg[2] u_udp/u_udp_tx/cur_state_reg[1] u_udp/u_udp_tx/cur_state_reg[0]
I: 0000001 => 0000001
I: 0000010 => 0000010
I: 0000100 => 0000100
I: 0001000 => 0001000
I: 0010000 => 0010000
I: 0100000 => 0100000
I: 1000000 => 1000000
I: Encoding type of FSM 'cur_state_fsm[4:0]' is: onehot.
I: Encoding table of FSM 'cur_state_fsm[4:0]':
I: from  u_arp/u_arp_rx/cur_state[4] u_arp/u_arp_rx/cur_state[3] u_arp/u_arp_rx/cur_state[2] u_arp/u_arp_rx/cur_state[1] u_arp/u_arp_rx/cur_state[0]
I: to  u_arp/u_arp_rx/cur_state_reg[4] u_arp/u_arp_rx/cur_state_reg[3] u_arp/u_arp_rx/cur_state_reg[2] u_arp/u_arp_rx/cur_state_reg[1] u_arp/u_arp_rx/cur_state_reg[0]
I: 00001 => 00001
I: 00010 => 00010
I: 00100 => 00100
I: 01000 => 01000
I: 10000 => 10000
I: Encoding type of FSM 'cur_state_fsm[4:0]' is: onehot.
I: Encoding table of FSM 'cur_state_fsm[4:0]':
I: from  u_arp/u_arp_tx/cur_state[4] u_arp/u_arp_tx/cur_state[3] u_arp/u_arp_tx/cur_state[2] u_arp/u_arp_tx/cur_state[1] u_arp/u_arp_tx/cur_state[0]
I: to  u_arp/u_arp_tx/cur_state_reg[4] u_arp/u_arp_tx/cur_state_reg[3] u_arp/u_arp_tx/cur_state_reg[2] u_arp/u_arp_tx/cur_state_reg[1] u_arp/u_arp_tx/cur_state_reg[0]
I: 00001 => 00001
I: 00010 => 00010
I: 00100 => 00100
I: 01000 => 01000
I: 10000 => 10000
I: Constant propagation done on u_icmp/u_icmp_rx/N49 (bmsWIDEINV).
I: Constant propagation done on u_icmp/u_icmp_rx/N50 (bmsPMUX).
I: Constant propagation done on u_icmp/u_icmp_tx/N70 (bmsWIDEINV).
I: Constant propagation done on u_icmp/u_icmp_tx/N71 (bmsPMUX).
I: Constant propagation done on u_udp/u_udp_rx/N47 (bmsWIDEINV).
I: Constant propagation done on u_udp/u_udp_rx/N48 (bmsPMUX).
I: Constant propagation done on u_udp/u_udp_tx/N70 (bmsWIDEINV).
I: Constant propagation done on u_udp/u_udp_tx/N71 (bmsPMUX).
I: Constant propagation done on u_arp/u_arp_rx/N37 (bmsWIDEINV).
I: Constant propagation done on u_arp/u_arp_rx/N38 (bmsPMUX).
W: Removed bmsWIDEDFFCPE inst ip_head_byte_num[5:0] at 0 that is stuck at constant 0.
I: Removed bmsSUB inst N348_1 that is redundant to N328
W: Removed bmsWIDEDFFCPE inst check_buffer[31:0] at 20 that is stuck at constant 0.
I: Removed bmsSUB inst N307_1 that is redundant to N287
W: Removed bmsWIDEDFFCPE inst check_buffer[31:0] at 20 that is stuck at constant 0.
I: Removed bmsWIDEDFFCPE inst arp_data[2][3] that is redundant to arp_data[1][0]
I: Removed bmsWIDEDFFCPE inst arp_data[4][1] that is redundant to arp_data[1][0]
I: Removed bmsWIDEDFFCPE inst arp_data[4][2] that is redundant to arp_data[1][0]
I: Removed bmsWIDEDFFCPE inst arp_data[5][2] that is redundant to arp_data[1][0]
I: Removed bmsWIDEDFFCPE inst arp_data[9][0] that is redundant to arp_data[1][0]
I: Removed bmsWIDEDFFCPE inst arp_data[9][4] that is redundant to arp_data[1][0]
I: Removed bmsWIDEDFFCPE inst arp_data[10][1] that is redundant to arp_data[1][0]
I: Removed bmsWIDEDFFCPE inst arp_data[10][5] that is redundant to arp_data[1][0]
I: Removed bmsWIDEDFFCPE inst arp_data[11][0] that is redundant to arp_data[1][0]
I: Removed bmsWIDEDFFCPE inst arp_data[11][1] that is redundant to arp_data[1][0]
I: Removed bmsWIDEDFFCPE inst arp_data[11][4] that is redundant to arp_data[1][0]
I: Removed bmsWIDEDFFCPE inst arp_data[11][5] that is redundant to arp_data[1][0]
I: Removed bmsWIDEDFFCPE inst arp_data[12][2] that is redundant to arp_data[1][0]
I: Removed bmsWIDEDFFCPE inst arp_data[12][6] that is redundant to arp_data[1][0]
I: Removed bmsWIDEDFFCPE inst arp_data[13][0] that is redundant to arp_data[1][0]
I: Removed bmsWIDEDFFCPE inst arp_data[13][2] that is redundant to arp_data[1][0]
I: Removed bmsWIDEDFFCPE inst arp_data[13][4] that is redundant to arp_data[1][0]
I: Removed bmsWIDEDFFCPE inst arp_data[13][6] that is redundant to arp_data[1][0]
I: Removed bmsWIDEDFFCPE inst arp_data[14][6] that is redundant to arp_data[1][0]
I: Removed bmsWIDEDFFCPE inst arp_data[14][7] that is redundant to arp_data[1][0]
I: Removed bmsWIDEDFFCPE inst arp_data[15][3] that is redundant to arp_data[1][0]
I: Removed bmsWIDEDFFCPE inst arp_data[15][5] that is redundant to arp_data[1][0]
I: Removed bmsWIDEDFFCPE inst arp_data[15][7] that is redundant to arp_data[1][0]
I: Removed bmsWIDEDFFCPE inst arp_data[16][0] that is redundant to arp_data[1][0]
I: Removed bmsWIDEDFFCPE inst arp_data[17][1] that is redundant to arp_data[1][0]
I: Removed bmsWIDEDFFCPE inst arp_data[17][3] that is redundant to arp_data[1][0]
I: Removed bmsWIDEDFFCPE inst arp_data[0][1] that is redundant to arp_data[0][0]
I: Removed bmsWIDEDFFCPE inst arp_data[0][2] that is redundant to arp_data[0][0]
I: Removed bmsWIDEDFFCPE inst arp_data[0][3] that is redundant to arp_data[0][0]
I: Removed bmsWIDEDFFCPE inst arp_data[0][4] that is redundant to arp_data[0][0]
I: Removed bmsWIDEDFFCPE inst arp_data[0][5] that is redundant to arp_data[0][0]
I: Removed bmsWIDEDFFCPE inst arp_data[0][6] that is redundant to arp_data[0][0]
I: Removed bmsWIDEDFFCPE inst arp_data[0][7] that is redundant to arp_data[0][0]
I: Removed bmsWIDEDFFCPE inst arp_data[1][1] that is redundant to arp_data[0][0]
I: Removed bmsWIDEDFFCPE inst arp_data[1][2] that is redundant to arp_data[0][0]
I: Removed bmsWIDEDFFCPE inst arp_data[1][3] that is redundant to arp_data[0][0]
I: Removed bmsWIDEDFFCPE inst arp_data[1][4] that is redundant to arp_data[0][0]
I: Removed bmsWIDEDFFCPE inst arp_data[1][5] that is redundant to arp_data[0][0]
I: Removed bmsWIDEDFFCPE inst arp_data[1][6] that is redundant to arp_data[0][0]
I: Removed bmsWIDEDFFCPE inst arp_data[1][7] that is redundant to arp_data[0][0]
I: Removed bmsWIDEDFFCPE inst arp_data[2][0] that is redundant to arp_data[0][0]
I: Removed bmsWIDEDFFCPE inst arp_data[2][1] that is redundant to arp_data[0][0]
I: Removed bmsWIDEDFFCPE inst arp_data[2][2] that is redundant to arp_data[0][0]
I: Removed bmsWIDEDFFCPE inst arp_data[2][4] that is redundant to arp_data[0][0]
I: Removed bmsWIDEDFFCPE inst arp_data[2][5] that is redundant to arp_data[0][0]
I: Removed bmsWIDEDFFCPE inst arp_data[2][6] that is redundant to arp_data[0][0]
I: Removed bmsWIDEDFFCPE inst arp_data[2][7] that is redundant to arp_data[0][0]
I: Removed bmsWIDEDFFCPE inst arp_data[3][0] that is redundant to arp_data[0][0]
I: Removed bmsWIDEDFFCPE inst arp_data[3][1] that is redundant to arp_data[0][0]
I: Removed bmsWIDEDFFCPE inst arp_data[3][2] that is redundant to arp_data[0][0]
I: Removed bmsWIDEDFFCPE inst arp_data[3][3] that is redundant to arp_data[0][0]
I: Removed bmsWIDEDFFCPE inst arp_data[3][4] that is redundant to arp_data[0][0]
I: Removed bmsWIDEDFFCPE inst arp_data[3][5] that is redundant to arp_data[0][0]
I: Removed bmsWIDEDFFCPE inst arp_data[3][6] that is redundant to arp_data[0][0]
I: Removed bmsWIDEDFFCPE inst arp_data[3][7] that is redundant to arp_data[0][0]
I: Removed bmsWIDEDFFCPE inst arp_data[4][0] that is redundant to arp_data[0][0]
I: Removed bmsWIDEDFFCPE inst arp_data[4][3] that is redundant to arp_data[0][0]
I: Removed bmsWIDEDFFCPE inst arp_data[4][4] that is redundant to arp_data[0][0]
I: Removed bmsWIDEDFFCPE inst arp_data[4][5] that is redundant to arp_data[0][0]
I: Removed bmsWIDEDFFCPE inst arp_data[4][6] that is redundant to arp_data[0][0]
I: Removed bmsWIDEDFFCPE inst arp_data[4][7] that is redundant to arp_data[0][0]
I: Removed bmsWIDEDFFCPE inst arp_data[5][0] that is redundant to arp_data[0][0]
I: Removed bmsWIDEDFFCPE inst arp_data[5][1] that is redundant to arp_data[0][0]
I: Removed bmsWIDEDFFCPE inst arp_data[5][3] that is redundant to arp_data[0][0]
I: Removed bmsWIDEDFFCPE inst arp_data[5][4] that is redundant to arp_data[0][0]
I: Removed bmsWIDEDFFCPE inst arp_data[5][5] that is redundant to arp_data[0][0]
I: Removed bmsWIDEDFFCPE inst arp_data[5][6] that is redundant to arp_data[0][0]
I: Removed bmsWIDEDFFCPE inst arp_data[5][7] that is redundant to arp_data[0][0]
I: Removed bmsWIDEDFFCPE inst arp_data[6][0] that is redundant to arp_data[0][0]
I: Removed bmsWIDEDFFCPE inst arp_data[6][1] that is redundant to arp_data[0][0]
I: Removed bmsWIDEDFFCPE inst arp_data[6][2] that is redundant to arp_data[0][0]
I: Removed bmsWIDEDFFCPE inst arp_data[6][3] that is redundant to arp_data[0][0]
I: Removed bmsWIDEDFFCPE inst arp_data[6][4] that is redundant to arp_data[0][0]
I: Removed bmsWIDEDFFCPE inst arp_data[6][5] that is redundant to arp_data[0][0]
I: Removed bmsWIDEDFFCPE inst arp_data[6][6] that is redundant to arp_data[0][0]
I: Removed bmsWIDEDFFCPE inst arp_data[6][7] that is redundant to arp_data[0][0]
I: Removed bmsWIDEDFFCPE inst arp_data[8][0] that is redundant to arp_data[0][0]
I: Removed bmsWIDEDFFCPE inst arp_data[8][1] that is redundant to arp_data[0][0]
I: Removed bmsWIDEDFFCPE inst arp_data[8][2] that is redundant to arp_data[0][0]
I: Removed bmsWIDEDFFCPE inst arp_data[8][3] that is redundant to arp_data[0][0]
I: Removed bmsWIDEDFFCPE inst arp_data[8][4] that is redundant to arp_data[0][0]
I: Removed bmsWIDEDFFCPE inst arp_data[8][5] that is redundant to arp_data[0][0]
I: Removed bmsWIDEDFFCPE inst arp_data[8][6] that is redundant to arp_data[0][0]
I: Removed bmsWIDEDFFCPE inst arp_data[8][7] that is redundant to arp_data[0][0]
I: Removed bmsWIDEDFFCPE inst arp_data[9][1] that is redundant to arp_data[0][0]
I: Removed bmsWIDEDFFCPE inst arp_data[9][2] that is redundant to arp_data[0][0]
I: Removed bmsWIDEDFFCPE inst arp_data[9][3] that is redundant to arp_data[0][0]
I: Removed bmsWIDEDFFCPE inst arp_data[9][5] that is redundant to arp_data[0][0]
I: Removed bmsWIDEDFFCPE inst arp_data[9][6] that is redundant to arp_data[0][0]
I: Removed bmsWIDEDFFCPE inst arp_data[9][7] that is redundant to arp_data[0][0]
I: Removed bmsWIDEDFFCPE inst arp_data[10][0] that is redundant to arp_data[0][0]
I: Removed bmsWIDEDFFCPE inst arp_data[10][2] that is redundant to arp_data[0][0]
I: Removed bmsWIDEDFFCPE inst arp_data[10][3] that is redundant to arp_data[0][0]
I: Removed bmsWIDEDFFCPE inst arp_data[10][4] that is redundant to arp_data[0][0]
I: Removed bmsWIDEDFFCPE inst arp_data[10][6] that is redundant to arp_data[0][0]
I: Removed bmsWIDEDFFCPE inst arp_data[10][7] that is redundant to arp_data[0][0]
I: Removed bmsWIDEDFFCPE inst arp_data[11][2] that is redundant to arp_data[0][0]
I: Removed bmsWIDEDFFCPE inst arp_data[11][3] that is redundant to arp_data[0][0]
I: Removed bmsWIDEDFFCPE inst arp_data[11][6] that is redundant to arp_data[0][0]
I: Removed bmsWIDEDFFCPE inst arp_data[11][7] that is redundant to arp_data[0][0]
I: Removed bmsWIDEDFFCPE inst arp_data[12][0] that is redundant to arp_data[0][0]
I: Removed bmsWIDEDFFCPE inst arp_data[12][1] that is redundant to arp_data[0][0]
I: Removed bmsWIDEDFFCPE inst arp_data[12][3] that is redundant to arp_data[0][0]
I: Removed bmsWIDEDFFCPE inst arp_data[12][4] that is redundant to arp_data[0][0]
I: Removed bmsWIDEDFFCPE inst arp_data[12][5] that is redundant to arp_data[0][0]
I: Removed bmsWIDEDFFCPE inst arp_data[12][7] that is redundant to arp_data[0][0]
I: Removed bmsWIDEDFFCPE inst arp_data[13][1] that is redundant to arp_data[0][0]
I: Removed bmsWIDEDFFCPE inst arp_data[13][3] that is redundant to arp_data[0][0]
I: Removed bmsWIDEDFFCPE inst arp_data[13][5] that is redundant to arp_data[0][0]
I: Removed bmsWIDEDFFCPE inst arp_data[13][7] that is redundant to arp_data[0][0]
I: Removed bmsWIDEDFFCPE inst arp_data[14][0] that is redundant to arp_data[0][0]
I: Removed bmsWIDEDFFCPE inst arp_data[14][1] that is redundant to arp_data[0][0]
I: Removed bmsWIDEDFFCPE inst arp_data[14][2] that is redundant to arp_data[0][0]
I: Removed bmsWIDEDFFCPE inst arp_data[14][3] that is redundant to arp_data[0][0]
I: Removed bmsWIDEDFFCPE inst arp_data[14][4] that is redundant to arp_data[0][0]
I: Removed bmsWIDEDFFCPE inst arp_data[14][5] that is redundant to arp_data[0][0]
I: Removed bmsWIDEDFFCPE inst arp_data[15][0] that is redundant to arp_data[0][0]
I: Removed bmsWIDEDFFCPE inst arp_data[15][1] that is redundant to arp_data[0][0]
I: Removed bmsWIDEDFFCPE inst arp_data[15][2] that is redundant to arp_data[0][0]
I: Removed bmsWIDEDFFCPE inst arp_data[15][4] that is redundant to arp_data[0][0]
I: Removed bmsWIDEDFFCPE inst arp_data[15][6] that is redundant to arp_data[0][0]
I: Removed bmsWIDEDFFCPE inst arp_data[16][1] that is redundant to arp_data[0][0]
I: Removed bmsWIDEDFFCPE inst arp_data[16][2] that is redundant to arp_data[0][0]
I: Removed bmsWIDEDFFCPE inst arp_data[16][3] that is redundant to arp_data[0][0]
I: Removed bmsWIDEDFFCPE inst arp_data[16][4] that is redundant to arp_data[0][0]
I: Removed bmsWIDEDFFCPE inst arp_data[16][5] that is redundant to arp_data[0][0]
I: Removed bmsWIDEDFFCPE inst arp_data[16][6] that is redundant to arp_data[0][0]
I: Removed bmsWIDEDFFCPE inst arp_data[16][7] that is redundant to arp_data[0][0]
I: Removed bmsWIDEDFFCPE inst arp_data[17][0] that is redundant to arp_data[0][0]
I: Removed bmsWIDEDFFCPE inst arp_data[17][2] that is redundant to arp_data[0][0]
I: Removed bmsWIDEDFFCPE inst arp_data[17][4] that is redundant to arp_data[0][0]
I: Removed bmsWIDEDFFCPE inst arp_data[17][5] that is redundant to arp_data[0][0]
I: Removed bmsWIDEDFFCPE inst arp_data[17][6] that is redundant to arp_data[0][0]
I: Removed bmsWIDEDFFCPE inst arp_data[17][7] that is redundant to arp_data[0][0]
W: Removed bmsWIDEDFFCPE inst arp_data[0][0] that is stuck at constant 0.
W: Removed bmsWIDEDFFCPE inst arp_data[1][0] that is stuck at constant 1.
Executing : pre-mapping successfully. Time elapsed: 0.313s wall, 0.406s user + 0.062s system = 0.469s CPU (149.7%)

Start mod-gen.
W: Public-4008: Instance 'the_instance_name/U_ipm2l_fifo_sync_fifo_2048x8b/U_ipm2l_fifo_ctrl/rd_water_level[11:0]' of 'bmsWIDEDFFCPE' unit is dangling and will be cleaned.
W: Public-4008: Instance 'the_instance_name/U_ipm2l_fifo_sync_fifo_2048x8b/U_ipm2l_fifo_ctrl/wr_water_level[11:0]' of 'bmsWIDEDFFCPE' unit is dangling and will be cleaned.
I: Removed bmsADD inst u_udp/u_udp_tx/N3383 that is redundant to u_icmp/u_icmp_tx/N3754
I: Removed bmsREDOR inst u_udp/u_udp_tx/N545 that is redundant to u_icmp/u_icmp_tx/N592
I: Removed bmsREDOR inst u_icmp/u_icmp_tx/N592 that is redundant to u_arp/u_arp_tx/N376
I: Removed bmsSUB inst u_udp/u_udp_tx/N307_0 that is redundant to u_icmp/u_icmp_tx/N348_0
I: Removed bmsREDAND inst u_udp/u_udp_tx/N496 that is redundant to u_icmp/u_icmp_tx/N543
I: Removed inst u_icmp/u_icmp_tx/preamble[1][7:0] which is redundant to u_icmp/u_icmp_tx/preamble[0][7:0] (type bmsWIDEDFFPATCE)
I: Removed inst u_icmp/u_icmp_tx/preamble[2][7:0] which is redundant to u_icmp/u_icmp_tx/preamble[0][7:0] (type bmsWIDEDFFPATCE)
I: Removed inst u_icmp/u_icmp_tx/preamble[3][7:0] which is redundant to u_icmp/u_icmp_tx/preamble[0][7:0] (type bmsWIDEDFFPATCE)
I: Removed inst u_icmp/u_icmp_tx/preamble[4][7:0] which is redundant to u_icmp/u_icmp_tx/preamble[0][7:0] (type bmsWIDEDFFPATCE)
I: Removed inst u_icmp/u_icmp_tx/preamble[5][7:0] which is redundant to u_icmp/u_icmp_tx/preamble[0][7:0] (type bmsWIDEDFFPATCE)
I: Removed inst u_icmp/u_icmp_tx/preamble[6][7:0] which is redundant to u_icmp/u_icmp_tx/preamble[0][7:0] (type bmsWIDEDFFPATCE)
I: Removed inst u_icmp/u_icmp_tx/eth_head[11][7:0] which is redundant to u_icmp/u_icmp_tx/preamble[0][7:0] (type bmsWIDEDFFPATCE)
I: Removed inst u_arp/u_arp_tx/eth_head[11][7:0] which is redundant to u_icmp/u_icmp_tx/preamble[0][7:0] (type bmsWIDEDFFPATCE)
I: Removed inst u_arp/u_arp_tx/preamble[0][7:0] which is redundant to u_icmp/u_icmp_tx/preamble[0][7:0] (type bmsWIDEDFFPATCE)
I: Removed inst u_arp/u_arp_tx/preamble[1][7:0] which is redundant to u_icmp/u_icmp_tx/preamble[0][7:0] (type bmsWIDEDFFPATCE)
I: Removed inst u_arp/u_arp_tx/preamble[2][7:0] which is redundant to u_icmp/u_icmp_tx/preamble[0][7:0] (type bmsWIDEDFFPATCE)
I: Removed inst u_arp/u_arp_tx/preamble[3][7:0] which is redundant to u_icmp/u_icmp_tx/preamble[0][7:0] (type bmsWIDEDFFPATCE)
I: Removed inst u_arp/u_arp_tx/preamble[4][7:0] which is redundant to u_icmp/u_icmp_tx/preamble[0][7:0] (type bmsWIDEDFFPATCE)
I: Removed inst u_arp/u_arp_tx/preamble[5][7:0] which is redundant to u_icmp/u_icmp_tx/preamble[0][7:0] (type bmsWIDEDFFPATCE)
I: Removed inst u_arp/u_arp_tx/preamble[6][7:0] which is redundant to u_icmp/u_icmp_tx/preamble[0][7:0] (type bmsWIDEDFFPATCE)
I: Removed inst u_udp/u_udp_tx/preamble[0][7:0] which is redundant to u_icmp/u_icmp_tx/preamble[0][7:0] (type bmsWIDEDFFPATCE)
I: Removed inst u_udp/u_udp_tx/preamble[1][7:0] which is redundant to u_icmp/u_icmp_tx/preamble[0][7:0] (type bmsWIDEDFFPATCE)
I: Removed inst u_udp/u_udp_tx/preamble[2][7:0] which is redundant to u_icmp/u_icmp_tx/preamble[0][7:0] (type bmsWIDEDFFPATCE)
I: Removed inst u_udp/u_udp_tx/preamble[3][7:0] which is redundant to u_icmp/u_icmp_tx/preamble[0][7:0] (type bmsWIDEDFFPATCE)
I: Removed inst u_udp/u_udp_tx/preamble[4][7:0] which is redundant to u_icmp/u_icmp_tx/preamble[0][7:0] (type bmsWIDEDFFPATCE)
I: Removed inst u_udp/u_udp_tx/preamble[5][7:0] which is redundant to u_icmp/u_icmp_tx/preamble[0][7:0] (type bmsWIDEDFFPATCE)
I: Removed inst u_udp/u_udp_tx/preamble[6][7:0] which is redundant to u_icmp/u_icmp_tx/preamble[0][7:0] (type bmsWIDEDFFPATCE)
I: Removed inst u_udp/u_udp_tx/eth_head[11][7:0] which is redundant to u_icmp/u_icmp_tx/preamble[0][7:0] (type bmsWIDEDFFPATCE)
I: Removed inst u_arp/u_arp_tx/preamble[7][7:0] which is redundant to u_icmp/u_icmp_tx/preamble[7][7:0] (type bmsWIDEDFFPATCE)
I: Removed inst u_udp/u_udp_tx/preamble[7][7:0] which is redundant to u_icmp/u_icmp_tx/preamble[7][7:0] (type bmsWIDEDFFPATCE)
I: Removed inst u_arp/u_arp_tx/eth_head[7][7:0] which is redundant to u_icmp/u_icmp_tx/eth_head[7][7:0] (type bmsWIDEDFFPATCE)
I: Removed inst u_udp/u_udp_tx/eth_head[7][7:0] which is redundant to u_icmp/u_icmp_tx/eth_head[7][7:0] (type bmsWIDEDFFPATCE)
I: Removed inst u_arp/u_arp_tx/eth_head[8][7:0] which is redundant to u_icmp/u_icmp_tx/eth_head[8][7:0] (type bmsWIDEDFFPATCE)
I: Removed inst u_udp/u_udp_tx/eth_head[8][7:0] which is redundant to u_icmp/u_icmp_tx/eth_head[8][7:0] (type bmsWIDEDFFPATCE)
I: Removed inst u_arp/u_arp_tx/eth_head[9][7:0] which is redundant to u_icmp/u_icmp_tx/eth_head[9][7:0] (type bmsWIDEDFFPATCE)
I: Removed inst u_udp/u_udp_tx/eth_head[9][7:0] which is redundant to u_icmp/u_icmp_tx/eth_head[9][7:0] (type bmsWIDEDFFPATCE)
I: Removed inst u_arp/u_arp_tx/eth_head[10][7:0] which is redundant to u_icmp/u_icmp_tx/eth_head[10][7:0] (type bmsWIDEDFFPATCE)
I: Removed inst u_udp/u_udp_tx/eth_head[10][7:0] which is redundant to u_icmp/u_icmp_tx/eth_head[10][7:0] (type bmsWIDEDFFPATCE)
I: Removed inst u_arp/u_arp_tx/eth_head[12][7:0] which is redundant to u_icmp/u_icmp_tx/eth_head[12][7:0] (type bmsWIDEDFFPATCE)
I: Removed inst u_udp/u_udp_tx/eth_head[12][7:0] which is redundant to u_icmp/u_icmp_tx/eth_head[12][7:0] (type bmsWIDEDFFPATCE)
I: Removed inst u_icmp/u_icmp_tx/eth_head[13][7:0] which is redundant to u_icmp/u_icmp_tx/eth_head[6][7:0] (type bmsWIDEDFFCPE)
I: Removed inst u_arp/u_arp_tx/eth_head[6][7:0] which is redundant to u_icmp/u_icmp_tx/eth_head[6][7:0] (type bmsWIDEDFFCPE)
I: Removed inst u_udp/u_udp_tx/eth_head[6][7:0] which is redundant to u_icmp/u_icmp_tx/eth_head[6][7:0] (type bmsWIDEDFFCPE)
I: Removed inst u_udp/u_udp_tx/eth_head[13][7:0] which is redundant to u_icmp/u_icmp_tx/eth_head[6][7:0] (type bmsWIDEDFFCPE)
Executing : mod-gen successfully. Time elapsed: 0.796s wall, 0.859s user + 0.047s system = 0.906s CPU (113.9%)

Start logic-optimization.
W: Removed bmsWIDEDFFPATCE inst u_icmp/u_icmp_tx/preamble[0][7:0] at 0 that is stuck at constant 1.
W: Removed bmsWIDEDFFPATCE inst u_icmp/u_icmp_tx/preamble[0][7:0] at 1 that is stuck at constant 0.
W: Removed bmsWIDEDFFPATCE inst u_icmp/u_icmp_tx/preamble[0][7:0] at 2 that is stuck at constant 1.
W: Removed bmsWIDEDFFPATCE inst u_icmp/u_icmp_tx/preamble[0][7:0] at 3 that is stuck at constant 0.
W: Removed bmsWIDEDFFPATCE inst u_icmp/u_icmp_tx/preamble[0][7:0] at 4 that is stuck at constant 1.
W: Removed bmsWIDEDFFPATCE inst u_icmp/u_icmp_tx/preamble[0][7:0] at 5 that is stuck at constant 0.
W: Removed bmsWIDEDFFPATCE inst u_icmp/u_icmp_tx/preamble[0][7:0] at 6 that is stuck at constant 1.
W: Removed bmsWIDEDFFPATCE inst u_icmp/u_icmp_tx/preamble[0][7:0] at 7 that is stuck at constant 0.
W: Removed bmsWIDEDFFPATCE inst u_icmp/u_icmp_tx/preamble[7][7:0] at 0 that is stuck at constant 1.
W: Removed bmsWIDEDFFPATCE inst u_icmp/u_icmp_tx/preamble[7][7:0] at 1 that is stuck at constant 0.
W: Removed bmsWIDEDFFPATCE inst u_icmp/u_icmp_tx/preamble[7][7:0] at 2 that is stuck at constant 1.
W: Removed bmsWIDEDFFPATCE inst u_icmp/u_icmp_tx/preamble[7][7:0] at 3 that is stuck at constant 0.
W: Removed bmsWIDEDFFPATCE inst u_icmp/u_icmp_tx/preamble[7][7:0] at 4 that is stuck at constant 1.
W: Removed bmsWIDEDFFPATCE inst u_icmp/u_icmp_tx/preamble[7][7:0] at 5 that is stuck at constant 0.
W: Removed bmsWIDEDFFPATCE inst u_icmp/u_icmp_tx/preamble[7][7:0] at 6 that is stuck at constant 1.
W: Removed bmsWIDEDFFPATCE inst u_icmp/u_icmp_tx/preamble[7][7:0] at 7 that is stuck at constant 1.
W: Removed bmsWIDEDFFCPE inst u_icmp/u_icmp_tx/eth_head[6][7:0] at 0 that is stuck at constant 0.
W: Removed bmsWIDEDFFCPE inst u_icmp/u_icmp_tx/eth_head[6][7:0] at 1 that is stuck at constant 0.
W: Removed bmsWIDEDFFCPE inst u_icmp/u_icmp_tx/eth_head[6][7:0] at 2 that is stuck at constant 0.
W: Removed bmsWIDEDFFCPE inst u_icmp/u_icmp_tx/eth_head[6][7:0] at 3 that is stuck at constant 0.
W: Removed bmsWIDEDFFCPE inst u_icmp/u_icmp_tx/eth_head[6][7:0] at 4 that is stuck at constant 0.
W: Removed bmsWIDEDFFCPE inst u_icmp/u_icmp_tx/eth_head[6][7:0] at 5 that is stuck at constant 0.
W: Removed bmsWIDEDFFCPE inst u_icmp/u_icmp_tx/eth_head[6][7:0] at 6 that is stuck at constant 0.
W: Removed bmsWIDEDFFCPE inst u_icmp/u_icmp_tx/eth_head[6][7:0] at 7 that is stuck at constant 0.
W: Removed bmsWIDEDFFPATCE inst u_icmp/u_icmp_tx/eth_head[7][7:0] at 0 that is stuck at constant 1.
W: Removed bmsWIDEDFFPATCE inst u_icmp/u_icmp_tx/eth_head[7][7:0] at 1 that is stuck at constant 0.
W: Removed bmsWIDEDFFPATCE inst u_icmp/u_icmp_tx/eth_head[7][7:0] at 2 that is stuck at constant 0.
W: Removed bmsWIDEDFFPATCE inst u_icmp/u_icmp_tx/eth_head[7][7:0] at 3 that is stuck at constant 0.
W: Removed bmsWIDEDFFPATCE inst u_icmp/u_icmp_tx/eth_head[7][7:0] at 4 that is stuck at constant 1.
W: Removed bmsWIDEDFFPATCE inst u_icmp/u_icmp_tx/eth_head[7][7:0] at 5 that is stuck at constant 0.
W: Removed bmsWIDEDFFPATCE inst u_icmp/u_icmp_tx/eth_head[7][7:0] at 6 that is stuck at constant 0.
W: Removed bmsWIDEDFFPATCE inst u_icmp/u_icmp_tx/eth_head[7][7:0] at 7 that is stuck at constant 0.
W: Removed bmsWIDEDFFPATCE inst u_icmp/u_icmp_tx/eth_head[8][7:0] at 0 that is stuck at constant 0.
W: Removed bmsWIDEDFFPATCE inst u_icmp/u_icmp_tx/eth_head[8][7:0] at 1 that is stuck at constant 1.
W: Removed bmsWIDEDFFPATCE inst u_icmp/u_icmp_tx/eth_head[8][7:0] at 2 that is stuck at constant 0.
W: Removed bmsWIDEDFFPATCE inst u_icmp/u_icmp_tx/eth_head[8][7:0] at 3 that is stuck at constant 0.
W: Removed bmsWIDEDFFPATCE inst u_icmp/u_icmp_tx/eth_head[8][7:0] at 4 that is stuck at constant 0.
W: Removed bmsWIDEDFFPATCE inst u_icmp/u_icmp_tx/eth_head[8][7:0] at 5 that is stuck at constant 1.
W: Removed bmsWIDEDFFPATCE inst u_icmp/u_icmp_tx/eth_head[8][7:0] at 6 that is stuck at constant 0.
W: Removed bmsWIDEDFFPATCE inst u_icmp/u_icmp_tx/eth_head[8][7:0] at 7 that is stuck at constant 0.
W: Removed bmsWIDEDFFPATCE inst u_icmp/u_icmp_tx/eth_head[9][7:0] at 0 that is stuck at constant 1.
W: Removed bmsWIDEDFFPATCE inst u_icmp/u_icmp_tx/eth_head[9][7:0] at 1 that is stuck at constant 1.
W: Removed bmsWIDEDFFPATCE inst u_icmp/u_icmp_tx/eth_head[9][7:0] at 2 that is stuck at constant 0.
W: Removed bmsWIDEDFFPATCE inst u_icmp/u_icmp_tx/eth_head[9][7:0] at 3 that is stuck at constant 0.
W: Removed bmsWIDEDFFPATCE inst u_icmp/u_icmp_tx/eth_head[9][7:0] at 4 that is stuck at constant 1.
W: Removed bmsWIDEDFFPATCE inst u_icmp/u_icmp_tx/eth_head[9][7:0] at 5 that is stuck at constant 1.
W: Removed bmsWIDEDFFPATCE inst u_icmp/u_icmp_tx/eth_head[9][7:0] at 6 that is stuck at constant 0.
W: Removed bmsWIDEDFFPATCE inst u_icmp/u_icmp_tx/eth_head[9][7:0] at 7 that is stuck at constant 0.
W: Removed bmsWIDEDFFPATCE inst u_icmp/u_icmp_tx/eth_head[10][7:0] at 0 that is stuck at constant 0.
W: Removed bmsWIDEDFFPATCE inst u_icmp/u_icmp_tx/eth_head[10][7:0] at 1 that is stuck at constant 0.
W: Removed bmsWIDEDFFPATCE inst u_icmp/u_icmp_tx/eth_head[10][7:0] at 2 that is stuck at constant 1.
W: Removed bmsWIDEDFFPATCE inst u_icmp/u_icmp_tx/eth_head[10][7:0] at 3 that is stuck at constant 0.
W: Removed bmsWIDEDFFPATCE inst u_icmp/u_icmp_tx/eth_head[10][7:0] at 4 that is stuck at constant 0.
W: Removed bmsWIDEDFFPATCE inst u_icmp/u_icmp_tx/eth_head[10][7:0] at 5 that is stuck at constant 0.
W: Removed bmsWIDEDFFPATCE inst u_icmp/u_icmp_tx/eth_head[10][7:0] at 6 that is stuck at constant 1.
W: Removed bmsWIDEDFFPATCE inst u_icmp/u_icmp_tx/eth_head[10][7:0] at 7 that is stuck at constant 0.
W: Removed bmsWIDEDFFPATCE inst u_icmp/u_icmp_tx/eth_head[12][7:0] at 0 that is stuck at constant 0.
W: Removed bmsWIDEDFFPATCE inst u_icmp/u_icmp_tx/eth_head[12][7:0] at 1 that is stuck at constant 0.
W: Removed bmsWIDEDFFPATCE inst u_icmp/u_icmp_tx/eth_head[12][7:0] at 2 that is stuck at constant 0.
W: Removed bmsWIDEDFFPATCE inst u_icmp/u_icmp_tx/eth_head[12][7:0] at 3 that is stuck at constant 1.
W: Removed bmsWIDEDFFPATCE inst u_icmp/u_icmp_tx/eth_head[12][7:0] at 4 that is stuck at constant 0.
W: Removed bmsWIDEDFFPATCE inst u_icmp/u_icmp_tx/eth_head[12][7:0] at 5 that is stuck at constant 0.
W: Removed bmsWIDEDFFPATCE inst u_icmp/u_icmp_tx/eth_head[12][7:0] at 6 that is stuck at constant 0.
W: Removed bmsWIDEDFFPATCE inst u_icmp/u_icmp_tx/eth_head[12][7:0] at 7 that is stuck at constant 0.
W: Removed bmsWIDEDFFPATCE inst u_arp/u_arp_tx/eth_head[13][7:0] at 0 that is stuck at constant 0.
W: Removed bmsWIDEDFFPATCE inst u_arp/u_arp_tx/eth_head[13][7:0] at 1 that is stuck at constant 1.
W: Removed bmsWIDEDFFPATCE inst u_arp/u_arp_tx/eth_head[13][7:0] at 2 that is stuck at constant 1.
W: Removed bmsWIDEDFFPATCE inst u_arp/u_arp_tx/eth_head[13][7:0] at 3 that is stuck at constant 0.
W: Removed bmsWIDEDFFPATCE inst u_arp/u_arp_tx/eth_head[13][7:0] at 4 that is stuck at constant 0.
W: Removed bmsWIDEDFFPATCE inst u_arp/u_arp_tx/eth_head[13][7:0] at 5 that is stuck at constant 0.
W: Removed bmsWIDEDFFPATCE inst u_arp/u_arp_tx/eth_head[13][7:0] at 6 that is stuck at constant 0.
W: Removed bmsWIDEDFFPATCE inst u_arp/u_arp_tx/eth_head[13][7:0] at 7 that is stuck at constant 0.
Executing : logic-optimization successfully. Time elapsed: 2.597s wall, 2.000s user + 0.578s system = 2.578s CPU (99.3%)

Start tech-mapping phase 1.
W: Public-4008: Instance 'u_icmp/u_icmp_rx/des_ip[24]' of 'bmsWIDEDFFCPE' unit is dangling and will be cleaned.
W: Public-4008: Instance 'u_icmp/u_icmp_rx/des_ip[25]' of 'bmsWIDEDFFCPE' unit is dangling and will be cleaned.
W: Public-4008: Instance 'u_icmp/u_icmp_rx/des_ip[26]' of 'bmsWIDEDFFCPE' unit is dangling and will be cleaned.
W: Public-4008: Instance 'u_icmp/u_icmp_rx/des_ip[27]' of 'bmsWIDEDFFCPE' unit is dangling and will be cleaned.
W: Public-4008: Instance 'u_icmp/u_icmp_rx/des_ip[28]' of 'bmsWIDEDFFCPE' unit is dangling and will be cleaned.
W: Public-4008: Instance 'u_icmp/u_icmp_rx/des_ip[29]' of 'bmsWIDEDFFCPE' unit is dangling and will be cleaned.
W: Public-4008: Instance 'u_icmp/u_icmp_rx/des_ip[30]' of 'bmsWIDEDFFCPE' unit is dangling and will be cleaned.
W: Public-4008: Instance 'u_icmp/u_icmp_rx/des_ip[31]' of 'bmsWIDEDFFCPE' unit is dangling and will be cleaned.
W: Public-4008: Instance 'u_icmp/u_icmp_rx/ip_head_byte_num[0]' of 'bmsWIDEDFFCPE' unit is dangling and will be cleaned.
W: Public-4008: Instance 'u_icmp/u_icmp_rx/ip_head_byte_num[1]' of 'bmsWIDEDFFCPE' unit is dangling and will be cleaned.
W: Public-4008: Instance 'u_icmp/u_icmp_tx/check_buffer[20]' of 'bmsWIDEDFFCPE' unit is dangling and will be cleaned.
W: Public-4008: Instance 'u_icmp/u_icmp_tx/check_buffer[21]' of 'bmsWIDEDFFCPE' unit is dangling and will be cleaned.
W: Public-4008: Instance 'u_icmp/u_icmp_tx/check_buffer[22]' of 'bmsWIDEDFFCPE' unit is dangling and will be cleaned.
W: Public-4008: Instance 'u_icmp/u_icmp_tx/check_buffer[23]' of 'bmsWIDEDFFCPE' unit is dangling and will be cleaned.
W: Public-4008: Instance 'u_icmp/u_icmp_tx/check_buffer[24]' of 'bmsWIDEDFFCPE' unit is dangling and will be cleaned.
W: Public-4008: Instance 'u_icmp/u_icmp_tx/check_buffer[25]' of 'bmsWIDEDFFCPE' unit is dangling and will be cleaned.
W: Public-4008: Instance 'u_icmp/u_icmp_tx/check_buffer[26]' of 'bmsWIDEDFFCPE' unit is dangling and will be cleaned.
W: Public-4008: Instance 'u_icmp/u_icmp_tx/check_buffer[27]' of 'bmsWIDEDFFCPE' unit is dangling and will be cleaned.
W: Public-4008: Instance 'u_icmp/u_icmp_tx/check_buffer[28]' of 'bmsWIDEDFFCPE' unit is dangling and will be cleaned.
W: Public-4008: Instance 'u_icmp/u_icmp_tx/check_buffer[29]' of 'bmsWIDEDFFCPE' unit is dangling and will be cleaned.
W: Public-4008: Instance 'u_icmp/u_icmp_tx/check_buffer[30]' of 'bmsWIDEDFFCPE' unit is dangling and will be cleaned.
W: Public-4008: Instance 'u_icmp/u_icmp_tx/check_buffer[31]' of 'bmsWIDEDFFCPE' unit is dangling and will be cleaned.
W: Public-4008: Instance 'u_udp/u_udp_rx/des_ip[24]' of 'bmsWIDEDFFCPE' unit is dangling and will be cleaned.
W: Public-4008: Instance 'u_udp/u_udp_rx/des_ip[25]' of 'bmsWIDEDFFCPE' unit is dangling and will be cleaned.
W: Public-4008: Instance 'u_udp/u_udp_rx/des_ip[26]' of 'bmsWIDEDFFCPE' unit is dangling and will be cleaned.
W: Public-4008: Instance 'u_udp/u_udp_rx/des_ip[27]' of 'bmsWIDEDFFCPE' unit is dangling and will be cleaned.
W: Public-4008: Instance 'u_udp/u_udp_rx/des_ip[28]' of 'bmsWIDEDFFCPE' unit is dangling and will be cleaned.
W: Public-4008: Instance 'u_udp/u_udp_rx/des_ip[29]' of 'bmsWIDEDFFCPE' unit is dangling and will be cleaned.
W: Public-4008: Instance 'u_udp/u_udp_rx/des_ip[30]' of 'bmsWIDEDFFCPE' unit is dangling and will be cleaned.
W: Public-4008: Instance 'u_udp/u_udp_rx/des_ip[31]' of 'bmsWIDEDFFCPE' unit is dangling and will be cleaned.
W: Public-4008: Instance 'u_udp/u_udp_tx/check_buffer[20]' of 'bmsWIDEDFFCPE' unit is dangling and will be cleaned.
W: Public-4008: Instance 'u_udp/u_udp_tx/check_buffer[21]' of 'bmsWIDEDFFCPE' unit is dangling and will be cleaned.
W: Public-4008: Instance 'u_udp/u_udp_tx/check_buffer[22]' of 'bmsWIDEDFFCPE' unit is dangling and will be cleaned.
W: Public-4008: Instance 'u_udp/u_udp_tx/check_buffer[23]' of 'bmsWIDEDFFCPE' unit is dangling and will be cleaned.
W: Public-4008: Instance 'u_udp/u_udp_tx/check_buffer[24]' of 'bmsWIDEDFFCPE' unit is dangling and will be cleaned.
W: Public-4008: Instance 'u_udp/u_udp_tx/check_buffer[25]' of 'bmsWIDEDFFCPE' unit is dangling and will be cleaned.
W: Public-4008: Instance 'u_udp/u_udp_tx/check_buffer[26]' of 'bmsWIDEDFFCPE' unit is dangling and will be cleaned.
W: Public-4008: Instance 'u_udp/u_udp_tx/check_buffer[27]' of 'bmsWIDEDFFCPE' unit is dangling and will be cleaned.
W: Public-4008: Instance 'u_udp/u_udp_tx/check_buffer[28]' of 'bmsWIDEDFFCPE' unit is dangling and will be cleaned.
W: Public-4008: Instance 'u_udp/u_udp_tx/check_buffer[29]' of 'bmsWIDEDFFCPE' unit is dangling and will be cleaned.
W: Public-4008: Instance 'u_udp/u_udp_tx/check_buffer[30]' of 'bmsWIDEDFFCPE' unit is dangling and will be cleaned.
W: Public-4008: Instance 'u_udp/u_udp_tx/check_buffer[31]' of 'bmsWIDEDFFCPE' unit is dangling and will be cleaned.
I: Removed GTP_DFF_PE inst u_arp/u_arp_tx/eth_head[5][0] that is redundant to u_arp/u_arp_tx/arp_data[23][0]
I: Removed GTP_DFF_PE inst u_arp/u_arp_tx/eth_head[5][1] that is redundant to u_arp/u_arp_tx/arp_data[23][1]
I: Removed GTP_DFF_PE inst u_arp/u_arp_tx/eth_head[5][2] that is redundant to u_arp/u_arp_tx/arp_data[23][2]
I: Removed GTP_DFF_PE inst u_arp/u_arp_tx/eth_head[5][3] that is redundant to u_arp/u_arp_tx/arp_data[23][3]
I: Removed GTP_DFF_PE inst u_arp/u_arp_tx/eth_head[5][4] that is redundant to u_arp/u_arp_tx/arp_data[23][4]
I: Removed GTP_DFF_PE inst u_arp/u_arp_tx/eth_head[5][5] that is redundant to u_arp/u_arp_tx/arp_data[23][5]
I: Removed GTP_DFF_PE inst u_arp/u_arp_tx/eth_head[5][6] that is redundant to u_arp/u_arp_tx/arp_data[23][6]
I: Removed GTP_DFF_PE inst u_arp/u_arp_tx/eth_head[5][7] that is redundant to u_arp/u_arp_tx/arp_data[23][7]
I: Removed GTP_DFF_PE inst u_arp/u_arp_tx/eth_head[4][0] that is redundant to u_arp/u_arp_tx/arp_data[22][0]
I: Removed GTP_DFF_PE inst u_arp/u_arp_tx/eth_head[4][1] that is redundant to u_arp/u_arp_tx/arp_data[22][1]
I: Removed GTP_DFF_PE inst u_arp/u_arp_tx/eth_head[4][2] that is redundant to u_arp/u_arp_tx/arp_data[22][2]
I: Removed GTP_DFF_PE inst u_arp/u_arp_tx/eth_head[4][3] that is redundant to u_arp/u_arp_tx/arp_data[22][3]
I: Removed GTP_DFF_PE inst u_arp/u_arp_tx/eth_head[4][4] that is redundant to u_arp/u_arp_tx/arp_data[22][4]
I: Removed GTP_DFF_PE inst u_arp/u_arp_tx/eth_head[4][5] that is redundant to u_arp/u_arp_tx/arp_data[22][5]
I: Removed GTP_DFF_PE inst u_arp/u_arp_tx/eth_head[4][6] that is redundant to u_arp/u_arp_tx/arp_data[22][6]
I: Removed GTP_DFF_PE inst u_arp/u_arp_tx/eth_head[4][7] that is redundant to u_arp/u_arp_tx/arp_data[22][7]
I: Removed GTP_DFF_PE inst u_arp/u_arp_tx/eth_head[3][0] that is redundant to u_arp/u_arp_tx/arp_data[21][0]
I: Removed GTP_DFF_PE inst u_arp/u_arp_tx/eth_head[3][1] that is redundant to u_arp/u_arp_tx/arp_data[21][1]
I: Removed GTP_DFF_PE inst u_arp/u_arp_tx/eth_head[3][2] that is redundant to u_arp/u_arp_tx/arp_data[21][2]
I: Removed GTP_DFF_PE inst u_arp/u_arp_tx/eth_head[3][3] that is redundant to u_arp/u_arp_tx/arp_data[21][3]
I: Removed GTP_DFF_PE inst u_arp/u_arp_tx/eth_head[3][4] that is redundant to u_arp/u_arp_tx/arp_data[21][4]
I: Removed GTP_DFF_PE inst u_arp/u_arp_tx/eth_head[3][5] that is redundant to u_arp/u_arp_tx/arp_data[21][5]
I: Removed GTP_DFF_PE inst u_arp/u_arp_tx/eth_head[3][6] that is redundant to u_arp/u_arp_tx/arp_data[21][6]
I: Removed GTP_DFF_PE inst u_arp/u_arp_tx/eth_head[3][7] that is redundant to u_arp/u_arp_tx/arp_data[21][7]
I: Removed GTP_DFF_PE inst u_arp/u_arp_tx/eth_head[2][0] that is redundant to u_arp/u_arp_tx/arp_data[20][0]
I: Removed GTP_DFF_PE inst u_arp/u_arp_tx/eth_head[2][1] that is redundant to u_arp/u_arp_tx/arp_data[20][1]
I: Removed GTP_DFF_PE inst u_arp/u_arp_tx/eth_head[2][2] that is redundant to u_arp/u_arp_tx/arp_data[20][2]
I: Removed GTP_DFF_PE inst u_arp/u_arp_tx/eth_head[2][3] that is redundant to u_arp/u_arp_tx/arp_data[20][3]
I: Removed GTP_DFF_PE inst u_arp/u_arp_tx/eth_head[2][4] that is redundant to u_arp/u_arp_tx/arp_data[20][4]
I: Removed GTP_DFF_PE inst u_arp/u_arp_tx/eth_head[2][5] that is redundant to u_arp/u_arp_tx/arp_data[20][5]
I: Removed GTP_DFF_PE inst u_arp/u_arp_tx/eth_head[2][6] that is redundant to u_arp/u_arp_tx/arp_data[20][6]
I: Removed GTP_DFF_PE inst u_arp/u_arp_tx/eth_head[2][7] that is redundant to u_arp/u_arp_tx/arp_data[20][7]
I: Removed GTP_DFF_PE inst u_arp/u_arp_tx/eth_head[1][0] that is redundant to u_arp/u_arp_tx/arp_data[19][0]
I: Removed GTP_DFF_PE inst u_arp/u_arp_tx/eth_head[1][1] that is redundant to u_arp/u_arp_tx/arp_data[19][1]
I: Removed GTP_DFF_PE inst u_arp/u_arp_tx/eth_head[1][2] that is redundant to u_arp/u_arp_tx/arp_data[19][2]
I: Removed GTP_DFF_PE inst u_arp/u_arp_tx/eth_head[1][3] that is redundant to u_arp/u_arp_tx/arp_data[19][3]
I: Removed GTP_DFF_PE inst u_arp/u_arp_tx/eth_head[1][4] that is redundant to u_arp/u_arp_tx/arp_data[19][4]
I: Removed GTP_DFF_PE inst u_arp/u_arp_tx/eth_head[1][5] that is redundant to u_arp/u_arp_tx/arp_data[19][5]
I: Removed GTP_DFF_PE inst u_arp/u_arp_tx/eth_head[1][6] that is redundant to u_arp/u_arp_tx/arp_data[19][6]
I: Removed GTP_DFF_PE inst u_arp/u_arp_tx/eth_head[1][7] that is redundant to u_arp/u_arp_tx/arp_data[19][7]
I: Removed GTP_DFF_PE inst u_arp/u_arp_tx/eth_head[0][0] that is redundant to u_arp/u_arp_tx/arp_data[18][0]
I: Removed GTP_DFF_PE inst u_arp/u_arp_tx/eth_head[0][1] that is redundant to u_arp/u_arp_tx/arp_data[18][1]
I: Removed GTP_DFF_PE inst u_arp/u_arp_tx/eth_head[0][2] that is redundant to u_arp/u_arp_tx/arp_data[18][2]
I: Removed GTP_DFF_PE inst u_arp/u_arp_tx/eth_head[0][3] that is redundant to u_arp/u_arp_tx/arp_data[18][3]
I: Removed GTP_DFF_PE inst u_arp/u_arp_tx/eth_head[0][4] that is redundant to u_arp/u_arp_tx/arp_data[18][4]
I: Removed GTP_DFF_PE inst u_arp/u_arp_tx/eth_head[0][5] that is redundant to u_arp/u_arp_tx/arp_data[18][5]
I: Removed GTP_DFF_PE inst u_arp/u_arp_tx/eth_head[0][6] that is redundant to u_arp/u_arp_tx/arp_data[18][6]
I: Removed GTP_DFF_PE inst u_arp/u_arp_tx/eth_head[0][7] that is redundant to u_arp/u_arp_tx/arp_data[18][7]
I: Removed GTP_DFF_CE inst u_udp/u_udp_tx/tx_data_num[0] that is redundant to u_udp/u_udp_tx/total_num[0]
I: Removed GTP_DFF_CE inst u_udp/u_udp_tx/udp_num[0] that is redundant to u_udp/u_udp_tx/total_num[0]
I: Removed GTP_DFF_CE inst u_udp/u_udp_tx/tx_data_num[1] that is redundant to u_udp/u_udp_tx/total_num[1]
I: Removed GTP_DFF_CE inst u_udp/u_udp_tx/udp_num[1] that is redundant to u_udp/u_udp_tx/total_num[1]
I: Removed GTP_DFF_CE inst u_udp/u_udp_tx/udp_num[2] that is redundant to u_udp/u_udp_tx/tx_data_num[2]
I: Removed GTP_DFF_CE inst u_icmp/u_icmp_tx/tx_data_num[0] that is redundant to u_icmp/u_icmp_tx/total_num[0]
I: Removed GTP_DFF_CE inst u_icmp/u_icmp_tx/tx_data_num[1] that is redundant to u_icmp/u_icmp_tx/total_num[1]
I: Removed GTP_DFF_E inst u_udp/u_udp_tx/ip_head[6][16] that is redundant to u_udp/u_udp_tx/ip_head[0][0]
I: Removed GTP_DFF_E inst u_udp/u_udp_tx/ip_head[6][17] that is redundant to u_udp/u_udp_tx/ip_head[0][1]
Executing : tech-mapping phase 1 successfully. Time elapsed: 0.238s wall, 0.219s user + 0.016s system = 0.234s CPU (98.3%)

Start tech-mapping phase 2.
Executing : tech-mapping phase 2 successfully. Time elapsed: 3.398s wall, 4.422s user + 0.094s system = 4.516s CPU (132.9%)

Start tech-optimization.
Executing : tech-optimization successfully. Time elapsed: 0.610s wall, 0.906s user + 0.062s system = 0.969s CPU (158.8%)

Start phys-optimization.
Executing : phys-optimization successfully. Time elapsed: 0.000s wall, 0.000s user + 0.000s system = 0.000s CPU (n/a%)

Start restore-hierarchy.
Executing : restore-hierarchy successfully. Time elapsed: 0.200s wall, 0.203s user + 0.000s system = 0.203s CPU (101.3%)

W: Unable to honor max fanout constraint for gtp_inv driven net N30
W: Unable to honor max fanout constraint for gtp_inv driven net N30

Cell Usage:
GTP_CLKBUFG                   1 use
GTP_DFF_C                   161 uses
GTP_DFF_CE                 1025 uses
GTP_DFF_E                   190 uses
GTP_DFF_P                     7 uses
GTP_DFF_PE                  252 uses
GTP_DRM18K_E1                 1 use
GTP_GRS                       1 use
GTP_IDDR_E1                   5 uses
GTP_INV                       3 uses
GTP_IOCLKBUF                  1 use
GTP_LUT1                     23 uses
GTP_LUT2                     27 uses
GTP_LUT3                     53 uses
GTP_LUT4                     73 uses
GTP_LUT5                    128 uses
GTP_LUT6                    443 uses
GTP_LUT6CARRY               750 uses
GTP_LUT6D                   256 uses
GTP_MUX2LUT7                 56 uses
GTP_MUX2LUT8                 16 uses
GTP_ODDR_E1                   5 uses

I/O ports: 14
GTP_INBUF                   7 uses
GTP_OUTBUF                  7 uses

Mapping Summary:
Total LUTs: 1753 of 66600 (2.63%)
	LUTs as dram: 0 of 19900 (0.00%)
	LUTs as logic: 1753
Total Registers: 1635 of 133200 (1.23%)
Total Latches: 0

DRM36K/FIFO:
Total DRM = 0.5 of 155 (0.32%)

APMs:
Total APMs = 0.00 of 240 (0.00%)

Total I/O ports = 14 of 285 (4.91%)


Overview of Control Sets:

Number of unique control sets : 73

Histogram:
**************************************************************
  Fanout      | Count    | Sync Set/Reset    Async Set/Reset
--------------------------------------------------------------
  [0, 2)      | 0        | 0                 0
  [2, 4)      | 4        | 0                 4
  [4, 6)      | 9        | 0                 9
  [6, 8)      | 1        | 0                 1
  [8, 10)     | 19       | 0                 19
  [10, 12)    | 0        | 0                 0
  [12, 14)    | 2        | 0                 2
  [14, 16)    | 0        | 0                 0
  [16, Inf)   | 38       | 5                 33
--------------------------------------------------------------
  The maximum fanout: 168
==============================================================

Flip-Flop Distribution:
************************************************************************
  Clock Enable    Sync Set/Reset    Async Set/Reset    Total Registers
------------------------------------------------------------------------
  NO              NO                NO                 0
  NO              NO                YES                168
  NO              YES               NO                 0
  YES             NO                NO                 190
  YES             NO                YES                1277
  YES             YES               NO                 0
========================================================================

Latch Distribution:
************************************************
  Gate Enable    Preset/Clear    Total Latches
************************************************
  NO             NO              0
  NO             YES             0
  YES            NO              0
  YES            YES             0
************************************************

Design 'eth_udp_loop' has been successfully synthesized to architecture-specific objects.
Saving design to DB.
Saving design to eth_udp_loop_syn.vm
Constructing timing graph ...
Timing graph has been constructed successfully
C: STA-3009: The clock sys_clk is not connected to any clock endpoints,it will be treated as a normal port or pin.
W: Timing-4087: Port 'eth_rst_n' is not constrained, it is treated as combinational output.
W: Timing-4087: Port 'eth_tx_ctl' is not constrained, it is treated as combinational output.
W: Timing-4087: Port 'eth_txc' is not constrained, it is treated as combinational output.
W: Timing-4087: Port 'eth_txd[0]' is not constrained, it is treated as combinational output.
W: Timing-4087: Port 'eth_txd[1]' is not constrained, it is treated as combinational output.
W: Timing-4087: Port 'eth_txd[2]' is not constrained, it is treated as combinational output.
W: Timing-4087: Port 'eth_txd[3]' is not constrained, it is treated as combinational output.
W: Timing-4086: Port 'eth_rx_ctl' is not constrained, it is treated as combinational input.
W: Timing-4086: Port 'eth_rxd[0]' is not constrained, it is treated as combinational input.
W: Timing-4086: Port 'eth_rxd[1]' is not constrained, it is treated as combinational input.
W: Timing-4086: Port 'eth_rxd[2]' is not constrained, it is treated as combinational input.
W: Timing-4086: Port 'eth_rxd[3]' is not constrained, it is treated as combinational input.
W: Timing-4086: Port 'sys_rst_n' is not constrained, it is treated as combinational input.
Action synthesize: Real time elapsed is 0h:0m:22s
Action synthesize: CPU time elapsed is 0h:0m:18s
Action synthesize: Process CPU time elapsed is 0h:0m:19s
Current time: Wed Jan 31 20:18:41 2024
Action synthesize: Peak memory pool usage is 408 MB
Action from compile to synthesize: Total Real Time elapsed is 0h:0m:43s
Action from compile to synthesize: Total CPU time elapsed is 0h:0m:24s
Action from compile to synthesize: Total Process CPU Time elapsed is 0h:0m:25s
Process "Synthesize" done.


Process "Device Map" started.
Current time: Wed Jan 31 20:18:42 2024
Compiling architecture definition.
Analyzing project file 'C:/Users/VIDEO/Desktop/52_eth_udp_loop/prj/eth_udp_loop.pds'.
Compiling verification operator library.
Compiling common defs.
Loading technology operator library.
Compiling technology operator library.
Compiling technology operator (valence) library.
Compiling operator packing rules.
Compiling prim grid devices.
Compiling gate devices.
Compiling gate operators.
Compiling tech operator impls.
Building architecture model.
Loading device packaging model.
NOTE: The technology fpga was specified.
NOTE: delay_model specified was generic_cmos.
NOTE: Using the fpga syntax tables...
Totals:
 Calls to malloc = 0
 Calls to calloc = 148538

Flattening design 'eth_udp_loop'
Device mapping started.
Optimizing circuit logic.
Checking design netlist.
Processing tech operator.
Converting tech operator to gate operator.
Processing gate operator.
I: Infer CARRY group, base inst: the_instance_name/U_ipm2l_fifo_sync_fifo_2048x8b/U_ipm2l_fifo_ctrl/N2_1/gateop, insts:12.
I: Infer CARRY group, base inst: the_instance_name/U_ipm2l_fifo_sync_fifo_2048x8b/U_ipm2l_fifo_ctrl/N84_1/gateop, insts:12.
I: Infer CARRY group, base inst: u_icmp/u_icmp_rx/N168_1.fsub_1/gateop, insts:13.
I: Infer CARRY group, base inst: u_icmp/u_icmp_rx/N356_1_1/gateop, insts:15.
I: Infer CARRY group, base inst: u_icmp/u_icmp_rx/N360_1.fsub_1/gateop, insts:16.
I: Infer CARRY group, base inst: u_icmp/u_icmp_rx/N361.eq_0/gateop, insts:8.
I: Infer CARRY group, base inst: u_icmp/u_icmp_rx/N372_1/gateop, insts:32.
I: Infer CARRY group, base inst: u_icmp/u_icmp_rx/N375_1/gateop, insts:32.
I: Infer CARRY group, base inst: u_icmp/u_icmp_rx/N377.lt_0/gateop, insts:8.
I: Infer CARRY group, base inst: u_icmp/u_icmp_rx/N397.eq_0/gateop, insts:8.
I: Infer CARRY group, base inst: u_icmp/u_icmp_tx/N19_1_1/gateop, insts:13.
I: Infer CARRY group, base inst: u_icmp/u_icmp_tx/N130_1_1/gateop, insts:15.
I: Infer CARRY group, base inst: the_instance_name/U_ipm2l_fifo_sync_fifo_2048x8b/U_ipm2l_fifo_ctrl/N167.eq_0/gateop, insts:6.
I: Infer CARRY group, base inst: the_instance_name/U_ipm2l_fifo_sync_fifo_2048x8b/U_ipm2l_fifo_ctrl/N170.eq_0/gateop, insts:6.
I: Infer CARRY group, base inst: u_icmp/u_icmp_tx/N328_1.fsub_1/gateop, insts:15.
I: Infer CARRY group, base inst: u_icmp/u_icmp_tx/N329.lt_0/gateop, insts:8.
I: Infer CARRY group, base inst: u_icmp/u_icmp_tx/N337_1_1/gateop, insts:15.
I: Infer CARRY group, base inst: u_icmp/u_icmp_tx/N340.eq_0/gateop, insts:8.
I: Infer CARRY group, base inst: u_icmp/u_icmp_tx/N346_1/gateop, insts:16.
I: Infer CARRY group, base inst: u_icmp/u_icmp_tx/N349.lt_0/gateop, insts:8.
I: Infer CARRY group, base inst: u_icmp/u_icmp_tx/N370_1.fsub_1/gateop, insts:14.
I: Infer CARRY group, base inst: u_icmp/u_icmp_tx/N371.eq_0/gateop, insts:8.
I: Infer CARRY group, base inst: u_icmp/u_icmp_tx/N943_5_0/gateop, insts:21.
I: Infer CARRY group, base inst: u_icmp/u_icmp_tx/N964_5_0/gateop, insts:33.
I: Infer CARRY group, base inst: u_icmp/u_icmp_tx/N3739_1/gateop, insts:32.
I: Infer CARRY group, base inst: u_icmp/u_icmp_tx/N3751_1_1/gateop, insts:16.
I: Infer CARRY group, base inst: u_icmp/u_icmp_tx/N3757_0/gateop, insts:18.
I: Infer CARRY group, base inst: u_icmp/u_icmp_tx/N3760_1/gateop, insts:18.
I: Infer CARRY group, base inst: u_icmp/u_icmp_tx/N3763_1_1/gateop, insts:16.
I: Infer CARRY group, base inst: u_icmp/u_icmp_tx/N3766_1/gateop, insts:19.
I: Infer CARRY group, base inst: u_udp/u_udp_rx/N216_1.fsub_1/gateop, insts:12.
I: Infer CARRY group, base inst: u_udp/u_udp_rx/N235_1_1/gateop, insts:15.
I: Infer CARRY group, base inst: u_udp/u_udp_rx/N237_1.fsub_1/gateop, insts:15.
I: Infer CARRY group, base inst: u_udp/u_udp_rx/N238.eq_0/gateop, insts:8.
I: Infer CARRY group, base inst: u_udp/u_udp_tx/N20_1_1/gateop, insts:13.
I: Infer CARRY group, base inst: u_udp/u_udp_tx/N22_1_1/gateop, insts:12.
I: Infer CARRY group, base inst: u_udp/u_udp_tx/N129_1_1/gateop, insts:15.
I: Infer CARRY group, base inst: u_udp/u_udp_tx/N287_1.fsub_1/gateop, insts:15.
I: Infer CARRY group, base inst: u_udp/u_udp_tx/N288.lt_0/gateop, insts:8.
I: Infer CARRY group, base inst: u_udp/u_udp_tx/N296_1_1/gateop, insts:15.
I: Infer CARRY group, base inst: u_udp/u_udp_tx/N299.eq_0/gateop, insts:8.
I: Infer CARRY group, base inst: u_udp/u_udp_tx/N305_1/gateop, insts:16.
I: Infer CARRY group, base inst: u_udp/u_udp_tx/N308.lt_0/gateop, insts:8.
I: Infer CARRY group, base inst: u_udp/u_udp_tx/N329_1.fsub_1/gateop, insts:14.
I: Infer CARRY group, base inst: u_udp/u_udp_tx/N330.eq_0/gateop, insts:8.
I: Infer CARRY group, base inst: u_udp/u_udp_tx/N891_5_0/gateop, insts:21.
I: Infer CARRY group, base inst: u_udp/u_udp_tx/N3380_1_1/gateop, insts:16.
I: Infer CARRY group, base inst: u_udp/u_udp_tx/N3386_1/gateop, insts:17.
I: Infer CARRY group, base inst: u_udp/u_udp_tx/N3389_1/gateop, insts:18.
I: Infer CARRY group, base inst: u_udp/u_udp_tx/N3392_1_1/gateop, insts:16.
I: Infer CARRY group, base inst: u_udp/u_udp_tx/N3395_1/gateop, insts:19.
I: OSERDES "u_gmii_to_rgmii/u_rgmii_tx/txdata_bus[2].u_ODDR_inst_txdata/oserdes_inst" has been packed in "ODDR" of IOL "eth_txd_obuf[2]/opit_1" success.
I: OSERDES "u_gmii_to_rgmii/u_rgmii_tx/txdata_bus[3].u_ODDR_inst_txdata/oserdes_inst" has been packed in "ODDR" of IOL "eth_txd_obuf[3]/opit_1" success.
I: OSERDES "u_gmii_to_rgmii/u_rgmii_tx/txdata_bus[1].u_ODDR_inst_txdata/oserdes_inst" has been packed in "ODDR" of IOL "eth_txd_obuf[1]/opit_1" success.
I: ISERDES "u_gmii_to_rgmii/u_rgmii_rx/u_iddr_rx_ctl/iserdes_inst" has been packed in "IDDR" of IOL "eth_rx_ctl_ibuf/opit_1" success.
I: ISERDES "u_gmii_to_rgmii/u_rgmii_rx/rxdata_bus[0].u_iddr_rxd/iserdes_inst" has been packed in "IDDR" of IOL "eth_rxd_ibuf[0]/opit_1" success.
I: ISERDES "u_gmii_to_rgmii/u_rgmii_rx/rxdata_bus[1].u_iddr_rxd/iserdes_inst" has been packed in "IDDR" of IOL "eth_rxd_ibuf[1]/opit_1" success.
I: ISERDES "u_gmii_to_rgmii/u_rgmii_rx/rxdata_bus[2].u_iddr_rxd/iserdes_inst" has been packed in "IDDR" of IOL "eth_rxd_ibuf[2]/opit_1" success.
I: ISERDES "u_gmii_to_rgmii/u_rgmii_rx/rxdata_bus[3].u_iddr_rxd/iserdes_inst" has been packed in "IDDR" of IOL "eth_rxd_ibuf[3]/opit_1" success.
I: OSERDES "u_gmii_to_rgmii/u_rgmii_tx/u_ODDR_inst_tx_ctl/oserdes_inst" has been packed in "ODDR" of IOL "eth_tx_ctl_obuf/opit_1" success.
I: OSERDES "u_gmii_to_rgmii/u_rgmii_tx/txdata_bus[0].u_ODDR_inst_txdata/oserdes_inst" has been packed in "ODDR" of IOL "eth_txd_obuf[0]/opit_1" success.
Device Utilization Summary:
+------------------------------------------------------------------------+
| Logic Utilization     | Used     | Available     | Utilization(%)     
+------------------------------------------------------------------------+
| APM                   | 0        | 240           | 0                  
| FF                    | 1635     | 133200        | 2                  
| LUT                   | 1753     | 66600         | 3                  
| Distributed RAM       | 0        | 19900         | 0                  
| DRM                   | 0.5      | 155           | 1                  
| IO                    | 14       | 285           | 5                  
| RCKB                  | 0        | 24            | 0                  
| SCANCHAIN             | 0        | 1             | 0                  
| USCM                  | 1        | 32            | 4                  
| CCS                   | 1        | 1             | 100                
| ADC                   | 0        | 1             | 0                  
| DDR_PHY               | 0        | 24            | 0                  
| HSSTLP                | 0        | 1             | 0                  
| GPLL                  | 0        | 6             | 0                  
| PPLL                  | 0        | 6             | 0                  
| DDRPHY_CPD            | 0        | 12            | 0                  
| HCKB                  | 0        | 96            | 0                  
| IOCKB                 | 1        | 24            | 5                  
| MRCKB                 | 0        | 12            | 0                  
| PCIE                  | 0        | 1             | 0                  
| DDRPHY_IOCLK_DIV      | 0        | 6             | 0                  
| ANALOG                | 0        | 1             | 0                  
| TSERDES               | 0        | 48            | 0                  
| KEYRAM                | 0        | 1             | 0                  
+------------------------------------------------------------------------+

Device mapping done.
Total device mapping takes 0.36 sec.

Design 'eth_udp_loop' has been successfully mapped to architecture-specific objects.
Saving design to DB.
W: Public-4010: Pcf file C:/Users/VIDEO/Desktop/52_eth_udp_loop/prj/device_map/eth_udp_loop.pcf has been covered.
Action dev_map: Real time elapsed is 0h:0m:17s
Action dev_map: CPU time elapsed is 0h:0m:12s
Action dev_map: Process CPU time elapsed is 0h:0m:12s
Current time: Wed Jan 31 20:18:58 2024
Action dev_map: Peak memory pool usage is 358 MB
Action from compile to dev_map: Total Real Time elapsed is 0h:1m:0s
Action from compile to dev_map: Total CPU time elapsed is 0h:0m:36s
Action from compile to dev_map: Total Process CPU Time elapsed is 0h:0m:37s
Process "Device Map" done.


Process "Place & Route" started.
Current time: Wed Jan 31 20:18:58 2024
Compiling architecture definition.
Analyzing project file 'C:/Users/VIDEO/Desktop/52_eth_udp_loop/prj/eth_udp_loop.pds'.
Compiling verification operator library.
Compiling common defs.
Compiling prim grid devices.
Compiling gate devices.
Compiling gate operators.
Building architecture model.
Loading device packaging model.
pnr strategy configuration : 
strategy name : 0
Building architecture floorplan logic view.
Constraint check start.
Executing : def_port {eth_rst_n} LOC=N20 VCCIO=3.3 IOSTANDARD=LVCMOS33 DRIVE=8 SLEW=SLOW NONE=TRUE
C: ConstraintEditor-2002: [C:/Users/VIDEO/Desktop/52_eth_udp_loop/prj/device_map/eth_udp_loop.pcf(line number: 3)] | Port eth_rst_n has been placed at location N20, whose type is share pin.
Executing : def_port {eth_rst_n} LOC=N20 VCCIO=3.3 IOSTANDARD=LVCMOS33 DRIVE=8 SLEW=SLOW NONE=TRUE successfully
Executing : def_port {eth_tx_ctl} LOC=W20 VCCIO=3.3 IOSTANDARD=LVCMOS33 DRIVE=8 SLEW=SLOW NONE=TRUE
Executing : def_port {eth_tx_ctl} LOC=W20 VCCIO=3.3 IOSTANDARD=LVCMOS33 DRIVE=8 SLEW=SLOW NONE=TRUE successfully
Executing : def_port {eth_txc} LOC=W19 VCCIO=3.3 IOSTANDARD=LVCMOS33 DRIVE=8 SLEW=SLOW NONE=TRUE
Executing : def_port {eth_txc} LOC=W19 VCCIO=3.3 IOSTANDARD=LVCMOS33 DRIVE=8 SLEW=SLOW NONE=TRUE successfully
Executing : def_port {eth_txd[0]} LOC=W22 VCCIO=3.3 IOSTANDARD=LVCMOS33 DRIVE=8 SLEW=SLOW NONE=TRUE
C: ConstraintEditor-2002: [C:/Users/VIDEO/Desktop/52_eth_udp_loop/prj/device_map/eth_udp_loop.pcf(line number: 6)] | Port eth_txd[0] has been placed at location W22, whose type is share pin.
Executing : def_port {eth_txd[0]} LOC=W22 VCCIO=3.3 IOSTANDARD=LVCMOS33 DRIVE=8 SLEW=SLOW NONE=TRUE successfully
Executing : def_port {eth_txd[1]} LOC=W21 VCCIO=3.3 IOSTANDARD=LVCMOS33 DRIVE=8 SLEW=SLOW NONE=TRUE
C: ConstraintEditor-2002: [C:/Users/VIDEO/Desktop/52_eth_udp_loop/prj/device_map/eth_udp_loop.pcf(line number: 7)] | Port eth_txd[1] has been placed at location W21, whose type is share pin.
Executing : def_port {eth_txd[1]} LOC=W21 VCCIO=3.3 IOSTANDARD=LVCMOS33 DRIVE=8 SLEW=SLOW NONE=TRUE successfully
Executing : def_port {eth_txd[2]} LOC=T20 VCCIO=3.3 IOSTANDARD=LVCMOS33 DRIVE=8 SLEW=SLOW NONE=TRUE
C: ConstraintEditor-2002: [C:/Users/VIDEO/Desktop/52_eth_udp_loop/prj/device_map/eth_udp_loop.pcf(line number: 8)] | Port eth_txd[2] has been placed at location T20, whose type is share pin.
Executing : def_port {eth_txd[2]} LOC=T20 VCCIO=3.3 IOSTANDARD=LVCMOS33 DRIVE=8 SLEW=SLOW NONE=TRUE successfully
Executing : def_port {eth_txd[3]} LOC=P20 VCCIO=3.3 IOSTANDARD=LVCMOS33 DRIVE=8 SLEW=SLOW NONE=TRUE
Executing : def_port {eth_txd[3]} LOC=P20 VCCIO=3.3 IOSTANDARD=LVCMOS33 DRIVE=8 SLEW=SLOW NONE=TRUE successfully
Executing : def_port {eth_rx_ctl} LOC=Y21 VCCIO=3.3 IOSTANDARD=LVCMOS33 NONE=TRUE
Executing : def_port {eth_rx_ctl} LOC=Y21 VCCIO=3.3 IOSTANDARD=LVCMOS33 NONE=TRUE successfully
Executing : def_port {eth_rxc} LOC=Y18 VCCIO=3.3 IOSTANDARD=LVCMOS33 NONE=TRUE
Executing : def_port {eth_rxc} LOC=Y18 VCCIO=3.3 IOSTANDARD=LVCMOS33 NONE=TRUE successfully
Executing : def_port {eth_rxd[0]} LOC=Y22 VCCIO=3.3 IOSTANDARD=LVCMOS33 NONE=TRUE
C: ConstraintEditor-2002: [C:/Users/VIDEO/Desktop/52_eth_udp_loop/prj/device_map/eth_udp_loop.pcf(line number: 12)] | Port eth_rxd[0] has been placed at location Y22, whose type is share pin.
Executing : def_port {eth_rxd[0]} LOC=Y22 VCCIO=3.3 IOSTANDARD=LVCMOS33 NONE=TRUE successfully
Executing : def_port {eth_rxd[1]} LOC=AB21 VCCIO=3.3 IOSTANDARD=LVCMOS33 NONE=TRUE
C: ConstraintEditor-2002: [C:/Users/VIDEO/Desktop/52_eth_udp_loop/prj/device_map/eth_udp_loop.pcf(line number: 13)] | Port eth_rxd[1] has been placed at location AB21, whose type is share pin.
Executing : def_port {eth_rxd[1]} LOC=AB21 VCCIO=3.3 IOSTANDARD=LVCMOS33 NONE=TRUE successfully
Executing : def_port {eth_rxd[2]} LOC=AB22 VCCIO=3.3 IOSTANDARD=LVCMOS33 NONE=TRUE
C: ConstraintEditor-2002: [C:/Users/VIDEO/Desktop/52_eth_udp_loop/prj/device_map/eth_udp_loop.pcf(line number: 14)] | Port eth_rxd[2] has been placed at location AB22, whose type is share pin.
Executing : def_port {eth_rxd[2]} LOC=AB22 VCCIO=3.3 IOSTANDARD=LVCMOS33 NONE=TRUE successfully
Executing : def_port {eth_rxd[3]} LOC=Y19 VCCIO=3.3 IOSTANDARD=LVCMOS33 NONE=TRUE
Executing : def_port {eth_rxd[3]} LOC=Y19 VCCIO=3.3 IOSTANDARD=LVCMOS33 NONE=TRUE successfully
Executing : def_port {sys_clk} LOC=R4 VCCIO=1.5 IOSTANDARD=LVCMOS15 NONE=TRUE
C: ConstraintEditor-2001: [C:/Users/VIDEO/Desktop/52_eth_udp_loop/prj/device_map/eth_udp_loop.pcf(line number: 16)] Object 'sys_clk' is dangling, which has no connection. it will be ignored.
Executing : def_port {sys_clk} LOC=R4 VCCIO=1.5 IOSTANDARD=LVCMOS15 NONE=TRUE failed
Executing : def_port {sys_rst_n} LOC=U7 VCCIO=1.5 IOSTANDARD=LVCMOS15 NONE=TRUE
Executing : def_port {sys_rst_n} LOC=U7 VCCIO=1.5 IOSTANDARD=LVCMOS15 NONE=TRUE successfully
Constraint check end.
NOTE: The technology fpga was specified.
NOTE: delay_model specified was generic_cmos.
NOTE: Using the fpga syntax tables...
Totals:
 Calls to malloc = 0
 Calls to calloc = 5993935

I: Column Clock Check open.
Read Column Clock Map.

Placement started.
Phase 1 Pre global placement started.
Mapping instance GRS_INST/grs_ccs to CCS_87_316.
Phase 1.1 1st GP placement started.
Design Utilization : 3%.
First map gop timing takes 1.70 sec
Worst slack after clock region global placement is 177
Wirelength after clock region global placement is 17227 and checksum is F070C2B34F8B2F75.
1st GP placement takes 5.48 sec.

Phase 1.2 Clock placement started.
Mapping instance u_gmii_to_rgmii/u_rgmii_rx/u_GTP_IOCLKBUF/gopclkgate to IOCKB_11_459.
Mapping instance u_gmii_to_rgmii/u_rgmii_rx/BUFG_inst/gopclkbufg to USCM_215_576.
Clock placement takes 0.19 sec.

Wirelength after Pre Global Placement is 17227 and checksum is F070C2B34F8B2F75.
Pre global placement takes 6.48 sec.

Phase 2 Global placement started.
Phase 2.1 Fixed placement started.
Placed fixed group with base inst eth_rst_n_obuf/opit_1 on IOLHR_16_696.
Placed fixed group with base inst eth_rx_ctl_ibuf/opit_1 on IOLHR_16_504.
Placed fixed group with base inst eth_rxc_ibuf/opit_1 on IOLHR_16_450.
Placed fixed group with base inst eth_rxd_ibuf[0]/opit_1 on IOLHR_16_498.
Placed fixed group with base inst eth_rxd_ibuf[1]/opit_1 on IOLHR_16_492.
Placed fixed group with base inst eth_rxd_ibuf[2]/opit_1 on IOLHR_16_486.
Placed fixed group with base inst eth_rxd_ibuf[3]/opit_1 on IOLHR_16_444.
Placed fixed group with base inst eth_tx_ctl_obuf/opit_1 on IOLHR_16_462.
Placed fixed group with base inst eth_txc_obuf/opit_1 on IOLHR_16_468.
Placed fixed group with base inst eth_txd_obuf[0]/opit_1 on IOLHR_16_522.
Placed fixed group with base inst eth_txd_obuf[1]/opit_1 on IOLHR_16_528.
Placed fixed group with base inst eth_txd_obuf[2]/opit_1 on IOLHR_16_534.
Placed fixed group with base inst eth_txd_obuf[3]/opit_1 on IOLHR_16_606.
Placed fixed group with base inst sys_rst_n_ibuf/opit_1 on IOLHR_364_306.
Placed fixed instance GRS_INST/grs_ccs on CCS_87_316.
Placed fixed instance u_gmii_to_rgmii/u_rgmii_rx/BUFG_inst/gopclkbufg on USCM_215_576.
Placed fixed instance u_gmii_to_rgmii/u_rgmii_rx/u_GTP_IOCLKBUF/gopclkgate on IOCKB_11_459.
Placed fixed instance BKCL_auto_0 on BKCL_1_646.
Placed fixed instance BKCL_auto_1 on BKCL_1_340.
Placed fixed instance BKCL_auto_2 on BKCL_373_340.
Fixed placement takes 0.12 sec.

Phase 2.2 Process placement started.
Process placement takes 0.00 sec.

Phase 2.3 IO placement started.
IO placement takes 0.06 sec.

Phase 2.4 2nd GP placement started.
Run super clustering :
	Initial slack -3150.
	11 iterations finished.
	Final slack 369.
Super clustering done.
Design Utilization : 3%.
Worst slack after global placement is 4258
2nd GP placement takes 1.48 sec.

Wirelength after global placement is 15705 and checksum is E6E5B3C7D09F0209.
Global placement takes 1.67 sec.

Phase 3 Post global placement started.
Packing LUT6D started.
I: LUT6D pack result: There are 633 LUT6 in collection, pack success:49
Packing LUT6D takes 0.39 sec.
Phase 3.1 Macro cell placement started.
I: Process macros using "Greedy".
Wirelength after macro cell placement is 16532 and checksum is 425D35FC5C94A4C5.
Macro cell placement takes 0.00 sec.

Phase 3.2 3rd GP placement started.
Run super clustering :
	Initial slack -3402.
	12 iterations finished.
	Final slack 640.
Super clustering done.
Design Utilization : 3%.
Worst slack after post global placement is 3717
3rd GP placement takes 1.58 sec.

Wirelength after post global placement is 17697 and checksum is 6A99956854594091.
Packing LUT6D started.
I: LUT6D pack result: There are 535 LUT6 in collection, pack success:0
Packing LUT6D takes 0.38 sec.
Post global placement takes 2.36 sec.

Phase 4 Legalization started.
The average distance in LP is 0.790439.
Wirelength after legalization is 21308 and checksum is B5372FF2CB066B5E.
Legalization takes 0.28 sec.

Phase 5 Timing-driven detailed placement started.
Phase 5.1 Replication placement started.
Worst slack before Replication Place is 3657.
Replication placement takes 0.22 sec.

Wirelength after replication placement is 21308 and checksum is B5372FF2CB066B5E.
Phase 5.2 Swapping placement started.
Worst slack before detailed placement is 3657, TNS before detailed placement is 0. 
Worst slack after detailed placement is 3657, TNS after detailed placement is 0. 
Swapping placement takes 0.09 sec.

Wirelength after detailed placement is 21308 and checksum is B5372FF2CB066B5E.
Timing-driven detailed placement takes 0.31 sec.

Worst slack is 3657, TNS after placement is 0.
Placement done.
Total placement takes 12.11 sec.
Finished placement.

Routing started.
Building routing graph takes 5.36 sec.
Worst slack is 3657, TNS before global route is 0.
Processing design graph takes 1.36 sec.
Total memory for routing:
	218.233592 M.
Total nets for routing : 3713.
Rcf routing step 1 processed 0 nets, it takes 0.00 sec.
Rcf routing step 2 processed 0 nets, it takes 0.00 sec.
Rcf routing step 3 processed 0 nets, it takes 0.00 sec.
Unrouted nets 0 at the end of iteration 0.
Global Routing step 1 processed 70 nets, it takes 0.05 sec.
Unrouted nets 261 at the end of iteration 0.
Unrouted nets 174 at the end of iteration 1.
Unrouted nets 133 at the end of iteration 2.
Unrouted nets 105 at the end of iteration 3.
Unrouted nets 88 at the end of iteration 4.
Unrouted nets 56 at the end of iteration 5.
Unrouted nets 40 at the end of iteration 6.
Unrouted nets 32 at the end of iteration 7.
Unrouted nets 31 at the end of iteration 8.
Unrouted nets 25 at the end of iteration 9.
Unrouted nets 10 at the end of iteration 10.
Unrouted nets 11 at the end of iteration 11.
Unrouted nets 7 at the end of iteration 12.
Unrouted nets 8 at the end of iteration 13.
Unrouted nets 8 at the end of iteration 14.
Unrouted nets 11 at the end of iteration 15.
Unrouted nets 8 at the end of iteration 16.
Unrouted nets 3 at the end of iteration 17.
Unrouted nets 4 at the end of iteration 18.
Unrouted nets 2 at the end of iteration 19.
Unrouted nets 2 at the end of iteration 20.
Unrouted nets 2 at the end of iteration 21.
Unrouted nets 2 at the end of iteration 22.
Unrouted nets 0 at the end of iteration 23.
Global Routing step 2 processed 611 nets, it takes 1.86 sec.
Global Routing step 3 processed 0 nets, it takes 0.00 sec.
Unrouted nets 8 at the end of iteration 0.
Unrouted nets 4 at the end of iteration 1.
Unrouted nets 0 at the end of iteration 2.
Global Routing step 4 processed 65 nets, it takes 0.08 sec.
Global routing takes 2.14 sec.
Total 3798 subnets.
    forward max bucket size 131 , backward 46.
        Unrouted nets 2110 at the end of iteration 0.
    route iteration 0, CPU time elapsed 0.609375 sec.
    forward max bucket size 80 , backward 37.
        Unrouted nets 1947 at the end of iteration 1.
    route iteration 1, CPU time elapsed 0.421875 sec.
    forward max bucket size 71 , backward 42.
        Unrouted nets 1696 at the end of iteration 2.
    route iteration 2, CPU time elapsed 0.375000 sec.
    forward max bucket size 71 , backward 42.
        Unrouted nets 1485 at the end of iteration 3.
    route iteration 3, CPU time elapsed 0.328125 sec.
    forward max bucket size 76 , backward 43.
        Unrouted nets 1315 at the end of iteration 4.
    route iteration 4, CPU time elapsed 0.312500 sec.
    forward max bucket size 69 , backward 39.
        Unrouted nets 1205 at the end of iteration 5.
    route iteration 5, CPU time elapsed 0.281250 sec.
    forward max bucket size 52 , backward 37.
        Unrouted nets 1080 at the end of iteration 6.
    route iteration 6, CPU time elapsed 0.250000 sec.
    forward max bucket size 52 , backward 37.
        Unrouted nets 957 at the end of iteration 7.
    route iteration 7, CPU time elapsed 0.218750 sec.
    forward max bucket size 58 , backward 37.
        Unrouted nets 870 at the end of iteration 8.
    route iteration 8, CPU time elapsed 0.203125 sec.
    forward max bucket size 71 , backward 34.
        Unrouted nets 761 at the end of iteration 9.
    route iteration 9, CPU time elapsed 0.171875 sec.
    forward max bucket size 51 , backward 32.
        Unrouted nets 662 at the end of iteration 10.
    route iteration 10, CPU time elapsed 0.156250 sec.
    forward max bucket size 49 , backward 38.
        Unrouted nets 622 at the end of iteration 11.
    route iteration 11, CPU time elapsed 0.156250 sec.
    forward max bucket size 52 , backward 24.
        Unrouted nets 533 at the end of iteration 12.
    route iteration 12, CPU time elapsed 0.125000 sec.
    forward max bucket size 52 , backward 56.
        Unrouted nets 519 at the end of iteration 13.
    route iteration 13, CPU time elapsed 0.125000 sec.
    forward max bucket size 52 , backward 41.
        Unrouted nets 435 at the end of iteration 14.
    route iteration 14, CPU time elapsed 0.109375 sec.
    forward max bucket size 50 , backward 41.
        Unrouted nets 374 at the end of iteration 15.
    route iteration 15, CPU time elapsed 0.093750 sec.
    forward max bucket size 45 , backward 43.
        Unrouted nets 359 at the end of iteration 16.
    route iteration 16, CPU time elapsed 0.078125 sec.
    forward max bucket size 45 , backward 51.
        Unrouted nets 331 at the end of iteration 17.
    route iteration 17, CPU time elapsed 0.078125 sec.
    forward max bucket size 59 , backward 51.
        Unrouted nets 285 at the end of iteration 18.
    route iteration 18, CPU time elapsed 0.062500 sec.
    forward max bucket size 53 , backward 35.
        Unrouted nets 287 at the end of iteration 19.
    route iteration 19, CPU time elapsed 0.078125 sec.
    forward max bucket size 53 , backward 38.
        Unrouted nets 291 at the end of iteration 20.
    route iteration 20, CPU time elapsed 0.062500 sec.
    forward max bucket size 44 , backward 26.
        Unrouted nets 239 at the end of iteration 21.
    route iteration 21, CPU time elapsed 0.078125 sec.
    forward max bucket size 38 , backward 24.
        Unrouted nets 215 at the end of iteration 22.
    route iteration 22, CPU time elapsed 0.062500 sec.
    forward max bucket size 44 , backward 29.
        Unrouted nets 181 at the end of iteration 23.
    route iteration 23, CPU time elapsed 0.046875 sec.
    forward max bucket size 43 , backward 25.
        Unrouted nets 173 at the end of iteration 24.
    route iteration 24, CPU time elapsed 0.046875 sec.
    forward max bucket size 33 , backward 24.
        Unrouted nets 150 at the end of iteration 25.
    route iteration 25, CPU time elapsed 0.046875 sec.
    forward max bucket size 34 , backward 18.
        Unrouted nets 146 at the end of iteration 26.
    route iteration 26, CPU time elapsed 0.046875 sec.
    forward max bucket size 50 , backward 47.
        Unrouted nets 137 at the end of iteration 27.
    route iteration 27, CPU time elapsed 0.046875 sec.
    forward max bucket size 38 , backward 30.
        Unrouted nets 139 at the end of iteration 28.
    route iteration 28, CPU time elapsed 0.031250 sec.
    forward max bucket size 41 , backward 30.
        Unrouted nets 115 at the end of iteration 29.
    route iteration 29, CPU time elapsed 0.031250 sec.
    forward max bucket size 38 , backward 30.
        Unrouted nets 100 at the end of iteration 30.
    route iteration 30, CPU time elapsed 0.031250 sec.
    forward max bucket size 33 , backward 24.
        Unrouted nets 86 at the end of iteration 31.
    route iteration 31, CPU time elapsed 0.031250 sec.
    forward max bucket size 34 , backward 16.
        Unrouted nets 74 at the end of iteration 32.
    route iteration 32, CPU time elapsed 0.015625 sec.
    forward max bucket size 37 , backward 45.
        Unrouted nets 67 at the end of iteration 33.
    route iteration 33, CPU time elapsed 0.015625 sec.
    forward max bucket size 38 , backward 43.
        Unrouted nets 66 at the end of iteration 34.
    route iteration 34, CPU time elapsed 0.015625 sec.
    forward max bucket size 38 , backward 16.
        Unrouted nets 54 at the end of iteration 35.
    route iteration 35, CPU time elapsed 0.031250 sec.
    forward max bucket size 38 , backward 21.
        Unrouted nets 42 at the end of iteration 36.
    route iteration 36, CPU time elapsed 0.015625 sec.
    forward max bucket size 38 , backward 17.
        Unrouted nets 34 at the end of iteration 37.
    route iteration 37, CPU time elapsed 0.015625 sec.
    forward max bucket size 40 , backward 15.
        Unrouted nets 33 at the end of iteration 38.
    route iteration 38, CPU time elapsed 0.015625 sec.
    forward max bucket size 23 , backward 16.
        Unrouted nets 27 at the end of iteration 39.
    route iteration 39, CPU time elapsed 0.015625 sec.
    forward max bucket size 40 , backward 17.
        Unrouted nets 35 at the end of iteration 40.
    route iteration 40, CPU time elapsed 0.015625 sec.
    forward max bucket size 32 , backward 15.
        Unrouted nets 25 at the end of iteration 41.
    route iteration 41, CPU time elapsed 0.015625 sec.
    forward max bucket size 29 , backward 35.
        Unrouted nets 28 at the end of iteration 42.
    route iteration 42, CPU time elapsed 0.015625 sec.
    forward max bucket size 27 , backward 35.
        Unrouted nets 25 at the end of iteration 43.
    route iteration 43, CPU time elapsed 0.015625 sec.
    forward max bucket size 25 , backward 16.
        Unrouted nets 15 at the end of iteration 44.
    route iteration 44, CPU time elapsed 0.015625 sec.
    forward max bucket size 30 , backward 13.
        Unrouted nets 9 at the end of iteration 45.
    route iteration 45, CPU time elapsed 0.015625 sec.
    forward max bucket size 26 , backward 14.
        Unrouted nets 8 at the end of iteration 46.
    route iteration 46, CPU time elapsed 0.015625 sec.
    forward max bucket size 26 , backward 15.
        Unrouted nets 7 at the end of iteration 47.
    route iteration 47, CPU time elapsed 0.015625 sec.
    forward max bucket size 25 , backward 25.
        Unrouted nets 13 at the end of iteration 48.
    route iteration 48, CPU time elapsed 0.015625 sec.
    forward max bucket size 23 , backward 14.
        Unrouted nets 11 at the end of iteration 49.
    route iteration 49, CPU time elapsed 0.015625 sec.
    forward max bucket size 15 , backward 17.
        Unrouted nets 6 at the end of iteration 50.
    route iteration 50, CPU time elapsed 0.015625 sec.
    forward max bucket size 15 , backward 18.
        Unrouted nets 3 at the end of iteration 51.
    route iteration 51, CPU time elapsed 0.015625 sec.
    forward max bucket size 20 , backward 6.
        Unrouted nets 0 at the end of iteration 52.
    route iteration 52, CPU time elapsed 0.015625 sec.
Detailed routing takes 52 iterations
Detailed routing takes 5.38 sec.
Start fix hold violation.
Build tmp routing results takes 0.03 sec.
Timing analysis takes 0.05 sec.
Hold violation fix iter 0 takes 2.81 sec, total_step_forward 71792.
Incremental timing analysis takes 0.03 sec.
Hold violation fix iter 1 takes 0.03 sec, total_step_forward 345.
Incremental timing analysis takes 0.03 sec.
Hold violation fix iter 2 takes 0.00 sec, total_step_forward 17.
Incremental timing analysis takes 0.03 sec.
Hold violation fix iter 3 takes 0.00 sec, total_step_forward 0.
Hold Violation Fix in router takes 4 iterations.
Fix hold violation Finished.
Hold Violation Fix in router takes 3.92 sec.

Dispose routing result:
    Collect routing result.
    Delete unused device instances.
    Annotate routing result.
    Change LUT configuration.
    Dispose misc instances.
    Annotate routing result again.
Finish routing takes 0.25 sec.
Used SRB routing arc is 26630.
Cleanup routing takes 0.03 sec.
Routing done.
Total routing takes 19.72 sec.


Device Utilization Summary :
+------------------------------------------------------------------------------+
| Logic Utilization           | Used     | Available     | Utilization(%)     
+------------------------------------------------------------------------------+
| Use of ADC                  | 0        | 1             | 0                  
| Use of ANALOG               | 0        | 1             | 0                  
| Use of APM                  | 0        | 240           | 0                  
| Use of BKCL                 | 3        | 6             | 50                 
| Use of CCS                  | 1        | 1             | 100                
| Use of CLMA                 | 383      | 11675         | 4                  
|   FF                        | 1100     | 93400         | 2                  
|   LUT                       | 1131     | 46700         | 3                  
|   LUT-FF pairs              | 388      | 46700         | 1                  
| Use of CLMS                 | 193      | 4975          | 4                  
|   FF                        | 535      | 39800         | 2                  
|   LUT                       | 573      | 19900         | 3                  
|   LUT-FF pairs              | 249      | 19900         | 2                  
|   Distributed RAM           | 0        | 19900         | 0                  
| Use of DDRPHY_CPD           | 0        | 12            | 0                  
| Use of DDRPHY_IOCLK_DIV     | 0        | 6             | 0                  
| Use of DDR_PHY              | 0        | 24            | 0                  
| Use of DRM                  | 0.5      | 155           | 1                  
| Use of GPLL                 | 0        | 6             | 0                  
| Use of GSEB                 | 0        | 218           | 0                  
| Use of HARD0                | 210      | 10550         | 2                  
| Use of HCKB                 | 1        | 96            | 2                  
|  HCKB dataused              | 0        | 96            | 0                  
| Use of HCKMUX_TEST          | 0        | 8             | 0                  
| Use of HSSTLP               | 0        | 1             | 0                  
| Use of IO                   | 14       | 285           | 5                  
|   IOBD                      | 6        | 137           | 5                  
|   IOBS                      | 8        | 148           | 6                  
| Use of IOCKB                | 1        | 24            | 5                  
| Use of IOCKMUX_TEST         | 0        | 6             | 0                  
| Use of IOLHR                | 14       | 300           | 5                  
| Use of KEYRAM               | 0        | 1             | 0                  
| Use of MFG_TEST             | 0        | 1             | 0                  
| Use of MRCKB                | 0        | 12            | 0                  
| Use of MRCKMUX_TEST         | 0        | 6             | 0                  
| Use of MRPOSTMUX_TEST       | 0        | 6             | 0                  
| Use of PCIE                 | 0        | 1             | 0                  
| Use of PCKMUX_TEST          | 0        | 12            | 0                  
| Use of PLLMRMUX_TEST        | 0        | 6             | 0                  
| Use of PLLREFMUX_TEST       | 0        | 6             | 0                  
| Use of PPLL                 | 0        | 6             | 0                  
| Use of PREGMUXC_TEST        | 0        | 4             | 0                  
| Use of PREGMUXLR_TEST       | 0        | 6             | 0                  
| Use of RCKB                 | 0        | 24            | 0                  
|  RCKB dataused              | 0        | 24            | 0                  
| Use of RCKMUX_TEST          | 0        | 6             | 0                  
| Use of SCANCHAIN            | 0        | 1             | 0                  
| Use of SCKMUX_TEST          | 0        | 12            | 0                  
| Use of SFB                  | 0        | 2225          | 0                  
| Use of SPAD                 | 0        | 4             | 0                  
| Use of TSERDES              | 0        | 48            | 0                  
| Use of USCM                 | 1        | 32            | 4                  
|  USCM dataused              | 0        | 32            | 0                  
| Use of USCMMUX_TEST         | 0        | 32            | 0                  
+------------------------------------------------------------------------------+

Finished routing.
Design 'eth_udp_loop' has been placed and routed successfully.
Saving design to DB.
Finished placement and routing.
Action pnr: Real time elapsed is 0h:1m:2s
Action pnr: CPU time elapsed is 0h:0m:56s
Action pnr: Process CPU time elapsed is 0h:1m:3s
Current time: Wed Jan 31 20:20:00 2024
Action pnr: Peak memory pool usage is 1,278 MB
Action from compile to pnr: Total Real Time elapsed is 0h:2m:2s
Action from compile to pnr: Total CPU time elapsed is 0h:1m:32s
Action from compile to pnr: Total Process CPU Time elapsed is 0h:1m:40s
Process "Place & Route" done.


Process "Report Timing" started.
Current time: Wed Jan 31 20:20:02 2024
Compiling architecture definition.
Analyzing project file 'C:/Users/VIDEO/Desktop/52_eth_udp_loop/prj/eth_udp_loop.pds'.
Compiling verification operator library.
Compiling common defs.
Compiling prim grid devices.
Compiling gate devices.
Compiling gate operators.
Building architecture model.
Loading device packaging model.
Reading design from pnr DB.
Start Report Post-PnR timing.
NOTE: The technology fpga was specified.
NOTE: delay_model specified was generic_cmos.
NOTE: Using the fpga syntax tables...
Totals:
 Calls to malloc = 0
 Calls to calloc = 5993935

W: Flow-4065: The port sys_clk has a sdc constraint, but it do not connect to any pin.
Constructing timing graph ...
Timing graph has been constructed successfully
C: STA-3009: The clock sys_clk is not connected to any clock endpoints,it will be treated as a normal port or pin.
W: Timing-4087: Port 'eth_rst_n' is not constrained, it is treated as combinational output.
W: Timing-4087: Port 'eth_tx_ctl' is not constrained, it is treated as combinational output.
W: Timing-4087: Port 'eth_txc' is not constrained, it is treated as combinational output.
W: Timing-4087: Port 'eth_txd[0]' is not constrained, it is treated as combinational output.
W: Timing-4087: Port 'eth_txd[1]' is not constrained, it is treated as combinational output.
W: Timing-4087: Port 'eth_txd[2]' is not constrained, it is treated as combinational output.
W: Timing-4087: Port 'eth_txd[3]' is not constrained, it is treated as combinational output.
W: Timing-4086: Port 'eth_rx_ctl' is not constrained, it is treated as combinational input.
W: Timing-4086: Port 'eth_rxd[0]' is not constrained, it is treated as combinational input.
W: Timing-4086: Port 'eth_rxd[1]' is not constrained, it is treated as combinational input.
W: Timing-4086: Port 'eth_rxd[2]' is not constrained, it is treated as combinational input.
W: Timing-4086: Port 'eth_rxd[3]' is not constrained, it is treated as combinational input.
W: Timing-4086: Port 'sys_rst_n' is not constrained, it is treated as combinational input.
Report timing is finished successfully.
Action report_timing: Real time elapsed is 0h:0m:20s
Action report_timing: CPU time elapsed is 0h:0m:18s
Action report_timing: Process CPU time elapsed is 0h:0m:19s
Current time: Wed Jan 31 20:20:22 2024
Action report_timing: Peak memory pool usage is 1,125 MB
Action from compile to report_timing: Total Real Time elapsed is 0h:2m:22s
Action from compile to report_timing: Total CPU time elapsed is 0h:1m:50s
Action from compile to report_timing: Total Process CPU Time elapsed is 0h:1m:59s
Process "Report Timing" done.


Process "Generate Bitstream" started.
Current time: Wed Jan 31 20:20:23 2024
Compiling architecture definition.
Analyzing project file 'C:/Users/VIDEO/Desktop/52_eth_udp_loop/prj/eth_udp_loop.pds'.
Compiling verification operator library.
Compiling common defs.
Compiling prim grid devices.
Compiling gate devices.
Compiling gate operators.
Building architecture model.
Loading device packaging model.
Reading design from DB.
Start Generating Programming File...
Reading design from DB takes 0.703125 sec.
Generating architecture configuration.
The bitstream file is "C:/Users/VIDEO/Desktop/52_eth_udp_loop/prj/generate_bitstream/eth_udp_loop.sbit"
Generate programming file takes 8.109375 sec.
Generating Programming File done.
Action gen_bit_stream: Real time elapsed is 0h:0m:27s
Action gen_bit_stream: CPU time elapsed is 0h:0m:22s
Action gen_bit_stream: Process CPU time elapsed is 0h:0m:22s
Current time: Wed Jan 31 20:20:49 2024
Action gen_bit_stream: Peak memory pool usage is 1,136 MB
Action from compile to gen_bit_stream: Total Real Time elapsed is 0h:2m:49s
Action from compile to gen_bit_stream: Total CPU time elapsed is 0h:2m:12s
Action from compile to gen_bit_stream: Total Process CPU Time elapsed is 0h:2m:21s
Process "Generate Bitstream" done.
Process exit normally.
Customize IP 'C:/Users/VIDEO/Desktop/52_eth_udp_loop/prj/ipcore/sync_fifo_2048x8b/sync_fifo_2048x8b.idf' ...
IP Compiler exited.
File "C:/Users/VIDEO/Desktop/52_eth_udp_loop/prj/ipcore/sync_fifo_2048x8b/sync_fifo_2048x8b.idf" has been removed from project successfully. 
Parse module hierarchy of project 'C:/Users/VIDEO/Desktop/52_eth_udp_loop/prj/temp_projects/Main_Flow/Main_Flow.pds' (ADS Parser)
Customize IP 'async_fifo_2048x8b' ...
C: Flow-2008: IP file modified: "C:/Users/VIDEO/Desktop/52_eth_udp_loop/prj/ipcore/async_fifo_2048x8b/async_fifo_2048x8b.idf". 
Parse module hierarchy of project 'C:/Users/VIDEO/Desktop/52_eth_udp_loop/prj/temp_projects/Main_Flow/Main_Flow.pds' (ADS Parser)
C: Flow-2008: IP file modified: "C:/Users/VIDEO/Desktop/52_eth_udp_loop/prj/ipcore/async_fifo_2048x8b/async_fifo_2048x8b.idf". 
Parse module hierarchy of project 'C:/Users/VIDEO/Desktop/52_eth_udp_loop/prj/temp_projects/Main_Flow/Main_Flow.pds' (ADS Parser)
Parse module hierarchy of project 'C:/Users/VIDEO/Desktop/52_eth_udp_loop/prj/temp_projects/Main_Flow/Main_Flow.pds' (ADS Parser)
IP Compiler exited.
Parse module hierarchy of project 'C:/Users/VIDEO/Desktop/52_eth_udp_loop/prj/temp_projects/Main_Flow/Main_Flow.pds' (ADS Parser)
I: Flow-6004: Design file modified: "C:/Users/VIDEO/Desktop/52_eth_udp_loop/rtl/eth_udp_loop.v". 


Process "Compile" started.
Current time: Wed Jan 31 20:25:30 2024
Compiling architecture definition.
Analyzing project file 'C:/Users/VIDEO/Desktop/52_eth_udp_loop/prj/eth_udp_loop.pds'.
License checkout: fabric_ads from C:\pango\license\new_pds_584120290F2C.lic
Compiling verification operator library.
Loading technology operator library.
Compiling technology operator library.
Compiling technology operator (valence) library.
I: Enable Verilog2k features and keywords
Start rtl-analyze.
Executing : .rtl_analyze -work work -include_path {C:/Users/VIDEO/Desktop/52_eth_udp_loop/prj} C:/Users/VIDEO/Desktop/52_eth_udp_loop/rtl/udp/udp.v
I: Verilog-0001: Analyzing file C:/Users/VIDEO/Desktop/52_eth_udp_loop/rtl/udp/udp.v
I: Verilog-0002: [C:/Users/VIDEO/Desktop/52_eth_udp_loop/rtl/udp/udp.v(line number: 23)] Analyzing module udp (library work)
Parsing done.
Executing : .rtl_analyze -work work -include_path {C:/Users/VIDEO/Desktop/52_eth_udp_loop/prj} C:/Users/VIDEO/Desktop/52_eth_udp_loop/rtl/udp/udp.v successfully.
Executing : .rtl_analyze -work work -include_path {C:/Users/VIDEO/Desktop/52_eth_udp_loop/prj} C:/Users/VIDEO/Desktop/52_eth_udp_loop/rtl/udp/udp_rx.v
I: Verilog-0001: Analyzing file C:/Users/VIDEO/Desktop/52_eth_udp_loop/rtl/udp/udp_rx.v
I: Verilog-0002: [C:/Users/VIDEO/Desktop/52_eth_udp_loop/rtl/udp/udp_rx.v(line number: 23)] Analyzing module udp_rx (library work)
Parsing done.
Executing : .rtl_analyze -work work -include_path {C:/Users/VIDEO/Desktop/52_eth_udp_loop/prj} C:/Users/VIDEO/Desktop/52_eth_udp_loop/rtl/udp/udp_rx.v successfully.
Executing : .rtl_analyze -work work -include_path {C:/Users/VIDEO/Desktop/52_eth_udp_loop/prj} C:/Users/VIDEO/Desktop/52_eth_udp_loop/rtl/udp/udp_tx.v
I: Verilog-0001: Analyzing file C:/Users/VIDEO/Desktop/52_eth_udp_loop/rtl/udp/udp_tx.v
I: Verilog-0002: [C:/Users/VIDEO/Desktop/52_eth_udp_loop/rtl/udp/udp_tx.v(line number: 23)] Analyzing module udp_tx (library work)
Parsing done.
Executing : .rtl_analyze -work work -include_path {C:/Users/VIDEO/Desktop/52_eth_udp_loop/prj} C:/Users/VIDEO/Desktop/52_eth_udp_loop/rtl/udp/udp_tx.v successfully.
Executing : .rtl_analyze -work work -include_path {C:/Users/VIDEO/Desktop/52_eth_udp_loop/prj} C:/Users/VIDEO/Desktop/52_eth_udp_loop/rtl/eth_ctrl.v
I: Verilog-0001: Analyzing file C:/Users/VIDEO/Desktop/52_eth_udp_loop/rtl/eth_ctrl.v
I: Verilog-0002: [C:/Users/VIDEO/Desktop/52_eth_udp_loop/rtl/eth_ctrl.v(line number: 23)] Analyzing module eth_ctrl (library work)
Parsing done.
Executing : .rtl_analyze -work work -include_path {C:/Users/VIDEO/Desktop/52_eth_udp_loop/prj} C:/Users/VIDEO/Desktop/52_eth_udp_loop/rtl/eth_ctrl.v successfully.
Executing : .rtl_analyze -work work -include_path {C:/Users/VIDEO/Desktop/52_eth_udp_loop/prj} C:/Users/VIDEO/Desktop/52_eth_udp_loop/rtl/eth_udp_loop.v
I: Verilog-0001: Analyzing file C:/Users/VIDEO/Desktop/52_eth_udp_loop/rtl/eth_udp_loop.v
I: Verilog-0002: [C:/Users/VIDEO/Desktop/52_eth_udp_loop/rtl/eth_udp_loop.v(line number: 23)] Analyzing module eth_udp_loop (library work)
Parsing done.
Executing : .rtl_analyze -work work -include_path {C:/Users/VIDEO/Desktop/52_eth_udp_loop/prj} C:/Users/VIDEO/Desktop/52_eth_udp_loop/rtl/eth_udp_loop.v successfully.
Executing : .rtl_analyze -work work -include_path {C:/Users/VIDEO/Desktop/52_eth_udp_loop/prj} C:/Users/VIDEO/Desktop/52_eth_udp_loop/rtl/arp/arp.v
I: Verilog-0001: Analyzing file C:/Users/VIDEO/Desktop/52_eth_udp_loop/rtl/arp/arp.v
I: Verilog-0002: [C:/Users/VIDEO/Desktop/52_eth_udp_loop/rtl/arp/arp.v(line number: 23)] Analyzing module arp (library work)
Parsing done.
Executing : .rtl_analyze -work work -include_path {C:/Users/VIDEO/Desktop/52_eth_udp_loop/prj} C:/Users/VIDEO/Desktop/52_eth_udp_loop/rtl/arp/arp.v successfully.
Executing : .rtl_analyze -work work -include_path {C:/Users/VIDEO/Desktop/52_eth_udp_loop/prj} C:/Users/VIDEO/Desktop/52_eth_udp_loop/rtl/arp/arp_rx.v
I: Verilog-0001: Analyzing file C:/Users/VIDEO/Desktop/52_eth_udp_loop/rtl/arp/arp_rx.v
I: Verilog-0002: [C:/Users/VIDEO/Desktop/52_eth_udp_loop/rtl/arp/arp_rx.v(line number: 23)] Analyzing module arp_rx (library work)
Parsing done.
Executing : .rtl_analyze -work work -include_path {C:/Users/VIDEO/Desktop/52_eth_udp_loop/prj} C:/Users/VIDEO/Desktop/52_eth_udp_loop/rtl/arp/arp_rx.v successfully.
Executing : .rtl_analyze -work work -include_path {C:/Users/VIDEO/Desktop/52_eth_udp_loop/prj} C:/Users/VIDEO/Desktop/52_eth_udp_loop/rtl/arp/arp_tx.v
I: Verilog-0001: Analyzing file C:/Users/VIDEO/Desktop/52_eth_udp_loop/rtl/arp/arp_tx.v
I: Verilog-0002: [C:/Users/VIDEO/Desktop/52_eth_udp_loop/rtl/arp/arp_tx.v(line number: 23)] Analyzing module arp_tx (library work)
Parsing done.
Executing : .rtl_analyze -work work -include_path {C:/Users/VIDEO/Desktop/52_eth_udp_loop/prj} C:/Users/VIDEO/Desktop/52_eth_udp_loop/rtl/arp/arp_tx.v successfully.
Executing : .rtl_analyze -work work -include_path {C:/Users/VIDEO/Desktop/52_eth_udp_loop/prj} C:/Users/VIDEO/Desktop/52_eth_udp_loop/rtl/arp/crc32_d8.v
I: Verilog-0001: Analyzing file C:/Users/VIDEO/Desktop/52_eth_udp_loop/rtl/arp/crc32_d8.v
I: Verilog-0002: [C:/Users/VIDEO/Desktop/52_eth_udp_loop/rtl/arp/crc32_d8.v(line number: 22)] Analyzing module crc32_d8 (library work)
Parsing done.
Executing : .rtl_analyze -work work -include_path {C:/Users/VIDEO/Desktop/52_eth_udp_loop/prj} C:/Users/VIDEO/Desktop/52_eth_udp_loop/rtl/arp/crc32_d8.v successfully.
Executing : .rtl_analyze -work work -include_path {C:/Users/VIDEO/Desktop/52_eth_udp_loop/prj} C:/Users/VIDEO/Desktop/52_eth_udp_loop/rtl/gmii_to_rgmii/gmii_to_rgmii.v
I: Verilog-0001: Analyzing file C:/Users/VIDEO/Desktop/52_eth_udp_loop/rtl/gmii_to_rgmii/gmii_to_rgmii.v
I: Verilog-0002: [C:/Users/VIDEO/Desktop/52_eth_udp_loop/rtl/gmii_to_rgmii/gmii_to_rgmii.v(line number: 23)] Analyzing module gmii_to_rgmii (library work)
Parsing done.
Executing : .rtl_analyze -work work -include_path {C:/Users/VIDEO/Desktop/52_eth_udp_loop/prj} C:/Users/VIDEO/Desktop/52_eth_udp_loop/rtl/gmii_to_rgmii/gmii_to_rgmii.v successfully.
Executing : .rtl_analyze -work work -include_path {C:/Users/VIDEO/Desktop/52_eth_udp_loop/prj} C:/Users/VIDEO/Desktop/52_eth_udp_loop/rtl/gmii_to_rgmii/rgmii_rx.v
I: Verilog-0001: Analyzing file C:/Users/VIDEO/Desktop/52_eth_udp_loop/rtl/gmii_to_rgmii/rgmii_rx.v
I: Verilog-0002: [C:/Users/VIDEO/Desktop/52_eth_udp_loop/rtl/gmii_to_rgmii/rgmii_rx.v(line number: 23)] Analyzing module rgmii_rx (library work)
Parsing done.
Executing : .rtl_analyze -work work -include_path {C:/Users/VIDEO/Desktop/52_eth_udp_loop/prj} C:/Users/VIDEO/Desktop/52_eth_udp_loop/rtl/gmii_to_rgmii/rgmii_rx.v successfully.
Executing : .rtl_analyze -work work -include_path {C:/Users/VIDEO/Desktop/52_eth_udp_loop/prj} C:/Users/VIDEO/Desktop/52_eth_udp_loop/rtl/gmii_to_rgmii/rgmii_tx.v
I: Verilog-0001: Analyzing file C:/Users/VIDEO/Desktop/52_eth_udp_loop/rtl/gmii_to_rgmii/rgmii_tx.v
I: Verilog-0002: [C:/Users/VIDEO/Desktop/52_eth_udp_loop/rtl/gmii_to_rgmii/rgmii_tx.v(line number: 23)] Analyzing module rgmii_tx (library work)
Parsing done.
Executing : .rtl_analyze -work work -include_path {C:/Users/VIDEO/Desktop/52_eth_udp_loop/prj} C:/Users/VIDEO/Desktop/52_eth_udp_loop/rtl/gmii_to_rgmii/rgmii_tx.v successfully.
Executing : .rtl_analyze -work work -include_path {C:/Users/VIDEO/Desktop/52_eth_udp_loop/prj} C:/Users/VIDEO/Desktop/52_eth_udp_loop/rtl/icmp/icmp.v
I: Verilog-0001: Analyzing file C:/Users/VIDEO/Desktop/52_eth_udp_loop/rtl/icmp/icmp.v
I: Verilog-0002: [C:/Users/VIDEO/Desktop/52_eth_udp_loop/rtl/icmp/icmp.v(line number: 23)] Analyzing module icmp (library work)
Parsing done.
Executing : .rtl_analyze -work work -include_path {C:/Users/VIDEO/Desktop/52_eth_udp_loop/prj} C:/Users/VIDEO/Desktop/52_eth_udp_loop/rtl/icmp/icmp.v successfully.
Executing : .rtl_analyze -work work -include_path {C:/Users/VIDEO/Desktop/52_eth_udp_loop/prj} C:/Users/VIDEO/Desktop/52_eth_udp_loop/rtl/icmp/icmp_rx.v
I: Verilog-0001: Analyzing file C:/Users/VIDEO/Desktop/52_eth_udp_loop/rtl/icmp/icmp_rx.v
I: Verilog-0002: [C:/Users/VIDEO/Desktop/52_eth_udp_loop/rtl/icmp/icmp_rx.v(line number: 23)] Analyzing module icmp_rx (library work)
Parsing done.
Executing : .rtl_analyze -work work -include_path {C:/Users/VIDEO/Desktop/52_eth_udp_loop/prj} C:/Users/VIDEO/Desktop/52_eth_udp_loop/rtl/icmp/icmp_rx.v successfully.
Executing : .rtl_analyze -work work -include_path {C:/Users/VIDEO/Desktop/52_eth_udp_loop/prj} C:/Users/VIDEO/Desktop/52_eth_udp_loop/rtl/icmp/icmp_tx.v
I: Verilog-0001: Analyzing file C:/Users/VIDEO/Desktop/52_eth_udp_loop/rtl/icmp/icmp_tx.v
I: Verilog-0002: [C:/Users/VIDEO/Desktop/52_eth_udp_loop/rtl/icmp/icmp_tx.v(line number: 23)] Analyzing module icmp_tx (library work)
Parsing done.
Executing : .rtl_analyze -work work -include_path {C:/Users/VIDEO/Desktop/52_eth_udp_loop/prj} C:/Users/VIDEO/Desktop/52_eth_udp_loop/rtl/icmp/icmp_tx.v successfully.
Executing : .rtl_analyze -include_path {C:/Users/VIDEO/Desktop/52_eth_udp_loop/prj} C:/Users/VIDEO/Desktop/52_eth_udp_loop/prj/ipcore/async_fifo_2048x8b/rtl/ipm2l_fifo_ctrl_v1_1_async_fifo_2048x8b.v
I: Verilog-0001: Analyzing file C:/Users/VIDEO/Desktop/52_eth_udp_loop/prj/ipcore/async_fifo_2048x8b/rtl/ipm2l_fifo_ctrl_v1_1_async_fifo_2048x8b.v
I: Verilog-0002: [C:/Users/VIDEO/Desktop/52_eth_udp_loop/prj/ipcore/async_fifo_2048x8b/rtl/ipm2l_fifo_ctrl_v1_1_async_fifo_2048x8b.v(line number: 18)] Analyzing module ipm2l_fifo_ctrl_v1_1_async_fifo_2048x8b (library work)
I: [C:/Users/VIDEO/Desktop/52_eth_udp_loop/prj/ipcore/async_fifo_2048x8b/rtl/ipm2l_fifo_ctrl_v1_1_async_fifo_2048x8b.v(line number: 46)] Convert attribute name from syn_preserve to PAP_PRESERVE
I: [C:/Users/VIDEO/Desktop/52_eth_udp_loop/prj/ipcore/async_fifo_2048x8b/rtl/ipm2l_fifo_ctrl_v1_1_async_fifo_2048x8b.v(line number: 48)] Convert attribute name from syn_preserve to PAP_PRESERVE
I: [C:/Users/VIDEO/Desktop/52_eth_udp_loop/prj/ipcore/async_fifo_2048x8b/rtl/ipm2l_fifo_ctrl_v1_1_async_fifo_2048x8b.v(line number: 59)] Convert attribute name from syn_preserve to PAP_PRESERVE
I: [C:/Users/VIDEO/Desktop/52_eth_udp_loop/prj/ipcore/async_fifo_2048x8b/rtl/ipm2l_fifo_ctrl_v1_1_async_fifo_2048x8b.v(line number: 61)] Convert attribute name from syn_preserve to PAP_PRESERVE
Parsing done.
Executing : .rtl_analyze -include_path {C:/Users/VIDEO/Desktop/52_eth_udp_loop/prj} C:/Users/VIDEO/Desktop/52_eth_udp_loop/prj/ipcore/async_fifo_2048x8b/rtl/ipm2l_fifo_ctrl_v1_1_async_fifo_2048x8b.v successfully.
Executing : .rtl_analyze -include_path {C:/Users/VIDEO/Desktop/52_eth_udp_loop/prj} C:/Users/VIDEO/Desktop/52_eth_udp_loop/prj/ipcore/async_fifo_2048x8b/rtl/ipm2l_sdpram_v1_6a_async_fifo_2048x8b.v
I: Verilog-0001: Analyzing file C:/Users/VIDEO/Desktop/52_eth_udp_loop/prj/ipcore/async_fifo_2048x8b/rtl/ipm2l_sdpram_v1_6a_async_fifo_2048x8b.v
I: Verilog-0002: [C:/Users/VIDEO/Desktop/52_eth_udp_loop/prj/ipcore/async_fifo_2048x8b/rtl/ipm2l_sdpram_v1_6a_async_fifo_2048x8b.v(line number: 18)] Analyzing module ipm2l_sdpram_v1_6a_async_fifo_2048x8b (library work)
W: Verilog-2008: [C:/Users/VIDEO/Desktop/52_eth_udp_loop/prj/ipcore/async_fifo_2048x8b/rtl/ipm2l_sdpram_v1_6a_async_fifo_2048x8b.v(line number: 289)] Ignore 'system task' $display
W: Verilog-2008: [C:/Users/VIDEO/Desktop/52_eth_udp_loop/prj/ipcore/async_fifo_2048x8b/rtl/ipm2l_sdpram_v1_6a_async_fifo_2048x8b.v(line number: 290)] Ignore 'system task' $finish
W: Verilog-2008: [C:/Users/VIDEO/Desktop/52_eth_udp_loop/prj/ipcore/async_fifo_2048x8b/rtl/ipm2l_sdpram_v1_6a_async_fifo_2048x8b.v(line number: 293)] Ignore 'system task' $display
W: Verilog-2008: [C:/Users/VIDEO/Desktop/52_eth_udp_loop/prj/ipcore/async_fifo_2048x8b/rtl/ipm2l_sdpram_v1_6a_async_fifo_2048x8b.v(line number: 297)] Ignore 'system task' $display
W: Verilog-2008: [C:/Users/VIDEO/Desktop/52_eth_udp_loop/prj/ipcore/async_fifo_2048x8b/rtl/ipm2l_sdpram_v1_6a_async_fifo_2048x8b.v(line number: 301)] Ignore 'system task' $display
W: Verilog-2008: [C:/Users/VIDEO/Desktop/52_eth_udp_loop/prj/ipcore/async_fifo_2048x8b/rtl/ipm2l_sdpram_v1_6a_async_fifo_2048x8b.v(line number: 305)] Ignore 'system task' $display
W: Verilog-2008: [C:/Users/VIDEO/Desktop/52_eth_udp_loop/prj/ipcore/async_fifo_2048x8b/rtl/ipm2l_sdpram_v1_6a_async_fifo_2048x8b.v(line number: 313)] Ignore 'system task' $display
W: Verilog-2008: [C:/Users/VIDEO/Desktop/52_eth_udp_loop/prj/ipcore/async_fifo_2048x8b/rtl/ipm2l_sdpram_v1_6a_async_fifo_2048x8b.v(line number: 314)] Ignore 'system task' $finish
W: Verilog-2008: [C:/Users/VIDEO/Desktop/52_eth_udp_loop/prj/ipcore/async_fifo_2048x8b/rtl/ipm2l_sdpram_v1_6a_async_fifo_2048x8b.v(line number: 317)] Ignore 'system task' $display
W: Verilog-2008: [C:/Users/VIDEO/Desktop/52_eth_udp_loop/prj/ipcore/async_fifo_2048x8b/rtl/ipm2l_sdpram_v1_6a_async_fifo_2048x8b.v(line number: 318)] Ignore 'system task' $finish
W: Verilog-2008: [C:/Users/VIDEO/Desktop/52_eth_udp_loop/prj/ipcore/async_fifo_2048x8b/rtl/ipm2l_sdpram_v1_6a_async_fifo_2048x8b.v(line number: 321)] Ignore 'system task' $display
W: Verilog-2008: [C:/Users/VIDEO/Desktop/52_eth_udp_loop/prj/ipcore/async_fifo_2048x8b/rtl/ipm2l_sdpram_v1_6a_async_fifo_2048x8b.v(line number: 322)] Ignore 'system task' $finish
W: Verilog-2008: [C:/Users/VIDEO/Desktop/52_eth_udp_loop/prj/ipcore/async_fifo_2048x8b/rtl/ipm2l_sdpram_v1_6a_async_fifo_2048x8b.v(line number: 325)] Ignore 'system task' $display
W: Verilog-2008: [C:/Users/VIDEO/Desktop/52_eth_udp_loop/prj/ipcore/async_fifo_2048x8b/rtl/ipm2l_sdpram_v1_6a_async_fifo_2048x8b.v(line number: 326)] Ignore 'system task' $finish
W: Verilog-2008: [C:/Users/VIDEO/Desktop/52_eth_udp_loop/prj/ipcore/async_fifo_2048x8b/rtl/ipm2l_sdpram_v1_6a_async_fifo_2048x8b.v(line number: 329)] Ignore 'system task' $display
W: Verilog-2008: [C:/Users/VIDEO/Desktop/52_eth_udp_loop/prj/ipcore/async_fifo_2048x8b/rtl/ipm2l_sdpram_v1_6a_async_fifo_2048x8b.v(line number: 330)] Ignore 'system task' $finish
W: Verilog-2008: [C:/Users/VIDEO/Desktop/52_eth_udp_loop/prj/ipcore/async_fifo_2048x8b/rtl/ipm2l_sdpram_v1_6a_async_fifo_2048x8b.v(line number: 333)] Ignore 'system task' $display
W: Verilog-2008: [C:/Users/VIDEO/Desktop/52_eth_udp_loop/prj/ipcore/async_fifo_2048x8b/rtl/ipm2l_sdpram_v1_6a_async_fifo_2048x8b.v(line number: 334)] Ignore 'system task' $finish
W: Verilog-2008: [C:/Users/VIDEO/Desktop/52_eth_udp_loop/prj/ipcore/async_fifo_2048x8b/rtl/ipm2l_sdpram_v1_6a_async_fifo_2048x8b.v(line number: 337)] Ignore 'system task' $display
W: Verilog-2008: [C:/Users/VIDEO/Desktop/52_eth_udp_loop/prj/ipcore/async_fifo_2048x8b/rtl/ipm2l_sdpram_v1_6a_async_fifo_2048x8b.v(line number: 338)] Ignore 'system task' $finish
W: Verilog-2008: [C:/Users/VIDEO/Desktop/52_eth_udp_loop/prj/ipcore/async_fifo_2048x8b/rtl/ipm2l_sdpram_v1_6a_async_fifo_2048x8b.v(line number: 341)] Ignore 'system task' $display
W: Verilog-2008: [C:/Users/VIDEO/Desktop/52_eth_udp_loop/prj/ipcore/async_fifo_2048x8b/rtl/ipm2l_sdpram_v1_6a_async_fifo_2048x8b.v(line number: 342)] Ignore 'system task' $finish
W: Verilog-2008: [C:/Users/VIDEO/Desktop/52_eth_udp_loop/prj/ipcore/async_fifo_2048x8b/rtl/ipm2l_sdpram_v1_6a_async_fifo_2048x8b.v(line number: 345)] Ignore 'system task' $display
W: Verilog-2008: [C:/Users/VIDEO/Desktop/52_eth_udp_loop/prj/ipcore/async_fifo_2048x8b/rtl/ipm2l_sdpram_v1_6a_async_fifo_2048x8b.v(line number: 346)] Ignore 'system task' $finish
W: Verilog-2008: [C:/Users/VIDEO/Desktop/52_eth_udp_loop/prj/ipcore/async_fifo_2048x8b/rtl/ipm2l_sdpram_v1_6a_async_fifo_2048x8b.v(line number: 349)] Ignore 'system task' $display
W: Verilog-2008: [C:/Users/VIDEO/Desktop/52_eth_udp_loop/prj/ipcore/async_fifo_2048x8b/rtl/ipm2l_sdpram_v1_6a_async_fifo_2048x8b.v(line number: 350)] Ignore 'system task' $finish
W: Verilog-2008: [C:/Users/VIDEO/Desktop/52_eth_udp_loop/prj/ipcore/async_fifo_2048x8b/rtl/ipm2l_sdpram_v1_6a_async_fifo_2048x8b.v(line number: 353)] Ignore 'system task' $display
W: Verilog-2008: [C:/Users/VIDEO/Desktop/52_eth_udp_loop/prj/ipcore/async_fifo_2048x8b/rtl/ipm2l_sdpram_v1_6a_async_fifo_2048x8b.v(line number: 354)] Ignore 'system task' $finish
W: Verilog-2008: [C:/Users/VIDEO/Desktop/52_eth_udp_loop/prj/ipcore/async_fifo_2048x8b/rtl/ipm2l_sdpram_v1_6a_async_fifo_2048x8b.v(line number: 357)] Ignore 'system task' $display
W: Verilog-2008: [C:/Users/VIDEO/Desktop/52_eth_udp_loop/prj/ipcore/async_fifo_2048x8b/rtl/ipm2l_sdpram_v1_6a_async_fifo_2048x8b.v(line number: 358)] Ignore 'system task' $finish
W: Verilog-2008: [C:/Users/VIDEO/Desktop/52_eth_udp_loop/prj/ipcore/async_fifo_2048x8b/rtl/ipm2l_sdpram_v1_6a_async_fifo_2048x8b.v(line number: 361)] Ignore 'system task' $display
W: Verilog-2008: [C:/Users/VIDEO/Desktop/52_eth_udp_loop/prj/ipcore/async_fifo_2048x8b/rtl/ipm2l_sdpram_v1_6a_async_fifo_2048x8b.v(line number: 362)] Ignore 'system task' $finish
W: Verilog-2008: [C:/Users/VIDEO/Desktop/52_eth_udp_loop/prj/ipcore/async_fifo_2048x8b/rtl/ipm2l_sdpram_v1_6a_async_fifo_2048x8b.v(line number: 365)] Ignore 'system task' $display
W: Verilog-2008: [C:/Users/VIDEO/Desktop/52_eth_udp_loop/prj/ipcore/async_fifo_2048x8b/rtl/ipm2l_sdpram_v1_6a_async_fifo_2048x8b.v(line number: 366)] Ignore 'system task' $finish
W: Verilog-2008: [C:/Users/VIDEO/Desktop/52_eth_udp_loop/prj/ipcore/async_fifo_2048x8b/rtl/ipm2l_sdpram_v1_6a_async_fifo_2048x8b.v(line number: 370)] Ignore 'system task' $display
W: Verilog-2008: [C:/Users/VIDEO/Desktop/52_eth_udp_loop/prj/ipcore/async_fifo_2048x8b/rtl/ipm2l_sdpram_v1_6a_async_fifo_2048x8b.v(line number: 371)] Ignore 'system task' $finish
W: Verilog-2008: [C:/Users/VIDEO/Desktop/52_eth_udp_loop/prj/ipcore/async_fifo_2048x8b/rtl/ipm2l_sdpram_v1_6a_async_fifo_2048x8b.v(line number: 374)] Ignore 'system task' $display
W: Verilog-2008: [C:/Users/VIDEO/Desktop/52_eth_udp_loop/prj/ipcore/async_fifo_2048x8b/rtl/ipm2l_sdpram_v1_6a_async_fifo_2048x8b.v(line number: 375)] Ignore 'system task' $finish
W: Verilog-2008: [C:/Users/VIDEO/Desktop/52_eth_udp_loop/prj/ipcore/async_fifo_2048x8b/rtl/ipm2l_sdpram_v1_6a_async_fifo_2048x8b.v(line number: 379)] Ignore 'system task' $display
W: Verilog-2008: [C:/Users/VIDEO/Desktop/52_eth_udp_loop/prj/ipcore/async_fifo_2048x8b/rtl/ipm2l_sdpram_v1_6a_async_fifo_2048x8b.v(line number: 380)] Ignore 'system task' $finish
W: Verilog-2008: [C:/Users/VIDEO/Desktop/52_eth_udp_loop/prj/ipcore/async_fifo_2048x8b/rtl/ipm2l_sdpram_v1_6a_async_fifo_2048x8b.v(line number: 385)] Ignore 'system task' $display
W: Verilog-2008: [C:/Users/VIDEO/Desktop/52_eth_udp_loop/prj/ipcore/async_fifo_2048x8b/rtl/ipm2l_sdpram_v1_6a_async_fifo_2048x8b.v(line number: 386)] Ignore 'system task' $finish
W: Verilog-2008: [C:/Users/VIDEO/Desktop/52_eth_udp_loop/prj/ipcore/async_fifo_2048x8b/rtl/ipm2l_sdpram_v1_6a_async_fifo_2048x8b.v(line number: 389)] Ignore 'system task' $display
W: Verilog-2008: [C:/Users/VIDEO/Desktop/52_eth_udp_loop/prj/ipcore/async_fifo_2048x8b/rtl/ipm2l_sdpram_v1_6a_async_fifo_2048x8b.v(line number: 390)] Ignore 'system task' $finish
W: Verilog-2008: [C:/Users/VIDEO/Desktop/52_eth_udp_loop/prj/ipcore/async_fifo_2048x8b/rtl/ipm2l_sdpram_v1_6a_async_fifo_2048x8b.v(line number: 395)] Ignore 'system task' $display
W: Verilog-2008: [C:/Users/VIDEO/Desktop/52_eth_udp_loop/prj/ipcore/async_fifo_2048x8b/rtl/ipm2l_sdpram_v1_6a_async_fifo_2048x8b.v(line number: 396)] Ignore 'system task' $finish
Parsing done.
Executing : .rtl_analyze -include_path {C:/Users/VIDEO/Desktop/52_eth_udp_loop/prj} C:/Users/VIDEO/Desktop/52_eth_udp_loop/prj/ipcore/async_fifo_2048x8b/rtl/ipm2l_sdpram_v1_6a_async_fifo_2048x8b.v successfully.
Executing : .rtl_analyze -include_path {C:/Users/VIDEO/Desktop/52_eth_udp_loop/prj} C:/Users/VIDEO/Desktop/52_eth_udp_loop/prj/ipcore/async_fifo_2048x8b/rtl/ipm2l_fifo_v1_7_async_fifo_2048x8b.v
I: Verilog-0001: Analyzing file C:/Users/VIDEO/Desktop/52_eth_udp_loop/prj/ipcore/async_fifo_2048x8b/rtl/ipm2l_fifo_v1_7_async_fifo_2048x8b.v
I: Verilog-0002: [C:/Users/VIDEO/Desktop/52_eth_udp_loop/prj/ipcore/async_fifo_2048x8b/rtl/ipm2l_fifo_v1_7_async_fifo_2048x8b.v(line number: 19)] Analyzing module ipm2l_fifo_v1_7_async_fifo_2048x8b (library work)
Parsing done.
Executing : .rtl_analyze -include_path {C:/Users/VIDEO/Desktop/52_eth_udp_loop/prj} C:/Users/VIDEO/Desktop/52_eth_udp_loop/prj/ipcore/async_fifo_2048x8b/rtl/ipm2l_fifo_v1_7_async_fifo_2048x8b.v successfully.
Executing : .rtl_analyze -include_path {C:/Users/VIDEO/Desktop/52_eth_udp_loop/prj} C:/Users/VIDEO/Desktop/52_eth_udp_loop/prj/ipcore/async_fifo_2048x8b/async_fifo_2048x8b.v
I: Verilog-0001: Analyzing file C:/Users/VIDEO/Desktop/52_eth_udp_loop/prj/ipcore/async_fifo_2048x8b/async_fifo_2048x8b.v
I: Verilog-0002: [C:/Users/VIDEO/Desktop/52_eth_udp_loop/prj/ipcore/async_fifo_2048x8b/async_fifo_2048x8b.v(line number: 16)] Analyzing module async_fifo_2048x8b (library work)
Parsing done.
Executing : .rtl_analyze -include_path {C:/Users/VIDEO/Desktop/52_eth_udp_loop/prj} C:/Users/VIDEO/Desktop/52_eth_udp_loop/prj/ipcore/async_fifo_2048x8b/async_fifo_2048x8b.v successfully.
I: Module "eth_udp_loop" is set as top module.
Executing : rtl-analyze successfully. Time elapsed: 2.522s wall, 0.016s user + 0.031s system = 0.047s CPU (1.9%)

Start rtl-elaborate.
I: Verilog-0003: [C:/Users/VIDEO/Desktop/52_eth_udp_loop/rtl/eth_udp_loop.v(line number: 23)] Elaborating module eth_udp_loop
I: Module instance {eth_udp_loop} parameter value:
    BOARD_MAC = 48'b000000000001000100100010001100110100010001010101
    BOARD_IP = 32'b11000000101010000000000100001010
    DES_MAC = 48'b111111111111111111111111111111111111111111111111
    DES_IP = 32'b11000000101010000000000101100110
I: Verilog-0004: [C:/Users/VIDEO/Desktop/52_eth_udp_loop/rtl/eth_udp_loop.v(line number: 109)] Elaborating instance u_gmii_to_rgmii
I: Verilog-0003: [C:/Users/VIDEO/Desktop/52_eth_udp_loop/rtl/gmii_to_rgmii/gmii_to_rgmii.v(line number: 23)] Elaborating module gmii_to_rgmii
I: Verilog-0004: [C:/Users/VIDEO/Desktop/52_eth_udp_loop/rtl/gmii_to_rgmii/gmii_to_rgmii.v(line number: 47)] Elaborating instance u_rgmii_rx
I: Verilog-0003: [C:/Users/VIDEO/Desktop/52_eth_udp_loop/rtl/gmii_to_rgmii/rgmii_rx.v(line number: 23)] Elaborating module rgmii_rx
I: Verilog-0004: [C:/Users/VIDEO/Desktop/52_eth_udp_loop/rtl/gmii_to_rgmii/rgmii_rx.v(line number: 52)] Elaborating instance BUFG_inst
I: Verilog-0004: [C:/Users/VIDEO/Desktop/52_eth_udp_loop/rtl/gmii_to_rgmii/rgmii_rx.v(line number: 61)] Elaborating instance u_GTP_IOCLKBUF
I: Verilog-0004: [C:/Users/VIDEO/Desktop/52_eth_udp_loop/rtl/gmii_to_rgmii/rgmii_rx.v(line number: 72)] Elaborating instance u_iddr_rx_ctl
I: Verilog-0004: [C:/Users/VIDEO/Desktop/52_eth_udp_loop/rtl/gmii_to_rgmii/rgmii_rx.v(line number: 89)] Elaborating instance u_iddr_rxd
I: Verilog-0004: [C:/Users/VIDEO/Desktop/52_eth_udp_loop/rtl/gmii_to_rgmii/rgmii_rx.v(line number: 89)] Elaborating instance u_iddr_rxd
I: Verilog-0004: [C:/Users/VIDEO/Desktop/52_eth_udp_loop/rtl/gmii_to_rgmii/rgmii_rx.v(line number: 89)] Elaborating instance u_iddr_rxd
I: Verilog-0004: [C:/Users/VIDEO/Desktop/52_eth_udp_loop/rtl/gmii_to_rgmii/rgmii_rx.v(line number: 89)] Elaborating instance u_iddr_rxd
I: Verilog-0004: [C:/Users/VIDEO/Desktop/52_eth_udp_loop/rtl/gmii_to_rgmii/gmii_to_rgmii.v(line number: 58)] Elaborating instance u_rgmii_tx
I: Verilog-0003: [C:/Users/VIDEO/Desktop/52_eth_udp_loop/rtl/gmii_to_rgmii/rgmii_tx.v(line number: 23)] Elaborating module rgmii_tx
I: Verilog-0004: [C:/Users/VIDEO/Desktop/52_eth_udp_loop/rtl/gmii_to_rgmii/rgmii_tx.v(line number: 47)] Elaborating instance u_ODDR_inst_tx_ctl
I: Verilog-0004: [C:/Users/VIDEO/Desktop/52_eth_udp_loop/rtl/gmii_to_rgmii/rgmii_tx.v(line number: 65)] Elaborating instance u_ODDR_inst_txdata
I: Verilog-0004: [C:/Users/VIDEO/Desktop/52_eth_udp_loop/rtl/gmii_to_rgmii/rgmii_tx.v(line number: 65)] Elaborating instance u_ODDR_inst_txdata
I: Verilog-0004: [C:/Users/VIDEO/Desktop/52_eth_udp_loop/rtl/gmii_to_rgmii/rgmii_tx.v(line number: 65)] Elaborating instance u_ODDR_inst_txdata
I: Verilog-0004: [C:/Users/VIDEO/Desktop/52_eth_udp_loop/rtl/gmii_to_rgmii/rgmii_tx.v(line number: 65)] Elaborating instance u_ODDR_inst_txdata
W: Verilog-2023: [C:/Users/VIDEO/Desktop/52_eth_udp_loop/rtl/gmii_to_rgmii/gmii_to_rgmii.v(line number: 47)] Give initial value 0 for the no drive pin idelay_clk in module instance eth_udp_loop/u_gmii_to_rgmii.u_rgmii_rx
I: Verilog-0004: [C:/Users/VIDEO/Desktop/52_eth_udp_loop/rtl/eth_udp_loop.v(line number: 133)] Elaborating instance u_arp
I: Verilog-0003: [C:/Users/VIDEO/Desktop/52_eth_udp_loop/rtl/arp/arp.v(line number: 23)] Elaborating module arp
I: Module instance {eth_udp_loop/u_arp} parameter value:
    BOARD_MAC = 48'b000000000001000100100010001100110100010001010101
    BOARD_IP = 32'b11000000101010000000000100001010
    DES_MAC = 48'b111111111111111111111111111111111111111111111111
    DES_IP = 32'b11000000101010000000000101100110
I: Verilog-0004: [C:/Users/VIDEO/Desktop/52_eth_udp_loop/rtl/arp/arp.v(line number: 74)] Elaborating instance u_arp_rx
I: Verilog-0003: [C:/Users/VIDEO/Desktop/52_eth_udp_loop/rtl/arp/arp_rx.v(line number: 23)] Elaborating module arp_rx
I: Module instance {eth_udp_loop/u_arp/u_arp_rx} parameter value:
    BOARD_MAC = 48'b000000000001000100100010001100110100010001010101
    BOARD_IP = 32'b11000000101010000000000100001010
I: Verilog-0004: [C:/Users/VIDEO/Desktop/52_eth_udp_loop/rtl/arp/arp.v(line number: 94)] Elaborating instance u_arp_tx
I: Verilog-0003: [C:/Users/VIDEO/Desktop/52_eth_udp_loop/rtl/arp/arp_tx.v(line number: 23)] Elaborating module arp_tx
I: Module instance {eth_udp_loop/u_arp/u_arp_tx} parameter value:
    BOARD_MAC = 48'b000000000001000100100010001100110100010001010101
    BOARD_IP = 32'b11000000101010000000000100001010
    DES_MAC = 48'b111111111111111111111111111111111111111111111111
    DES_IP = 32'b11000000101010000000000101100110
I: Verilog-0004: [C:/Users/VIDEO/Desktop/52_eth_udp_loop/rtl/arp/arp.v(line number: 112)] Elaborating instance u_crc32_d8
I: Verilog-0003: [C:/Users/VIDEO/Desktop/52_eth_udp_loop/rtl/arp/crc32_d8.v(line number: 22)] Elaborating module crc32_d8
I: Verilog-0004: [C:/Users/VIDEO/Desktop/52_eth_udp_loop/rtl/eth_udp_loop.v(line number: 162)] Elaborating instance u_icmp
I: Verilog-0003: [C:/Users/VIDEO/Desktop/52_eth_udp_loop/rtl/icmp/icmp.v(line number: 23)] Elaborating module icmp
I: Module instance {eth_udp_loop/u_icmp} parameter value:
    BOARD_MAC = 48'b000000000001000100100010001100110100010001010101
    BOARD_IP = 32'b11000000101010000000000100001010
    DES_MAC = 48'b111111111111111111111111111111111111111111111111
    DES_IP = 32'b11000000101010000000000101100110
I: Verilog-0004: [C:/Users/VIDEO/Desktop/52_eth_udp_loop/rtl/icmp/icmp.v(line number: 81)] Elaborating instance u_icmp_rx
I: Verilog-0003: [C:/Users/VIDEO/Desktop/52_eth_udp_loop/rtl/icmp/icmp_rx.v(line number: 23)] Elaborating module icmp_rx
I: Module instance {eth_udp_loop/u_icmp/u_icmp_rx} parameter value:
    BOARD_MAC = 48'b000000000001000100100010001100110100010001010101
    BOARD_IP = 32'b11000000101010000000000100001010
I: Verilog-0004: [C:/Users/VIDEO/Desktop/52_eth_udp_loop/rtl/icmp/icmp.v(line number: 103)] Elaborating instance u_icmp_tx
I: Verilog-0003: [C:/Users/VIDEO/Desktop/52_eth_udp_loop/rtl/icmp/icmp_tx.v(line number: 23)] Elaborating module icmp_tx
I: Module instance {eth_udp_loop/u_icmp/u_icmp_tx} parameter value:
    BOARD_MAC = 48'b000000000001000100100010001100110100010001010101
    BOARD_IP = 32'b11000000101010000000000100001010
    DES_MAC = 48'b111111111111111111111111111111111111111111111111
    DES_IP = 32'b11000000101010000000000101100110
    ECHO_REPLY = 8'b00000000
I: Verilog-0004: [C:/Users/VIDEO/Desktop/52_eth_udp_loop/rtl/icmp/icmp.v(line number: 125)] Elaborating instance u_crc32_d8
I: Verilog-0003: [C:/Users/VIDEO/Desktop/52_eth_udp_loop/rtl/arp/crc32_d8.v(line number: 22)] Elaborating module crc32_d8
I: Verilog-0004: [C:/Users/VIDEO/Desktop/52_eth_udp_loop/rtl/eth_udp_loop.v(line number: 193)] Elaborating instance u_udp
I: Verilog-0003: [C:/Users/VIDEO/Desktop/52_eth_udp_loop/rtl/udp/udp.v(line number: 23)] Elaborating module udp
I: Module instance {eth_udp_loop/u_udp} parameter value:
    BOARD_MAC = 48'b000000000001000100100010001100110100010001010101
    BOARD_IP = 32'b11000000101010000000000100001010
    DES_MAC = 48'b111111111111111111111111111111111111111111111111
    DES_IP = 32'b11000000101010000000000101100110
I: Verilog-0004: [C:/Users/VIDEO/Desktop/52_eth_udp_loop/rtl/udp/udp.v(line number: 76)] Elaborating instance u_udp_rx
I: Verilog-0003: [C:/Users/VIDEO/Desktop/52_eth_udp_loop/rtl/udp/udp_rx.v(line number: 23)] Elaborating module udp_rx
I: Module instance {eth_udp_loop/u_udp/u_udp_rx} parameter value:
    BOARD_MAC = 48'b000000000001000100100010001100110100010001010101
    BOARD_IP = 32'b11000000101010000000000100001010
I: Verilog-0004: [C:/Users/VIDEO/Desktop/52_eth_udp_loop/rtl/udp/udp.v(line number: 95)] Elaborating instance u_udp_tx
I: Verilog-0003: [C:/Users/VIDEO/Desktop/52_eth_udp_loop/rtl/udp/udp_tx.v(line number: 23)] Elaborating module udp_tx
I: Module instance {eth_udp_loop/u_udp/u_udp_tx} parameter value:
    BOARD_MAC = 48'b000000000001000100100010001100110100010001010101
    BOARD_IP = 32'b11000000101010000000000100001010
    DES_MAC = 48'b111111111111111111111111111111111111111111111111
    DES_IP = 32'b11000000101010000000000101100110
I: Verilog-0004: [C:/Users/VIDEO/Desktop/52_eth_udp_loop/rtl/udp/udp.v(line number: 114)] Elaborating instance u_crc32_d8
I: Verilog-0003: [C:/Users/VIDEO/Desktop/52_eth_udp_loop/rtl/arp/crc32_d8.v(line number: 22)] Elaborating module crc32_d8
I: Verilog-0004: [C:/Users/VIDEO/Desktop/52_eth_udp_loop/rtl/eth_udp_loop.v(line number: 217)] Elaborating instance async_fifo_2048x8b_inst
I: Verilog-0003: [C:/Users/VIDEO/Desktop/52_eth_udp_loop/prj/ipcore/async_fifo_2048x8b/async_fifo_2048x8b.v(line number: 16)] Elaborating module async_fifo_2048x8b
I: Verilog-0004: [C:/Users/VIDEO/Desktop/52_eth_udp_loop/prj/ipcore/async_fifo_2048x8b/async_fifo_2048x8b.v(line number: 160)] Elaborating instance U_ipm2l_fifo_async_fifo_2048x8b
I: Verilog-0003: [C:/Users/VIDEO/Desktop/52_eth_udp_loop/prj/ipcore/async_fifo_2048x8b/rtl/ipm2l_fifo_v1_7_async_fifo_2048x8b.v(line number: 19)] Elaborating module ipm2l_fifo_v1_7_async_fifo_2048x8b
I: Module instance {eth_udp_loop/async_fifo_2048x8b_inst/U_ipm2l_fifo_async_fifo_2048x8b} parameter value:
    c_CAS_MODE = 18K
    c_WR_DEPTH_WIDTH = 32'b00000000000000000000000000001011
    c_WR_DATA_WIDTH = 32'b00000000000000000000000000001000
    c_RD_DEPTH_WIDTH = 32'b00000000000000000000000000001011
    c_RD_DATA_WIDTH = 32'b00000000000000000000000000001000
    c_OUTPUT_REG = 32'b00000000000000000000000000000000
    c_RD_OCE_EN = 32'b00000000000000000000000000000000
    c_FAB_REG = 32'b00000000000000000000000000000000
    c_RESET_TYPE = ASYNC
    c_POWER_OPT = 32'b00000000000000000000000000000000
    c_RD_CLK_OR_POL_INV = 32'b00000000000000000000000000000000
    c_WR_BYTE_EN = 32'b00000000000000000000000000000000
    c_BE_WIDTH = 32'b00000000000000000000000000000001
    c_FIFO_TYPE = ASYN
    c_ALMOST_FULL_NUM = 32'b00000000000000000000001111111100
    c_ALMOST_EMPTY_NUM = 32'b00000000000000000000000000000100
I: Verilog-0004: [C:/Users/VIDEO/Desktop/52_eth_udp_loop/prj/ipcore/async_fifo_2048x8b/rtl/ipm2l_fifo_v1_7_async_fifo_2048x8b.v(line number: 84)] Elaborating instance U_ipm2l_sdpram
I: Verilog-0003: [C:/Users/VIDEO/Desktop/52_eth_udp_loop/prj/ipcore/async_fifo_2048x8b/rtl/ipm2l_sdpram_v1_6a_async_fifo_2048x8b.v(line number: 18)] Elaborating module ipm2l_sdpram_v1_6a_async_fifo_2048x8b
I: Module instance {eth_udp_loop/async_fifo_2048x8b_inst/U_ipm2l_fifo_async_fifo_2048x8b/U_ipm2l_sdpram} parameter value:
    c_CAS_MODE = 18K
    c_WR_ADDR_WIDTH = 32'b00000000000000000000000000001011
    c_WR_DATA_WIDTH = 32'b00000000000000000000000000001000
    c_RD_ADDR_WIDTH = 32'b00000000000000000000000000001011
    c_RD_DATA_WIDTH = 32'b00000000000000000000000000001000
    c_WR_ADDR_STROBE_EN = 32'b00000000000000000000000000000000
    c_WR_CLK_EN = 32'b00000000000000000000000000000001
    c_OUTPUT_REG = 32'b00000000000000000000000000000000
    c_RD_OCE_EN = 32'b00000000000000000000000000000000
    c_FAB_REG = 32'b00000000000000000000000000000000
    c_RD_ADDR_STROBE_EN = 32'b00000000000000000000000000000000
    c_RD_CLK_EN = 32'b00000000000000000000000000000001
    c_RESET_TYPE = ASYNC
    c_RD_CLK_OR_POL_INV = 32'b00000000000000000000000000000000
    c_POWER_OPT = 32'b00000000000000000000000000000000
    c_INIT_FILE = NONE
    c_INIT_FORMAT = BIN
    c_WR_BYTE_EN = 32'b00000000000000000000000000000000
    c_BE_WIDTH = 32'b00000000000000000000000000000001
W: Verilog-2039: [C:/Users/VIDEO/Desktop/52_eth_udp_loop/prj/ipcore/async_fifo_2048x8b/rtl/ipm2l_sdpram_v1_6a_async_fifo_2048x8b.v(line number: 444)] Repeat multiplier in concatenation evaluates to 0
W: Verilog-2039: [C:/Users/VIDEO/Desktop/52_eth_udp_loop/prj/ipcore/async_fifo_2048x8b/rtl/ipm2l_sdpram_v1_6a_async_fifo_2048x8b.v(line number: 445)] Repeat multiplier in concatenation evaluates to 0
W: Verilog-2038: [C:/Users/VIDEO/Desktop/52_eth_udp_loop/prj/ipcore/async_fifo_2048x8b/rtl/ipm2l_sdpram_v1_6a_async_fifo_2048x8b.v(line number: 453)] Case condition never applies
W: Verilog-2038: [C:/Users/VIDEO/Desktop/52_eth_udp_loop/prj/ipcore/async_fifo_2048x8b/rtl/ipm2l_sdpram_v1_6a_async_fifo_2048x8b.v(line number: 454)] Case condition never applies
W: Verilog-2038: [C:/Users/VIDEO/Desktop/52_eth_udp_loop/prj/ipcore/async_fifo_2048x8b/rtl/ipm2l_sdpram_v1_6a_async_fifo_2048x8b.v(line number: 455)] Case condition never applies
W: Verilog-2039: [C:/Users/VIDEO/Desktop/52_eth_udp_loop/prj/ipcore/async_fifo_2048x8b/rtl/ipm2l_sdpram_v1_6a_async_fifo_2048x8b.v(line number: 577)] Repeat multiplier in concatenation evaluates to 0
W: Verilog-2038: [C:/Users/VIDEO/Desktop/52_eth_udp_loop/prj/ipcore/async_fifo_2048x8b/rtl/ipm2l_sdpram_v1_6a_async_fifo_2048x8b.v(line number: 582)] Case condition never applies
W: Verilog-2038: [C:/Users/VIDEO/Desktop/52_eth_udp_loop/prj/ipcore/async_fifo_2048x8b/rtl/ipm2l_sdpram_v1_6a_async_fifo_2048x8b.v(line number: 583)] Case condition never applies
W: Verilog-2038: [C:/Users/VIDEO/Desktop/52_eth_udp_loop/prj/ipcore/async_fifo_2048x8b/rtl/ipm2l_sdpram_v1_6a_async_fifo_2048x8b.v(line number: 584)] Case condition never applies
I: Verilog-0004: [C:/Users/VIDEO/Desktop/52_eth_udp_loop/prj/ipcore/async_fifo_2048x8b/rtl/ipm2l_sdpram_v1_6a_async_fifo_2048x8b.v(line number: 749)] Elaborating instance U_GTP_DRM18K_E1
W: Verilog-2020: [C:/Users/VIDEO/Desktop/52_eth_udp_loop/prj/ipcore/async_fifo_2048x8b/rtl/ipm2l_sdpram_v1_6a_async_fifo_2048x8b.v(line number: 672)] Net DA_bus[8] in ipm2l_sdpram_v1_6a_async_fifo_2048x8b(original module ipm2l_sdpram_v1_6a_async_fifo_2048x8b) does not have a driver, tie it to 0
W: Verilog-2020: [C:/Users/VIDEO/Desktop/52_eth_udp_loop/prj/ipcore/async_fifo_2048x8b/rtl/ipm2l_sdpram_v1_6a_async_fifo_2048x8b.v(line number: 672)] Net DA_bus[9] in ipm2l_sdpram_v1_6a_async_fifo_2048x8b(original module ipm2l_sdpram_v1_6a_async_fifo_2048x8b) does not have a driver, tie it to 0
W: Verilog-2020: [C:/Users/VIDEO/Desktop/52_eth_udp_loop/prj/ipcore/async_fifo_2048x8b/rtl/ipm2l_sdpram_v1_6a_async_fifo_2048x8b.v(line number: 672)] Net DA_bus[10] in ipm2l_sdpram_v1_6a_async_fifo_2048x8b(original module ipm2l_sdpram_v1_6a_async_fifo_2048x8b) does not have a driver, tie it to 0
W: Verilog-2020: [C:/Users/VIDEO/Desktop/52_eth_udp_loop/prj/ipcore/async_fifo_2048x8b/rtl/ipm2l_sdpram_v1_6a_async_fifo_2048x8b.v(line number: 672)] Net DA_bus[11] in ipm2l_sdpram_v1_6a_async_fifo_2048x8b(original module ipm2l_sdpram_v1_6a_async_fifo_2048x8b) does not have a driver, tie it to 0
W: Verilog-2020: [C:/Users/VIDEO/Desktop/52_eth_udp_loop/prj/ipcore/async_fifo_2048x8b/rtl/ipm2l_sdpram_v1_6a_async_fifo_2048x8b.v(line number: 672)] Net DA_bus[12] in ipm2l_sdpram_v1_6a_async_fifo_2048x8b(original module ipm2l_sdpram_v1_6a_async_fifo_2048x8b) does not have a driver, tie it to 0
W: Verilog-2020: [C:/Users/VIDEO/Desktop/52_eth_udp_loop/prj/ipcore/async_fifo_2048x8b/rtl/ipm2l_sdpram_v1_6a_async_fifo_2048x8b.v(line number: 672)] Net DA_bus[13] in ipm2l_sdpram_v1_6a_async_fifo_2048x8b(original module ipm2l_sdpram_v1_6a_async_fifo_2048x8b) does not have a driver, tie it to 0
W: Verilog-2020: [C:/Users/VIDEO/Desktop/52_eth_udp_loop/prj/ipcore/async_fifo_2048x8b/rtl/ipm2l_sdpram_v1_6a_async_fifo_2048x8b.v(line number: 672)] Net DA_bus[14] in ipm2l_sdpram_v1_6a_async_fifo_2048x8b(original module ipm2l_sdpram_v1_6a_async_fifo_2048x8b) does not have a driver, tie it to 0
W: Verilog-2020: [C:/Users/VIDEO/Desktop/52_eth_udp_loop/prj/ipcore/async_fifo_2048x8b/rtl/ipm2l_sdpram_v1_6a_async_fifo_2048x8b.v(line number: 672)] Net DA_bus[15] in ipm2l_sdpram_v1_6a_async_fifo_2048x8b(original module ipm2l_sdpram_v1_6a_async_fifo_2048x8b) does not have a driver, tie it to 0
W: Verilog-2020: [C:/Users/VIDEO/Desktop/52_eth_udp_loop/prj/ipcore/async_fifo_2048x8b/rtl/ipm2l_sdpram_v1_6a_async_fifo_2048x8b.v(line number: 672)] Net DA_bus[16] in ipm2l_sdpram_v1_6a_async_fifo_2048x8b(original module ipm2l_sdpram_v1_6a_async_fifo_2048x8b) does not have a driver, tie it to 0
W: Verilog-2020: [C:/Users/VIDEO/Desktop/52_eth_udp_loop/prj/ipcore/async_fifo_2048x8b/rtl/ipm2l_sdpram_v1_6a_async_fifo_2048x8b.v(line number: 672)] Net DA_bus[17] in ipm2l_sdpram_v1_6a_async_fifo_2048x8b(original module ipm2l_sdpram_v1_6a_async_fifo_2048x8b) does not have a driver, tie it to 0
W: Verilog-2020: [C:/Users/VIDEO/Desktop/52_eth_udp_loop/prj/ipcore/async_fifo_2048x8b/rtl/ipm2l_sdpram_v1_6a_async_fifo_2048x8b.v(line number: 673)] Net DB_bus[8] in ipm2l_sdpram_v1_6a_async_fifo_2048x8b(original module ipm2l_sdpram_v1_6a_async_fifo_2048x8b) does not have a driver, tie it to 0
W: Verilog-2020: [C:/Users/VIDEO/Desktop/52_eth_udp_loop/prj/ipcore/async_fifo_2048x8b/rtl/ipm2l_sdpram_v1_6a_async_fifo_2048x8b.v(line number: 673)] Net DB_bus[9] in ipm2l_sdpram_v1_6a_async_fifo_2048x8b(original module ipm2l_sdpram_v1_6a_async_fifo_2048x8b) does not have a driver, tie it to 0
W: Verilog-2020: [C:/Users/VIDEO/Desktop/52_eth_udp_loop/prj/ipcore/async_fifo_2048x8b/rtl/ipm2l_sdpram_v1_6a_async_fifo_2048x8b.v(line number: 673)] Net DB_bus[10] in ipm2l_sdpram_v1_6a_async_fifo_2048x8b(original module ipm2l_sdpram_v1_6a_async_fifo_2048x8b) does not have a driver, tie it to 0
W: Verilog-2020: [C:/Users/VIDEO/Desktop/52_eth_udp_loop/prj/ipcore/async_fifo_2048x8b/rtl/ipm2l_sdpram_v1_6a_async_fifo_2048x8b.v(line number: 673)] Net DB_bus[11] in ipm2l_sdpram_v1_6a_async_fifo_2048x8b(original module ipm2l_sdpram_v1_6a_async_fifo_2048x8b) does not have a driver, tie it to 0
W: Verilog-2020: [C:/Users/VIDEO/Desktop/52_eth_udp_loop/prj/ipcore/async_fifo_2048x8b/rtl/ipm2l_sdpram_v1_6a_async_fifo_2048x8b.v(line number: 673)] Net DB_bus[12] in ipm2l_sdpram_v1_6a_async_fifo_2048x8b(original module ipm2l_sdpram_v1_6a_async_fifo_2048x8b) does not have a driver, tie it to 0
W: Verilog-2020: [C:/Users/VIDEO/Desktop/52_eth_udp_loop/prj/ipcore/async_fifo_2048x8b/rtl/ipm2l_sdpram_v1_6a_async_fifo_2048x8b.v(line number: 673)] Net DB_bus[13] in ipm2l_sdpram_v1_6a_async_fifo_2048x8b(original module ipm2l_sdpram_v1_6a_async_fifo_2048x8b) does not have a driver, tie it to 0
W: Verilog-2020: [C:/Users/VIDEO/Desktop/52_eth_udp_loop/prj/ipcore/async_fifo_2048x8b/rtl/ipm2l_sdpram_v1_6a_async_fifo_2048x8b.v(line number: 673)] Net DB_bus[14] in ipm2l_sdpram_v1_6a_async_fifo_2048x8b(original module ipm2l_sdpram_v1_6a_async_fifo_2048x8b) does not have a driver, tie it to 0
W: Verilog-2020: [C:/Users/VIDEO/Desktop/52_eth_udp_loop/prj/ipcore/async_fifo_2048x8b/rtl/ipm2l_sdpram_v1_6a_async_fifo_2048x8b.v(line number: 673)] Net DB_bus[15] in ipm2l_sdpram_v1_6a_async_fifo_2048x8b(original module ipm2l_sdpram_v1_6a_async_fifo_2048x8b) does not have a driver, tie it to 0
W: Verilog-2020: [C:/Users/VIDEO/Desktop/52_eth_udp_loop/prj/ipcore/async_fifo_2048x8b/rtl/ipm2l_sdpram_v1_6a_async_fifo_2048x8b.v(line number: 673)] Net DB_bus[16] in ipm2l_sdpram_v1_6a_async_fifo_2048x8b(original module ipm2l_sdpram_v1_6a_async_fifo_2048x8b) does not have a driver, tie it to 0
W: Verilog-2020: [C:/Users/VIDEO/Desktop/52_eth_udp_loop/prj/ipcore/async_fifo_2048x8b/rtl/ipm2l_sdpram_v1_6a_async_fifo_2048x8b.v(line number: 673)] Net DB_bus[17] in ipm2l_sdpram_v1_6a_async_fifo_2048x8b(original module ipm2l_sdpram_v1_6a_async_fifo_2048x8b) does not have a driver, tie it to 0
I: Verilog-0004: [C:/Users/VIDEO/Desktop/52_eth_udp_loop/prj/ipcore/async_fifo_2048x8b/rtl/ipm2l_fifo_v1_7_async_fifo_2048x8b.v(line number: 109)] Elaborating instance U_ipm2l_fifo_ctrl
I: Verilog-0003: [C:/Users/VIDEO/Desktop/52_eth_udp_loop/prj/ipcore/async_fifo_2048x8b/rtl/ipm2l_fifo_ctrl_v1_1_async_fifo_2048x8b.v(line number: 18)] Elaborating module ipm2l_fifo_ctrl_v1_1_async_fifo_2048x8b
I: Module instance {eth_udp_loop/async_fifo_2048x8b_inst/U_ipm2l_fifo_async_fifo_2048x8b/U_ipm2l_fifo_ctrl} parameter value:
    c_WR_DEPTH_WIDTH = 32'b00000000000000000000000000001011
    c_RD_DEPTH_WIDTH = 32'b00000000000000000000000000001011
    c_FIFO_TYPE = ASYN
    c_ALMOST_FULL_NUM = 32'b00000000000000000000001111111100
    c_ALMOST_EMPTY_NUM = 32'b00000000000000000000000000000100
W: Verilog-2039: [C:/Users/VIDEO/Desktop/52_eth_udp_loop/prj/ipcore/async_fifo_2048x8b/rtl/ipm2l_fifo_ctrl_v1_1_async_fifo_2048x8b.v(line number: 195)] Repeat multiplier in concatenation evaluates to 0
I: Verilog-0004: [C:/Users/VIDEO/Desktop/52_eth_udp_loop/rtl/eth_udp_loop.v(line number: 233)] Elaborating instance u_eth_ctrl
I: Verilog-0003: [C:/Users/VIDEO/Desktop/52_eth_udp_loop/rtl/eth_ctrl.v(line number: 23)] Elaborating module eth_ctrl
Executing : rtl-elaborate successfully. Time elapsed: 0.086s wall, 0.047s user + 0.047s system = 0.094s CPU (109.3%)

Start rtl-prep.
Executing : rtl-prep successfully. Time elapsed: 0.119s wall, 0.109s user + 0.000s system = 0.109s CPU (91.8%)

Start rtl-infer.
Start DFF-inference.
I: Removed inst tx_done that is redundant to crc_clr.
W: Sdm-2014: Feedback mux created for signal 'ip_head[6] [31]'. It is possible a async set/reset assignment for this is signal missing. To improve timing and area, specify a set/reset value. 
W: Sdm-2014: Feedback mux created for signal 'ip_head[6] [30]'. It is possible a async set/reset assignment for this is signal missing. To improve timing and area, specify a set/reset value. 
W: Sdm-2014: Feedback mux created for signal 'ip_head[0] [0]'. It is possible a async set/reset assignment for this is signal missing. To improve timing and area, specify a set/reset value. 
W: Sdm-2014: Feedback mux created for signal 'ip_head[0] [1]'. It is possible a async set/reset assignment for this is signal missing. To improve timing and area, specify a set/reset value. 
W: Sdm-2014: Feedback mux created for signal 'ip_head[0] [2]'. It is possible a async set/reset assignment for this is signal missing. To improve timing and area, specify a set/reset value. 
W: Sdm-2014: Feedback mux created for signal 'ip_head[0] [3]'. It is possible a async set/reset assignment for this is signal missing. To improve timing and area, specify a set/reset value. 
W: Sdm-2014: Feedback mux created for signal 'ip_head[0] [4]'. It is possible a async set/reset assignment for this is signal missing. To improve timing and area, specify a set/reset value. 
W: Sdm-2014: Feedback mux created for signal 'ip_head[0] [5]'. It is possible a async set/reset assignment for this is signal missing. To improve timing and area, specify a set/reset value. 
W: Sdm-2014: Feedback mux created for signal 'ip_head[0] [6]'. It is possible a async set/reset assignment for this is signal missing. To improve timing and area, specify a set/reset value. 
W: Sdm-2014: Feedback mux created for signal 'ip_head[0] [7]'. It is possible a async set/reset assignment for this is signal missing. To improve timing and area, specify a set/reset value. 
W: Sdm-2014: Feedback mux created for signal 'ip_head[0] [8]'. It is possible a async set/reset assignment for this is signal missing. To improve timing and area, specify a set/reset value. 
W: Sdm-2014: Feedback mux created for signal 'ip_head[0] [9]'. It is possible a async set/reset assignment for this is signal missing. To improve timing and area, specify a set/reset value. 
W: Sdm-2014: Feedback mux created for signal 'ip_head[0] [10]'. It is possible a async set/reset assignment for this is signal missing. To improve timing and area, specify a set/reset value. 
W: Sdm-2014: Feedback mux created for signal 'ip_head[0] [11]'. It is possible a async set/reset assignment for this is signal missing. To improve timing and area, specify a set/reset value. 
W: Sdm-2014: Feedback mux created for signal 'ip_head[0] [12]'. It is possible a async set/reset assignment for this is signal missing. To improve timing and area, specify a set/reset value. 
W: Sdm-2014: Feedback mux created for signal 'ip_head[0] [13]'. It is possible a async set/reset assignment for this is signal missing. To improve timing and area, specify a set/reset value. 
W: Sdm-2014: Feedback mux created for signal 'ip_head[0] [14]'. It is possible a async set/reset assignment for this is signal missing. To improve timing and area, specify a set/reset value. 
W: Sdm-2014: Feedback mux created for signal 'ip_head[0] [15]'. It is possible a async set/reset assignment for this is signal missing. To improve timing and area, specify a set/reset value. 
W: Sdm-2014: Feedback mux created for signal 'ip_head[0] [16]'. It is possible a async set/reset assignment for this is signal missing. To improve timing and area, specify a set/reset value. 
W: Sdm-2014: Feedback mux created for signal 'ip_head[0] [17]'. It is possible a async set/reset assignment for this is signal missing. To improve timing and area, specify a set/reset value. 
W: Sdm-2014: Feedback mux created for signal 'ip_head[0] [18]'. It is possible a async set/reset assignment for this is signal missing. To improve timing and area, specify a set/reset value. 
W: Sdm-2014: Feedback mux created for signal 'ip_head[0] [19]'. It is possible a async set/reset assignment for this is signal missing. To improve timing and area, specify a set/reset value. 
W: Sdm-2014: Feedback mux created for signal 'ip_head[0] [20]'. It is possible a async set/reset assignment for this is signal missing. To improve timing and area, specify a set/reset value. 
W: Sdm-2014: Feedback mux created for signal 'ip_head[0] [21]'. It is possible a async set/reset assignment for this is signal missing. To improve timing and area, specify a set/reset value. 
W: Sdm-2014: Feedback mux created for signal 'ip_head[0] [22]'. It is possible a async set/reset assignment for this is signal missing. To improve timing and area, specify a set/reset value. 
W: Sdm-2014: Feedback mux created for signal 'ip_head[0] [23]'. It is possible a async set/reset assignment for this is signal missing. To improve timing and area, specify a set/reset value. 
W: Sdm-2014: Feedback mux created for signal 'ip_head[0] [24]'. It is possible a async set/reset assignment for this is signal missing. To improve timing and area, specify a set/reset value. 
W: Sdm-2014: Feedback mux created for signal 'ip_head[0] [25]'. It is possible a async set/reset assignment for this is signal missing. To improve timing and area, specify a set/reset value. 
W: Sdm-2014: Feedback mux created for signal 'ip_head[0] [26]'. It is possible a async set/reset assignment for this is signal missing. To improve timing and area, specify a set/reset value. 
W: Sdm-2014: Feedback mux created for signal 'ip_head[0] [27]'. It is possible a async set/reset assignment for this is signal missing. To improve timing and area, specify a set/reset value. 
W: Sdm-2014: Feedback mux created for signal 'ip_head[0] [28]'. It is possible a async set/reset assignment for this is signal missing. To improve timing and area, specify a set/reset value. 
W: Sdm-2014: Feedback mux created for signal 'ip_head[0] [29]'. It is possible a async set/reset assignment for this is signal missing. To improve timing and area, specify a set/reset value. 
W: Sdm-2014: Feedback mux created for signal 'ip_head[0] [30]'. It is possible a async set/reset assignment for this is signal missing. To improve timing and area, specify a set/reset value. 
W: Sdm-2014: Feedback mux created for signal 'ip_head[0] [31]'. It is possible a async set/reset assignment for this is signal missing. To improve timing and area, specify a set/reset value. 
W: Sdm-2014: Feedback mux created for signal 'ip_head[1] [0]'. It is possible a async set/reset assignment for this is signal missing. To improve timing and area, specify a set/reset value. 
W: Sdm-2014: Feedback mux created for signal 'ip_head[1] [1]'. It is possible a async set/reset assignment for this is signal missing. To improve timing and area, specify a set/reset value. 
W: Sdm-2014: Feedback mux created for signal 'ip_head[1] [2]'. It is possible a async set/reset assignment for this is signal missing. To improve timing and area, specify a set/reset value. 
W: Sdm-2014: Feedback mux created for signal 'ip_head[1] [3]'. It is possible a async set/reset assignment for this is signal missing. To improve timing and area, specify a set/reset value. 
W: Sdm-2014: Feedback mux created for signal 'ip_head[1] [4]'. It is possible a async set/reset assignment for this is signal missing. To improve timing and area, specify a set/reset value. 
W: Sdm-2014: Feedback mux created for signal 'ip_head[1] [5]'. It is possible a async set/reset assignment for this is signal missing. To improve timing and area, specify a set/reset value. 
W: Sdm-2014: Feedback mux created for signal 'ip_head[1] [6]'. It is possible a async set/reset assignment for this is signal missing. To improve timing and area, specify a set/reset value. 
W: Sdm-2014: Feedback mux created for signal 'ip_head[1] [7]'. It is possible a async set/reset assignment for this is signal missing. To improve timing and area, specify a set/reset value. 
W: Sdm-2014: Feedback mux created for signal 'ip_head[1] [8]'. It is possible a async set/reset assignment for this is signal missing. To improve timing and area, specify a set/reset value. 
W: Sdm-2014: Feedback mux created for signal 'ip_head[1] [9]'. It is possible a async set/reset assignment for this is signal missing. To improve timing and area, specify a set/reset value. 
W: Sdm-2014: Feedback mux created for signal 'ip_head[1] [10]'. It is possible a async set/reset assignment for this is signal missing. To improve timing and area, specify a set/reset value. 
W: Sdm-2014: Feedback mux created for signal 'ip_head[1] [11]'. It is possible a async set/reset assignment for this is signal missing. To improve timing and area, specify a set/reset value. 
W: Sdm-2014: Feedback mux created for signal 'ip_head[1] [12]'. It is possible a async set/reset assignment for this is signal missing. To improve timing and area, specify a set/reset value. 
W: Sdm-2014: Feedback mux created for signal 'ip_head[1] [13]'. It is possible a async set/reset assignment for this is signal missing. To improve timing and area, specify a set/reset value. 
W: Sdm-2014: Feedback mux created for signal 'ip_head[1] [14]'. It is possible a async set/reset assignment for this is signal missing. To improve timing and area, specify a set/reset value. 
W: Sdm-2014: Feedback mux created for signal 'ip_head[1] [15]'. It is possible a async set/reset assignment for this is signal missing. To improve timing and area, specify a set/reset value. 
W: Sdm-2014: Feedback mux created for signal 'ip_head[2] [0]'. It is possible a async set/reset assignment for this is signal missing. To improve timing and area, specify a set/reset value. 
W: Sdm-2014: Feedback mux created for signal 'ip_head[2] [1]'. It is possible a async set/reset assignment for this is signal missing. To improve timing and area, specify a set/reset value. 
W: Sdm-2014: Feedback mux created for signal 'ip_head[2] [2]'. It is possible a async set/reset assignment for this is signal missing. To improve timing and area, specify a set/reset value. 
W: Sdm-2014: Feedback mux created for signal 'ip_head[2] [3]'. It is possible a async set/reset assignment for this is signal missing. To improve timing and area, specify a set/reset value. 
W: Sdm-2014: Feedback mux created for signal 'ip_head[2] [4]'. It is possible a async set/reset assignment for this is signal missing. To improve timing and area, specify a set/reset value. 
W: Sdm-2014: Feedback mux created for signal 'ip_head[2] [5]'. It is possible a async set/reset assignment for this is signal missing. To improve timing and area, specify a set/reset value. 
W: Sdm-2014: Feedback mux created for signal 'ip_head[2] [6]'. It is possible a async set/reset assignment for this is signal missing. To improve timing and area, specify a set/reset value. 
W: Sdm-2014: Feedback mux created for signal 'ip_head[2] [7]'. It is possible a async set/reset assignment for this is signal missing. To improve timing and area, specify a set/reset value. 
W: Sdm-2014: Feedback mux created for signal 'ip_head[2] [8]'. It is possible a async set/reset assignment for this is signal missing. To improve timing and area, specify a set/reset value. 
W: Sdm-2014: Feedback mux created for signal 'ip_head[2] [9]'. It is possible a async set/reset assignment for this is signal missing. To improve timing and area, specify a set/reset value. 
W: Sdm-2014: Feedback mux created for signal 'ip_head[2] [10]'. It is possible a async set/reset assignment for this is signal missing. To improve timing and area, specify a set/reset value. 
W: Sdm-2014: Feedback mux created for signal 'ip_head[2] [11]'. It is possible a async set/reset assignment for this is signal missing. To improve timing and area, specify a set/reset value. 
W: Sdm-2014: Feedback mux created for signal 'ip_head[2] [12]'. It is possible a async set/reset assignment for this is signal missing. To improve timing and area, specify a set/reset value. 
W: Sdm-2014: Feedback mux created for signal 'ip_head[2] [13]'. It is possible a async set/reset assignment for this is signal missing. To improve timing and area, specify a set/reset value. 
W: Sdm-2014: Feedback mux created for signal 'ip_head[2] [14]'. It is possible a async set/reset assignment for this is signal missing. To improve timing and area, specify a set/reset value. 
W: Sdm-2014: Feedback mux created for signal 'ip_head[2] [15]'. It is possible a async set/reset assignment for this is signal missing. To improve timing and area, specify a set/reset value. 
W: Sdm-2014: Feedback mux created for signal 'ip_head[2] [16]'. It is possible a async set/reset assignment for this is signal missing. To improve timing and area, specify a set/reset value. 
W: Sdm-2014: Feedback mux created for signal 'ip_head[2] [17]'. It is possible a async set/reset assignment for this is signal missing. To improve timing and area, specify a set/reset value. 
W: Sdm-2014: Feedback mux created for signal 'ip_head[2] [18]'. It is possible a async set/reset assignment for this is signal missing. To improve timing and area, specify a set/reset value. 
W: Sdm-2014: Feedback mux created for signal 'ip_head[2] [19]'. It is possible a async set/reset assignment for this is signal missing. To improve timing and area, specify a set/reset value. 
W: Sdm-2014: Feedback mux created for signal 'ip_head[2] [20]'. It is possible a async set/reset assignment for this is signal missing. To improve timing and area, specify a set/reset value. 
W: Sdm-2014: Feedback mux created for signal 'ip_head[2] [21]'. It is possible a async set/reset assignment for this is signal missing. To improve timing and area, specify a set/reset value. 
W: Sdm-2014: Feedback mux created for signal 'ip_head[2] [22]'. It is possible a async set/reset assignment for this is signal missing. To improve timing and area, specify a set/reset value. 
W: Sdm-2014: Feedback mux created for signal 'ip_head[2] [23]'. It is possible a async set/reset assignment for this is signal missing. To improve timing and area, specify a set/reset value. 
W: Sdm-2014: Feedback mux created for signal 'ip_head[2] [24]'. It is possible a async set/reset assignment for this is signal missing. To improve timing and area, specify a set/reset value. 
W: Sdm-2014: Feedback mux created for signal 'ip_head[2] [25]'. It is possible a async set/reset assignment for this is signal missing. To improve timing and area, specify a set/reset value. 
W: Sdm-2014: Feedback mux created for signal 'ip_head[2] [26]'. It is possible a async set/reset assignment for this is signal missing. To improve timing and area, specify a set/reset value. 
W: Sdm-2014: Feedback mux created for signal 'ip_head[2] [27]'. It is possible a async set/reset assignment for this is signal missing. To improve timing and area, specify a set/reset value. 
W: Sdm-2014: Feedback mux created for signal 'ip_head[2] [28]'. It is possible a async set/reset assignment for this is signal missing. To improve timing and area, specify a set/reset value. 
W: Sdm-2014: Feedback mux created for signal 'ip_head[2] [29]'. It is possible a async set/reset assignment for this is signal missing. To improve timing and area, specify a set/reset value. 
W: Sdm-2014: Feedback mux created for signal 'ip_head[2] [30]'. It is possible a async set/reset assignment for this is signal missing. To improve timing and area, specify a set/reset value. 
W: Sdm-2014: Feedback mux created for signal 'ip_head[2] [31]'. It is possible a async set/reset assignment for this is signal missing. To improve timing and area, specify a set/reset value. 
W: Sdm-2014: Feedback mux created for signal 'ip_head[3] [0]'. It is possible a async set/reset assignment for this is signal missing. To improve timing and area, specify a set/reset value. 
W: Sdm-2014: Feedback mux created for signal 'ip_head[3] [1]'. It is possible a async set/reset assignment for this is signal missing. To improve timing and area, specify a set/reset value. 
W: Sdm-2014: Feedback mux created for signal 'ip_head[3] [2]'. It is possible a async set/reset assignment for this is signal missing. To improve timing and area, specify a set/reset value. 
W: Sdm-2014: Feedback mux created for signal 'ip_head[3] [3]'. It is possible a async set/reset assignment for this is signal missing. To improve timing and area, specify a set/reset value. 
W: Sdm-2014: Feedback mux created for signal 'ip_head[3] [4]'. It is possible a async set/reset assignment for this is signal missing. To improve timing and area, specify a set/reset value. 
W: Sdm-2014: Feedback mux created for signal 'ip_head[3] [5]'. It is possible a async set/reset assignment for this is signal missing. To improve timing and area, specify a set/reset value. 
W: Sdm-2014: Feedback mux created for signal 'ip_head[3] [6]'. It is possible a async set/reset assignment for this is signal missing. To improve timing and area, specify a set/reset value. 
W: Sdm-2014: Feedback mux created for signal 'ip_head[3] [7]'. It is possible a async set/reset assignment for this is signal missing. To improve timing and area, specify a set/reset value. 
W: Sdm-2014: Feedback mux created for signal 'ip_head[3] [8]'. It is possible a async set/reset assignment for this is signal missing. To improve timing and area, specify a set/reset value. 
W: Sdm-2014: Feedback mux created for signal 'ip_head[3] [9]'. It is possible a async set/reset assignment for this is signal missing. To improve timing and area, specify a set/reset value. 
W: Sdm-2014: Feedback mux created for signal 'ip_head[3] [10]'. It is possible a async set/reset assignment for this is signal missing. To improve timing and area, specify a set/reset value. 
W: Sdm-2014: Feedback mux created for signal 'ip_head[3] [11]'. It is possible a async set/reset assignment for this is signal missing. To improve timing and area, specify a set/reset value. 
W: Sdm-2014: Feedback mux created for signal 'ip_head[3] [12]'. It is possible a async set/reset assignment for this is signal missing. To improve timing and area, specify a set/reset value. 
W: Sdm-2014: Feedback mux created for signal 'ip_head[3] [13]'. It is possible a async set/reset assignment for this is signal missing. To improve timing and area, specify a set/reset value. 
W: Sdm-2014: Feedback mux created for signal 'ip_head[3] [14]'. It is possible a async set/reset assignment for this is signal missing. To improve timing and area, specify a set/reset value. 
W: Sdm-2014: Feedback mux created for signal 'ip_head[3] [15]'. It is possible a async set/reset assignment for this is signal missing. To improve timing and area, specify a set/reset value. 
W: Sdm-2014: Feedback mux created for signal 'ip_head[3] [16]'. It is possible a async set/reset assignment for this is signal missing. To improve timing and area, specify a set/reset value. 
W: Sdm-2014: Feedback mux created for signal 'ip_head[3] [17]'. It is possible a async set/reset assignment for this is signal missing. To improve timing and area, specify a set/reset value. 
W: Sdm-2014: Feedback mux created for signal 'ip_head[3] [18]'. It is possible a async set/reset assignment for this is signal missing. To improve timing and area, specify a set/reset value. 
W: Sdm-2014: Feedback mux created for signal 'ip_head[3] [19]'. It is possible a async set/reset assignment for this is signal missing. To improve timing and area, specify a set/reset value. 
W: Sdm-2014: Feedback mux created for signal 'ip_head[3] [20]'. It is possible a async set/reset assignment for this is signal missing. To improve timing and area, specify a set/reset value. 
W: Sdm-2014: Feedback mux created for signal 'ip_head[3] [21]'. It is possible a async set/reset assignment for this is signal missing. To improve timing and area, specify a set/reset value. 
W: Sdm-2014: Feedback mux created for signal 'ip_head[3] [22]'. It is possible a async set/reset assignment for this is signal missing. To improve timing and area, specify a set/reset value. 
W: Sdm-2014: Feedback mux created for signal 'ip_head[3] [23]'. It is possible a async set/reset assignment for this is signal missing. To improve timing and area, specify a set/reset value. 
W: Sdm-2014: Feedback mux created for signal 'ip_head[3] [24]'. It is possible a async set/reset assignment for this is signal missing. To improve timing and area, specify a set/reset value. 
W: Sdm-2014: Feedback mux created for signal 'ip_head[3] [25]'. It is possible a async set/reset assignment for this is signal missing. To improve timing and area, specify a set/reset value. 
W: Sdm-2014: Feedback mux created for signal 'ip_head[3] [26]'. It is possible a async set/reset assignment for this is signal missing. To improve timing and area, specify a set/reset value. 
W: Sdm-2014: Feedback mux created for signal 'ip_head[3] [27]'. It is possible a async set/reset assignment for this is signal missing. To improve timing and area, specify a set/reset value. 
W: Sdm-2014: Feedback mux created for signal 'ip_head[3] [28]'. It is possible a async set/reset assignment for this is signal missing. To improve timing and area, specify a set/reset value. 
W: Sdm-2014: Feedback mux created for signal 'ip_head[3] [29]'. It is possible a async set/reset assignment for this is signal missing. To improve timing and area, specify a set/reset value. 
W: Sdm-2014: Feedback mux created for signal 'ip_head[3] [30]'. It is possible a async set/reset assignment for this is signal missing. To improve timing and area, specify a set/reset value. 
W: Sdm-2014: Feedback mux created for signal 'ip_head[3] [31]'. It is possible a async set/reset assignment for this is signal missing. To improve timing and area, specify a set/reset value. 
W: Sdm-2014: Feedback mux created for signal 'ip_head[4] [0]'. It is possible a async set/reset assignment for this is signal missing. To improve timing and area, specify a set/reset value. 
W: Sdm-2014: Feedback mux created for signal 'ip_head[4] [1]'. It is possible a async set/reset assignment for this is signal missing. To improve timing and area, specify a set/reset value. 
W: Sdm-2014: Feedback mux created for signal 'ip_head[4] [2]'. It is possible a async set/reset assignment for this is signal missing. To improve timing and area, specify a set/reset value. 
W: Sdm-2014: Feedback mux created for signal 'ip_head[4] [3]'. It is possible a async set/reset assignment for this is signal missing. To improve timing and area, specify a set/reset value. 
W: Sdm-2014: Feedback mux created for signal 'ip_head[4] [4]'. It is possible a async set/reset assignment for this is signal missing. To improve timing and area, specify a set/reset value. 
W: Sdm-2014: Feedback mux created for signal 'ip_head[4] [5]'. It is possible a async set/reset assignment for this is signal missing. To improve timing and area, specify a set/reset value. 
W: Sdm-2014: Feedback mux created for signal 'ip_head[4] [6]'. It is possible a async set/reset assignment for this is signal missing. To improve timing and area, specify a set/reset value. 
W: Sdm-2014: Feedback mux created for signal 'ip_head[4] [7]'. It is possible a async set/reset assignment for this is signal missing. To improve timing and area, specify a set/reset value. 
W: Sdm-2014: Feedback mux created for signal 'ip_head[4] [8]'. It is possible a async set/reset assignment for this is signal missing. To improve timing and area, specify a set/reset value. 
W: Sdm-2014: Feedback mux created for signal 'ip_head[4] [9]'. It is possible a async set/reset assignment for this is signal missing. To improve timing and area, specify a set/reset value. 
W: Sdm-2014: Feedback mux created for signal 'ip_head[4] [10]'. It is possible a async set/reset assignment for this is signal missing. To improve timing and area, specify a set/reset value. 
W: Sdm-2014: Feedback mux created for signal 'ip_head[4] [11]'. It is possible a async set/reset assignment for this is signal missing. To improve timing and area, specify a set/reset value. 
W: Sdm-2014: Feedback mux created for signal 'ip_head[4] [12]'. It is possible a async set/reset assignment for this is signal missing. To improve timing and area, specify a set/reset value. 
W: Sdm-2014: Feedback mux created for signal 'ip_head[4] [13]'. It is possible a async set/reset assignment for this is signal missing. To improve timing and area, specify a set/reset value. 
W: Sdm-2014: Feedback mux created for signal 'ip_head[4] [14]'. It is possible a async set/reset assignment for this is signal missing. To improve timing and area, specify a set/reset value. 
W: Sdm-2014: Feedback mux created for signal 'ip_head[4] [15]'. It is possible a async set/reset assignment for this is signal missing. To improve timing and area, specify a set/reset value. 
W: Sdm-2014: Feedback mux created for signal 'ip_head[4] [16]'. It is possible a async set/reset assignment for this is signal missing. To improve timing and area, specify a set/reset value. 
W: Sdm-2014: Feedback mux created for signal 'ip_head[4] [17]'. It is possible a async set/reset assignment for this is signal missing. To improve timing and area, specify a set/reset value. 
W: Sdm-2014: Feedback mux created for signal 'ip_head[4] [18]'. It is possible a async set/reset assignment for this is signal missing. To improve timing and area, specify a set/reset value. 
W: Sdm-2014: Feedback mux created for signal 'ip_head[4] [19]'. It is possible a async set/reset assignment for this is signal missing. To improve timing and area, specify a set/reset value. 
W: Sdm-2014: Feedback mux created for signal 'ip_head[4] [20]'. It is possible a async set/reset assignment for this is signal missing. To improve timing and area, specify a set/reset value. 
W: Sdm-2014: Feedback mux created for signal 'ip_head[4] [21]'. It is possible a async set/reset assignment for this is signal missing. To improve timing and area, specify a set/reset value. 
W: Sdm-2014: Feedback mux created for signal 'ip_head[4] [22]'. It is possible a async set/reset assignment for this is signal missing. To improve timing and area, specify a set/reset value. 
W: Sdm-2014: Feedback mux created for signal 'ip_head[4] [23]'. It is possible a async set/reset assignment for this is signal missing. To improve timing and area, specify a set/reset value. 
W: Sdm-2014: Feedback mux created for signal 'ip_head[4] [24]'. It is possible a async set/reset assignment for this is signal missing. To improve timing and area, specify a set/reset value. 
W: Sdm-2014: Feedback mux created for signal 'ip_head[4] [25]'. It is possible a async set/reset assignment for this is signal missing. To improve timing and area, specify a set/reset value. 
W: Sdm-2014: Feedback mux created for signal 'ip_head[4] [26]'. It is possible a async set/reset assignment for this is signal missing. To improve timing and area, specify a set/reset value. 
W: Sdm-2014: Feedback mux created for signal 'ip_head[4] [27]'. It is possible a async set/reset assignment for this is signal missing. To improve timing and area, specify a set/reset value. 
W: Sdm-2014: Feedback mux created for signal 'ip_head[4] [28]'. It is possible a async set/reset assignment for this is signal missing. To improve timing and area, specify a set/reset value. 
W: Sdm-2014: Feedback mux created for signal 'ip_head[4] [29]'. It is possible a async set/reset assignment for this is signal missing. To improve timing and area, specify a set/reset value. 
W: Sdm-2014: Feedback mux created for signal 'ip_head[4] [30]'. It is possible a async set/reset assignment for this is signal missing. To improve timing and area, specify a set/reset value. 
W: Sdm-2014: Feedback mux created for signal 'ip_head[4] [31]'. It is possible a async set/reset assignment for this is signal missing. To improve timing and area, specify a set/reset value. 
W: Sdm-2014: Feedback mux created for signal 'ip_head[5] [0]'. It is possible a async set/reset assignment for this is signal missing. To improve timing and area, specify a set/reset value. 
W: Sdm-2014: Feedback mux created for signal 'ip_head[5] [1]'. It is possible a async set/reset assignment for this is signal missing. To improve timing and area, specify a set/reset value. 
W: Sdm-2014: Feedback mux created for signal 'ip_head[5] [2]'. It is possible a async set/reset assignment for this is signal missing. To improve timing and area, specify a set/reset value. 
W: Sdm-2014: Feedback mux created for signal 'ip_head[5] [3]'. It is possible a async set/reset assignment for this is signal missing. To improve timing and area, specify a set/reset value. 
W: Sdm-2014: Feedback mux created for signal 'ip_head[5] [4]'. It is possible a async set/reset assignment for this is signal missing. To improve timing and area, specify a set/reset value. 
W: Sdm-2014: Feedback mux created for signal 'ip_head[5] [5]'. It is possible a async set/reset assignment for this is signal missing. To improve timing and area, specify a set/reset value. 
W: Sdm-2014: Feedback mux created for signal 'ip_head[5] [6]'. It is possible a async set/reset assignment for this is signal missing. To improve timing and area, specify a set/reset value. 
W: Sdm-2014: Feedback mux created for signal 'ip_head[5] [7]'. It is possible a async set/reset assignment for this is signal missing. To improve timing and area, specify a set/reset value. 
W: Sdm-2014: Feedback mux created for signal 'ip_head[5] [8]'. It is possible a async set/reset assignment for this is signal missing. To improve timing and area, specify a set/reset value. 
W: Sdm-2014: Feedback mux created for signal 'ip_head[5] [9]'. It is possible a async set/reset assignment for this is signal missing. To improve timing and area, specify a set/reset value. 
W: Sdm-2014: Feedback mux created for signal 'ip_head[5] [10]'. It is possible a async set/reset assignment for this is signal missing. To improve timing and area, specify a set/reset value. 
W: Sdm-2014: Feedback mux created for signal 'ip_head[5] [11]'. It is possible a async set/reset assignment for this is signal missing. To improve timing and area, specify a set/reset value. 
W: Sdm-2014: Feedback mux created for signal 'ip_head[5] [12]'. It is possible a async set/reset assignment for this is signal missing. To improve timing and area, specify a set/reset value. 
W: Sdm-2014: Feedback mux created for signal 'ip_head[5] [13]'. It is possible a async set/reset assignment for this is signal missing. To improve timing and area, specify a set/reset value. 
W: Sdm-2014: Feedback mux created for signal 'ip_head[5] [14]'. It is possible a async set/reset assignment for this is signal missing. To improve timing and area, specify a set/reset value. 
W: Sdm-2014: Feedback mux created for signal 'ip_head[5] [15]'. It is possible a async set/reset assignment for this is signal missing. To improve timing and area, specify a set/reset value. 
W: Sdm-2014: Feedback mux created for signal 'ip_head[5] [16]'. It is possible a async set/reset assignment for this is signal missing. To improve timing and area, specify a set/reset value. 
W: Sdm-2014: Feedback mux created for signal 'ip_head[5] [17]'. It is possible a async set/reset assignment for this is signal missing. To improve timing and area, specify a set/reset value. 
W: Sdm-2014: Feedback mux created for signal 'ip_head[5] [18]'. It is possible a async set/reset assignment for this is signal missing. To improve timing and area, specify a set/reset value. 
W: Sdm-2014: Feedback mux created for signal 'ip_head[5] [19]'. It is possible a async set/reset assignment for this is signal missing. To improve timing and area, specify a set/reset value. 
W: Sdm-2014: Feedback mux created for signal 'ip_head[5] [20]'. It is possible a async set/reset assignment for this is signal missing. To improve timing and area, specify a set/reset value. 
W: Sdm-2014: Feedback mux created for signal 'ip_head[5] [21]'. It is possible a async set/reset assignment for this is signal missing. To improve timing and area, specify a set/reset value. 
W: Sdm-2014: Feedback mux created for signal 'ip_head[5] [22]'. It is possible a async set/reset assignment for this is signal missing. To improve timing and area, specify a set/reset value. 
W: Sdm-2014: Feedback mux created for signal 'ip_head[5] [23]'. It is possible a async set/reset assignment for this is signal missing. To improve timing and area, specify a set/reset value. 
W: Sdm-2014: Feedback mux created for signal 'ip_head[5] [24]'. It is possible a async set/reset assignment for this is signal missing. To improve timing and area, specify a set/reset value. 
W: Sdm-2014: Feedback mux created for signal 'ip_head[5] [25]'. It is possible a async set/reset assignment for this is signal missing. To improve timing and area, specify a set/reset value. 
W: Sdm-2014: Feedback mux created for signal 'ip_head[5] [26]'. It is possible a async set/reset assignment for this is signal missing. To improve timing and area, specify a set/reset value. 
W: Sdm-2014: Feedback mux created for signal 'ip_head[5] [27]'. It is possible a async set/reset assignment for this is signal missing. To improve timing and area, specify a set/reset value. 
W: Sdm-2014: Feedback mux created for signal 'ip_head[5] [28]'. It is possible a async set/reset assignment for this is signal missing. To improve timing and area, specify a set/reset value. 
W: Sdm-2014: Feedback mux created for signal 'ip_head[5] [29]'. It is possible a async set/reset assignment for this is signal missing. To improve timing and area, specify a set/reset value. 
W: Sdm-2014: Feedback mux created for signal 'ip_head[5] [30]'. It is possible a async set/reset assignment for this is signal missing. To improve timing and area, specify a set/reset value. 
W: Sdm-2014: Feedback mux created for signal 'ip_head[5] [31]'. It is possible a async set/reset assignment for this is signal missing. To improve timing and area, specify a set/reset value. 
W: Sdm-2014: Feedback mux created for signal 'ip_head[6] [0]'. It is possible a async set/reset assignment for this is signal missing. To improve timing and area, specify a set/reset value. 
W: Sdm-2014: Feedback mux created for signal 'ip_head[6] [1]'. It is possible a async set/reset assignment for this is signal missing. To improve timing and area, specify a set/reset value. 
W: Sdm-2014: Feedback mux created for signal 'ip_head[6] [2]'. It is possible a async set/reset assignment for this is signal missing. To improve timing and area, specify a set/reset value. 
W: Sdm-2014: Feedback mux created for signal 'ip_head[6] [3]'. It is possible a async set/reset assignment for this is signal missing. To improve timing and area, specify a set/reset value. 
W: Sdm-2014: Feedback mux created for signal 'ip_head[6] [4]'. It is possible a async set/reset assignment for this is signal missing. To improve timing and area, specify a set/reset value. 
W: Sdm-2014: Feedback mux created for signal 'ip_head[6] [5]'. It is possible a async set/reset assignment for this is signal missing. To improve timing and area, specify a set/reset value. 
W: Sdm-2014: Feedback mux created for signal 'ip_head[6] [6]'. It is possible a async set/reset assignment for this is signal missing. To improve timing and area, specify a set/reset value. 
W: Sdm-2014: Feedback mux created for signal 'ip_head[6] [7]'. It is possible a async set/reset assignment for this is signal missing. To improve timing and area, specify a set/reset value. 
W: Sdm-2014: Feedback mux created for signal 'ip_head[6] [8]'. It is possible a async set/reset assignment for this is signal missing. To improve timing and area, specify a set/reset value. 
W: Sdm-2014: Feedback mux created for signal 'ip_head[6] [9]'. It is possible a async set/reset assignment for this is signal missing. To improve timing and area, specify a set/reset value. 
W: Sdm-2014: Feedback mux created for signal 'ip_head[6] [10]'. It is possible a async set/reset assignment for this is signal missing. To improve timing and area, specify a set/reset value. 
W: Sdm-2014: Feedback mux created for signal 'ip_head[6] [11]'. It is possible a async set/reset assignment for this is signal missing. To improve timing and area, specify a set/reset value. 
W: Sdm-2014: Feedback mux created for signal 'ip_head[6] [12]'. It is possible a async set/reset assignment for this is signal missing. To improve timing and area, specify a set/reset value. 
W: Sdm-2014: Feedback mux created for signal 'ip_head[6] [13]'. It is possible a async set/reset assignment for this is signal missing. To improve timing and area, specify a set/reset value. 
W: Sdm-2014: Feedback mux created for signal 'ip_head[6] [14]'. It is possible a async set/reset assignment for this is signal missing. To improve timing and area, specify a set/reset value. 
W: Sdm-2014: Feedback mux created for signal 'ip_head[6] [15]'. It is possible a async set/reset assignment for this is signal missing. To improve timing and area, specify a set/reset value. 
W: Sdm-2014: Feedback mux created for signal 'ip_head[6] [16]'. It is possible a async set/reset assignment for this is signal missing. To improve timing and area, specify a set/reset value. 
W: Sdm-2014: Feedback mux created for signal 'ip_head[6] [17]'. It is possible a async set/reset assignment for this is signal missing. To improve timing and area, specify a set/reset value. 
W: Sdm-2014: Feedback mux created for signal 'ip_head[6] [18]'. It is possible a async set/reset assignment for this is signal missing. To improve timing and area, specify a set/reset value. 
W: Sdm-2014: Feedback mux created for signal 'ip_head[6] [19]'. It is possible a async set/reset assignment for this is signal missing. To improve timing and area, specify a set/reset value. 
W: Sdm-2014: Feedback mux created for signal 'ip_head[6] [20]'. It is possible a async set/reset assignment for this is signal missing. To improve timing and area, specify a set/reset value. 
W: Sdm-2014: Feedback mux created for signal 'ip_head[6] [21]'. It is possible a async set/reset assignment for this is signal missing. To improve timing and area, specify a set/reset value. 
W: Sdm-2014: Feedback mux created for signal 'ip_head[6] [22]'. It is possible a async set/reset assignment for this is signal missing. To improve timing and area, specify a set/reset value. 
W: Sdm-2014: Feedback mux created for signal 'ip_head[6] [23]'. It is possible a async set/reset assignment for this is signal missing. To improve timing and area, specify a set/reset value. 
W: Sdm-2014: Feedback mux created for signal 'ip_head[6] [24]'. It is possible a async set/reset assignment for this is signal missing. To improve timing and area, specify a set/reset value. 
W: Sdm-2014: Feedback mux created for signal 'ip_head[6] [25]'. It is possible a async set/reset assignment for this is signal missing. To improve timing and area, specify a set/reset value. 
W: Sdm-2014: Feedback mux created for signal 'ip_head[6] [26]'. It is possible a async set/reset assignment for this is signal missing. To improve timing and area, specify a set/reset value. 
W: Sdm-2014: Feedback mux created for signal 'ip_head[6] [27]'. It is possible a async set/reset assignment for this is signal missing. To improve timing and area, specify a set/reset value. 
W: Sdm-2014: Feedback mux created for signal 'ip_head[6] [28]'. It is possible a async set/reset assignment for this is signal missing. To improve timing and area, specify a set/reset value. 
W: Sdm-2014: Feedback mux created for signal 'ip_head[6] [29]'. It is possible a async set/reset assignment for this is signal missing. To improve timing and area, specify a set/reset value. 
I: Removed inst tx_done that is redundant to crc_clr.
W: Sdm-2014: Feedback mux created for signal 'ip_head[6] [31]'. It is possible a async set/reset assignment for this is signal missing. To improve timing and area, specify a set/reset value. 
W: Sdm-2014: Feedback mux created for signal 'ip_head[6] [30]'. It is possible a async set/reset assignment for this is signal missing. To improve timing and area, specify a set/reset value. 
W: Sdm-2014: Feedback mux created for signal 'ip_head[0] [0]'. It is possible a async set/reset assignment for this is signal missing. To improve timing and area, specify a set/reset value. 
W: Sdm-2014: Feedback mux created for signal 'ip_head[0] [1]'. It is possible a async set/reset assignment for this is signal missing. To improve timing and area, specify a set/reset value. 
W: Sdm-2014: Feedback mux created for signal 'ip_head[0] [2]'. It is possible a async set/reset assignment for this is signal missing. To improve timing and area, specify a set/reset value. 
W: Sdm-2014: Feedback mux created for signal 'ip_head[0] [3]'. It is possible a async set/reset assignment for this is signal missing. To improve timing and area, specify a set/reset value. 
W: Sdm-2014: Feedback mux created for signal 'ip_head[0] [4]'. It is possible a async set/reset assignment for this is signal missing. To improve timing and area, specify a set/reset value. 
W: Sdm-2014: Feedback mux created for signal 'ip_head[0] [5]'. It is possible a async set/reset assignment for this is signal missing. To improve timing and area, specify a set/reset value. 
W: Sdm-2014: Feedback mux created for signal 'ip_head[0] [6]'. It is possible a async set/reset assignment for this is signal missing. To improve timing and area, specify a set/reset value. 
W: Sdm-2014: Feedback mux created for signal 'ip_head[0] [7]'. It is possible a async set/reset assignment for this is signal missing. To improve timing and area, specify a set/reset value. 
W: Sdm-2014: Feedback mux created for signal 'ip_head[0] [8]'. It is possible a async set/reset assignment for this is signal missing. To improve timing and area, specify a set/reset value. 
W: Sdm-2014: Feedback mux created for signal 'ip_head[0] [9]'. It is possible a async set/reset assignment for this is signal missing. To improve timing and area, specify a set/reset value. 
W: Sdm-2014: Feedback mux created for signal 'ip_head[0] [10]'. It is possible a async set/reset assignment for this is signal missing. To improve timing and area, specify a set/reset value. 
W: Sdm-2014: Feedback mux created for signal 'ip_head[0] [11]'. It is possible a async set/reset assignment for this is signal missing. To improve timing and area, specify a set/reset value. 
W: Sdm-2014: Feedback mux created for signal 'ip_head[0] [12]'. It is possible a async set/reset assignment for this is signal missing. To improve timing and area, specify a set/reset value. 
W: Sdm-2014: Feedback mux created for signal 'ip_head[0] [13]'. It is possible a async set/reset assignment for this is signal missing. To improve timing and area, specify a set/reset value. 
W: Sdm-2014: Feedback mux created for signal 'ip_head[0] [14]'. It is possible a async set/reset assignment for this is signal missing. To improve timing and area, specify a set/reset value. 
W: Sdm-2014: Feedback mux created for signal 'ip_head[0] [15]'. It is possible a async set/reset assignment for this is signal missing. To improve timing and area, specify a set/reset value. 
W: Sdm-2014: Feedback mux created for signal 'ip_head[0] [16]'. It is possible a async set/reset assignment for this is signal missing. To improve timing and area, specify a set/reset value. 
W: Sdm-2014: Feedback mux created for signal 'ip_head[0] [17]'. It is possible a async set/reset assignment for this is signal missing. To improve timing and area, specify a set/reset value. 
W: Sdm-2014: Feedback mux created for signal 'ip_head[0] [18]'. It is possible a async set/reset assignment for this is signal missing. To improve timing and area, specify a set/reset value. 
W: Sdm-2014: Feedback mux created for signal 'ip_head[0] [19]'. It is possible a async set/reset assignment for this is signal missing. To improve timing and area, specify a set/reset value. 
W: Sdm-2014: Feedback mux created for signal 'ip_head[0] [20]'. It is possible a async set/reset assignment for this is signal missing. To improve timing and area, specify a set/reset value. 
W: Sdm-2014: Feedback mux created for signal 'ip_head[0] [21]'. It is possible a async set/reset assignment for this is signal missing. To improve timing and area, specify a set/reset value. 
W: Sdm-2014: Feedback mux created for signal 'ip_head[0] [22]'. It is possible a async set/reset assignment for this is signal missing. To improve timing and area, specify a set/reset value. 
W: Sdm-2014: Feedback mux created for signal 'ip_head[0] [23]'. It is possible a async set/reset assignment for this is signal missing. To improve timing and area, specify a set/reset value. 
W: Sdm-2014: Feedback mux created for signal 'ip_head[0] [24]'. It is possible a async set/reset assignment for this is signal missing. To improve timing and area, specify a set/reset value. 
W: Sdm-2014: Feedback mux created for signal 'ip_head[0] [25]'. It is possible a async set/reset assignment for this is signal missing. To improve timing and area, specify a set/reset value. 
W: Sdm-2014: Feedback mux created for signal 'ip_head[0] [26]'. It is possible a async set/reset assignment for this is signal missing. To improve timing and area, specify a set/reset value. 
W: Sdm-2014: Feedback mux created for signal 'ip_head[0] [27]'. It is possible a async set/reset assignment for this is signal missing. To improve timing and area, specify a set/reset value. 
W: Sdm-2014: Feedback mux created for signal 'ip_head[0] [28]'. It is possible a async set/reset assignment for this is signal missing. To improve timing and area, specify a set/reset value. 
W: Sdm-2014: Feedback mux created for signal 'ip_head[0] [29]'. It is possible a async set/reset assignment for this is signal missing. To improve timing and area, specify a set/reset value. 
W: Sdm-2014: Feedback mux created for signal 'ip_head[0] [30]'. It is possible a async set/reset assignment for this is signal missing. To improve timing and area, specify a set/reset value. 
W: Sdm-2014: Feedback mux created for signal 'ip_head[0] [31]'. It is possible a async set/reset assignment for this is signal missing. To improve timing and area, specify a set/reset value. 
W: Sdm-2014: Feedback mux created for signal 'ip_head[1] [0]'. It is possible a async set/reset assignment for this is signal missing. To improve timing and area, specify a set/reset value. 
W: Sdm-2014: Feedback mux created for signal 'ip_head[1] [1]'. It is possible a async set/reset assignment for this is signal missing. To improve timing and area, specify a set/reset value. 
W: Sdm-2014: Feedback mux created for signal 'ip_head[1] [2]'. It is possible a async set/reset assignment for this is signal missing. To improve timing and area, specify a set/reset value. 
W: Sdm-2014: Feedback mux created for signal 'ip_head[1] [3]'. It is possible a async set/reset assignment for this is signal missing. To improve timing and area, specify a set/reset value. 
W: Sdm-2014: Feedback mux created for signal 'ip_head[1] [4]'. It is possible a async set/reset assignment for this is signal missing. To improve timing and area, specify a set/reset value. 
W: Sdm-2014: Feedback mux created for signal 'ip_head[1] [5]'. It is possible a async set/reset assignment for this is signal missing. To improve timing and area, specify a set/reset value. 
W: Sdm-2014: Feedback mux created for signal 'ip_head[1] [6]'. It is possible a async set/reset assignment for this is signal missing. To improve timing and area, specify a set/reset value. 
W: Sdm-2014: Feedback mux created for signal 'ip_head[1] [7]'. It is possible a async set/reset assignment for this is signal missing. To improve timing and area, specify a set/reset value. 
W: Sdm-2014: Feedback mux created for signal 'ip_head[1] [8]'. It is possible a async set/reset assignment for this is signal missing. To improve timing and area, specify a set/reset value. 
W: Sdm-2014: Feedback mux created for signal 'ip_head[1] [9]'. It is possible a async set/reset assignment for this is signal missing. To improve timing and area, specify a set/reset value. 
W: Sdm-2014: Feedback mux created for signal 'ip_head[1] [10]'. It is possible a async set/reset assignment for this is signal missing. To improve timing and area, specify a set/reset value. 
W: Sdm-2014: Feedback mux created for signal 'ip_head[1] [11]'. It is possible a async set/reset assignment for this is signal missing. To improve timing and area, specify a set/reset value. 
W: Sdm-2014: Feedback mux created for signal 'ip_head[1] [12]'. It is possible a async set/reset assignment for this is signal missing. To improve timing and area, specify a set/reset value. 
W: Sdm-2014: Feedback mux created for signal 'ip_head[1] [13]'. It is possible a async set/reset assignment for this is signal missing. To improve timing and area, specify a set/reset value. 
W: Sdm-2014: Feedback mux created for signal 'ip_head[1] [14]'. It is possible a async set/reset assignment for this is signal missing. To improve timing and area, specify a set/reset value. 
W: Sdm-2014: Feedback mux created for signal 'ip_head[1] [15]'. It is possible a async set/reset assignment for this is signal missing. To improve timing and area, specify a set/reset value. 
W: Sdm-2014: Feedback mux created for signal 'ip_head[2] [0]'. It is possible a async set/reset assignment for this is signal missing. To improve timing and area, specify a set/reset value. 
W: Sdm-2014: Feedback mux created for signal 'ip_head[2] [1]'. It is possible a async set/reset assignment for this is signal missing. To improve timing and area, specify a set/reset value. 
W: Sdm-2014: Feedback mux created for signal 'ip_head[2] [2]'. It is possible a async set/reset assignment for this is signal missing. To improve timing and area, specify a set/reset value. 
W: Sdm-2014: Feedback mux created for signal 'ip_head[2] [3]'. It is possible a async set/reset assignment for this is signal missing. To improve timing and area, specify a set/reset value. 
W: Sdm-2014: Feedback mux created for signal 'ip_head[2] [4]'. It is possible a async set/reset assignment for this is signal missing. To improve timing and area, specify a set/reset value. 
W: Sdm-2014: Feedback mux created for signal 'ip_head[2] [5]'. It is possible a async set/reset assignment for this is signal missing. To improve timing and area, specify a set/reset value. 
W: Sdm-2014: Feedback mux created for signal 'ip_head[2] [6]'. It is possible a async set/reset assignment for this is signal missing. To improve timing and area, specify a set/reset value. 
W: Sdm-2014: Feedback mux created for signal 'ip_head[2] [7]'. It is possible a async set/reset assignment for this is signal missing. To improve timing and area, specify a set/reset value. 
W: Sdm-2014: Feedback mux created for signal 'ip_head[2] [8]'. It is possible a async set/reset assignment for this is signal missing. To improve timing and area, specify a set/reset value. 
W: Sdm-2014: Feedback mux created for signal 'ip_head[2] [9]'. It is possible a async set/reset assignment for this is signal missing. To improve timing and area, specify a set/reset value. 
W: Sdm-2014: Feedback mux created for signal 'ip_head[2] [10]'. It is possible a async set/reset assignment for this is signal missing. To improve timing and area, specify a set/reset value. 
W: Sdm-2014: Feedback mux created for signal 'ip_head[2] [11]'. It is possible a async set/reset assignment for this is signal missing. To improve timing and area, specify a set/reset value. 
W: Sdm-2014: Feedback mux created for signal 'ip_head[2] [12]'. It is possible a async set/reset assignment for this is signal missing. To improve timing and area, specify a set/reset value. 
W: Sdm-2014: Feedback mux created for signal 'ip_head[2] [13]'. It is possible a async set/reset assignment for this is signal missing. To improve timing and area, specify a set/reset value. 
W: Sdm-2014: Feedback mux created for signal 'ip_head[2] [14]'. It is possible a async set/reset assignment for this is signal missing. To improve timing and area, specify a set/reset value. 
W: Sdm-2014: Feedback mux created for signal 'ip_head[2] [15]'. It is possible a async set/reset assignment for this is signal missing. To improve timing and area, specify a set/reset value. 
W: Sdm-2014: Feedback mux created for signal 'ip_head[2] [16]'. It is possible a async set/reset assignment for this is signal missing. To improve timing and area, specify a set/reset value. 
W: Sdm-2014: Feedback mux created for signal 'ip_head[2] [17]'. It is possible a async set/reset assignment for this is signal missing. To improve timing and area, specify a set/reset value. 
W: Sdm-2014: Feedback mux created for signal 'ip_head[2] [18]'. It is possible a async set/reset assignment for this is signal missing. To improve timing and area, specify a set/reset value. 
W: Sdm-2014: Feedback mux created for signal 'ip_head[2] [19]'. It is possible a async set/reset assignment for this is signal missing. To improve timing and area, specify a set/reset value. 
W: Sdm-2014: Feedback mux created for signal 'ip_head[2] [20]'. It is possible a async set/reset assignment for this is signal missing. To improve timing and area, specify a set/reset value. 
W: Sdm-2014: Feedback mux created for signal 'ip_head[2] [21]'. It is possible a async set/reset assignment for this is signal missing. To improve timing and area, specify a set/reset value. 
W: Sdm-2014: Feedback mux created for signal 'ip_head[2] [22]'. It is possible a async set/reset assignment for this is signal missing. To improve timing and area, specify a set/reset value. 
W: Sdm-2014: Feedback mux created for signal 'ip_head[2] [23]'. It is possible a async set/reset assignment for this is signal missing. To improve timing and area, specify a set/reset value. 
W: Sdm-2014: Feedback mux created for signal 'ip_head[2] [24]'. It is possible a async set/reset assignment for this is signal missing. To improve timing and area, specify a set/reset value. 
W: Sdm-2014: Feedback mux created for signal 'ip_head[2] [25]'. It is possible a async set/reset assignment for this is signal missing. To improve timing and area, specify a set/reset value. 
W: Sdm-2014: Feedback mux created for signal 'ip_head[2] [26]'. It is possible a async set/reset assignment for this is signal missing. To improve timing and area, specify a set/reset value. 
W: Sdm-2014: Feedback mux created for signal 'ip_head[2] [27]'. It is possible a async set/reset assignment for this is signal missing. To improve timing and area, specify a set/reset value. 
W: Sdm-2014: Feedback mux created for signal 'ip_head[2] [28]'. It is possible a async set/reset assignment for this is signal missing. To improve timing and area, specify a set/reset value. 
W: Sdm-2014: Feedback mux created for signal 'ip_head[2] [29]'. It is possible a async set/reset assignment for this is signal missing. To improve timing and area, specify a set/reset value. 
W: Sdm-2014: Feedback mux created for signal 'ip_head[2] [30]'. It is possible a async set/reset assignment for this is signal missing. To improve timing and area, specify a set/reset value. 
W: Sdm-2014: Feedback mux created for signal 'ip_head[2] [31]'. It is possible a async set/reset assignment for this is signal missing. To improve timing and area, specify a set/reset value. 
W: Sdm-2014: Feedback mux created for signal 'ip_head[3] [0]'. It is possible a async set/reset assignment for this is signal missing. To improve timing and area, specify a set/reset value. 
W: Sdm-2014: Feedback mux created for signal 'ip_head[3] [1]'. It is possible a async set/reset assignment for this is signal missing. To improve timing and area, specify a set/reset value. 
W: Sdm-2014: Feedback mux created for signal 'ip_head[3] [2]'. It is possible a async set/reset assignment for this is signal missing. To improve timing and area, specify a set/reset value. 
W: Sdm-2014: Feedback mux created for signal 'ip_head[3] [3]'. It is possible a async set/reset assignment for this is signal missing. To improve timing and area, specify a set/reset value. 
W: Sdm-2014: Feedback mux created for signal 'ip_head[3] [4]'. It is possible a async set/reset assignment for this is signal missing. To improve timing and area, specify a set/reset value. 
W: Sdm-2014: Feedback mux created for signal 'ip_head[3] [5]'. It is possible a async set/reset assignment for this is signal missing. To improve timing and area, specify a set/reset value. 
W: Sdm-2014: Feedback mux created for signal 'ip_head[3] [6]'. It is possible a async set/reset assignment for this is signal missing. To improve timing and area, specify a set/reset value. 
W: Sdm-2014: Feedback mux created for signal 'ip_head[3] [7]'. It is possible a async set/reset assignment for this is signal missing. To improve timing and area, specify a set/reset value. 
W: Sdm-2014: Feedback mux created for signal 'ip_head[3] [8]'. It is possible a async set/reset assignment for this is signal missing. To improve timing and area, specify a set/reset value. 
W: Sdm-2014: Feedback mux created for signal 'ip_head[3] [9]'. It is possible a async set/reset assignment for this is signal missing. To improve timing and area, specify a set/reset value. 
W: Sdm-2014: Feedback mux created for signal 'ip_head[3] [10]'. It is possible a async set/reset assignment for this is signal missing. To improve timing and area, specify a set/reset value. 
W: Sdm-2014: Feedback mux created for signal 'ip_head[3] [11]'. It is possible a async set/reset assignment for this is signal missing. To improve timing and area, specify a set/reset value. 
W: Sdm-2014: Feedback mux created for signal 'ip_head[3] [12]'. It is possible a async set/reset assignment for this is signal missing. To improve timing and area, specify a set/reset value. 
W: Sdm-2014: Feedback mux created for signal 'ip_head[3] [13]'. It is possible a async set/reset assignment for this is signal missing. To improve timing and area, specify a set/reset value. 
W: Sdm-2014: Feedback mux created for signal 'ip_head[3] [14]'. It is possible a async set/reset assignment for this is signal missing. To improve timing and area, specify a set/reset value. 
W: Sdm-2014: Feedback mux created for signal 'ip_head[3] [15]'. It is possible a async set/reset assignment for this is signal missing. To improve timing and area, specify a set/reset value. 
W: Sdm-2014: Feedback mux created for signal 'ip_head[3] [16]'. It is possible a async set/reset assignment for this is signal missing. To improve timing and area, specify a set/reset value. 
W: Sdm-2014: Feedback mux created for signal 'ip_head[3] [17]'. It is possible a async set/reset assignment for this is signal missing. To improve timing and area, specify a set/reset value. 
W: Sdm-2014: Feedback mux created for signal 'ip_head[3] [18]'. It is possible a async set/reset assignment for this is signal missing. To improve timing and area, specify a set/reset value. 
W: Sdm-2014: Feedback mux created for signal 'ip_head[3] [19]'. It is possible a async set/reset assignment for this is signal missing. To improve timing and area, specify a set/reset value. 
W: Sdm-2014: Feedback mux created for signal 'ip_head[3] [20]'. It is possible a async set/reset assignment for this is signal missing. To improve timing and area, specify a set/reset value. 
W: Sdm-2014: Feedback mux created for signal 'ip_head[3] [21]'. It is possible a async set/reset assignment for this is signal missing. To improve timing and area, specify a set/reset value. 
W: Sdm-2014: Feedback mux created for signal 'ip_head[3] [22]'. It is possible a async set/reset assignment for this is signal missing. To improve timing and area, specify a set/reset value. 
W: Sdm-2014: Feedback mux created for signal 'ip_head[3] [23]'. It is possible a async set/reset assignment for this is signal missing. To improve timing and area, specify a set/reset value. 
W: Sdm-2014: Feedback mux created for signal 'ip_head[3] [24]'. It is possible a async set/reset assignment for this is signal missing. To improve timing and area, specify a set/reset value. 
W: Sdm-2014: Feedback mux created for signal 'ip_head[3] [25]'. It is possible a async set/reset assignment for this is signal missing. To improve timing and area, specify a set/reset value. 
W: Sdm-2014: Feedback mux created for signal 'ip_head[3] [26]'. It is possible a async set/reset assignment for this is signal missing. To improve timing and area, specify a set/reset value. 
W: Sdm-2014: Feedback mux created for signal 'ip_head[3] [27]'. It is possible a async set/reset assignment for this is signal missing. To improve timing and area, specify a set/reset value. 
W: Sdm-2014: Feedback mux created for signal 'ip_head[3] [28]'. It is possible a async set/reset assignment for this is signal missing. To improve timing and area, specify a set/reset value. 
W: Sdm-2014: Feedback mux created for signal 'ip_head[3] [29]'. It is possible a async set/reset assignment for this is signal missing. To improve timing and area, specify a set/reset value. 
W: Sdm-2014: Feedback mux created for signal 'ip_head[3] [30]'. It is possible a async set/reset assignment for this is signal missing. To improve timing and area, specify a set/reset value. 
W: Sdm-2014: Feedback mux created for signal 'ip_head[3] [31]'. It is possible a async set/reset assignment for this is signal missing. To improve timing and area, specify a set/reset value. 
W: Sdm-2014: Feedback mux created for signal 'ip_head[4] [0]'. It is possible a async set/reset assignment for this is signal missing. To improve timing and area, specify a set/reset value. 
W: Sdm-2014: Feedback mux created for signal 'ip_head[4] [1]'. It is possible a async set/reset assignment for this is signal missing. To improve timing and area, specify a set/reset value. 
W: Sdm-2014: Feedback mux created for signal 'ip_head[4] [2]'. It is possible a async set/reset assignment for this is signal missing. To improve timing and area, specify a set/reset value. 
W: Sdm-2014: Feedback mux created for signal 'ip_head[4] [3]'. It is possible a async set/reset assignment for this is signal missing. To improve timing and area, specify a set/reset value. 
W: Sdm-2014: Feedback mux created for signal 'ip_head[4] [4]'. It is possible a async set/reset assignment for this is signal missing. To improve timing and area, specify a set/reset value. 
W: Sdm-2014: Feedback mux created for signal 'ip_head[4] [5]'. It is possible a async set/reset assignment for this is signal missing. To improve timing and area, specify a set/reset value. 
W: Sdm-2014: Feedback mux created for signal 'ip_head[4] [6]'. It is possible a async set/reset assignment for this is signal missing. To improve timing and area, specify a set/reset value. 
W: Sdm-2014: Feedback mux created for signal 'ip_head[4] [7]'. It is possible a async set/reset assignment for this is signal missing. To improve timing and area, specify a set/reset value. 
W: Sdm-2014: Feedback mux created for signal 'ip_head[4] [8]'. It is possible a async set/reset assignment for this is signal missing. To improve timing and area, specify a set/reset value. 
W: Sdm-2014: Feedback mux created for signal 'ip_head[4] [9]'. It is possible a async set/reset assignment for this is signal missing. To improve timing and area, specify a set/reset value. 
W: Sdm-2014: Feedback mux created for signal 'ip_head[4] [10]'. It is possible a async set/reset assignment for this is signal missing. To improve timing and area, specify a set/reset value. 
W: Sdm-2014: Feedback mux created for signal 'ip_head[4] [11]'. It is possible a async set/reset assignment for this is signal missing. To improve timing and area, specify a set/reset value. 
W: Sdm-2014: Feedback mux created for signal 'ip_head[4] [12]'. It is possible a async set/reset assignment for this is signal missing. To improve timing and area, specify a set/reset value. 
W: Sdm-2014: Feedback mux created for signal 'ip_head[4] [13]'. It is possible a async set/reset assignment for this is signal missing. To improve timing and area, specify a set/reset value. 
W: Sdm-2014: Feedback mux created for signal 'ip_head[4] [14]'. It is possible a async set/reset assignment for this is signal missing. To improve timing and area, specify a set/reset value. 
W: Sdm-2014: Feedback mux created for signal 'ip_head[4] [15]'. It is possible a async set/reset assignment for this is signal missing. To improve timing and area, specify a set/reset value. 
W: Sdm-2014: Feedback mux created for signal 'ip_head[4] [16]'. It is possible a async set/reset assignment for this is signal missing. To improve timing and area, specify a set/reset value. 
W: Sdm-2014: Feedback mux created for signal 'ip_head[4] [17]'. It is possible a async set/reset assignment for this is signal missing. To improve timing and area, specify a set/reset value. 
W: Sdm-2014: Feedback mux created for signal 'ip_head[4] [18]'. It is possible a async set/reset assignment for this is signal missing. To improve timing and area, specify a set/reset value. 
W: Sdm-2014: Feedback mux created for signal 'ip_head[4] [19]'. It is possible a async set/reset assignment for this is signal missing. To improve timing and area, specify a set/reset value. 
W: Sdm-2014: Feedback mux created for signal 'ip_head[4] [20]'. It is possible a async set/reset assignment for this is signal missing. To improve timing and area, specify a set/reset value. 
W: Sdm-2014: Feedback mux created for signal 'ip_head[4] [21]'. It is possible a async set/reset assignment for this is signal missing. To improve timing and area, specify a set/reset value. 
W: Sdm-2014: Feedback mux created for signal 'ip_head[4] [22]'. It is possible a async set/reset assignment for this is signal missing. To improve timing and area, specify a set/reset value. 
W: Sdm-2014: Feedback mux created for signal 'ip_head[4] [23]'. It is possible a async set/reset assignment for this is signal missing. To improve timing and area, specify a set/reset value. 
W: Sdm-2014: Feedback mux created for signal 'ip_head[4] [24]'. It is possible a async set/reset assignment for this is signal missing. To improve timing and area, specify a set/reset value. 
W: Sdm-2014: Feedback mux created for signal 'ip_head[4] [25]'. It is possible a async set/reset assignment for this is signal missing. To improve timing and area, specify a set/reset value. 
W: Sdm-2014: Feedback mux created for signal 'ip_head[4] [26]'. It is possible a async set/reset assignment for this is signal missing. To improve timing and area, specify a set/reset value. 
W: Sdm-2014: Feedback mux created for signal 'ip_head[4] [27]'. It is possible a async set/reset assignment for this is signal missing. To improve timing and area, specify a set/reset value. 
W: Sdm-2014: Feedback mux created for signal 'ip_head[4] [28]'. It is possible a async set/reset assignment for this is signal missing. To improve timing and area, specify a set/reset value. 
W: Sdm-2014: Feedback mux created for signal 'ip_head[4] [29]'. It is possible a async set/reset assignment for this is signal missing. To improve timing and area, specify a set/reset value. 
W: Sdm-2014: Feedback mux created for signal 'ip_head[4] [30]'. It is possible a async set/reset assignment for this is signal missing. To improve timing and area, specify a set/reset value. 
W: Sdm-2014: Feedback mux created for signal 'ip_head[4] [31]'. It is possible a async set/reset assignment for this is signal missing. To improve timing and area, specify a set/reset value. 
W: Sdm-2014: Feedback mux created for signal 'ip_head[5] [0]'. It is possible a async set/reset assignment for this is signal missing. To improve timing and area, specify a set/reset value. 
W: Sdm-2014: Feedback mux created for signal 'ip_head[5] [1]'. It is possible a async set/reset assignment for this is signal missing. To improve timing and area, specify a set/reset value. 
W: Sdm-2014: Feedback mux created for signal 'ip_head[5] [2]'. It is possible a async set/reset assignment for this is signal missing. To improve timing and area, specify a set/reset value. 
W: Sdm-2014: Feedback mux created for signal 'ip_head[5] [3]'. It is possible a async set/reset assignment for this is signal missing. To improve timing and area, specify a set/reset value. 
W: Sdm-2014: Feedback mux created for signal 'ip_head[5] [4]'. It is possible a async set/reset assignment for this is signal missing. To improve timing and area, specify a set/reset value. 
W: Sdm-2014: Feedback mux created for signal 'ip_head[5] [5]'. It is possible a async set/reset assignment for this is signal missing. To improve timing and area, specify a set/reset value. 
W: Sdm-2014: Feedback mux created for signal 'ip_head[5] [6]'. It is possible a async set/reset assignment for this is signal missing. To improve timing and area, specify a set/reset value. 
W: Sdm-2014: Feedback mux created for signal 'ip_head[5] [7]'. It is possible a async set/reset assignment for this is signal missing. To improve timing and area, specify a set/reset value. 
W: Sdm-2014: Feedback mux created for signal 'ip_head[5] [8]'. It is possible a async set/reset assignment for this is signal missing. To improve timing and area, specify a set/reset value. 
W: Sdm-2014: Feedback mux created for signal 'ip_head[5] [9]'. It is possible a async set/reset assignment for this is signal missing. To improve timing and area, specify a set/reset value. 
W: Sdm-2014: Feedback mux created for signal 'ip_head[5] [10]'. It is possible a async set/reset assignment for this is signal missing. To improve timing and area, specify a set/reset value. 
W: Sdm-2014: Feedback mux created for signal 'ip_head[5] [11]'. It is possible a async set/reset assignment for this is signal missing. To improve timing and area, specify a set/reset value. 
W: Sdm-2014: Feedback mux created for signal 'ip_head[5] [12]'. It is possible a async set/reset assignment for this is signal missing. To improve timing and area, specify a set/reset value. 
W: Sdm-2014: Feedback mux created for signal 'ip_head[5] [13]'. It is possible a async set/reset assignment for this is signal missing. To improve timing and area, specify a set/reset value. 
W: Sdm-2014: Feedback mux created for signal 'ip_head[5] [14]'. It is possible a async set/reset assignment for this is signal missing. To improve timing and area, specify a set/reset value. 
W: Sdm-2014: Feedback mux created for signal 'ip_head[5] [15]'. It is possible a async set/reset assignment for this is signal missing. To improve timing and area, specify a set/reset value. 
W: Sdm-2014: Feedback mux created for signal 'ip_head[5] [16]'. It is possible a async set/reset assignment for this is signal missing. To improve timing and area, specify a set/reset value. 
W: Sdm-2014: Feedback mux created for signal 'ip_head[5] [17]'. It is possible a async set/reset assignment for this is signal missing. To improve timing and area, specify a set/reset value. 
W: Sdm-2014: Feedback mux created for signal 'ip_head[5] [18]'. It is possible a async set/reset assignment for this is signal missing. To improve timing and area, specify a set/reset value. 
W: Sdm-2014: Feedback mux created for signal 'ip_head[5] [19]'. It is possible a async set/reset assignment for this is signal missing. To improve timing and area, specify a set/reset value. 
W: Sdm-2014: Feedback mux created for signal 'ip_head[5] [20]'. It is possible a async set/reset assignment for this is signal missing. To improve timing and area, specify a set/reset value. 
W: Sdm-2014: Feedback mux created for signal 'ip_head[5] [21]'. It is possible a async set/reset assignment for this is signal missing. To improve timing and area, specify a set/reset value. 
W: Sdm-2014: Feedback mux created for signal 'ip_head[5] [22]'. It is possible a async set/reset assignment for this is signal missing. To improve timing and area, specify a set/reset value. 
W: Sdm-2014: Feedback mux created for signal 'ip_head[5] [23]'. It is possible a async set/reset assignment for this is signal missing. To improve timing and area, specify a set/reset value. 
W: Sdm-2014: Feedback mux created for signal 'ip_head[5] [24]'. It is possible a async set/reset assignment for this is signal missing. To improve timing and area, specify a set/reset value. 
W: Sdm-2014: Feedback mux created for signal 'ip_head[5] [25]'. It is possible a async set/reset assignment for this is signal missing. To improve timing and area, specify a set/reset value. 
W: Sdm-2014: Feedback mux created for signal 'ip_head[5] [26]'. It is possible a async set/reset assignment for this is signal missing. To improve timing and area, specify a set/reset value. 
W: Sdm-2014: Feedback mux created for signal 'ip_head[5] [27]'. It is possible a async set/reset assignment for this is signal missing. To improve timing and area, specify a set/reset value. 
W: Sdm-2014: Feedback mux created for signal 'ip_head[5] [28]'. It is possible a async set/reset assignment for this is signal missing. To improve timing and area, specify a set/reset value. 
W: Sdm-2014: Feedback mux created for signal 'ip_head[5] [29]'. It is possible a async set/reset assignment for this is signal missing. To improve timing and area, specify a set/reset value. 
W: Sdm-2014: Feedback mux created for signal 'ip_head[5] [30]'. It is possible a async set/reset assignment for this is signal missing. To improve timing and area, specify a set/reset value. 
W: Sdm-2014: Feedback mux created for signal 'ip_head[5] [31]'. It is possible a async set/reset assignment for this is signal missing. To improve timing and area, specify a set/reset value. 
W: Sdm-2014: Feedback mux created for signal 'ip_head[6] [0]'. It is possible a async set/reset assignment for this is signal missing. To improve timing and area, specify a set/reset value. 
W: Sdm-2014: Feedback mux created for signal 'ip_head[6] [1]'. It is possible a async set/reset assignment for this is signal missing. To improve timing and area, specify a set/reset value. 
W: Sdm-2014: Feedback mux created for signal 'ip_head[6] [2]'. It is possible a async set/reset assignment for this is signal missing. To improve timing and area, specify a set/reset value. 
W: Sdm-2014: Feedback mux created for signal 'ip_head[6] [3]'. It is possible a async set/reset assignment for this is signal missing. To improve timing and area, specify a set/reset value. 
W: Sdm-2014: Feedback mux created for signal 'ip_head[6] [4]'. It is possible a async set/reset assignment for this is signal missing. To improve timing and area, specify a set/reset value. 
W: Sdm-2014: Feedback mux created for signal 'ip_head[6] [5]'. It is possible a async set/reset assignment for this is signal missing. To improve timing and area, specify a set/reset value. 
W: Sdm-2014: Feedback mux created for signal 'ip_head[6] [6]'. It is possible a async set/reset assignment for this is signal missing. To improve timing and area, specify a set/reset value. 
W: Sdm-2014: Feedback mux created for signal 'ip_head[6] [7]'. It is possible a async set/reset assignment for this is signal missing. To improve timing and area, specify a set/reset value. 
W: Sdm-2014: Feedback mux created for signal 'ip_head[6] [8]'. It is possible a async set/reset assignment for this is signal missing. To improve timing and area, specify a set/reset value. 
W: Sdm-2014: Feedback mux created for signal 'ip_head[6] [9]'. It is possible a async set/reset assignment for this is signal missing. To improve timing and area, specify a set/reset value. 
W: Sdm-2014: Feedback mux created for signal 'ip_head[6] [10]'. It is possible a async set/reset assignment for this is signal missing. To improve timing and area, specify a set/reset value. 
W: Sdm-2014: Feedback mux created for signal 'ip_head[6] [11]'. It is possible a async set/reset assignment for this is signal missing. To improve timing and area, specify a set/reset value. 
W: Sdm-2014: Feedback mux created for signal 'ip_head[6] [12]'. It is possible a async set/reset assignment for this is signal missing. To improve timing and area, specify a set/reset value. 
W: Sdm-2014: Feedback mux created for signal 'ip_head[6] [13]'. It is possible a async set/reset assignment for this is signal missing. To improve timing and area, specify a set/reset value. 
W: Sdm-2014: Feedback mux created for signal 'ip_head[6] [14]'. It is possible a async set/reset assignment for this is signal missing. To improve timing and area, specify a set/reset value. 
W: Sdm-2014: Feedback mux created for signal 'ip_head[6] [15]'. It is possible a async set/reset assignment for this is signal missing. To improve timing and area, specify a set/reset value. 
W: Sdm-2014: Feedback mux created for signal 'ip_head[6] [16]'. It is possible a async set/reset assignment for this is signal missing. To improve timing and area, specify a set/reset value. 
W: Sdm-2014: Feedback mux created for signal 'ip_head[6] [17]'. It is possible a async set/reset assignment for this is signal missing. To improve timing and area, specify a set/reset value. 
W: Sdm-2014: Feedback mux created for signal 'ip_head[6] [18]'. It is possible a async set/reset assignment for this is signal missing. To improve timing and area, specify a set/reset value. 
W: Sdm-2014: Feedback mux created for signal 'ip_head[6] [19]'. It is possible a async set/reset assignment for this is signal missing. To improve timing and area, specify a set/reset value. 
W: Sdm-2014: Feedback mux created for signal 'ip_head[6] [20]'. It is possible a async set/reset assignment for this is signal missing. To improve timing and area, specify a set/reset value. 
W: Sdm-2014: Feedback mux created for signal 'ip_head[6] [21]'. It is possible a async set/reset assignment for this is signal missing. To improve timing and area, specify a set/reset value. 
W: Sdm-2014: Feedback mux created for signal 'ip_head[6] [22]'. It is possible a async set/reset assignment for this is signal missing. To improve timing and area, specify a set/reset value. 
W: Sdm-2014: Feedback mux created for signal 'ip_head[6] [23]'. It is possible a async set/reset assignment for this is signal missing. To improve timing and area, specify a set/reset value. 
W: Sdm-2014: Feedback mux created for signal 'ip_head[6] [24]'. It is possible a async set/reset assignment for this is signal missing. To improve timing and area, specify a set/reset value. 
W: Sdm-2014: Feedback mux created for signal 'ip_head[6] [25]'. It is possible a async set/reset assignment for this is signal missing. To improve timing and area, specify a set/reset value. 
W: Sdm-2014: Feedback mux created for signal 'ip_head[6] [26]'. It is possible a async set/reset assignment for this is signal missing. To improve timing and area, specify a set/reset value. 
W: Sdm-2014: Feedback mux created for signal 'ip_head[6] [27]'. It is possible a async set/reset assignment for this is signal missing. To improve timing and area, specify a set/reset value. 
W: Sdm-2014: Feedback mux created for signal 'ip_head[6] [28]'. It is possible a async set/reset assignment for this is signal missing. To improve timing and area, specify a set/reset value. 
W: Sdm-2014: Feedback mux created for signal 'ip_head[6] [29]'. It is possible a async set/reset assignment for this is signal missing. To improve timing and area, specify a set/reset value. 
I: Removed inst tx_done that is redundant to crc_clr.
Executing : DFF-inference successfully.
Executing : rtl-infer successfully. Time elapsed: 8.260s wall, 3.625s user + 3.469s system = 7.094s CPU (85.9%)

Start rtl-control-opt.
W: Loop was found during constant probe.
W: Loop was found during constant probe.
W: Loop was found during constant probe.
W: Loop was found during constant probe.
W: Loop was found during constant probe.
W: Loop was found during constant probe.
W: Loop was found during constant probe.
W: Loop was found during constant probe.
W: Loop was found during constant probe.
W: Loop was found during constant probe.
W: Loop was found during constant probe.
W: Loop was found during constant probe.
W: Loop was found during constant probe.
W: Loop was found during constant probe.
W: Loop was found during constant probe.
W: Loop was found during constant probe.
W: Loop was found during constant probe.
W: Loop was found during constant probe.
W: Loop was found during constant probe.
W: Loop was found during constant probe.
W: Loop was found during constant probe.
W: Loop was found during constant probe.
W: Loop was found during constant probe.
W: Loop was found during constant probe.
W: Loop was found during constant probe.
W: Loop was found during constant probe.
W: Loop was found during constant probe.
W: Loop was found during constant probe.
W: Loop was found during constant probe.
W: Loop was found during constant probe.
W: Loop was found during constant probe.
W: Loop was found during constant probe.
W: Loop was found during constant probe.
W: Loop was found during constant probe.
W: Loop was found during constant probe.
W: Loop was found during constant probe.
W: Loop was found during constant probe.
W: Loop was found during constant probe.
W: Loop was found during constant probe.
W: Loop was found during constant probe.
W: Loop was found during constant probe.
W: Loop was found during constant probe.
W: Loop was found during constant probe.
W: Loop was found during constant probe.
W: Loop was found during constant probe.
W: Loop was found during constant probe.
Executing : rtl-control-opt successfully. Time elapsed: 0.033s wall, 0.016s user + 0.000s system = 0.016s CPU (47.8%)

Start rtl-data-opt.
W: Loop was found during constant probe.
W: Loop was found during constant probe.
W: Loop was found during constant probe.
W: Loop was found during constant probe.
W: Loop was found during constant probe.
W: Loop was found during constant probe.
W: Loop was found during constant probe.
W: Loop was found during constant probe.
W: Loop was found during constant probe.
W: Loop was found during constant probe.
W: Loop was found during constant probe.
W: Loop was found during constant probe.
W: Loop was found during constant probe.
W: Loop was found during constant probe.
W: Loop was found during constant probe.
W: Loop was found during constant probe.
W: Loop was found during constant probe.
W: Loop was found during constant probe.
W: Loop was found during constant probe.
W: Loop was found during constant probe.
W: Loop was found during constant probe.
W: Loop was found during constant probe.
W: Loop was found during constant probe.
W: Loop was found during constant probe.
W: Loop was found during constant probe.
W: Loop was found during constant probe.
W: Loop was found during constant probe.
W: Loop was found during constant probe.
W: Loop was found during constant probe.
W: Loop was found during constant probe.
W: Loop was found during constant probe.
W: Loop was found during constant probe.
W: Loop was found during constant probe.
W: Loop was found during constant probe.
W: Loop was found during constant probe.
W: Loop was found during constant probe.
W: Loop was found during constant probe.
W: Loop was found during constant probe.
W: Loop was found during constant probe.
W: Loop was found during constant probe.
W: Loop was found during constant probe.
W: Loop was found during constant probe.
W: Loop was found during constant probe.
W: Loop was found during constant probe.
W: Loop was found during constant probe.
W: Loop was found during constant probe.
W: Loop was found during constant probe.
W: Loop was found during constant probe.
W: Loop was found during constant probe.
W: Loop was found during constant probe.
W: Loop was found during constant probe.
W: Loop was found during constant probe.
W: Loop was found during constant probe.
W: Loop was found during constant probe.
W: Loop was found during constant probe.
W: Loop was found during constant probe.
W: Loop was found during constant probe.
W: Loop was found during constant probe.
W: Loop was found during constant probe.
W: Loop was found during constant probe.
W: Loop was found during constant probe.
W: Loop was found during constant probe.
W: Loop was found during constant probe.
W: Loop was found during constant probe.
W: Loop was found during constant probe.
W: Loop was found during constant probe.
W: Loop was found during constant probe.
W: Loop was found during constant probe.
W: Loop was found during constant probe.
W: Loop was found during constant probe.
W: Loop was found during constant probe.
W: Loop was found during constant probe.
W: Loop was found during constant probe.
W: Loop was found during constant probe.
W: Loop was found during constant probe.
W: Loop was found during constant probe.
W: Loop was found during constant probe.
Executing : rtl-data-opt successfully. Time elapsed: 0.197s wall, 0.203s user + 0.000s system = 0.203s CPU (103.0%)

Start FSM inference.
I: FSM protocol_sw_fsm[1:0] inferred.
FSM protocol_sw_fsm[1:0] STG:
Number of reachable states: 3
Input nets: N93 N95 udp_tx_start_en 
S0(00)-->S0(00): x1x
S1(01)-->S0(00): x1x
S2(10)-->S0(00): x1x
S0(00)-->S1(01): xx1
S1(01)-->S1(01): xx1
S2(10)-->S1(01): xx1
S0(00)-->S2(10): 1xx
S1(01)-->S2(10): 1xx
S2(10)-->S2(10): 1xx

I: FSM cur_state_fsm[4:0] inferred.
FSM cur_state_fsm[4:0] STG:
Number of reachable states: 5
Input nets: error_en skip_en 
S0(00001)-->S1(00010): x1
S0(00001)-->S0(00001): x0
S1(00010)-->S1(00010): 00
S1(00010)-->S2(00100): x1
S1(00010)-->S4(10000): 10
S2(00100)-->S2(00100): 00
S2(00100)-->S3(01000): x1
S2(00100)-->S4(10000): 10
S3(01000)-->S3(01000): 00
S3(01000)-->S4(10000): 1x
S3(01000)-->S4(10000): x1
S4(10000)-->S4(10000): x0
S4(10000)-->S0(00001): x1

I: FSM cur_state_fsm[4:0] inferred.
FSM cur_state_fsm[4:0] STG:
Number of reachable states: 5
Input nets: skip_en 
S0(00001)-->S1(00010): 1
S0(00001)-->S0(00001): 0
S1(00010)-->S1(00010): 0
S1(00010)-->S2(00100): 1
S2(00100)-->S2(00100): 0
S2(00100)-->S3(01000): 1
S3(01000)-->S3(01000): 0
S3(01000)-->S4(10000): 1
S4(10000)-->S4(10000): 0
S4(10000)-->S0(00001): 1

I: FSM cur_state_fsm[6:0] inferred.
FSM cur_state_fsm[6:0] STG:
Number of reachable states: 7
Input nets: error_en skip_en 
S0(0000001)-->S1(0000010): x1
S1(0000010)-->S1(0000010): 00
S1(0000010)-->S2(0000100): x1
S1(0000010)-->S6(1000000): 10
S2(0000100)-->S2(0000100): 00
S2(0000100)-->S3(0001000): x1
S2(0000100)-->S6(1000000): 10
S3(0001000)-->S3(0001000): 00
S3(0001000)-->S4(0010000): x1
S3(0001000)-->S6(1000000): 10
S4(0010000)-->S4(0010000): 00
S4(0010000)-->S5(0100000): x1
S4(0010000)-->S6(1000000): 10
S5(0100000)-->S5(0100000): x0
S5(0100000)-->S6(1000000): x1
S6(1000000)-->S6(1000000): x0
S6(1000000)-->S0(0000001): x1
S0(0000001)-->S0(0000001): x0

I: FSM cur_state_fsm[7:0] inferred.
FSM cur_state_fsm[7:0] STG:
Number of reachable states: 8
Input nets: skip_en 
S0(00000001)-->S1(00000010): 1
S0(00000001)-->S0(00000001): 0
S1(00000010)-->S1(00000010): 0
S1(00000010)-->S2(00000100): 1
S2(00000100)-->S2(00000100): 0
S2(00000100)-->S3(00001000): 1
S3(00001000)-->S3(00001000): 0
S3(00001000)-->S4(00010000): 1
S4(00010000)-->S4(00010000): 0
S4(00010000)-->S5(00100000): 1
S5(00100000)-->S5(00100000): 0
S5(00100000)-->S6(01000000): 1
S6(01000000)-->S6(01000000): 0
S6(01000000)-->S7(10000000): 1
S7(10000000)-->S7(10000000): 0
S7(10000000)-->S0(00000001): 1

W: Loop was found during constant probe.
W: Loop was found during constant probe.
W: Loop was found during constant probe.
W: Loop was found during constant probe.
W: Loop was found during constant probe.
W: Loop was found during constant probe.
I: FSM cur_state_fsm[6:0] inferred.
FSM cur_state_fsm[6:0] STG:
Number of reachable states: 7
Input nets: error_en skip_en 
S0(0000001)-->S1(0000010): x1
S1(0000010)-->S1(0000010): 00
S1(0000010)-->S2(0000100): x1
S1(0000010)-->S6(1000000): 10
S2(0000100)-->S2(0000100): 00
S2(0000100)-->S3(0001000): x1
S2(0000100)-->S6(1000000): 10
S3(0001000)-->S3(0001000): 00
S3(0001000)-->S4(0010000): x1
S3(0001000)-->S6(1000000): 10
S4(0010000)-->S4(0010000): x0
S4(0010000)-->S5(0100000): x1
S5(0100000)-->S5(0100000): x0
S5(0100000)-->S6(1000000): x1
S6(1000000)-->S6(1000000): x0
S6(1000000)-->S0(0000001): x1
S0(0000001)-->S0(0000001): x0

I: FSM cur_state_fsm[6:0] inferred.
FSM cur_state_fsm[6:0] STG:
Number of reachable states: 7
Input nets: skip_en 
S0(0000001)-->S1(0000010): 1
S0(0000001)-->S0(0000001): 0
S1(0000010)-->S1(0000010): 0
S1(0000010)-->S2(0000100): 1
S2(0000100)-->S2(0000100): 0
S2(0000100)-->S3(0001000): 1
S3(0001000)-->S3(0001000): 0
S3(0001000)-->S4(0010000): 1
S4(0010000)-->S4(0010000): 0
S4(0010000)-->S5(0100000): 1
S5(0100000)-->S5(0100000): 0
S5(0100000)-->S6(1000000): 1
S6(1000000)-->S6(1000000): 0
S6(1000000)-->S0(0000001): 1

W: Loop was found during constant probe.
W: Loop was found during constant probe.
W: Loop was found during constant probe.
W: Loop was found during constant probe.
W: Loop was found during constant probe.
Executing : FSM inference successfully. Time elapsed: 0.142s wall, 0.094s user + 0.047s system = 0.141s CPU (98.9%)

Start sdm2adm.
I: Constant propagation done on N89_11 (bmsREDXOR).
I: Constant propagation done on N79 (bmsREDXOR).
I: Constant propagation done on N29 (bmsREDXOR).
I: Constant propagation done on N34 (bmsREDXOR).
I: Constant propagation done on N39 (bmsREDXOR).
I: Constant propagation done on N44 (bmsREDXOR).
I: Constant propagation done on N49 (bmsREDXOR).
I: Constant propagation done on N54 (bmsREDXOR).
I: Constant propagation done on N59 (bmsREDXOR).
I: Constant propagation done on N64 (bmsREDXOR).
W: Loop was found during constant probe.
W: Loop was found during constant probe.
W: Loop was found during constant probe.
W: Loop was found during constant probe.
W: Loop was found during constant probe.
W: Loop was found during constant probe.
W: Loop was found during constant probe.
W: Loop was found during constant probe.
W: Loop was found during constant probe.
W: Loop was found during constant probe.
W: Loop was found during constant probe.
W: Loop was found during constant probe.
W: Loop was found during constant probe.
W: Loop was found during constant probe.
W: Loop was found during constant probe.
W: Loop was found during constant probe.
W: Loop was found during constant probe.
W: Loop was found during constant probe.
W: Loop was found during constant probe.
W: Loop was found during constant probe.
W: Loop was found during constant probe.
W: Loop was found during constant probe.
W: Loop was found during constant probe.
W: Loop was found during constant probe.
W: Loop was found during constant probe.
W: Loop was found during constant probe.
W: Loop was found during constant probe.
W: Loop was found during constant probe.
W: Loop was found during constant probe.
W: Loop was found during constant probe.
W: Loop was found during constant probe.
W: Loop was found during constant probe.
W: Loop was found during constant probe.
W: Loop was found during constant probe.
W: Loop was found during constant probe.
W: Loop was found during constant probe.
W: Loop was found during constant probe.
W: Loop was found during constant probe.
W: Loop was found during constant probe.
W: Loop was found during constant probe.
W: Loop was found during constant probe.
W: Loop was found during constant probe.
Executing : sdm2adm successfully. Time elapsed: 0.168s wall, 0.141s user + 0.016s system = 0.156s CPU (93.3%)

Saving design to DB.
Action compile: Real time elapsed is 0h:0m:15s
Action compile: CPU time elapsed is 0h:0m:6s
Action compile: Process CPU time elapsed is 0h:0m:6s
Current time: Wed Jan 31 20:25:45 2024
Action compile: Peak memory pool usage is 154 MB
Action from compile to compile: Total Real Time elapsed is 0h:0m:15s
Action from compile to compile: Total CPU time elapsed is 0h:0m:6s
Action from compile to compile: Total Process CPU Time elapsed is 0h:0m:6s
Process "Compile" done.


Process "Synthesize" started.
Current time: Wed Jan 31 20:25:46 2024
Compiling architecture definition.
Analyzing project file 'C:/Users/VIDEO/Desktop/52_eth_udp_loop/prj/eth_udp_loop.pds'.
License checkout: fabric_ads from C:\pango\license\new_pds_584120290F2C.lic
Compiling verification operator library.
Compiling common defs.
Loading technology operator library.
Compiling technology operator library.
Compiling technology operator (valence) library.
Reading design from compile DB
Reading design from compile DB successfully.
NOTE: The technology fpga was specified.
NOTE: delay_model specified was generic_cmos.
NOTE: Using the fpga syntax tables...
Totals:
 Calls to malloc = 0
 Calls to calloc = 148538

Constraint check start.
Compiling prim grid devices.
Building architecture model.
Loading device packaging model.
Building architecture floorplan logic view.
Executing : get_ports eth_rxc
Executing : get_ports eth_rxc successfully.
Executing : create_clock -name eth_rxc [get_ports eth_rxc] -period 8 -waveform {0.000 4.000}
Executing : create_clock -name eth_rxc [get_ports eth_rxc] -period 8 -waveform {0.000 4.000} successfully.
Executing : get_ports sys_clk
Executing : get_ports sys_clk successfully.
Executing : create_clock -name sys_clk [get_ports sys_clk] -period 20 -waveform {0.000 10.000}
Executing : create_clock -name sys_clk [get_ports sys_clk] -period 20 -waveform {0.000 10.000} successfully.
C: ConstraintEditor-2002: [C:/Users/VIDEO/Desktop/52_eth_udp_loop/prj/eth_udp_loop.fdc(line number: 94)] | Port eth_txd[2] has been placed at location T20, whose type is share pin.
C: ConstraintEditor-2002: [C:/Users/VIDEO/Desktop/52_eth_udp_loop/prj/eth_udp_loop.fdc(line number: 101)] | Port eth_txd[1] has been placed at location W21, whose type is share pin.
C: ConstraintEditor-2002: [C:/Users/VIDEO/Desktop/52_eth_udp_loop/prj/eth_udp_loop.fdc(line number: 108)] | Port eth_txd[0] has been placed at location W22, whose type is share pin.
C: ConstraintEditor-2002: [C:/Users/VIDEO/Desktop/52_eth_udp_loop/prj/eth_udp_loop.fdc(line number: 120)] | Port eth_rxd[2] has been placed at location AB22, whose type is share pin.
C: ConstraintEditor-2002: [C:/Users/VIDEO/Desktop/52_eth_udp_loop/prj/eth_udp_loop.fdc(line number: 125)] | Port eth_rxd[1] has been placed at location AB21, whose type is share pin.
C: ConstraintEditor-2002: [C:/Users/VIDEO/Desktop/52_eth_udp_loop/prj/eth_udp_loop.fdc(line number: 130)] | Port eth_rxd[0] has been placed at location Y22, whose type is share pin.
C: ConstraintEditor-2002: [C:/Users/VIDEO/Desktop/52_eth_udp_loop/prj/eth_udp_loop.fdc(line number: 135)] | Port eth_rst_n has been placed at location N20, whose type is share pin.
Constraint check end.

Start pre-mapping.
I: Encoding type of FSM 'cur_state_fsm[6:0]' is: onehot.
I: Encoding table of FSM 'cur_state_fsm[6:0]':
I: from  u_icmp/u_icmp_rx/cur_state[6] u_icmp/u_icmp_rx/cur_state[5] u_icmp/u_icmp_rx/cur_state[4] u_icmp/u_icmp_rx/cur_state[3] u_icmp/u_icmp_rx/cur_state[2] u_icmp/u_icmp_rx/cur_state[1] u_icmp/u_icmp_rx/cur_state[0]
I: to  u_icmp/u_icmp_rx/cur_state_reg[6] u_icmp/u_icmp_rx/cur_state_reg[5] u_icmp/u_icmp_rx/cur_state_reg[4] u_icmp/u_icmp_rx/cur_state_reg[3] u_icmp/u_icmp_rx/cur_state_reg[2] u_icmp/u_icmp_rx/cur_state_reg[1] u_icmp/u_icmp_rx/cur_state_reg[0]
I: 0000001 => 0000001
I: 0000010 => 0000010
I: 0000100 => 0000100
I: 0001000 => 0001000
I: 0010000 => 0010000
I: 0100000 => 0100000
I: 1000000 => 1000000
I: Encoding type of FSM 'protocol_sw_fsm[1:0]' is: onehot.
I: Encoding table of FSM 'protocol_sw_fsm[1:0]':
I: from  u_eth_ctrl/protocol_sw[1] u_eth_ctrl/protocol_sw[0]
I: to  u_eth_ctrl/protocol_sw_reg[2] u_eth_ctrl/protocol_sw_reg[1] u_eth_ctrl/protocol_sw_reg[0]
I: 00 => 001
I: 01 => 010
I: 10 => 100
I: Encoding type of FSM 'cur_state_fsm[7:0]' is: onehot.
I: Encoding table of FSM 'cur_state_fsm[7:0]':
I: from  u_icmp/u_icmp_tx/cur_state[7] u_icmp/u_icmp_tx/cur_state[6] u_icmp/u_icmp_tx/cur_state[5] u_icmp/u_icmp_tx/cur_state[4] u_icmp/u_icmp_tx/cur_state[3] u_icmp/u_icmp_tx/cur_state[2] u_icmp/u_icmp_tx/cur_state[1] u_icmp/u_icmp_tx/cur_state[0]
I: to  u_icmp/u_icmp_tx/cur_state_reg[7] u_icmp/u_icmp_tx/cur_state_reg[6] u_icmp/u_icmp_tx/cur_state_reg[5] u_icmp/u_icmp_tx/cur_state_reg[4] u_icmp/u_icmp_tx/cur_state_reg[3] u_icmp/u_icmp_tx/cur_state_reg[2] u_icmp/u_icmp_tx/cur_state_reg[1] u_icmp/u_icmp_tx/cur_state_reg[0]
I: 00000001 => 00000001
I: 00000010 => 00000010
I: 00000100 => 00000100
I: 00001000 => 00001000
I: 00010000 => 00010000
I: 00100000 => 00100000
I: 01000000 => 01000000
I: 10000000 => 10000000
I: Encoding type of FSM 'cur_state_fsm[6:0]' is: onehot.
I: Encoding table of FSM 'cur_state_fsm[6:0]':
I: from  u_udp/u_udp_rx/cur_state[6] u_udp/u_udp_rx/cur_state[5] u_udp/u_udp_rx/cur_state[4] u_udp/u_udp_rx/cur_state[3] u_udp/u_udp_rx/cur_state[2] u_udp/u_udp_rx/cur_state[1] u_udp/u_udp_rx/cur_state[0]
I: to  u_udp/u_udp_rx/cur_state_reg[6] u_udp/u_udp_rx/cur_state_reg[5] u_udp/u_udp_rx/cur_state_reg[4] u_udp/u_udp_rx/cur_state_reg[3] u_udp/u_udp_rx/cur_state_reg[2] u_udp/u_udp_rx/cur_state_reg[1] u_udp/u_udp_rx/cur_state_reg[0]
I: 0000001 => 0000001
I: 0000010 => 0000010
I: 0000100 => 0000100
I: 0001000 => 0001000
I: 0010000 => 0010000
I: 0100000 => 0100000
I: 1000000 => 1000000
I: Encoding type of FSM 'cur_state_fsm[6:0]' is: onehot.
I: Encoding table of FSM 'cur_state_fsm[6:0]':
I: from  u_udp/u_udp_tx/cur_state[6] u_udp/u_udp_tx/cur_state[5] u_udp/u_udp_tx/cur_state[4] u_udp/u_udp_tx/cur_state[3] u_udp/u_udp_tx/cur_state[2] u_udp/u_udp_tx/cur_state[1] u_udp/u_udp_tx/cur_state[0]
I: to  u_udp/u_udp_tx/cur_state_reg[6] u_udp/u_udp_tx/cur_state_reg[5] u_udp/u_udp_tx/cur_state_reg[4] u_udp/u_udp_tx/cur_state_reg[3] u_udp/u_udp_tx/cur_state_reg[2] u_udp/u_udp_tx/cur_state_reg[1] u_udp/u_udp_tx/cur_state_reg[0]
I: 0000001 => 0000001
I: 0000010 => 0000010
I: 0000100 => 0000100
I: 0001000 => 0001000
I: 0010000 => 0010000
I: 0100000 => 0100000
I: 1000000 => 1000000
I: Encoding type of FSM 'cur_state_fsm[4:0]' is: onehot.
I: Encoding table of FSM 'cur_state_fsm[4:0]':
I: from  u_arp/u_arp_rx/cur_state[4] u_arp/u_arp_rx/cur_state[3] u_arp/u_arp_rx/cur_state[2] u_arp/u_arp_rx/cur_state[1] u_arp/u_arp_rx/cur_state[0]
I: to  u_arp/u_arp_rx/cur_state_reg[4] u_arp/u_arp_rx/cur_state_reg[3] u_arp/u_arp_rx/cur_state_reg[2] u_arp/u_arp_rx/cur_state_reg[1] u_arp/u_arp_rx/cur_state_reg[0]
I: 00001 => 00001
I: 00010 => 00010
I: 00100 => 00100
I: 01000 => 01000
I: 10000 => 10000
I: Encoding type of FSM 'cur_state_fsm[4:0]' is: onehot.
I: Encoding table of FSM 'cur_state_fsm[4:0]':
I: from  u_arp/u_arp_tx/cur_state[4] u_arp/u_arp_tx/cur_state[3] u_arp/u_arp_tx/cur_state[2] u_arp/u_arp_tx/cur_state[1] u_arp/u_arp_tx/cur_state[0]
I: to  u_arp/u_arp_tx/cur_state_reg[4] u_arp/u_arp_tx/cur_state_reg[3] u_arp/u_arp_tx/cur_state_reg[2] u_arp/u_arp_tx/cur_state_reg[1] u_arp/u_arp_tx/cur_state_reg[0]
I: 00001 => 00001
I: 00010 => 00010
I: 00100 => 00100
I: 01000 => 01000
I: 10000 => 10000
I: Constant propagation done on u_icmp/u_icmp_rx/N49 (bmsWIDEINV).
I: Constant propagation done on u_icmp/u_icmp_rx/N50 (bmsPMUX).
I: Constant propagation done on u_icmp/u_icmp_tx/N70 (bmsWIDEINV).
I: Constant propagation done on u_icmp/u_icmp_tx/N71 (bmsPMUX).
I: Constant propagation done on u_udp/u_udp_rx/N47 (bmsWIDEINV).
I: Constant propagation done on u_udp/u_udp_rx/N48 (bmsPMUX).
I: Constant propagation done on u_udp/u_udp_tx/N70 (bmsWIDEINV).
I: Constant propagation done on u_udp/u_udp_tx/N71 (bmsPMUX).
I: Constant propagation done on u_arp/u_arp_rx/N37 (bmsWIDEINV).
I: Constant propagation done on u_arp/u_arp_rx/N38 (bmsPMUX).
W: Removed bmsWIDEDFFCPE inst ip_head_byte_num[5:0] at 0 that is stuck at constant 0.
I: Removed bmsSUB inst N348_1 that is redundant to N328
W: Removed bmsWIDEDFFCPE inst check_buffer[31:0] at 20 that is stuck at constant 0.
I: Removed bmsSUB inst N307_1 that is redundant to N287
W: Removed bmsWIDEDFFCPE inst check_buffer[31:0] at 20 that is stuck at constant 0.
I: Removed bmsWIDEDFFCPE inst arp_data[2][3] that is redundant to arp_data[1][0]
I: Removed bmsWIDEDFFCPE inst arp_data[4][1] that is redundant to arp_data[1][0]
I: Removed bmsWIDEDFFCPE inst arp_data[4][2] that is redundant to arp_data[1][0]
I: Removed bmsWIDEDFFCPE inst arp_data[5][2] that is redundant to arp_data[1][0]
I: Removed bmsWIDEDFFCPE inst arp_data[9][0] that is redundant to arp_data[1][0]
I: Removed bmsWIDEDFFCPE inst arp_data[9][4] that is redundant to arp_data[1][0]
I: Removed bmsWIDEDFFCPE inst arp_data[10][1] that is redundant to arp_data[1][0]
I: Removed bmsWIDEDFFCPE inst arp_data[10][5] that is redundant to arp_data[1][0]
I: Removed bmsWIDEDFFCPE inst arp_data[11][0] that is redundant to arp_data[1][0]
I: Removed bmsWIDEDFFCPE inst arp_data[11][1] that is redundant to arp_data[1][0]
I: Removed bmsWIDEDFFCPE inst arp_data[11][4] that is redundant to arp_data[1][0]
I: Removed bmsWIDEDFFCPE inst arp_data[11][5] that is redundant to arp_data[1][0]
I: Removed bmsWIDEDFFCPE inst arp_data[12][2] that is redundant to arp_data[1][0]
I: Removed bmsWIDEDFFCPE inst arp_data[12][6] that is redundant to arp_data[1][0]
I: Removed bmsWIDEDFFCPE inst arp_data[13][0] that is redundant to arp_data[1][0]
I: Removed bmsWIDEDFFCPE inst arp_data[13][2] that is redundant to arp_data[1][0]
I: Removed bmsWIDEDFFCPE inst arp_data[13][4] that is redundant to arp_data[1][0]
I: Removed bmsWIDEDFFCPE inst arp_data[13][6] that is redundant to arp_data[1][0]
I: Removed bmsWIDEDFFCPE inst arp_data[14][6] that is redundant to arp_data[1][0]
I: Removed bmsWIDEDFFCPE inst arp_data[14][7] that is redundant to arp_data[1][0]
I: Removed bmsWIDEDFFCPE inst arp_data[15][3] that is redundant to arp_data[1][0]
I: Removed bmsWIDEDFFCPE inst arp_data[15][5] that is redundant to arp_data[1][0]
I: Removed bmsWIDEDFFCPE inst arp_data[15][7] that is redundant to arp_data[1][0]
I: Removed bmsWIDEDFFCPE inst arp_data[16][0] that is redundant to arp_data[1][0]
I: Removed bmsWIDEDFFCPE inst arp_data[17][1] that is redundant to arp_data[1][0]
I: Removed bmsWIDEDFFCPE inst arp_data[17][3] that is redundant to arp_data[1][0]
I: Removed bmsWIDEDFFCPE inst arp_data[0][1] that is redundant to arp_data[0][0]
I: Removed bmsWIDEDFFCPE inst arp_data[0][2] that is redundant to arp_data[0][0]
I: Removed bmsWIDEDFFCPE inst arp_data[0][3] that is redundant to arp_data[0][0]
I: Removed bmsWIDEDFFCPE inst arp_data[0][4] that is redundant to arp_data[0][0]
I: Removed bmsWIDEDFFCPE inst arp_data[0][5] that is redundant to arp_data[0][0]
I: Removed bmsWIDEDFFCPE inst arp_data[0][6] that is redundant to arp_data[0][0]
I: Removed bmsWIDEDFFCPE inst arp_data[0][7] that is redundant to arp_data[0][0]
I: Removed bmsWIDEDFFCPE inst arp_data[1][1] that is redundant to arp_data[0][0]
I: Removed bmsWIDEDFFCPE inst arp_data[1][2] that is redundant to arp_data[0][0]
I: Removed bmsWIDEDFFCPE inst arp_data[1][3] that is redundant to arp_data[0][0]
I: Removed bmsWIDEDFFCPE inst arp_data[1][4] that is redundant to arp_data[0][0]
I: Removed bmsWIDEDFFCPE inst arp_data[1][5] that is redundant to arp_data[0][0]
I: Removed bmsWIDEDFFCPE inst arp_data[1][6] that is redundant to arp_data[0][0]
I: Removed bmsWIDEDFFCPE inst arp_data[1][7] that is redundant to arp_data[0][0]
I: Removed bmsWIDEDFFCPE inst arp_data[2][0] that is redundant to arp_data[0][0]
I: Removed bmsWIDEDFFCPE inst arp_data[2][1] that is redundant to arp_data[0][0]
I: Removed bmsWIDEDFFCPE inst arp_data[2][2] that is redundant to arp_data[0][0]
I: Removed bmsWIDEDFFCPE inst arp_data[2][4] that is redundant to arp_data[0][0]
I: Removed bmsWIDEDFFCPE inst arp_data[2][5] that is redundant to arp_data[0][0]
I: Removed bmsWIDEDFFCPE inst arp_data[2][6] that is redundant to arp_data[0][0]
I: Removed bmsWIDEDFFCPE inst arp_data[2][7] that is redundant to arp_data[0][0]
I: Removed bmsWIDEDFFCPE inst arp_data[3][0] that is redundant to arp_data[0][0]
I: Removed bmsWIDEDFFCPE inst arp_data[3][1] that is redundant to arp_data[0][0]
I: Removed bmsWIDEDFFCPE inst arp_data[3][2] that is redundant to arp_data[0][0]
I: Removed bmsWIDEDFFCPE inst arp_data[3][3] that is redundant to arp_data[0][0]
I: Removed bmsWIDEDFFCPE inst arp_data[3][4] that is redundant to arp_data[0][0]
I: Removed bmsWIDEDFFCPE inst arp_data[3][5] that is redundant to arp_data[0][0]
I: Removed bmsWIDEDFFCPE inst arp_data[3][6] that is redundant to arp_data[0][0]
I: Removed bmsWIDEDFFCPE inst arp_data[3][7] that is redundant to arp_data[0][0]
I: Removed bmsWIDEDFFCPE inst arp_data[4][0] that is redundant to arp_data[0][0]
I: Removed bmsWIDEDFFCPE inst arp_data[4][3] that is redundant to arp_data[0][0]
I: Removed bmsWIDEDFFCPE inst arp_data[4][4] that is redundant to arp_data[0][0]
I: Removed bmsWIDEDFFCPE inst arp_data[4][5] that is redundant to arp_data[0][0]
I: Removed bmsWIDEDFFCPE inst arp_data[4][6] that is redundant to arp_data[0][0]
I: Removed bmsWIDEDFFCPE inst arp_data[4][7] that is redundant to arp_data[0][0]
I: Removed bmsWIDEDFFCPE inst arp_data[5][0] that is redundant to arp_data[0][0]
I: Removed bmsWIDEDFFCPE inst arp_data[5][1] that is redundant to arp_data[0][0]
I: Removed bmsWIDEDFFCPE inst arp_data[5][3] that is redundant to arp_data[0][0]
I: Removed bmsWIDEDFFCPE inst arp_data[5][4] that is redundant to arp_data[0][0]
I: Removed bmsWIDEDFFCPE inst arp_data[5][5] that is redundant to arp_data[0][0]
I: Removed bmsWIDEDFFCPE inst arp_data[5][6] that is redundant to arp_data[0][0]
I: Removed bmsWIDEDFFCPE inst arp_data[5][7] that is redundant to arp_data[0][0]
I: Removed bmsWIDEDFFCPE inst arp_data[6][0] that is redundant to arp_data[0][0]
I: Removed bmsWIDEDFFCPE inst arp_data[6][1] that is redundant to arp_data[0][0]
I: Removed bmsWIDEDFFCPE inst arp_data[6][2] that is redundant to arp_data[0][0]
I: Removed bmsWIDEDFFCPE inst arp_data[6][3] that is redundant to arp_data[0][0]
I: Removed bmsWIDEDFFCPE inst arp_data[6][4] that is redundant to arp_data[0][0]
I: Removed bmsWIDEDFFCPE inst arp_data[6][5] that is redundant to arp_data[0][0]
I: Removed bmsWIDEDFFCPE inst arp_data[6][6] that is redundant to arp_data[0][0]
I: Removed bmsWIDEDFFCPE inst arp_data[6][7] that is redundant to arp_data[0][0]
I: Removed bmsWIDEDFFCPE inst arp_data[8][0] that is redundant to arp_data[0][0]
I: Removed bmsWIDEDFFCPE inst arp_data[8][1] that is redundant to arp_data[0][0]
I: Removed bmsWIDEDFFCPE inst arp_data[8][2] that is redundant to arp_data[0][0]
I: Removed bmsWIDEDFFCPE inst arp_data[8][3] that is redundant to arp_data[0][0]
I: Removed bmsWIDEDFFCPE inst arp_data[8][4] that is redundant to arp_data[0][0]
I: Removed bmsWIDEDFFCPE inst arp_data[8][5] that is redundant to arp_data[0][0]
I: Removed bmsWIDEDFFCPE inst arp_data[8][6] that is redundant to arp_data[0][0]
I: Removed bmsWIDEDFFCPE inst arp_data[8][7] that is redundant to arp_data[0][0]
I: Removed bmsWIDEDFFCPE inst arp_data[9][1] that is redundant to arp_data[0][0]
I: Removed bmsWIDEDFFCPE inst arp_data[9][2] that is redundant to arp_data[0][0]
I: Removed bmsWIDEDFFCPE inst arp_data[9][3] that is redundant to arp_data[0][0]
I: Removed bmsWIDEDFFCPE inst arp_data[9][5] that is redundant to arp_data[0][0]
I: Removed bmsWIDEDFFCPE inst arp_data[9][6] that is redundant to arp_data[0][0]
I: Removed bmsWIDEDFFCPE inst arp_data[9][7] that is redundant to arp_data[0][0]
I: Removed bmsWIDEDFFCPE inst arp_data[10][0] that is redundant to arp_data[0][0]
I: Removed bmsWIDEDFFCPE inst arp_data[10][2] that is redundant to arp_data[0][0]
I: Removed bmsWIDEDFFCPE inst arp_data[10][3] that is redundant to arp_data[0][0]
I: Removed bmsWIDEDFFCPE inst arp_data[10][4] that is redundant to arp_data[0][0]
I: Removed bmsWIDEDFFCPE inst arp_data[10][6] that is redundant to arp_data[0][0]
I: Removed bmsWIDEDFFCPE inst arp_data[10][7] that is redundant to arp_data[0][0]
I: Removed bmsWIDEDFFCPE inst arp_data[11][2] that is redundant to arp_data[0][0]
I: Removed bmsWIDEDFFCPE inst arp_data[11][3] that is redundant to arp_data[0][0]
I: Removed bmsWIDEDFFCPE inst arp_data[11][6] that is redundant to arp_data[0][0]
I: Removed bmsWIDEDFFCPE inst arp_data[11][7] that is redundant to arp_data[0][0]
I: Removed bmsWIDEDFFCPE inst arp_data[12][0] that is redundant to arp_data[0][0]
I: Removed bmsWIDEDFFCPE inst arp_data[12][1] that is redundant to arp_data[0][0]
I: Removed bmsWIDEDFFCPE inst arp_data[12][3] that is redundant to arp_data[0][0]
I: Removed bmsWIDEDFFCPE inst arp_data[12][4] that is redundant to arp_data[0][0]
I: Removed bmsWIDEDFFCPE inst arp_data[12][5] that is redundant to arp_data[0][0]
I: Removed bmsWIDEDFFCPE inst arp_data[12][7] that is redundant to arp_data[0][0]
I: Removed bmsWIDEDFFCPE inst arp_data[13][1] that is redundant to arp_data[0][0]
I: Removed bmsWIDEDFFCPE inst arp_data[13][3] that is redundant to arp_data[0][0]
I: Removed bmsWIDEDFFCPE inst arp_data[13][5] that is redundant to arp_data[0][0]
I: Removed bmsWIDEDFFCPE inst arp_data[13][7] that is redundant to arp_data[0][0]
I: Removed bmsWIDEDFFCPE inst arp_data[14][0] that is redundant to arp_data[0][0]
I: Removed bmsWIDEDFFCPE inst arp_data[14][1] that is redundant to arp_data[0][0]
I: Removed bmsWIDEDFFCPE inst arp_data[14][2] that is redundant to arp_data[0][0]
I: Removed bmsWIDEDFFCPE inst arp_data[14][3] that is redundant to arp_data[0][0]
I: Removed bmsWIDEDFFCPE inst arp_data[14][4] that is redundant to arp_data[0][0]
I: Removed bmsWIDEDFFCPE inst arp_data[14][5] that is redundant to arp_data[0][0]
I: Removed bmsWIDEDFFCPE inst arp_data[15][0] that is redundant to arp_data[0][0]
I: Removed bmsWIDEDFFCPE inst arp_data[15][1] that is redundant to arp_data[0][0]
I: Removed bmsWIDEDFFCPE inst arp_data[15][2] that is redundant to arp_data[0][0]
I: Removed bmsWIDEDFFCPE inst arp_data[15][4] that is redundant to arp_data[0][0]
I: Removed bmsWIDEDFFCPE inst arp_data[15][6] that is redundant to arp_data[0][0]
I: Removed bmsWIDEDFFCPE inst arp_data[16][1] that is redundant to arp_data[0][0]
I: Removed bmsWIDEDFFCPE inst arp_data[16][2] that is redundant to arp_data[0][0]
I: Removed bmsWIDEDFFCPE inst arp_data[16][3] that is redundant to arp_data[0][0]
I: Removed bmsWIDEDFFCPE inst arp_data[16][4] that is redundant to arp_data[0][0]
I: Removed bmsWIDEDFFCPE inst arp_data[16][5] that is redundant to arp_data[0][0]
I: Removed bmsWIDEDFFCPE inst arp_data[16][6] that is redundant to arp_data[0][0]
I: Removed bmsWIDEDFFCPE inst arp_data[16][7] that is redundant to arp_data[0][0]
I: Removed bmsWIDEDFFCPE inst arp_data[17][0] that is redundant to arp_data[0][0]
I: Removed bmsWIDEDFFCPE inst arp_data[17][2] that is redundant to arp_data[0][0]
I: Removed bmsWIDEDFFCPE inst arp_data[17][4] that is redundant to arp_data[0][0]
I: Removed bmsWIDEDFFCPE inst arp_data[17][5] that is redundant to arp_data[0][0]
I: Removed bmsWIDEDFFCPE inst arp_data[17][6] that is redundant to arp_data[0][0]
I: Removed bmsWIDEDFFCPE inst arp_data[17][7] that is redundant to arp_data[0][0]
W: Removed bmsWIDEDFFCPE inst arp_data[0][0] that is stuck at constant 0.
W: Removed bmsWIDEDFFCPE inst arp_data[1][0] that is stuck at constant 1.
Executing : pre-mapping successfully. Time elapsed: 0.304s wall, 0.422s user + 0.094s system = 0.516s CPU (169.8%)

Start mod-gen.
W: Public-4008: Instance 'async_fifo_2048x8b_inst/U_ipm2l_fifo_async_fifo_2048x8b/U_ipm2l_fifo_ctrl/rd_water_level[11:0]' of 'bmsWIDEDFFCPE' unit is dangling and will be cleaned.
W: Public-4008: Instance 'async_fifo_2048x8b_inst/U_ipm2l_fifo_async_fifo_2048x8b/U_ipm2l_fifo_ctrl/wr_water_level[11:0]' of 'bmsWIDEDFFCPE' unit is dangling and will be cleaned.
I: Removed bmsADD inst u_udp/u_udp_tx/N3383 that is redundant to u_icmp/u_icmp_tx/N3754
I: Removed bmsREDOR inst u_udp/u_udp_tx/N545 that is redundant to u_icmp/u_icmp_tx/N592
I: Removed bmsREDOR inst u_icmp/u_icmp_tx/N592 that is redundant to u_arp/u_arp_tx/N376
I: Removed bmsSUB inst u_udp/u_udp_tx/N307_0 that is redundant to u_icmp/u_icmp_tx/N348_0
I: Removed bmsREDAND inst u_udp/u_udp_tx/N496 that is redundant to u_icmp/u_icmp_tx/N543
I: Removed inst u_icmp/u_icmp_tx/preamble[1][7:0] which is redundant to u_icmp/u_icmp_tx/preamble[0][7:0] (type bmsWIDEDFFPATCE)
I: Removed inst u_icmp/u_icmp_tx/preamble[2][7:0] which is redundant to u_icmp/u_icmp_tx/preamble[0][7:0] (type bmsWIDEDFFPATCE)
I: Removed inst u_icmp/u_icmp_tx/preamble[3][7:0] which is redundant to u_icmp/u_icmp_tx/preamble[0][7:0] (type bmsWIDEDFFPATCE)
I: Removed inst u_icmp/u_icmp_tx/preamble[4][7:0] which is redundant to u_icmp/u_icmp_tx/preamble[0][7:0] (type bmsWIDEDFFPATCE)
I: Removed inst u_icmp/u_icmp_tx/preamble[5][7:0] which is redundant to u_icmp/u_icmp_tx/preamble[0][7:0] (type bmsWIDEDFFPATCE)
I: Removed inst u_icmp/u_icmp_tx/preamble[6][7:0] which is redundant to u_icmp/u_icmp_tx/preamble[0][7:0] (type bmsWIDEDFFPATCE)
I: Removed inst u_icmp/u_icmp_tx/eth_head[11][7:0] which is redundant to u_icmp/u_icmp_tx/preamble[0][7:0] (type bmsWIDEDFFPATCE)
I: Removed inst u_arp/u_arp_tx/eth_head[11][7:0] which is redundant to u_icmp/u_icmp_tx/preamble[0][7:0] (type bmsWIDEDFFPATCE)
I: Removed inst u_arp/u_arp_tx/preamble[0][7:0] which is redundant to u_icmp/u_icmp_tx/preamble[0][7:0] (type bmsWIDEDFFPATCE)
I: Removed inst u_arp/u_arp_tx/preamble[1][7:0] which is redundant to u_icmp/u_icmp_tx/preamble[0][7:0] (type bmsWIDEDFFPATCE)
I: Removed inst u_arp/u_arp_tx/preamble[2][7:0] which is redundant to u_icmp/u_icmp_tx/preamble[0][7:0] (type bmsWIDEDFFPATCE)
I: Removed inst u_arp/u_arp_tx/preamble[3][7:0] which is redundant to u_icmp/u_icmp_tx/preamble[0][7:0] (type bmsWIDEDFFPATCE)
I: Removed inst u_arp/u_arp_tx/preamble[4][7:0] which is redundant to u_icmp/u_icmp_tx/preamble[0][7:0] (type bmsWIDEDFFPATCE)
I: Removed inst u_arp/u_arp_tx/preamble[5][7:0] which is redundant to u_icmp/u_icmp_tx/preamble[0][7:0] (type bmsWIDEDFFPATCE)
I: Removed inst u_arp/u_arp_tx/preamble[6][7:0] which is redundant to u_icmp/u_icmp_tx/preamble[0][7:0] (type bmsWIDEDFFPATCE)
I: Removed inst u_udp/u_udp_tx/preamble[0][7:0] which is redundant to u_icmp/u_icmp_tx/preamble[0][7:0] (type bmsWIDEDFFPATCE)
I: Removed inst u_udp/u_udp_tx/preamble[1][7:0] which is redundant to u_icmp/u_icmp_tx/preamble[0][7:0] (type bmsWIDEDFFPATCE)
I: Removed inst u_udp/u_udp_tx/preamble[2][7:0] which is redundant to u_icmp/u_icmp_tx/preamble[0][7:0] (type bmsWIDEDFFPATCE)
I: Removed inst u_udp/u_udp_tx/preamble[3][7:0] which is redundant to u_icmp/u_icmp_tx/preamble[0][7:0] (type bmsWIDEDFFPATCE)
I: Removed inst u_udp/u_udp_tx/preamble[4][7:0] which is redundant to u_icmp/u_icmp_tx/preamble[0][7:0] (type bmsWIDEDFFPATCE)
I: Removed inst u_udp/u_udp_tx/preamble[5][7:0] which is redundant to u_icmp/u_icmp_tx/preamble[0][7:0] (type bmsWIDEDFFPATCE)
I: Removed inst u_udp/u_udp_tx/preamble[6][7:0] which is redundant to u_icmp/u_icmp_tx/preamble[0][7:0] (type bmsWIDEDFFPATCE)
I: Removed inst u_udp/u_udp_tx/eth_head[11][7:0] which is redundant to u_icmp/u_icmp_tx/preamble[0][7:0] (type bmsWIDEDFFPATCE)
I: Removed inst u_arp/u_arp_tx/preamble[7][7:0] which is redundant to u_icmp/u_icmp_tx/preamble[7][7:0] (type bmsWIDEDFFPATCE)
I: Removed inst u_udp/u_udp_tx/preamble[7][7:0] which is redundant to u_icmp/u_icmp_tx/preamble[7][7:0] (type bmsWIDEDFFPATCE)
I: Removed inst u_arp/u_arp_tx/eth_head[7][7:0] which is redundant to u_icmp/u_icmp_tx/eth_head[7][7:0] (type bmsWIDEDFFPATCE)
I: Removed inst u_udp/u_udp_tx/eth_head[7][7:0] which is redundant to u_icmp/u_icmp_tx/eth_head[7][7:0] (type bmsWIDEDFFPATCE)
I: Removed inst u_arp/u_arp_tx/eth_head[8][7:0] which is redundant to u_icmp/u_icmp_tx/eth_head[8][7:0] (type bmsWIDEDFFPATCE)
I: Removed inst u_udp/u_udp_tx/eth_head[8][7:0] which is redundant to u_icmp/u_icmp_tx/eth_head[8][7:0] (type bmsWIDEDFFPATCE)
I: Removed inst u_arp/u_arp_tx/eth_head[9][7:0] which is redundant to u_icmp/u_icmp_tx/eth_head[9][7:0] (type bmsWIDEDFFPATCE)
I: Removed inst u_udp/u_udp_tx/eth_head[9][7:0] which is redundant to u_icmp/u_icmp_tx/eth_head[9][7:0] (type bmsWIDEDFFPATCE)
I: Removed inst u_arp/u_arp_tx/eth_head[10][7:0] which is redundant to u_icmp/u_icmp_tx/eth_head[10][7:0] (type bmsWIDEDFFPATCE)
I: Removed inst u_udp/u_udp_tx/eth_head[10][7:0] which is redundant to u_icmp/u_icmp_tx/eth_head[10][7:0] (type bmsWIDEDFFPATCE)
I: Removed inst u_arp/u_arp_tx/eth_head[12][7:0] which is redundant to u_icmp/u_icmp_tx/eth_head[12][7:0] (type bmsWIDEDFFPATCE)
I: Removed inst u_udp/u_udp_tx/eth_head[12][7:0] which is redundant to u_icmp/u_icmp_tx/eth_head[12][7:0] (type bmsWIDEDFFPATCE)
I: Removed inst u_icmp/u_icmp_tx/eth_head[13][7:0] which is redundant to u_icmp/u_icmp_tx/eth_head[6][7:0] (type bmsWIDEDFFCPE)
I: Removed inst u_arp/u_arp_tx/eth_head[6][7:0] which is redundant to u_icmp/u_icmp_tx/eth_head[6][7:0] (type bmsWIDEDFFCPE)
I: Removed inst u_udp/u_udp_tx/eth_head[6][7:0] which is redundant to u_icmp/u_icmp_tx/eth_head[6][7:0] (type bmsWIDEDFFCPE)
I: Removed inst u_udp/u_udp_tx/eth_head[13][7:0] which is redundant to u_icmp/u_icmp_tx/eth_head[6][7:0] (type bmsWIDEDFFCPE)
Executing : mod-gen successfully. Time elapsed: 0.790s wall, 1.000s user + 0.062s system = 1.062s CPU (134.5%)

Start logic-optimization.
W: Removed bmsWIDEDFFPATCE inst u_icmp/u_icmp_tx/preamble[0][7:0] at 0 that is stuck at constant 1.
W: Removed bmsWIDEDFFPATCE inst u_icmp/u_icmp_tx/preamble[0][7:0] at 1 that is stuck at constant 0.
W: Removed bmsWIDEDFFPATCE inst u_icmp/u_icmp_tx/preamble[0][7:0] at 2 that is stuck at constant 1.
W: Removed bmsWIDEDFFPATCE inst u_icmp/u_icmp_tx/preamble[0][7:0] at 3 that is stuck at constant 0.
W: Removed bmsWIDEDFFPATCE inst u_icmp/u_icmp_tx/preamble[0][7:0] at 4 that is stuck at constant 1.
W: Removed bmsWIDEDFFPATCE inst u_icmp/u_icmp_tx/preamble[0][7:0] at 5 that is stuck at constant 0.
W: Removed bmsWIDEDFFPATCE inst u_icmp/u_icmp_tx/preamble[0][7:0] at 6 that is stuck at constant 1.
W: Removed bmsWIDEDFFPATCE inst u_icmp/u_icmp_tx/preamble[0][7:0] at 7 that is stuck at constant 0.
W: Removed bmsWIDEDFFPATCE inst u_icmp/u_icmp_tx/preamble[7][7:0] at 0 that is stuck at constant 1.
W: Removed bmsWIDEDFFPATCE inst u_icmp/u_icmp_tx/preamble[7][7:0] at 1 that is stuck at constant 0.
W: Removed bmsWIDEDFFPATCE inst u_icmp/u_icmp_tx/preamble[7][7:0] at 2 that is stuck at constant 1.
W: Removed bmsWIDEDFFPATCE inst u_icmp/u_icmp_tx/preamble[7][7:0] at 3 that is stuck at constant 0.
W: Removed bmsWIDEDFFPATCE inst u_icmp/u_icmp_tx/preamble[7][7:0] at 4 that is stuck at constant 1.
W: Removed bmsWIDEDFFPATCE inst u_icmp/u_icmp_tx/preamble[7][7:0] at 5 that is stuck at constant 0.
W: Removed bmsWIDEDFFPATCE inst u_icmp/u_icmp_tx/preamble[7][7:0] at 6 that is stuck at constant 1.
W: Removed bmsWIDEDFFPATCE inst u_icmp/u_icmp_tx/preamble[7][7:0] at 7 that is stuck at constant 1.
W: Removed bmsWIDEDFFCPE inst u_icmp/u_icmp_tx/eth_head[6][7:0] at 0 that is stuck at constant 0.
W: Removed bmsWIDEDFFCPE inst u_icmp/u_icmp_tx/eth_head[6][7:0] at 1 that is stuck at constant 0.
W: Removed bmsWIDEDFFCPE inst u_icmp/u_icmp_tx/eth_head[6][7:0] at 2 that is stuck at constant 0.
W: Removed bmsWIDEDFFCPE inst u_icmp/u_icmp_tx/eth_head[6][7:0] at 3 that is stuck at constant 0.
W: Removed bmsWIDEDFFCPE inst u_icmp/u_icmp_tx/eth_head[6][7:0] at 4 that is stuck at constant 0.
W: Removed bmsWIDEDFFCPE inst u_icmp/u_icmp_tx/eth_head[6][7:0] at 5 that is stuck at constant 0.
W: Removed bmsWIDEDFFCPE inst u_icmp/u_icmp_tx/eth_head[6][7:0] at 6 that is stuck at constant 0.
W: Removed bmsWIDEDFFCPE inst u_icmp/u_icmp_tx/eth_head[6][7:0] at 7 that is stuck at constant 0.
W: Removed bmsWIDEDFFPATCE inst u_icmp/u_icmp_tx/eth_head[7][7:0] at 0 that is stuck at constant 1.
W: Removed bmsWIDEDFFPATCE inst u_icmp/u_icmp_tx/eth_head[7][7:0] at 1 that is stuck at constant 0.
W: Removed bmsWIDEDFFPATCE inst u_icmp/u_icmp_tx/eth_head[7][7:0] at 2 that is stuck at constant 0.
W: Removed bmsWIDEDFFPATCE inst u_icmp/u_icmp_tx/eth_head[7][7:0] at 3 that is stuck at constant 0.
W: Removed bmsWIDEDFFPATCE inst u_icmp/u_icmp_tx/eth_head[7][7:0] at 4 that is stuck at constant 1.
W: Removed bmsWIDEDFFPATCE inst u_icmp/u_icmp_tx/eth_head[7][7:0] at 5 that is stuck at constant 0.
W: Removed bmsWIDEDFFPATCE inst u_icmp/u_icmp_tx/eth_head[7][7:0] at 6 that is stuck at constant 0.
W: Removed bmsWIDEDFFPATCE inst u_icmp/u_icmp_tx/eth_head[7][7:0] at 7 that is stuck at constant 0.
W: Removed bmsWIDEDFFPATCE inst u_icmp/u_icmp_tx/eth_head[8][7:0] at 0 that is stuck at constant 0.
W: Removed bmsWIDEDFFPATCE inst u_icmp/u_icmp_tx/eth_head[8][7:0] at 1 that is stuck at constant 1.
W: Removed bmsWIDEDFFPATCE inst u_icmp/u_icmp_tx/eth_head[8][7:0] at 2 that is stuck at constant 0.
W: Removed bmsWIDEDFFPATCE inst u_icmp/u_icmp_tx/eth_head[8][7:0] at 3 that is stuck at constant 0.
W: Removed bmsWIDEDFFPATCE inst u_icmp/u_icmp_tx/eth_head[8][7:0] at 4 that is stuck at constant 0.
W: Removed bmsWIDEDFFPATCE inst u_icmp/u_icmp_tx/eth_head[8][7:0] at 5 that is stuck at constant 1.
W: Removed bmsWIDEDFFPATCE inst u_icmp/u_icmp_tx/eth_head[8][7:0] at 6 that is stuck at constant 0.
W: Removed bmsWIDEDFFPATCE inst u_icmp/u_icmp_tx/eth_head[8][7:0] at 7 that is stuck at constant 0.
W: Removed bmsWIDEDFFPATCE inst u_icmp/u_icmp_tx/eth_head[9][7:0] at 0 that is stuck at constant 1.
W: Removed bmsWIDEDFFPATCE inst u_icmp/u_icmp_tx/eth_head[9][7:0] at 1 that is stuck at constant 1.
W: Removed bmsWIDEDFFPATCE inst u_icmp/u_icmp_tx/eth_head[9][7:0] at 2 that is stuck at constant 0.
W: Removed bmsWIDEDFFPATCE inst u_icmp/u_icmp_tx/eth_head[9][7:0] at 3 that is stuck at constant 0.
W: Removed bmsWIDEDFFPATCE inst u_icmp/u_icmp_tx/eth_head[9][7:0] at 4 that is stuck at constant 1.
W: Removed bmsWIDEDFFPATCE inst u_icmp/u_icmp_tx/eth_head[9][7:0] at 5 that is stuck at constant 1.
W: Removed bmsWIDEDFFPATCE inst u_icmp/u_icmp_tx/eth_head[9][7:0] at 6 that is stuck at constant 0.
W: Removed bmsWIDEDFFPATCE inst u_icmp/u_icmp_tx/eth_head[9][7:0] at 7 that is stuck at constant 0.
W: Removed bmsWIDEDFFPATCE inst u_icmp/u_icmp_tx/eth_head[10][7:0] at 0 that is stuck at constant 0.
W: Removed bmsWIDEDFFPATCE inst u_icmp/u_icmp_tx/eth_head[10][7:0] at 1 that is stuck at constant 0.
W: Removed bmsWIDEDFFPATCE inst u_icmp/u_icmp_tx/eth_head[10][7:0] at 2 that is stuck at constant 1.
W: Removed bmsWIDEDFFPATCE inst u_icmp/u_icmp_tx/eth_head[10][7:0] at 3 that is stuck at constant 0.
W: Removed bmsWIDEDFFPATCE inst u_icmp/u_icmp_tx/eth_head[10][7:0] at 4 that is stuck at constant 0.
W: Removed bmsWIDEDFFPATCE inst u_icmp/u_icmp_tx/eth_head[10][7:0] at 5 that is stuck at constant 0.
W: Removed bmsWIDEDFFPATCE inst u_icmp/u_icmp_tx/eth_head[10][7:0] at 6 that is stuck at constant 1.
W: Removed bmsWIDEDFFPATCE inst u_icmp/u_icmp_tx/eth_head[10][7:0] at 7 that is stuck at constant 0.
W: Removed bmsWIDEDFFPATCE inst u_icmp/u_icmp_tx/eth_head[12][7:0] at 0 that is stuck at constant 0.
W: Removed bmsWIDEDFFPATCE inst u_icmp/u_icmp_tx/eth_head[12][7:0] at 1 that is stuck at constant 0.
W: Removed bmsWIDEDFFPATCE inst u_icmp/u_icmp_tx/eth_head[12][7:0] at 2 that is stuck at constant 0.
W: Removed bmsWIDEDFFPATCE inst u_icmp/u_icmp_tx/eth_head[12][7:0] at 3 that is stuck at constant 1.
W: Removed bmsWIDEDFFPATCE inst u_icmp/u_icmp_tx/eth_head[12][7:0] at 4 that is stuck at constant 0.
W: Removed bmsWIDEDFFPATCE inst u_icmp/u_icmp_tx/eth_head[12][7:0] at 5 that is stuck at constant 0.
W: Removed bmsWIDEDFFPATCE inst u_icmp/u_icmp_tx/eth_head[12][7:0] at 6 that is stuck at constant 0.
W: Removed bmsWIDEDFFPATCE inst u_icmp/u_icmp_tx/eth_head[12][7:0] at 7 that is stuck at constant 0.
W: Removed bmsWIDEDFFPATCE inst u_arp/u_arp_tx/eth_head[13][7:0] at 0 that is stuck at constant 0.
W: Removed bmsWIDEDFFPATCE inst u_arp/u_arp_tx/eth_head[13][7:0] at 1 that is stuck at constant 1.
W: Removed bmsWIDEDFFPATCE inst u_arp/u_arp_tx/eth_head[13][7:0] at 2 that is stuck at constant 1.
W: Removed bmsWIDEDFFPATCE inst u_arp/u_arp_tx/eth_head[13][7:0] at 3 that is stuck at constant 0.
W: Removed bmsWIDEDFFPATCE inst u_arp/u_arp_tx/eth_head[13][7:0] at 4 that is stuck at constant 0.
W: Removed bmsWIDEDFFPATCE inst u_arp/u_arp_tx/eth_head[13][7:0] at 5 that is stuck at constant 0.
W: Removed bmsWIDEDFFPATCE inst u_arp/u_arp_tx/eth_head[13][7:0] at 6 that is stuck at constant 0.
W: Removed bmsWIDEDFFPATCE inst u_arp/u_arp_tx/eth_head[13][7:0] at 7 that is stuck at constant 0.
Executing : logic-optimization successfully. Time elapsed: 2.354s wall, 1.953s user + 0.391s system = 2.344s CPU (99.6%)

Start tech-mapping phase 1.
W: Public-4008: Instance 'u_icmp/u_icmp_rx/des_ip[24]' of 'bmsWIDEDFFCPE' unit is dangling and will be cleaned.
W: Public-4008: Instance 'u_icmp/u_icmp_rx/des_ip[25]' of 'bmsWIDEDFFCPE' unit is dangling and will be cleaned.
W: Public-4008: Instance 'u_icmp/u_icmp_rx/des_ip[26]' of 'bmsWIDEDFFCPE' unit is dangling and will be cleaned.
W: Public-4008: Instance 'u_icmp/u_icmp_rx/des_ip[27]' of 'bmsWIDEDFFCPE' unit is dangling and will be cleaned.
W: Public-4008: Instance 'u_icmp/u_icmp_rx/des_ip[28]' of 'bmsWIDEDFFCPE' unit is dangling and will be cleaned.
W: Public-4008: Instance 'u_icmp/u_icmp_rx/des_ip[29]' of 'bmsWIDEDFFCPE' unit is dangling and will be cleaned.
W: Public-4008: Instance 'u_icmp/u_icmp_rx/des_ip[30]' of 'bmsWIDEDFFCPE' unit is dangling and will be cleaned.
W: Public-4008: Instance 'u_icmp/u_icmp_rx/des_ip[31]' of 'bmsWIDEDFFCPE' unit is dangling and will be cleaned.
W: Public-4008: Instance 'u_icmp/u_icmp_rx/ip_head_byte_num[0]' of 'bmsWIDEDFFCPE' unit is dangling and will be cleaned.
W: Public-4008: Instance 'u_icmp/u_icmp_rx/ip_head_byte_num[1]' of 'bmsWIDEDFFCPE' unit is dangling and will be cleaned.
W: Public-4008: Instance 'u_icmp/u_icmp_tx/check_buffer[20]' of 'bmsWIDEDFFCPE' unit is dangling and will be cleaned.
W: Public-4008: Instance 'u_icmp/u_icmp_tx/check_buffer[21]' of 'bmsWIDEDFFCPE' unit is dangling and will be cleaned.
W: Public-4008: Instance 'u_icmp/u_icmp_tx/check_buffer[22]' of 'bmsWIDEDFFCPE' unit is dangling and will be cleaned.
W: Public-4008: Instance 'u_icmp/u_icmp_tx/check_buffer[23]' of 'bmsWIDEDFFCPE' unit is dangling and will be cleaned.
W: Public-4008: Instance 'u_icmp/u_icmp_tx/check_buffer[24]' of 'bmsWIDEDFFCPE' unit is dangling and will be cleaned.
W: Public-4008: Instance 'u_icmp/u_icmp_tx/check_buffer[25]' of 'bmsWIDEDFFCPE' unit is dangling and will be cleaned.
W: Public-4008: Instance 'u_icmp/u_icmp_tx/check_buffer[26]' of 'bmsWIDEDFFCPE' unit is dangling and will be cleaned.
W: Public-4008: Instance 'u_icmp/u_icmp_tx/check_buffer[27]' of 'bmsWIDEDFFCPE' unit is dangling and will be cleaned.
W: Public-4008: Instance 'u_icmp/u_icmp_tx/check_buffer[28]' of 'bmsWIDEDFFCPE' unit is dangling and will be cleaned.
W: Public-4008: Instance 'u_icmp/u_icmp_tx/check_buffer[29]' of 'bmsWIDEDFFCPE' unit is dangling and will be cleaned.
W: Public-4008: Instance 'u_icmp/u_icmp_tx/check_buffer[30]' of 'bmsWIDEDFFCPE' unit is dangling and will be cleaned.
W: Public-4008: Instance 'u_icmp/u_icmp_tx/check_buffer[31]' of 'bmsWIDEDFFCPE' unit is dangling and will be cleaned.
W: Public-4008: Instance 'u_udp/u_udp_rx/des_ip[24]' of 'bmsWIDEDFFCPE' unit is dangling and will be cleaned.
W: Public-4008: Instance 'u_udp/u_udp_rx/des_ip[25]' of 'bmsWIDEDFFCPE' unit is dangling and will be cleaned.
W: Public-4008: Instance 'u_udp/u_udp_rx/des_ip[26]' of 'bmsWIDEDFFCPE' unit is dangling and will be cleaned.
W: Public-4008: Instance 'u_udp/u_udp_rx/des_ip[27]' of 'bmsWIDEDFFCPE' unit is dangling and will be cleaned.
W: Public-4008: Instance 'u_udp/u_udp_rx/des_ip[28]' of 'bmsWIDEDFFCPE' unit is dangling and will be cleaned.
W: Public-4008: Instance 'u_udp/u_udp_rx/des_ip[29]' of 'bmsWIDEDFFCPE' unit is dangling and will be cleaned.
W: Public-4008: Instance 'u_udp/u_udp_rx/des_ip[30]' of 'bmsWIDEDFFCPE' unit is dangling and will be cleaned.
W: Public-4008: Instance 'u_udp/u_udp_rx/des_ip[31]' of 'bmsWIDEDFFCPE' unit is dangling and will be cleaned.
W: Public-4008: Instance 'u_udp/u_udp_tx/check_buffer[20]' of 'bmsWIDEDFFCPE' unit is dangling and will be cleaned.
W: Public-4008: Instance 'u_udp/u_udp_tx/check_buffer[21]' of 'bmsWIDEDFFCPE' unit is dangling and will be cleaned.
W: Public-4008: Instance 'u_udp/u_udp_tx/check_buffer[22]' of 'bmsWIDEDFFCPE' unit is dangling and will be cleaned.
W: Public-4008: Instance 'u_udp/u_udp_tx/check_buffer[23]' of 'bmsWIDEDFFCPE' unit is dangling and will be cleaned.
W: Public-4008: Instance 'u_udp/u_udp_tx/check_buffer[24]' of 'bmsWIDEDFFCPE' unit is dangling and will be cleaned.
W: Public-4008: Instance 'u_udp/u_udp_tx/check_buffer[25]' of 'bmsWIDEDFFCPE' unit is dangling and will be cleaned.
W: Public-4008: Instance 'u_udp/u_udp_tx/check_buffer[26]' of 'bmsWIDEDFFCPE' unit is dangling and will be cleaned.
W: Public-4008: Instance 'u_udp/u_udp_tx/check_buffer[27]' of 'bmsWIDEDFFCPE' unit is dangling and will be cleaned.
W: Public-4008: Instance 'u_udp/u_udp_tx/check_buffer[28]' of 'bmsWIDEDFFCPE' unit is dangling and will be cleaned.
W: Public-4008: Instance 'u_udp/u_udp_tx/check_buffer[29]' of 'bmsWIDEDFFCPE' unit is dangling and will be cleaned.
W: Public-4008: Instance 'u_udp/u_udp_tx/check_buffer[30]' of 'bmsWIDEDFFCPE' unit is dangling and will be cleaned.
W: Public-4008: Instance 'u_udp/u_udp_tx/check_buffer[31]' of 'bmsWIDEDFFCPE' unit is dangling and will be cleaned.
I: Removed GTP_DFF_PE inst u_arp/u_arp_tx/eth_head[5][0] that is redundant to u_arp/u_arp_tx/arp_data[23][0]
I: Removed GTP_DFF_PE inst u_arp/u_arp_tx/eth_head[5][1] that is redundant to u_arp/u_arp_tx/arp_data[23][1]
I: Removed GTP_DFF_PE inst u_arp/u_arp_tx/eth_head[5][2] that is redundant to u_arp/u_arp_tx/arp_data[23][2]
I: Removed GTP_DFF_PE inst u_arp/u_arp_tx/eth_head[5][3] that is redundant to u_arp/u_arp_tx/arp_data[23][3]
I: Removed GTP_DFF_PE inst u_arp/u_arp_tx/eth_head[5][4] that is redundant to u_arp/u_arp_tx/arp_data[23][4]
I: Removed GTP_DFF_PE inst u_arp/u_arp_tx/eth_head[5][5] that is redundant to u_arp/u_arp_tx/arp_data[23][5]
I: Removed GTP_DFF_PE inst u_arp/u_arp_tx/eth_head[5][6] that is redundant to u_arp/u_arp_tx/arp_data[23][6]
I: Removed GTP_DFF_PE inst u_arp/u_arp_tx/eth_head[5][7] that is redundant to u_arp/u_arp_tx/arp_data[23][7]
I: Removed GTP_DFF_PE inst u_arp/u_arp_tx/eth_head[4][0] that is redundant to u_arp/u_arp_tx/arp_data[22][0]
I: Removed GTP_DFF_PE inst u_arp/u_arp_tx/eth_head[4][1] that is redundant to u_arp/u_arp_tx/arp_data[22][1]
I: Removed GTP_DFF_PE inst u_arp/u_arp_tx/eth_head[4][2] that is redundant to u_arp/u_arp_tx/arp_data[22][2]
I: Removed GTP_DFF_PE inst u_arp/u_arp_tx/eth_head[4][3] that is redundant to u_arp/u_arp_tx/arp_data[22][3]
I: Removed GTP_DFF_PE inst u_arp/u_arp_tx/eth_head[4][4] that is redundant to u_arp/u_arp_tx/arp_data[22][4]
I: Removed GTP_DFF_PE inst u_arp/u_arp_tx/eth_head[4][5] that is redundant to u_arp/u_arp_tx/arp_data[22][5]
I: Removed GTP_DFF_PE inst u_arp/u_arp_tx/eth_head[4][6] that is redundant to u_arp/u_arp_tx/arp_data[22][6]
I: Removed GTP_DFF_PE inst u_arp/u_arp_tx/eth_head[4][7] that is redundant to u_arp/u_arp_tx/arp_data[22][7]
I: Removed GTP_DFF_PE inst u_arp/u_arp_tx/eth_head[3][0] that is redundant to u_arp/u_arp_tx/arp_data[21][0]
I: Removed GTP_DFF_PE inst u_arp/u_arp_tx/eth_head[3][1] that is redundant to u_arp/u_arp_tx/arp_data[21][1]
I: Removed GTP_DFF_PE inst u_arp/u_arp_tx/eth_head[3][2] that is redundant to u_arp/u_arp_tx/arp_data[21][2]
I: Removed GTP_DFF_PE inst u_arp/u_arp_tx/eth_head[3][3] that is redundant to u_arp/u_arp_tx/arp_data[21][3]
I: Removed GTP_DFF_PE inst u_arp/u_arp_tx/eth_head[3][4] that is redundant to u_arp/u_arp_tx/arp_data[21][4]
I: Removed GTP_DFF_PE inst u_arp/u_arp_tx/eth_head[3][5] that is redundant to u_arp/u_arp_tx/arp_data[21][5]
I: Removed GTP_DFF_PE inst u_arp/u_arp_tx/eth_head[3][6] that is redundant to u_arp/u_arp_tx/arp_data[21][6]
I: Removed GTP_DFF_PE inst u_arp/u_arp_tx/eth_head[3][7] that is redundant to u_arp/u_arp_tx/arp_data[21][7]
I: Removed GTP_DFF_PE inst u_arp/u_arp_tx/eth_head[2][0] that is redundant to u_arp/u_arp_tx/arp_data[20][0]
I: Removed GTP_DFF_PE inst u_arp/u_arp_tx/eth_head[2][1] that is redundant to u_arp/u_arp_tx/arp_data[20][1]
I: Removed GTP_DFF_PE inst u_arp/u_arp_tx/eth_head[2][2] that is redundant to u_arp/u_arp_tx/arp_data[20][2]
I: Removed GTP_DFF_PE inst u_arp/u_arp_tx/eth_head[2][3] that is redundant to u_arp/u_arp_tx/arp_data[20][3]
I: Removed GTP_DFF_PE inst u_arp/u_arp_tx/eth_head[2][4] that is redundant to u_arp/u_arp_tx/arp_data[20][4]
I: Removed GTP_DFF_PE inst u_arp/u_arp_tx/eth_head[2][5] that is redundant to u_arp/u_arp_tx/arp_data[20][5]
I: Removed GTP_DFF_PE inst u_arp/u_arp_tx/eth_head[2][6] that is redundant to u_arp/u_arp_tx/arp_data[20][6]
I: Removed GTP_DFF_PE inst u_arp/u_arp_tx/eth_head[2][7] that is redundant to u_arp/u_arp_tx/arp_data[20][7]
I: Removed GTP_DFF_PE inst u_arp/u_arp_tx/eth_head[1][0] that is redundant to u_arp/u_arp_tx/arp_data[19][0]
I: Removed GTP_DFF_PE inst u_arp/u_arp_tx/eth_head[1][1] that is redundant to u_arp/u_arp_tx/arp_data[19][1]
I: Removed GTP_DFF_PE inst u_arp/u_arp_tx/eth_head[1][2] that is redundant to u_arp/u_arp_tx/arp_data[19][2]
I: Removed GTP_DFF_PE inst u_arp/u_arp_tx/eth_head[1][3] that is redundant to u_arp/u_arp_tx/arp_data[19][3]
I: Removed GTP_DFF_PE inst u_arp/u_arp_tx/eth_head[1][4] that is redundant to u_arp/u_arp_tx/arp_data[19][4]
I: Removed GTP_DFF_PE inst u_arp/u_arp_tx/eth_head[1][5] that is redundant to u_arp/u_arp_tx/arp_data[19][5]
I: Removed GTP_DFF_PE inst u_arp/u_arp_tx/eth_head[1][6] that is redundant to u_arp/u_arp_tx/arp_data[19][6]
I: Removed GTP_DFF_PE inst u_arp/u_arp_tx/eth_head[1][7] that is redundant to u_arp/u_arp_tx/arp_data[19][7]
I: Removed GTP_DFF_PE inst u_arp/u_arp_tx/eth_head[0][0] that is redundant to u_arp/u_arp_tx/arp_data[18][0]
I: Removed GTP_DFF_PE inst u_arp/u_arp_tx/eth_head[0][1] that is redundant to u_arp/u_arp_tx/arp_data[18][1]
I: Removed GTP_DFF_PE inst u_arp/u_arp_tx/eth_head[0][2] that is redundant to u_arp/u_arp_tx/arp_data[18][2]
I: Removed GTP_DFF_PE inst u_arp/u_arp_tx/eth_head[0][3] that is redundant to u_arp/u_arp_tx/arp_data[18][3]
I: Removed GTP_DFF_PE inst u_arp/u_arp_tx/eth_head[0][4] that is redundant to u_arp/u_arp_tx/arp_data[18][4]
I: Removed GTP_DFF_PE inst u_arp/u_arp_tx/eth_head[0][5] that is redundant to u_arp/u_arp_tx/arp_data[18][5]
I: Removed GTP_DFF_PE inst u_arp/u_arp_tx/eth_head[0][6] that is redundant to u_arp/u_arp_tx/arp_data[18][6]
I: Removed GTP_DFF_PE inst u_arp/u_arp_tx/eth_head[0][7] that is redundant to u_arp/u_arp_tx/arp_data[18][7]
I: Removed GTP_DFF_CE inst u_udp/u_udp_tx/tx_data_num[0] that is redundant to u_udp/u_udp_tx/total_num[0]
I: Removed GTP_DFF_CE inst u_udp/u_udp_tx/udp_num[0] that is redundant to u_udp/u_udp_tx/total_num[0]
I: Removed GTP_DFF_CE inst u_udp/u_udp_tx/tx_data_num[1] that is redundant to u_udp/u_udp_tx/total_num[1]
I: Removed GTP_DFF_CE inst u_udp/u_udp_tx/udp_num[1] that is redundant to u_udp/u_udp_tx/total_num[1]
I: Removed GTP_DFF_CE inst u_udp/u_udp_tx/udp_num[2] that is redundant to u_udp/u_udp_tx/tx_data_num[2]
I: Removed GTP_DFF_CE inst u_icmp/u_icmp_tx/tx_data_num[0] that is redundant to u_icmp/u_icmp_tx/total_num[0]
I: Removed GTP_DFF_CE inst u_icmp/u_icmp_tx/tx_data_num[1] that is redundant to u_icmp/u_icmp_tx/total_num[1]
I: Removed GTP_DFF_E inst u_udp/u_udp_tx/ip_head[6][16] that is redundant to u_udp/u_udp_tx/ip_head[0][0]
I: Removed GTP_DFF_E inst u_udp/u_udp_tx/ip_head[6][17] that is redundant to u_udp/u_udp_tx/ip_head[0][1]
Executing : tech-mapping phase 1 successfully. Time elapsed: 0.234s wall, 0.234s user + 0.000s system = 0.234s CPU (100.0%)

Start tech-mapping phase 2.
Executing : tech-mapping phase 2 successfully. Time elapsed: 3.516s wall, 4.047s user + 0.125s system = 4.172s CPU (118.7%)

Start tech-optimization.
Executing : tech-optimization successfully. Time elapsed: 0.643s wall, 0.844s user + 0.031s system = 0.875s CPU (136.1%)

Start phys-optimization.
Executing : phys-optimization successfully. Time elapsed: 0.000s wall, 0.000s user + 0.000s system = 0.000s CPU (n/a%)

Start restore-hierarchy.
Executing : restore-hierarchy successfully. Time elapsed: 0.213s wall, 0.203s user + 0.000s system = 0.203s CPU (95.2%)

W: Unable to honor max fanout constraint for gtp_inv driven net N30
W: Unable to honor max fanout constraint for gtp_inv driven net N30

Cell Usage:
GTP_CLKBUFG                   1 use
GTP_DFF_C                   161 uses
GTP_DFF_CE                 1025 uses
GTP_DFF_E                   190 uses
GTP_DFF_P                     7 uses
GTP_DFF_PE                  252 uses
GTP_DRM18K_E1                 1 use
GTP_GRS                       1 use
GTP_IDDR_E1                   5 uses
GTP_INV                       3 uses
GTP_IOCLKBUF                  1 use
GTP_LUT1                     23 uses
GTP_LUT2                     25 uses
GTP_LUT3                     51 uses
GTP_LUT4                     75 uses
GTP_LUT5                    128 uses
GTP_LUT6                    446 uses
GTP_LUT6CARRY               750 uses
GTP_LUT6D                   256 uses
GTP_MUX2LUT7                 55 uses
GTP_MUX2LUT8                 16 uses
GTP_ODDR_E1                   5 uses

I/O ports: 14
GTP_INBUF                   7 uses
GTP_OUTBUF                  7 uses

Mapping Summary:
Total LUTs: 1754 of 66600 (2.63%)
	LUTs as dram: 0 of 19900 (0.00%)
	LUTs as logic: 1754
Total Registers: 1635 of 133200 (1.23%)
Total Latches: 0

DRM36K/FIFO:
Total DRM = 0.5 of 155 (0.32%)

APMs:
Total APMs = 0.00 of 240 (0.00%)

Total I/O ports = 14 of 285 (4.91%)


Overview of Control Sets:

Number of unique control sets : 73

Histogram:
**************************************************************
  Fanout      | Count    | Sync Set/Reset    Async Set/Reset
--------------------------------------------------------------
  [0, 2)      | 0        | 0                 0
  [2, 4)      | 4        | 0                 4
  [4, 6)      | 9        | 0                 9
  [6, 8)      | 1        | 0                 1
  [8, 10)     | 19       | 0                 19
  [10, 12)    | 0        | 0                 0
  [12, 14)    | 2        | 0                 2
  [14, 16)    | 0        | 0                 0
  [16, Inf)   | 38       | 5                 33
--------------------------------------------------------------
  The maximum fanout: 168
==============================================================

Flip-Flop Distribution:
************************************************************************
  Clock Enable    Sync Set/Reset    Async Set/Reset    Total Registers
------------------------------------------------------------------------
  NO              NO                NO                 0
  NO              NO                YES                168
  NO              YES               NO                 0
  YES             NO                NO                 190
  YES             NO                YES                1277
  YES             YES               NO                 0
========================================================================

Latch Distribution:
************************************************
  Gate Enable    Preset/Clear    Total Latches
************************************************
  NO             NO              0
  NO             YES             0
  YES            NO              0
  YES            YES             0
************************************************

Design 'eth_udp_loop' has been successfully synthesized to architecture-specific objects.
Saving design to DB.
Saving design to eth_udp_loop_syn.vm
Constructing timing graph ...
Timing graph has been constructed successfully
C: STA-3009: The clock sys_clk is not connected to any clock endpoints,it will be treated as a normal port or pin.
W: Timing-4087: Port 'eth_rst_n' is not constrained, it is treated as combinational output.
W: Timing-4087: Port 'eth_tx_ctl' is not constrained, it is treated as combinational output.
W: Timing-4087: Port 'eth_txc' is not constrained, it is treated as combinational output.
W: Timing-4087: Port 'eth_txd[0]' is not constrained, it is treated as combinational output.
W: Timing-4087: Port 'eth_txd[1]' is not constrained, it is treated as combinational output.
W: Timing-4087: Port 'eth_txd[2]' is not constrained, it is treated as combinational output.
W: Timing-4087: Port 'eth_txd[3]' is not constrained, it is treated as combinational output.
W: Timing-4086: Port 'eth_rx_ctl' is not constrained, it is treated as combinational input.
W: Timing-4086: Port 'eth_rxd[0]' is not constrained, it is treated as combinational input.
W: Timing-4086: Port 'eth_rxd[1]' is not constrained, it is treated as combinational input.
W: Timing-4086: Port 'eth_rxd[2]' is not constrained, it is treated as combinational input.
W: Timing-4086: Port 'eth_rxd[3]' is not constrained, it is treated as combinational input.
W: Timing-4086: Port 'sys_rst_n' is not constrained, it is treated as combinational input.
Action synthesize: Real time elapsed is 0h:0m:22s
Action synthesize: CPU time elapsed is 0h:0m:18s
Action synthesize: Process CPU time elapsed is 0h:0m:19s
Current time: Wed Jan 31 20:26:08 2024
Action synthesize: Peak memory pool usage is 399 MB
Action from compile to synthesize: Total Real Time elapsed is 0h:0m:37s
Action from compile to synthesize: Total CPU time elapsed is 0h:0m:24s
Action from compile to synthesize: Total Process CPU Time elapsed is 0h:0m:25s
Process "Synthesize" done.


Process "Device Map" started.
Current time: Wed Jan 31 20:26:08 2024
Compiling architecture definition.
Analyzing project file 'C:/Users/VIDEO/Desktop/52_eth_udp_loop/prj/eth_udp_loop.pds'.
Compiling verification operator library.
Compiling common defs.
Loading technology operator library.
Compiling technology operator library.
Compiling technology operator (valence) library.
Compiling operator packing rules.
Compiling prim grid devices.
Compiling gate devices.
Compiling gate operators.
Compiling tech operator impls.
Building architecture model.
Loading device packaging model.
NOTE: The technology fpga was specified.
NOTE: delay_model specified was generic_cmos.
NOTE: Using the fpga syntax tables...
Totals:
 Calls to malloc = 0
 Calls to calloc = 148538

Flattening design 'eth_udp_loop'
Device mapping started.
Optimizing circuit logic.
Checking design netlist.
Processing tech operator.
Converting tech operator to gate operator.
Processing gate operator.
I: Infer CARRY group, base inst: async_fifo_2048x8b_inst/U_ipm2l_fifo_async_fifo_2048x8b/U_ipm2l_fifo_ctrl/N2_1/gateop, insts:12.
I: Infer CARRY group, base inst: async_fifo_2048x8b_inst/U_ipm2l_fifo_async_fifo_2048x8b/U_ipm2l_fifo_ctrl/N84_1/gateop, insts:12.
I: Infer CARRY group, base inst: u_icmp/u_icmp_rx/N168_1.fsub_1/gateop, insts:13.
I: Infer CARRY group, base inst: u_icmp/u_icmp_rx/N356_1_1/gateop, insts:15.
I: Infer CARRY group, base inst: u_icmp/u_icmp_rx/N360_1.fsub_1/gateop, insts:16.
I: Infer CARRY group, base inst: u_icmp/u_icmp_rx/N361.eq_0/gateop, insts:8.
I: Infer CARRY group, base inst: u_icmp/u_icmp_rx/N372_1/gateop, insts:32.
I: Infer CARRY group, base inst: u_icmp/u_icmp_rx/N375_1/gateop, insts:32.
I: Infer CARRY group, base inst: u_icmp/u_icmp_rx/N377.lt_0/gateop, insts:8.
I: Infer CARRY group, base inst: u_icmp/u_icmp_rx/N397.eq_0/gateop, insts:8.
I: Infer CARRY group, base inst: u_icmp/u_icmp_tx/N19_1_1/gateop, insts:13.
I: Infer CARRY group, base inst: u_icmp/u_icmp_tx/N130_1_1/gateop, insts:15.
I: Infer CARRY group, base inst: async_fifo_2048x8b_inst/U_ipm2l_fifo_async_fifo_2048x8b/U_ipm2l_fifo_ctrl/N167.eq_0/gateop, insts:6.
I: Infer CARRY group, base inst: async_fifo_2048x8b_inst/U_ipm2l_fifo_async_fifo_2048x8b/U_ipm2l_fifo_ctrl/N170.eq_0/gateop, insts:6.
I: Infer CARRY group, base inst: u_icmp/u_icmp_tx/N328_1.fsub_1/gateop, insts:15.
I: Infer CARRY group, base inst: u_icmp/u_icmp_tx/N329.lt_0/gateop, insts:8.
I: Infer CARRY group, base inst: u_icmp/u_icmp_tx/N337_1_1/gateop, insts:15.
I: Infer CARRY group, base inst: u_icmp/u_icmp_tx/N340.eq_0/gateop, insts:8.
I: Infer CARRY group, base inst: u_icmp/u_icmp_tx/N346_1/gateop, insts:16.
I: Infer CARRY group, base inst: u_icmp/u_icmp_tx/N349.lt_0/gateop, insts:8.
I: Infer CARRY group, base inst: u_icmp/u_icmp_tx/N370_1.fsub_1/gateop, insts:14.
I: Infer CARRY group, base inst: u_icmp/u_icmp_tx/N371.eq_0/gateop, insts:8.
I: Infer CARRY group, base inst: u_icmp/u_icmp_tx/N943_5_0/gateop, insts:21.
I: Infer CARRY group, base inst: u_icmp/u_icmp_tx/N964_5_0/gateop, insts:33.
I: Infer CARRY group, base inst: u_icmp/u_icmp_tx/N3739_1/gateop, insts:32.
I: Infer CARRY group, base inst: u_icmp/u_icmp_tx/N3751_1_1/gateop, insts:16.
I: Infer CARRY group, base inst: u_icmp/u_icmp_tx/N3757_0/gateop, insts:18.
I: Infer CARRY group, base inst: u_icmp/u_icmp_tx/N3760_1/gateop, insts:18.
I: Infer CARRY group, base inst: u_icmp/u_icmp_tx/N3763_1_1/gateop, insts:16.
I: Infer CARRY group, base inst: u_icmp/u_icmp_tx/N3766_1/gateop, insts:19.
I: Infer CARRY group, base inst: u_udp/u_udp_rx/N216_1.fsub_1/gateop, insts:12.
I: Infer CARRY group, base inst: u_udp/u_udp_rx/N235_1_1/gateop, insts:15.
I: Infer CARRY group, base inst: u_udp/u_udp_rx/N237_1.fsub_1/gateop, insts:15.
I: Infer CARRY group, base inst: u_udp/u_udp_rx/N238.eq_0/gateop, insts:8.
I: Infer CARRY group, base inst: u_udp/u_udp_tx/N20_1_1/gateop, insts:13.
I: Infer CARRY group, base inst: u_udp/u_udp_tx/N22_1_1/gateop, insts:12.
I: Infer CARRY group, base inst: u_udp/u_udp_tx/N129_1_1/gateop, insts:15.
I: Infer CARRY group, base inst: u_udp/u_udp_tx/N287_1.fsub_1/gateop, insts:15.
I: Infer CARRY group, base inst: u_udp/u_udp_tx/N288.lt_0/gateop, insts:8.
I: Infer CARRY group, base inst: u_udp/u_udp_tx/N296_1_1/gateop, insts:15.
I: Infer CARRY group, base inst: u_udp/u_udp_tx/N299.eq_0/gateop, insts:8.
I: Infer CARRY group, base inst: u_udp/u_udp_tx/N305_1/gateop, insts:16.
I: Infer CARRY group, base inst: u_udp/u_udp_tx/N308.lt_0/gateop, insts:8.
I: Infer CARRY group, base inst: u_udp/u_udp_tx/N329_1.fsub_1/gateop, insts:14.
I: Infer CARRY group, base inst: u_udp/u_udp_tx/N330.eq_0/gateop, insts:8.
I: Infer CARRY group, base inst: u_udp/u_udp_tx/N891_5_0/gateop, insts:21.
I: Infer CARRY group, base inst: u_udp/u_udp_tx/N3380_1_1/gateop, insts:16.
I: Infer CARRY group, base inst: u_udp/u_udp_tx/N3386_1/gateop, insts:17.
I: Infer CARRY group, base inst: u_udp/u_udp_tx/N3389_1/gateop, insts:18.
I: Infer CARRY group, base inst: u_udp/u_udp_tx/N3392_1_1/gateop, insts:16.
I: Infer CARRY group, base inst: u_udp/u_udp_tx/N3395_1/gateop, insts:19.
I: OSERDES "u_gmii_to_rgmii/u_rgmii_tx/txdata_bus[2].u_ODDR_inst_txdata/oserdes_inst" has been packed in "ODDR" of IOL "eth_txd_obuf[2]/opit_1" success.
I: OSERDES "u_gmii_to_rgmii/u_rgmii_tx/txdata_bus[3].u_ODDR_inst_txdata/oserdes_inst" has been packed in "ODDR" of IOL "eth_txd_obuf[3]/opit_1" success.
I: OSERDES "u_gmii_to_rgmii/u_rgmii_tx/txdata_bus[1].u_ODDR_inst_txdata/oserdes_inst" has been packed in "ODDR" of IOL "eth_txd_obuf[1]/opit_1" success.
I: ISERDES "u_gmii_to_rgmii/u_rgmii_rx/u_iddr_rx_ctl/iserdes_inst" has been packed in "IDDR" of IOL "eth_rx_ctl_ibuf/opit_1" success.
I: ISERDES "u_gmii_to_rgmii/u_rgmii_rx/rxdata_bus[0].u_iddr_rxd/iserdes_inst" has been packed in "IDDR" of IOL "eth_rxd_ibuf[0]/opit_1" success.
I: ISERDES "u_gmii_to_rgmii/u_rgmii_rx/rxdata_bus[1].u_iddr_rxd/iserdes_inst" has been packed in "IDDR" of IOL "eth_rxd_ibuf[1]/opit_1" success.
I: ISERDES "u_gmii_to_rgmii/u_rgmii_rx/rxdata_bus[2].u_iddr_rxd/iserdes_inst" has been packed in "IDDR" of IOL "eth_rxd_ibuf[2]/opit_1" success.
I: ISERDES "u_gmii_to_rgmii/u_rgmii_rx/rxdata_bus[3].u_iddr_rxd/iserdes_inst" has been packed in "IDDR" of IOL "eth_rxd_ibuf[3]/opit_1" success.
I: OSERDES "u_gmii_to_rgmii/u_rgmii_tx/u_ODDR_inst_tx_ctl/oserdes_inst" has been packed in "ODDR" of IOL "eth_tx_ctl_obuf/opit_1" success.
I: OSERDES "u_gmii_to_rgmii/u_rgmii_tx/txdata_bus[0].u_ODDR_inst_txdata/oserdes_inst" has been packed in "ODDR" of IOL "eth_txd_obuf[0]/opit_1" success.
Device Utilization Summary:
+------------------------------------------------------------------------+
| Logic Utilization     | Used     | Available     | Utilization(%)     
+------------------------------------------------------------------------+
| APM                   | 0        | 240           | 0                  
| FF                    | 1635     | 133200        | 2                  
| LUT                   | 1754     | 66600         | 3                  
| Distributed RAM       | 0        | 19900         | 0                  
| DRM                   | 0.5      | 155           | 1                  
| IO                    | 14       | 285           | 5                  
| RCKB                  | 0        | 24            | 0                  
| SCANCHAIN             | 0        | 1             | 0                  
| USCM                  | 1        | 32            | 4                  
| CCS                   | 1        | 1             | 100                
| ADC                   | 0        | 1             | 0                  
| DDR_PHY               | 0        | 24            | 0                  
| HSSTLP                | 0        | 1             | 0                  
| GPLL                  | 0        | 6             | 0                  
| PPLL                  | 0        | 6             | 0                  
| DDRPHY_CPD            | 0        | 12            | 0                  
| HCKB                  | 0        | 96            | 0                  
| IOCKB                 | 1        | 24            | 5                  
| MRCKB                 | 0        | 12            | 0                  
| PCIE                  | 0        | 1             | 0                  
| DDRPHY_IOCLK_DIV      | 0        | 6             | 0                  
| ANALOG                | 0        | 1             | 0                  
| TSERDES               | 0        | 48            | 0                  
| KEYRAM                | 0        | 1             | 0                  
+------------------------------------------------------------------------+

Device mapping done.
Total device mapping takes 0.34 sec.

Design 'eth_udp_loop' has been successfully mapped to architecture-specific objects.
Saving design to DB.
W: Public-4010: Pcf file C:/Users/VIDEO/Desktop/52_eth_udp_loop/prj/device_map/eth_udp_loop.pcf has been covered.
Action dev_map: Real time elapsed is 0h:0m:15s
Action dev_map: CPU time elapsed is 0h:0m:12s
Action dev_map: Process CPU time elapsed is 0h:0m:12s
Current time: Wed Jan 31 20:26:23 2024
Action dev_map: Peak memory pool usage is 358 MB
Action from compile to dev_map: Total Real Time elapsed is 0h:0m:52s
Action from compile to dev_map: Total CPU time elapsed is 0h:0m:36s
Action from compile to dev_map: Total Process CPU Time elapsed is 0h:0m:37s
Process "Device Map" done.


Process "Place & Route" started.
Current time: Wed Jan 31 20:26:24 2024
Compiling architecture definition.
Analyzing project file 'C:/Users/VIDEO/Desktop/52_eth_udp_loop/prj/eth_udp_loop.pds'.
Compiling verification operator library.
Compiling common defs.
Compiling prim grid devices.
Compiling gate devices.
Compiling gate operators.
Building architecture model.
Loading device packaging model.
pnr strategy configuration : 
strategy name : 0
Building architecture floorplan logic view.
Constraint check start.
Executing : def_port {eth_rst_n} LOC=N20 VCCIO=3.3 IOSTANDARD=LVCMOS33 DRIVE=8 SLEW=SLOW NONE=TRUE
C: ConstraintEditor-2002: [C:/Users/VIDEO/Desktop/52_eth_udp_loop/prj/device_map/eth_udp_loop.pcf(line number: 3)] | Port eth_rst_n has been placed at location N20, whose type is share pin.
Executing : def_port {eth_rst_n} LOC=N20 VCCIO=3.3 IOSTANDARD=LVCMOS33 DRIVE=8 SLEW=SLOW NONE=TRUE successfully
Executing : def_port {eth_tx_ctl} LOC=W20 VCCIO=3.3 IOSTANDARD=LVCMOS33 DRIVE=8 SLEW=SLOW NONE=TRUE
Executing : def_port {eth_tx_ctl} LOC=W20 VCCIO=3.3 IOSTANDARD=LVCMOS33 DRIVE=8 SLEW=SLOW NONE=TRUE successfully
Executing : def_port {eth_txc} LOC=W19 VCCIO=3.3 IOSTANDARD=LVCMOS33 DRIVE=8 SLEW=SLOW NONE=TRUE
Executing : def_port {eth_txc} LOC=W19 VCCIO=3.3 IOSTANDARD=LVCMOS33 DRIVE=8 SLEW=SLOW NONE=TRUE successfully
Executing : def_port {eth_txd[0]} LOC=W22 VCCIO=3.3 IOSTANDARD=LVCMOS33 DRIVE=8 SLEW=SLOW NONE=TRUE
C: ConstraintEditor-2002: [C:/Users/VIDEO/Desktop/52_eth_udp_loop/prj/device_map/eth_udp_loop.pcf(line number: 6)] | Port eth_txd[0] has been placed at location W22, whose type is share pin.
Executing : def_port {eth_txd[0]} LOC=W22 VCCIO=3.3 IOSTANDARD=LVCMOS33 DRIVE=8 SLEW=SLOW NONE=TRUE successfully
Executing : def_port {eth_txd[1]} LOC=W21 VCCIO=3.3 IOSTANDARD=LVCMOS33 DRIVE=8 SLEW=SLOW NONE=TRUE
C: ConstraintEditor-2002: [C:/Users/VIDEO/Desktop/52_eth_udp_loop/prj/device_map/eth_udp_loop.pcf(line number: 7)] | Port eth_txd[1] has been placed at location W21, whose type is share pin.
Executing : def_port {eth_txd[1]} LOC=W21 VCCIO=3.3 IOSTANDARD=LVCMOS33 DRIVE=8 SLEW=SLOW NONE=TRUE successfully
Executing : def_port {eth_txd[2]} LOC=T20 VCCIO=3.3 IOSTANDARD=LVCMOS33 DRIVE=8 SLEW=SLOW NONE=TRUE
C: ConstraintEditor-2002: [C:/Users/VIDEO/Desktop/52_eth_udp_loop/prj/device_map/eth_udp_loop.pcf(line number: 8)] | Port eth_txd[2] has been placed at location T20, whose type is share pin.
Executing : def_port {eth_txd[2]} LOC=T20 VCCIO=3.3 IOSTANDARD=LVCMOS33 DRIVE=8 SLEW=SLOW NONE=TRUE successfully
Executing : def_port {eth_txd[3]} LOC=P20 VCCIO=3.3 IOSTANDARD=LVCMOS33 DRIVE=8 SLEW=SLOW NONE=TRUE
Executing : def_port {eth_txd[3]} LOC=P20 VCCIO=3.3 IOSTANDARD=LVCMOS33 DRIVE=8 SLEW=SLOW NONE=TRUE successfully
Executing : def_port {eth_rx_ctl} LOC=Y21 VCCIO=3.3 IOSTANDARD=LVCMOS33 NONE=TRUE
Executing : def_port {eth_rx_ctl} LOC=Y21 VCCIO=3.3 IOSTANDARD=LVCMOS33 NONE=TRUE successfully
Executing : def_port {eth_rxc} LOC=Y18 VCCIO=3.3 IOSTANDARD=LVCMOS33 NONE=TRUE
Executing : def_port {eth_rxc} LOC=Y18 VCCIO=3.3 IOSTANDARD=LVCMOS33 NONE=TRUE successfully
Executing : def_port {eth_rxd[0]} LOC=Y22 VCCIO=3.3 IOSTANDARD=LVCMOS33 NONE=TRUE
C: ConstraintEditor-2002: [C:/Users/VIDEO/Desktop/52_eth_udp_loop/prj/device_map/eth_udp_loop.pcf(line number: 12)] | Port eth_rxd[0] has been placed at location Y22, whose type is share pin.
Executing : def_port {eth_rxd[0]} LOC=Y22 VCCIO=3.3 IOSTANDARD=LVCMOS33 NONE=TRUE successfully
Executing : def_port {eth_rxd[1]} LOC=AB21 VCCIO=3.3 IOSTANDARD=LVCMOS33 NONE=TRUE
C: ConstraintEditor-2002: [C:/Users/VIDEO/Desktop/52_eth_udp_loop/prj/device_map/eth_udp_loop.pcf(line number: 13)] | Port eth_rxd[1] has been placed at location AB21, whose type is share pin.
Executing : def_port {eth_rxd[1]} LOC=AB21 VCCIO=3.3 IOSTANDARD=LVCMOS33 NONE=TRUE successfully
Executing : def_port {eth_rxd[2]} LOC=AB22 VCCIO=3.3 IOSTANDARD=LVCMOS33 NONE=TRUE
C: ConstraintEditor-2002: [C:/Users/VIDEO/Desktop/52_eth_udp_loop/prj/device_map/eth_udp_loop.pcf(line number: 14)] | Port eth_rxd[2] has been placed at location AB22, whose type is share pin.
Executing : def_port {eth_rxd[2]} LOC=AB22 VCCIO=3.3 IOSTANDARD=LVCMOS33 NONE=TRUE successfully
Executing : def_port {eth_rxd[3]} LOC=Y19 VCCIO=3.3 IOSTANDARD=LVCMOS33 NONE=TRUE
Executing : def_port {eth_rxd[3]} LOC=Y19 VCCIO=3.3 IOSTANDARD=LVCMOS33 NONE=TRUE successfully
Executing : def_port {sys_clk} LOC=R4 VCCIO=1.5 IOSTANDARD=LVCMOS15 NONE=TRUE
C: ConstraintEditor-2001: [C:/Users/VIDEO/Desktop/52_eth_udp_loop/prj/device_map/eth_udp_loop.pcf(line number: 16)] Object 'sys_clk' is dangling, which has no connection. it will be ignored.
Executing : def_port {sys_clk} LOC=R4 VCCIO=1.5 IOSTANDARD=LVCMOS15 NONE=TRUE failed
Executing : def_port {sys_rst_n} LOC=U7 VCCIO=1.5 IOSTANDARD=LVCMOS15 NONE=TRUE
Executing : def_port {sys_rst_n} LOC=U7 VCCIO=1.5 IOSTANDARD=LVCMOS15 NONE=TRUE successfully
Constraint check end.
NOTE: The technology fpga was specified.
NOTE: delay_model specified was generic_cmos.
NOTE: Using the fpga syntax tables...
Totals:
 Calls to malloc = 0
 Calls to calloc = 5993935

I: Column Clock Check open.
Read Column Clock Map.

Placement started.
Phase 1 Pre global placement started.
Mapping instance GRS_INST/grs_ccs to CCS_87_316.
Phase 1.1 1st GP placement started.
Design Utilization : 3%.
First map gop timing takes 1.78 sec
Worst slack after clock region global placement is -287
Wirelength after clock region global placement is 17578 and checksum is B1C62946B278FE56.
1st GP placement takes 5.72 sec.

Phase 1.2 Clock placement started.
Mapping instance u_gmii_to_rgmii/u_rgmii_rx/u_GTP_IOCLKBUF/gopclkgate to IOCKB_11_459.
Mapping instance u_gmii_to_rgmii/u_rgmii_rx/BUFG_inst/gopclkbufg to USCM_215_576.
Clock placement takes 0.20 sec.

Wirelength after Pre Global Placement is 17578 and checksum is B1C62946B278FE56.
Pre global placement takes 6.80 sec.

Phase 2 Global placement started.
Phase 2.1 Fixed placement started.
Placed fixed group with base inst eth_rst_n_obuf/opit_1 on IOLHR_16_696.
Placed fixed group with base inst eth_rx_ctl_ibuf/opit_1 on IOLHR_16_504.
Placed fixed group with base inst eth_rxc_ibuf/opit_1 on IOLHR_16_450.
Placed fixed group with base inst eth_rxd_ibuf[0]/opit_1 on IOLHR_16_498.
Placed fixed group with base inst eth_rxd_ibuf[1]/opit_1 on IOLHR_16_492.
Placed fixed group with base inst eth_rxd_ibuf[2]/opit_1 on IOLHR_16_486.
Placed fixed group with base inst eth_rxd_ibuf[3]/opit_1 on IOLHR_16_444.
Placed fixed group with base inst eth_tx_ctl_obuf/opit_1 on IOLHR_16_462.
Placed fixed group with base inst eth_txc_obuf/opit_1 on IOLHR_16_468.
Placed fixed group with base inst eth_txd_obuf[0]/opit_1 on IOLHR_16_522.
Placed fixed group with base inst eth_txd_obuf[1]/opit_1 on IOLHR_16_528.
Placed fixed group with base inst eth_txd_obuf[2]/opit_1 on IOLHR_16_534.
Placed fixed group with base inst eth_txd_obuf[3]/opit_1 on IOLHR_16_606.
Placed fixed group with base inst sys_rst_n_ibuf/opit_1 on IOLHR_364_306.
Placed fixed instance GRS_INST/grs_ccs on CCS_87_316.
Placed fixed instance u_gmii_to_rgmii/u_rgmii_rx/BUFG_inst/gopclkbufg on USCM_215_576.
Placed fixed instance u_gmii_to_rgmii/u_rgmii_rx/u_GTP_IOCLKBUF/gopclkgate on IOCKB_11_459.
Placed fixed instance BKCL_auto_0 on BKCL_1_646.
Placed fixed instance BKCL_auto_1 on BKCL_1_340.
Placed fixed instance BKCL_auto_2 on BKCL_373_340.
Fixed placement takes 0.12 sec.

Phase 2.2 Process placement started.
Process placement takes 0.00 sec.

Phase 2.3 IO placement started.
IO placement takes 0.08 sec.

Phase 2.4 2nd GP placement started.
Run super clustering :
	Initial slack -3752.
	13 iterations finished.
	Final slack 640.
Super clustering done.
Design Utilization : 3%.
Worst slack after global placement is 4032
2nd GP placement takes 1.73 sec.

Wirelength after global placement is 13572 and checksum is A8CBCD3AA86EC436.
Global placement takes 1.95 sec.

Phase 3 Post global placement started.
Packing LUT6D started.
I: LUT6D pack result: There are 636 LUT6 in collection, pack success:51
Packing LUT6D takes 0.44 sec.
Phase 3.1 Macro cell placement started.
I: Process macros using "Greedy".
Wirelength after macro cell placement is 14136 and checksum is 107867D5494394A5.
Macro cell placement takes 0.00 sec.

Phase 3.2 3rd GP placement started.
Run super clustering :
	Initial slack -3752.
	13 iterations finished.
	Final slack 640.
Super clustering done.
Design Utilization : 3%.
Worst slack after post global placement is 4059
3rd GP placement takes 1.64 sec.

Wirelength after post global placement is 16157 and checksum is 356C82F7EB3298F9.
Packing LUT6D started.
I: LUT6D pack result: There are 534 LUT6 in collection, pack success:0
Packing LUT6D takes 0.36 sec.
Post global placement takes 2.45 sec.

Phase 4 Legalization started.
The average distance in LP is 1.068261.
Wirelength after legalization is 20964 and checksum is 52B680C972C93A5D.
Legalization takes 0.31 sec.

Phase 5 Timing-driven detailed placement started.
Phase 5.1 Replication placement started.
Worst slack before Replication Place is 3283.
Replication placement takes 0.20 sec.

Wirelength after replication placement is 20964 and checksum is 52B680C972C93A5D.
Phase 5.2 Swapping placement started.
Worst slack before detailed placement is 3283, TNS before detailed placement is 0. 
Worst slack after detailed placement is 3283, TNS after detailed placement is 0. 
Swapping placement takes 0.09 sec.

Wirelength after detailed placement is 20964 and checksum is 52B680C972C93A5D.
Timing-driven detailed placement takes 0.31 sec.

Worst slack is 3283, TNS after placement is 0.
Placement done.
Total placement takes 12.91 sec.
Finished placement.

Routing started.
Building routing graph takes 5.66 sec.
Worst slack is 3283, TNS before global route is 0.
Processing design graph takes 1.47 sec.
Total memory for routing:
	218.236594 M.
Total nets for routing : 3728.
Rcf routing step 1 processed 0 nets, it takes 0.00 sec.
Rcf routing step 2 processed 0 nets, it takes 0.00 sec.
Rcf routing step 3 processed 0 nets, it takes 0.00 sec.
Unrouted nets 0 at the end of iteration 0.
Global Routing step 1 processed 57 nets, it takes 0.03 sec.
Unrouted nets 231 at the end of iteration 0.
Unrouted nets 145 at the end of iteration 1.
Unrouted nets 111 at the end of iteration 2.
Unrouted nets 87 at the end of iteration 3.
Unrouted nets 73 at the end of iteration 4.
Unrouted nets 60 at the end of iteration 5.
Unrouted nets 48 at the end of iteration 6.
Unrouted nets 35 at the end of iteration 7.
Unrouted nets 37 at the end of iteration 8.
Unrouted nets 25 at the end of iteration 9.
Unrouted nets 20 at the end of iteration 10.
Unrouted nets 21 at the end of iteration 11.
Unrouted nets 12 at the end of iteration 12.
Unrouted nets 13 at the end of iteration 13.
Unrouted nets 12 at the end of iteration 14.
Unrouted nets 14 at the end of iteration 15.
Unrouted nets 11 at the end of iteration 16.
Unrouted nets 6 at the end of iteration 17.
Unrouted nets 3 at the end of iteration 18.
Unrouted nets 3 at the end of iteration 19.
Unrouted nets 4 at the end of iteration 20.
Unrouted nets 1 at the end of iteration 21.
Unrouted nets 1 at the end of iteration 22.
Unrouted nets 1 at the end of iteration 23.
Unrouted nets 1 at the end of iteration 24.
Unrouted nets 1 at the end of iteration 25.
Unrouted nets 1 at the end of iteration 26.
Unrouted nets 1 at the end of iteration 27.
Unrouted nets 0 at the end of iteration 28.
Global Routing step 2 processed 544 nets, it takes 2.11 sec.
Global Routing step 3 processed 0 nets, it takes 0.02 sec.
Unrouted nets 5 at the end of iteration 0.
Unrouted nets 2 at the end of iteration 1.
Unrouted nets 2 at the end of iteration 2.
Unrouted nets 0 at the end of iteration 3.
Global Routing step 4 processed 61 nets, it takes 0.06 sec.
Global routing takes 2.36 sec.
Total 3817 subnets.
    forward max bucket size 126 , backward 89.
        Unrouted nets 2251 at the end of iteration 0.
    route iteration 0, CPU time elapsed 0.640625 sec.
    forward max bucket size 83 , backward 53.
        Unrouted nets 2049 at the end of iteration 1.
    route iteration 1, CPU time elapsed 0.500000 sec.
    forward max bucket size 71 , backward 34.
        Unrouted nets 1749 at the end of iteration 2.
    route iteration 2, CPU time elapsed 0.421875 sec.
    forward max bucket size 58 , backward 35.
        Unrouted nets 1551 at the end of iteration 3.
    route iteration 3, CPU time elapsed 0.453125 sec.
    forward max bucket size 58 , backward 35.
        Unrouted nets 1370 at the end of iteration 4.
    route iteration 4, CPU time elapsed 0.343750 sec.
    forward max bucket size 65 , backward 37.
        Unrouted nets 1220 at the end of iteration 5.
    route iteration 5, CPU time elapsed 0.343750 sec.
    forward max bucket size 52 , backward 50.
        Unrouted nets 1070 at the end of iteration 6.
    route iteration 6, CPU time elapsed 0.265625 sec.
    forward max bucket size 59 , backward 36.
        Unrouted nets 976 at the end of iteration 7.
    route iteration 7, CPU time elapsed 0.250000 sec.
    forward max bucket size 59 , backward 41.
        Unrouted nets 828 at the end of iteration 8.
    route iteration 8, CPU time elapsed 0.234375 sec.
    forward max bucket size 58 , backward 34.
        Unrouted nets 751 at the end of iteration 9.
    route iteration 9, CPU time elapsed 0.187500 sec.
    forward max bucket size 57 , backward 45.
        Unrouted nets 625 at the end of iteration 10.
    route iteration 10, CPU time elapsed 0.171875 sec.
    forward max bucket size 49 , backward 85.
        Unrouted nets 605 at the end of iteration 11.
    route iteration 11, CPU time elapsed 0.156250 sec.
    forward max bucket size 64 , backward 77.
        Unrouted nets 534 at the end of iteration 12.
    route iteration 12, CPU time elapsed 0.140625 sec.
    forward max bucket size 58 , backward 33.
        Unrouted nets 475 at the end of iteration 13.
    route iteration 13, CPU time elapsed 0.125000 sec.
    forward max bucket size 70 , backward 23.
        Unrouted nets 431 at the end of iteration 14.
    route iteration 14, CPU time elapsed 0.109375 sec.
    forward max bucket size 91 , backward 27.
        Unrouted nets 370 at the end of iteration 15.
    route iteration 15, CPU time elapsed 0.093750 sec.
    forward max bucket size 91 , backward 29.
        Unrouted nets 328 at the end of iteration 16.
    route iteration 16, CPU time elapsed 0.109375 sec.
    forward max bucket size 64 , backward 27.
        Unrouted nets 279 at the end of iteration 17.
    route iteration 17, CPU time elapsed 0.078125 sec.
    forward max bucket size 72 , backward 28.
        Unrouted nets 239 at the end of iteration 18.
    route iteration 18, CPU time elapsed 0.078125 sec.
    forward max bucket size 92 , backward 20.
        Unrouted nets 219 at the end of iteration 19.
    route iteration 19, CPU time elapsed 0.062500 sec.
    forward max bucket size 92 , backward 20.
        Unrouted nets 183 at the end of iteration 20.
    route iteration 20, CPU time elapsed 0.062500 sec.
    forward max bucket size 91 , backward 34.
        Unrouted nets 163 at the end of iteration 21.
    route iteration 21, CPU time elapsed 0.046875 sec.
    forward max bucket size 90 , backward 21.
        Unrouted nets 150 at the end of iteration 22.
    route iteration 22, CPU time elapsed 0.031250 sec.
    forward max bucket size 50 , backward 21.
        Unrouted nets 156 at the end of iteration 23.
    route iteration 23, CPU time elapsed 0.046875 sec.
    forward max bucket size 45 , backward 22.
        Unrouted nets 144 at the end of iteration 24.
    route iteration 24, CPU time elapsed 0.062500 sec.
    forward max bucket size 48 , backward 21.
        Unrouted nets 133 at the end of iteration 25.
    route iteration 25, CPU time elapsed 0.046875 sec.
    forward max bucket size 40 , backward 20.
        Unrouted nets 110 at the end of iteration 26.
    route iteration 26, CPU time elapsed 0.031250 sec.
    forward max bucket size 39 , backward 18.
        Unrouted nets 111 at the end of iteration 27.
    route iteration 27, CPU time elapsed 0.031250 sec.
    forward max bucket size 45 , backward 17.
        Unrouted nets 103 at the end of iteration 28.
    route iteration 28, CPU time elapsed 0.046875 sec.
    forward max bucket size 45 , backward 20.
        Unrouted nets 82 at the end of iteration 29.
    route iteration 29, CPU time elapsed 0.015625 sec.
    forward max bucket size 52 , backward 24.
        Unrouted nets 78 at the end of iteration 30.
    route iteration 30, CPU time elapsed 0.031250 sec.
    forward max bucket size 52 , backward 17.
        Unrouted nets 79 at the end of iteration 31.
    route iteration 31, CPU time elapsed 0.031250 sec.
    forward max bucket size 41 , backward 17.
        Unrouted nets 79 at the end of iteration 32.
    route iteration 32, CPU time elapsed 0.031250 sec.
    forward max bucket size 86 , backward 20.
        Unrouted nets 78 at the end of iteration 33.
    route iteration 33, CPU time elapsed 0.031250 sec.
    forward max bucket size 81 , backward 20.
        Unrouted nets 76 at the end of iteration 34.
    route iteration 34, CPU time elapsed 0.031250 sec.
    forward max bucket size 80 , backward 17.
        Unrouted nets 74 at the end of iteration 35.
    route iteration 35, CPU time elapsed 0.031250 sec.
    forward max bucket size 64 , backward 18.
        Unrouted nets 59 at the end of iteration 36.
    route iteration 36, CPU time elapsed 0.015625 sec.
    forward max bucket size 81 , backward 25.
        Unrouted nets 63 at the end of iteration 37.
    route iteration 37, CPU time elapsed 0.015625 sec.
    forward max bucket size 36 , backward 20.
        Unrouted nets 55 at the end of iteration 38.
    route iteration 38, CPU time elapsed 0.015625 sec.
    forward max bucket size 36 , backward 15.
        Unrouted nets 45 at the end of iteration 39.
    route iteration 39, CPU time elapsed 0.015625 sec.
    forward max bucket size 43 , backward 18.
        Unrouted nets 44 at the end of iteration 40.
    route iteration 40, CPU time elapsed 0.015625 sec.
    forward max bucket size 37 , backward 18.
        Unrouted nets 44 at the end of iteration 41.
    route iteration 41, CPU time elapsed 0.031250 sec.
    forward max bucket size 37 , backward 18.
        Unrouted nets 40 at the end of iteration 42.
    route iteration 42, CPU time elapsed 0.015625 sec.
    forward max bucket size 34 , backward 17.
        Unrouted nets 29 at the end of iteration 43.
    route iteration 43, CPU time elapsed 0.015625 sec.
    forward max bucket size 25 , backward 20.
        Unrouted nets 28 at the end of iteration 44.
    route iteration 44, CPU time elapsed 0.015625 sec.
    forward max bucket size 25 , backward 18.
        Unrouted nets 36 at the end of iteration 45.
    route iteration 45, CPU time elapsed 0.015625 sec.
    forward max bucket size 25 , backward 20.
        Unrouted nets 30 at the end of iteration 46.
    route iteration 46, CPU time elapsed 0.015625 sec.
    forward max bucket size 28 , backward 17.
        Unrouted nets 26 at the end of iteration 47.
    route iteration 47, CPU time elapsed 0.015625 sec.
    forward max bucket size 32 , backward 18.
        Unrouted nets 15 at the end of iteration 48.
    route iteration 48, CPU time elapsed 0.015625 sec.
    forward max bucket size 29 , backward 25.
        Unrouted nets 13 at the end of iteration 49.
    route iteration 49, CPU time elapsed 0.015625 sec.
    forward max bucket size 29 , backward 31.
        Unrouted nets 13 at the end of iteration 50.
    route iteration 50, CPU time elapsed 0.015625 sec.
    forward max bucket size 29 , backward 35.
        Unrouted nets 12 at the end of iteration 51.
    route iteration 51, CPU time elapsed 0.015625 sec.
    forward max bucket size 26 , backward 28.
        Unrouted nets 13 at the end of iteration 52.
    route iteration 52, CPU time elapsed 0.015625 sec.
    forward max bucket size 29 , backward 17.
        Unrouted nets 12 at the end of iteration 53.
    route iteration 53, CPU time elapsed 0.015625 sec.
    forward max bucket size 24 , backward 16.
        Unrouted nets 8 at the end of iteration 54.
    route iteration 54, CPU time elapsed 0.015625 sec.
    forward max bucket size 26 , backward 17.
        Unrouted nets 7 at the end of iteration 55.
    route iteration 55, CPU time elapsed 0.015625 sec.
    forward max bucket size 29 , backward 31.
        Unrouted nets 6 at the end of iteration 56.
    route iteration 56, CPU time elapsed 0.015625 sec.
    forward max bucket size 24 , backward 28.
        Unrouted nets 6 at the end of iteration 57.
    route iteration 57, CPU time elapsed 0.015625 sec.
    forward max bucket size 20 , backward 14.
        Unrouted nets 4 at the end of iteration 58.
    route iteration 58, CPU time elapsed 0.015625 sec.
    forward max bucket size 19 , backward 15.
        Unrouted nets 4 at the end of iteration 59.
    route iteration 59, CPU time elapsed 0.015625 sec.
    forward max bucket size 19 , backward 13.
        Unrouted nets 4 at the end of iteration 60.
    route iteration 60, CPU time elapsed 0.015625 sec.
    forward max bucket size 30 , backward 16.
        Unrouted nets 4 at the end of iteration 61.
    route iteration 61, CPU time elapsed 0.015625 sec.
    forward max bucket size 20 , backward 14.
        Unrouted nets 5 at the end of iteration 62.
    route iteration 62, CPU time elapsed 0.015625 sec.
    forward max bucket size 26 , backward 14.
        Unrouted nets 3 at the end of iteration 63.
    route iteration 63, CPU time elapsed 0.015625 sec.
    forward max bucket size 16 , backward 15.
        Unrouted nets 2 at the end of iteration 64.
    route iteration 64, CPU time elapsed 0.015625 sec.
    forward max bucket size 12 , backward 17.
        Unrouted nets 4 at the end of iteration 65.
    route iteration 65, CPU time elapsed 0.015625 sec.
    forward max bucket size 29 , backward 17.
        Unrouted nets 5 at the end of iteration 66.
    route iteration 66, CPU time elapsed 0.015625 sec.
    forward max bucket size 26 , backward 15.
        Unrouted nets 8 at the end of iteration 67.
    route iteration 67, CPU time elapsed 0.000000 sec.
    forward max bucket size 32 , backward 13.
        Unrouted nets 9 at the end of iteration 68.
    route iteration 68, CPU time elapsed 0.015625 sec.
    forward max bucket size 26 , backward 13.
        Unrouted nets 4 at the end of iteration 69.
    route iteration 69, CPU time elapsed 0.000000 sec.
    forward max bucket size 10 , backward 12.
        Unrouted nets 5 at the end of iteration 70.
    route iteration 70, CPU time elapsed 0.000000 sec.
    forward max bucket size 34 , backward 13.
        Unrouted nets 2 at the end of iteration 71.
    route iteration 71, CPU time elapsed 0.000000 sec.
    forward max bucket size 19 , backward 22.
        Unrouted nets 4 at the end of iteration 72.
    route iteration 72, CPU time elapsed 0.015625 sec.
    forward max bucket size 17 , backward 7.
        Unrouted nets 4 at the end of iteration 73.
    route iteration 73, CPU time elapsed 0.000000 sec.
    forward max bucket size 17 , backward 7.
        Unrouted nets 4 at the end of iteration 74.
    route iteration 74, CPU time elapsed 0.015625 sec.
    forward max bucket size 20 , backward 15.
        Unrouted nets 4 at the end of iteration 75.
    route iteration 75, CPU time elapsed 0.015625 sec.
    forward max bucket size 10 , backward 7.
        Unrouted nets 2 at the end of iteration 76.
    route iteration 76, CPU time elapsed 0.015625 sec.
    forward max bucket size 11 , backward 6.
        Unrouted nets 2 at the end of iteration 77.
    route iteration 77, CPU time elapsed 0.015625 sec.
    forward max bucket size 16 , backward 7.
        Unrouted nets 2 at the end of iteration 78.
    route iteration 78, CPU time elapsed 0.015625 sec.
    forward max bucket size 31 , backward 8.
        Unrouted nets 3 at the end of iteration 79.
    route iteration 79, CPU time elapsed 0.015625 sec.
    forward max bucket size 18 , backward 15.
        Unrouted nets 2 at the end of iteration 80.
    route iteration 80, CPU time elapsed 0.015625 sec.
    forward max bucket size 7 , backward 9.
        Unrouted nets 2 at the end of iteration 81.
    route iteration 81, CPU time elapsed 0.015625 sec.
    forward max bucket size 7 , backward 8.
        Unrouted nets 2 at the end of iteration 82.
    route iteration 82, CPU time elapsed 0.015625 sec.
    forward max bucket size 10 , backward 11.
        Unrouted nets 2 at the end of iteration 83.
    route iteration 83, CPU time elapsed 0.015625 sec.
    forward max bucket size 17 , backward 15.
        Unrouted nets 2 at the end of iteration 84.
    route iteration 84, CPU time elapsed 0.015625 sec.
    forward max bucket size 11 , backward 9.
        Unrouted nets 0 at the end of iteration 85.
    route iteration 85, CPU time elapsed 0.015625 sec.
Detailed routing takes 85 iterations
Detailed routing takes 6.42 sec.
Start fix hold violation.
Build tmp routing results takes 0.03 sec.
Timing analysis takes 0.05 sec.
Hold violation fix iter 0 takes 2.91 sec, total_step_forward 62474.
Incremental timing analysis takes 0.05 sec.
Hold violation fix iter 1 takes 0.02 sec, total_step_forward 332.
Incremental timing analysis takes 0.03 sec.
Hold violation fix iter 2 takes 0.00 sec, total_step_forward 41.
Incremental timing analysis takes 0.05 sec.
Hold violation fix iter 3 takes 0.00 sec, total_step_forward 0.
Hold Violation Fix in router takes 4 iterations.
Fix hold violation Finished.
Hold Violation Fix in router takes 4.20 sec.

Dispose routing result:
    Collect routing result.
    Delete unused device instances.
    Annotate routing result.
    Change LUT configuration.
    Dispose misc instances.
    Annotate routing result again.
Finish routing takes 0.27 sec.
Used SRB routing arc is 26739.
Cleanup routing takes 0.02 sec.
Routing done.
Total routing takes 21.67 sec.


Device Utilization Summary :
+------------------------------------------------------------------------------+
| Logic Utilization           | Used     | Available     | Utilization(%)     
+------------------------------------------------------------------------------+
| Use of ADC                  | 0        | 1             | 0                  
| Use of ANALOG               | 0        | 1             | 0                  
| Use of APM                  | 0        | 240           | 0                  
| Use of BKCL                 | 3        | 6             | 50                 
| Use of CCS                  | 1        | 1             | 100                
| Use of CLMA                 | 370      | 11675         | 4                  
|   FF                        | 1055     | 93400         | 2                  
|   LUT                       | 1127     | 46700         | 3                  
|   LUT-FF pairs              | 407      | 46700         | 1                  
| Use of CLMS                 | 187      | 4975          | 4                  
|   FF                        | 580      | 39800         | 2                  
|   LUT                       | 576      | 19900         | 3                  
|   LUT-FF pairs              | 228      | 19900         | 2                  
|   Distributed RAM           | 0        | 19900         | 0                  
| Use of DDRPHY_CPD           | 0        | 12            | 0                  
| Use of DDRPHY_IOCLK_DIV     | 0        | 6             | 0                  
| Use of DDR_PHY              | 0        | 24            | 0                  
| Use of DRM                  | 0.5      | 155           | 1                  
| Use of GPLL                 | 0        | 6             | 0                  
| Use of GSEB                 | 0        | 218           | 0                  
| Use of HARD0                | 208      | 10550         | 2                  
| Use of HCKB                 | 1        | 96            | 2                  
|  HCKB dataused              | 0        | 96            | 0                  
| Use of HCKMUX_TEST          | 0        | 8             | 0                  
| Use of HSSTLP               | 0        | 1             | 0                  
| Use of IO                   | 14       | 285           | 5                  
|   IOBD                      | 6        | 137           | 5                  
|   IOBS                      | 8        | 148           | 6                  
| Use of IOCKB                | 1        | 24            | 5                  
| Use of IOCKMUX_TEST         | 0        | 6             | 0                  
| Use of IOLHR                | 14       | 300           | 5                  
| Use of KEYRAM               | 0        | 1             | 0                  
| Use of MFG_TEST             | 0        | 1             | 0                  
| Use of MRCKB                | 0        | 12            | 0                  
| Use of MRCKMUX_TEST         | 0        | 6             | 0                  
| Use of MRPOSTMUX_TEST       | 0        | 6             | 0                  
| Use of PCIE                 | 0        | 1             | 0                  
| Use of PCKMUX_TEST          | 0        | 12            | 0                  
| Use of PLLMRMUX_TEST        | 0        | 6             | 0                  
| Use of PLLREFMUX_TEST       | 0        | 6             | 0                  
| Use of PPLL                 | 0        | 6             | 0                  
| Use of PREGMUXC_TEST        | 0        | 4             | 0                  
| Use of PREGMUXLR_TEST       | 0        | 6             | 0                  
| Use of RCKB                 | 0        | 24            | 0                  
|  RCKB dataused              | 0        | 24            | 0                  
| Use of RCKMUX_TEST          | 0        | 6             | 0                  
| Use of SCANCHAIN            | 0        | 1             | 0                  
| Use of SCKMUX_TEST          | 0        | 12            | 0                  
| Use of SFB                  | 0        | 2225          | 0                  
| Use of SPAD                 | 0        | 4             | 0                  
| Use of TSERDES              | 0        | 48            | 0                  
| Use of USCM                 | 1        | 32            | 4                  
|  USCM dataused              | 0        | 32            | 0                  
| Use of USCMMUX_TEST         | 0        | 32            | 0                  
+------------------------------------------------------------------------------+

Finished routing.
Design 'eth_udp_loop' has been placed and routed successfully.
Saving design to DB.
Finished placement and routing.
Action pnr: Real time elapsed is 0h:1m:12s
Action pnr: CPU time elapsed is 0h:1m:1s
Action pnr: Process CPU time elapsed is 0h:1m:7s
Current time: Wed Jan 31 20:27:35 2024
Action pnr: Peak memory pool usage is 1,291 MB
Action from compile to pnr: Total Real Time elapsed is 0h:2m:4s
Action from compile to pnr: Total CPU time elapsed is 0h:1m:37s
Action from compile to pnr: Total Process CPU Time elapsed is 0h:1m:44s
Process "Place & Route" done.


Process "Report Timing" started.
Current time: Wed Jan 31 20:27:36 2024
Compiling architecture definition.
Analyzing project file 'C:/Users/VIDEO/Desktop/52_eth_udp_loop/prj/eth_udp_loop.pds'.
Compiling verification operator library.
Compiling common defs.
Compiling prim grid devices.
Compiling gate devices.
Compiling gate operators.
Building architecture model.
Loading device packaging model.
Reading design from pnr DB.
Start Report Post-PnR timing.
NOTE: The technology fpga was specified.
NOTE: delay_model specified was generic_cmos.
NOTE: Using the fpga syntax tables...
Totals:
 Calls to malloc = 0
 Calls to calloc = 5993935

W: Flow-4065: The port sys_clk has a sdc constraint, but it do not connect to any pin.
Constructing timing graph ...
Timing graph has been constructed successfully
C: STA-3009: The clock sys_clk is not connected to any clock endpoints,it will be treated as a normal port or pin.
W: Timing-4087: Port 'eth_rst_n' is not constrained, it is treated as combinational output.
W: Timing-4087: Port 'eth_tx_ctl' is not constrained, it is treated as combinational output.
W: Timing-4087: Port 'eth_txc' is not constrained, it is treated as combinational output.
W: Timing-4087: Port 'eth_txd[0]' is not constrained, it is treated as combinational output.
W: Timing-4087: Port 'eth_txd[1]' is not constrained, it is treated as combinational output.
W: Timing-4087: Port 'eth_txd[2]' is not constrained, it is treated as combinational output.
W: Timing-4087: Port 'eth_txd[3]' is not constrained, it is treated as combinational output.
W: Timing-4086: Port 'eth_rx_ctl' is not constrained, it is treated as combinational input.
W: Timing-4086: Port 'eth_rxd[0]' is not constrained, it is treated as combinational input.
W: Timing-4086: Port 'eth_rxd[1]' is not constrained, it is treated as combinational input.
W: Timing-4086: Port 'eth_rxd[2]' is not constrained, it is treated as combinational input.
W: Timing-4086: Port 'eth_rxd[3]' is not constrained, it is treated as combinational input.
W: Timing-4086: Port 'sys_rst_n' is not constrained, it is treated as combinational input.
Report timing is finished successfully.
Action report_timing: Real time elapsed is 0h:0m:23s
Action report_timing: CPU time elapsed is 0h:0m:19s
Action report_timing: Process CPU time elapsed is 0h:0m:20s
Current time: Wed Jan 31 20:27:59 2024
Action report_timing: Peak memory pool usage is 1,125 MB
Action from compile to report_timing: Total Real Time elapsed is 0h:2m:27s
Action from compile to report_timing: Total CPU time elapsed is 0h:1m:56s
Action from compile to report_timing: Total Process CPU Time elapsed is 0h:2m:4s
Process "Report Timing" done.


Process "Generate Bitstream" started.
Current time: Wed Jan 31 20:28:00 2024
Compiling architecture definition.
Analyzing project file 'C:/Users/VIDEO/Desktop/52_eth_udp_loop/prj/eth_udp_loop.pds'.
Compiling verification operator library.
Compiling common defs.
Compiling prim grid devices.
Compiling gate devices.
Compiling gate operators.
Building architecture model.
Loading device packaging model.
Reading design from DB.
Start Generating Programming File...
Reading design from DB takes 0.750000 sec.
Generating architecture configuration.
The bitstream file is "C:/Users/VIDEO/Desktop/52_eth_udp_loop/prj/generate_bitstream/eth_udp_loop.sbit"
Generate programming file takes 8.265625 sec.
Generating Programming File done.
Action gen_bit_stream: Real time elapsed is 0h:0m:28s
Action gen_bit_stream: CPU time elapsed is 0h:0m:23s
Action gen_bit_stream: Process CPU time elapsed is 0h:0m:23s
Current time: Wed Jan 31 20:28:27 2024
Action gen_bit_stream: Peak memory pool usage is 1,136 MB
Action from compile to gen_bit_stream: Total Real Time elapsed is 0h:2m:55s
Action from compile to gen_bit_stream: Total CPU time elapsed is 0h:2m:19s
Action from compile to gen_bit_stream: Total Process CPU Time elapsed is 0h:2m:27s
Process "Generate Bitstream" done.
Process exit normally.
Compiling technology operator (valence) library.
Process exit normally.
