#Build: Fabric Compiler 2022.2-SP4.2, Build 132111, Aug 13 06:22 2023
#Install: D:\PDS_2022.2-SP4.2-ads\bin
#Application name: pds.exe
#OS: Windows 10 10.0.19044
#Hostname: DESKTOP-OE2QKLR
Generated by Fabric Compiler (version 2022.2-SP4.2 build 132111) at Mon Oct  9 19:36:42 2023
Parse module hierarchy of project 'C:/Users/Admin/Desktop/25G/4_eth_udp_loop/prj/temp_projects/Main_Flow/Main_Flow.pds' (ADS Parser)
Customize IP 'C:/Users/Admin/Desktop/25G/4_eth_udp_loop/prj/ipcore/sync_fifo_2048x8b/sync_fifo_2048x8b.idf' ...
C: Flow-2008: IP file modified: "C:/Users/Admin/Desktop/25G/4_eth_udp_loop/prj/ipcore/sync_fifo_2048x8b/sync_fifo_2048x8b.idf". 
Parse module hierarchy of project 'C:/Users/Admin/Desktop/25G/4_eth_udp_loop/prj/temp_projects/Main_Flow/Main_Flow.pds' (ADS Parser)
C: Flow-2008: IP file modified: "C:/Users/Admin/Desktop/25G/4_eth_udp_loop/prj/ipcore/sync_fifo_2048x8b/sync_fifo_2048x8b.idf". 
Parse module hierarchy of project 'C:/Users/Admin/Desktop/25G/4_eth_udp_loop/prj/temp_projects/Main_Flow/Main_Flow.pds' (ADS Parser)
IP Compiler exited.


Process "Compile" started.
Current time: Mon Oct  9 19:37:04 2023
Compiling architecture definition.
Analyzing project file 'C:/Users/Admin/Desktop/25G/4_eth_udp_loop/prj/eth_udp_loop.pds'.
License checkout: fabric_ads from D:\PDS_2022.2-SP4.2-ads\new_pds_A85E452F5F6A.lic
Compiling verification operator library.
Loading technology operator library.
Compiling technology operator library.
Compiling technology operator (valence) library.
I: Enable Verilog2k features and keywords
Start rtl-analyze.
Executing : .rtl_analyze -work work -include_path {C:/Users/Admin/Desktop/25G/4_eth_udp_loop/prj} C:/Users/Admin/Desktop/25G/4_eth_udp_loop/rtl/udp/udp.v
I: Verilog-0001: Analyzing file C:/Users/Admin/Desktop/25G/4_eth_udp_loop/rtl/udp/udp.v
I: Verilog-0002: [C:/Users/Admin/Desktop/25G/4_eth_udp_loop/rtl/udp/udp.v(line number: 23)] Analyzing module udp (library work)
Parsing done.
Executing : .rtl_analyze -work work -include_path {C:/Users/Admin/Desktop/25G/4_eth_udp_loop/prj} C:/Users/Admin/Desktop/25G/4_eth_udp_loop/rtl/udp/udp.v successfully.
Executing : .rtl_analyze -work work -include_path {C:/Users/Admin/Desktop/25G/4_eth_udp_loop/prj} C:/Users/Admin/Desktop/25G/4_eth_udp_loop/rtl/udp/udp_rx.v
I: Verilog-0001: Analyzing file C:/Users/Admin/Desktop/25G/4_eth_udp_loop/rtl/udp/udp_rx.v
I: Verilog-0002: [C:/Users/Admin/Desktop/25G/4_eth_udp_loop/rtl/udp/udp_rx.v(line number: 23)] Analyzing module udp_rx (library work)
Parsing done.
Executing : .rtl_analyze -work work -include_path {C:/Users/Admin/Desktop/25G/4_eth_udp_loop/prj} C:/Users/Admin/Desktop/25G/4_eth_udp_loop/rtl/udp/udp_rx.v successfully.
Executing : .rtl_analyze -work work -include_path {C:/Users/Admin/Desktop/25G/4_eth_udp_loop/prj} C:/Users/Admin/Desktop/25G/4_eth_udp_loop/rtl/udp/udp_tx.v
I: Verilog-0001: Analyzing file C:/Users/Admin/Desktop/25G/4_eth_udp_loop/rtl/udp/udp_tx.v
I: Verilog-0002: [C:/Users/Admin/Desktop/25G/4_eth_udp_loop/rtl/udp/udp_tx.v(line number: 23)] Analyzing module udp_tx (library work)
Parsing done.
Executing : .rtl_analyze -work work -include_path {C:/Users/Admin/Desktop/25G/4_eth_udp_loop/prj} C:/Users/Admin/Desktop/25G/4_eth_udp_loop/rtl/udp/udp_tx.v successfully.
Executing : .rtl_analyze -work work -include_path {C:/Users/Admin/Desktop/25G/4_eth_udp_loop/prj} C:/Users/Admin/Desktop/25G/4_eth_udp_loop/rtl/eth_ctrl.v
I: Verilog-0001: Analyzing file C:/Users/Admin/Desktop/25G/4_eth_udp_loop/rtl/eth_ctrl.v
I: Verilog-0002: [C:/Users/Admin/Desktop/25G/4_eth_udp_loop/rtl/eth_ctrl.v(line number: 23)] Analyzing module eth_ctrl (library work)
Parsing done.
Executing : .rtl_analyze -work work -include_path {C:/Users/Admin/Desktop/25G/4_eth_udp_loop/prj} C:/Users/Admin/Desktop/25G/4_eth_udp_loop/rtl/eth_ctrl.v successfully.
Executing : .rtl_analyze -work work -include_path {C:/Users/Admin/Desktop/25G/4_eth_udp_loop/prj} C:/Users/Admin/Desktop/25G/4_eth_udp_loop/rtl/eth_udp_loop.v
I: Verilog-0001: Analyzing file C:/Users/Admin/Desktop/25G/4_eth_udp_loop/rtl/eth_udp_loop.v
I: Verilog-0002: [C:/Users/Admin/Desktop/25G/4_eth_udp_loop/rtl/eth_udp_loop.v(line number: 23)] Analyzing module eth_udp_loop (library work)
Parsing done.
Executing : .rtl_analyze -work work -include_path {C:/Users/Admin/Desktop/25G/4_eth_udp_loop/prj} C:/Users/Admin/Desktop/25G/4_eth_udp_loop/rtl/eth_udp_loop.v successfully.
Executing : .rtl_analyze -work work -include_path {C:/Users/Admin/Desktop/25G/4_eth_udp_loop/prj} C:/Users/Admin/Desktop/25G/4_eth_udp_loop/rtl/arp/arp.v
I: Verilog-0001: Analyzing file C:/Users/Admin/Desktop/25G/4_eth_udp_loop/rtl/arp/arp.v
I: Verilog-0002: [C:/Users/Admin/Desktop/25G/4_eth_udp_loop/rtl/arp/arp.v(line number: 23)] Analyzing module arp (library work)
Parsing done.
Executing : .rtl_analyze -work work -include_path {C:/Users/Admin/Desktop/25G/4_eth_udp_loop/prj} C:/Users/Admin/Desktop/25G/4_eth_udp_loop/rtl/arp/arp.v successfully.
Executing : .rtl_analyze -work work -include_path {C:/Users/Admin/Desktop/25G/4_eth_udp_loop/prj} C:/Users/Admin/Desktop/25G/4_eth_udp_loop/rtl/arp/arp_rx.v
I: Verilog-0001: Analyzing file C:/Users/Admin/Desktop/25G/4_eth_udp_loop/rtl/arp/arp_rx.v
I: Verilog-0002: [C:/Users/Admin/Desktop/25G/4_eth_udp_loop/rtl/arp/arp_rx.v(line number: 23)] Analyzing module arp_rx (library work)
Parsing done.
Executing : .rtl_analyze -work work -include_path {C:/Users/Admin/Desktop/25G/4_eth_udp_loop/prj} C:/Users/Admin/Desktop/25G/4_eth_udp_loop/rtl/arp/arp_rx.v successfully.
Executing : .rtl_analyze -work work -include_path {C:/Users/Admin/Desktop/25G/4_eth_udp_loop/prj} C:/Users/Admin/Desktop/25G/4_eth_udp_loop/rtl/arp/arp_tx.v
I: Verilog-0001: Analyzing file C:/Users/Admin/Desktop/25G/4_eth_udp_loop/rtl/arp/arp_tx.v
I: Verilog-0002: [C:/Users/Admin/Desktop/25G/4_eth_udp_loop/rtl/arp/arp_tx.v(line number: 23)] Analyzing module arp_tx (library work)
Parsing done.
Executing : .rtl_analyze -work work -include_path {C:/Users/Admin/Desktop/25G/4_eth_udp_loop/prj} C:/Users/Admin/Desktop/25G/4_eth_udp_loop/rtl/arp/arp_tx.v successfully.
Executing : .rtl_analyze -work work -include_path {C:/Users/Admin/Desktop/25G/4_eth_udp_loop/prj} C:/Users/Admin/Desktop/25G/4_eth_udp_loop/rtl/arp/crc32_d8.v
I: Verilog-0001: Analyzing file C:/Users/Admin/Desktop/25G/4_eth_udp_loop/rtl/arp/crc32_d8.v
I: Verilog-0002: [C:/Users/Admin/Desktop/25G/4_eth_udp_loop/rtl/arp/crc32_d8.v(line number: 22)] Analyzing module crc32_d8 (library work)
Parsing done.
Executing : .rtl_analyze -work work -include_path {C:/Users/Admin/Desktop/25G/4_eth_udp_loop/prj} C:/Users/Admin/Desktop/25G/4_eth_udp_loop/rtl/arp/crc32_d8.v successfully.
Executing : .rtl_analyze -work work -include_path {C:/Users/Admin/Desktop/25G/4_eth_udp_loop/prj} C:/Users/Admin/Desktop/25G/4_eth_udp_loop/rtl/gmii_to_rgmii/gmii_to_rgmii.v
I: Verilog-0001: Analyzing file C:/Users/Admin/Desktop/25G/4_eth_udp_loop/rtl/gmii_to_rgmii/gmii_to_rgmii.v
I: Verilog-0002: [C:/Users/Admin/Desktop/25G/4_eth_udp_loop/rtl/gmii_to_rgmii/gmii_to_rgmii.v(line number: 23)] Analyzing module gmii_to_rgmii (library work)
Parsing done.
Executing : .rtl_analyze -work work -include_path {C:/Users/Admin/Desktop/25G/4_eth_udp_loop/prj} C:/Users/Admin/Desktop/25G/4_eth_udp_loop/rtl/gmii_to_rgmii/gmii_to_rgmii.v successfully.
Executing : .rtl_analyze -work work -include_path {C:/Users/Admin/Desktop/25G/4_eth_udp_loop/prj} C:/Users/Admin/Desktop/25G/4_eth_udp_loop/rtl/gmii_to_rgmii/rgmii_rx.v
I: Verilog-0001: Analyzing file C:/Users/Admin/Desktop/25G/4_eth_udp_loop/rtl/gmii_to_rgmii/rgmii_rx.v
I: Verilog-0002: [C:/Users/Admin/Desktop/25G/4_eth_udp_loop/rtl/gmii_to_rgmii/rgmii_rx.v(line number: 23)] Analyzing module rgmii_rx (library work)
Parsing done.
Executing : .rtl_analyze -work work -include_path {C:/Users/Admin/Desktop/25G/4_eth_udp_loop/prj} C:/Users/Admin/Desktop/25G/4_eth_udp_loop/rtl/gmii_to_rgmii/rgmii_rx.v successfully.
Executing : .rtl_analyze -work work -include_path {C:/Users/Admin/Desktop/25G/4_eth_udp_loop/prj} C:/Users/Admin/Desktop/25G/4_eth_udp_loop/rtl/gmii_to_rgmii/rgmii_tx.v
I: Verilog-0001: Analyzing file C:/Users/Admin/Desktop/25G/4_eth_udp_loop/rtl/gmii_to_rgmii/rgmii_tx.v
I: Verilog-0002: [C:/Users/Admin/Desktop/25G/4_eth_udp_loop/rtl/gmii_to_rgmii/rgmii_tx.v(line number: 23)] Analyzing module rgmii_tx (library work)
Parsing done.
Executing : .rtl_analyze -work work -include_path {C:/Users/Admin/Desktop/25G/4_eth_udp_loop/prj} C:/Users/Admin/Desktop/25G/4_eth_udp_loop/rtl/gmii_to_rgmii/rgmii_tx.v successfully.
Executing : .rtl_analyze -work work -include_path {C:/Users/Admin/Desktop/25G/4_eth_udp_loop/prj} C:/Users/Admin/Desktop/25G/4_eth_udp_loop/rtl/icmp/icmp.v
I: Verilog-0001: Analyzing file C:/Users/Admin/Desktop/25G/4_eth_udp_loop/rtl/icmp/icmp.v
I: Verilog-0002: [C:/Users/Admin/Desktop/25G/4_eth_udp_loop/rtl/icmp/icmp.v(line number: 23)] Analyzing module icmp (library work)
Parsing done.
Executing : .rtl_analyze -work work -include_path {C:/Users/Admin/Desktop/25G/4_eth_udp_loop/prj} C:/Users/Admin/Desktop/25G/4_eth_udp_loop/rtl/icmp/icmp.v successfully.
Executing : .rtl_analyze -work work -include_path {C:/Users/Admin/Desktop/25G/4_eth_udp_loop/prj} C:/Users/Admin/Desktop/25G/4_eth_udp_loop/rtl/icmp/icmp_rx.v
I: Verilog-0001: Analyzing file C:/Users/Admin/Desktop/25G/4_eth_udp_loop/rtl/icmp/icmp_rx.v
I: Verilog-0002: [C:/Users/Admin/Desktop/25G/4_eth_udp_loop/rtl/icmp/icmp_rx.v(line number: 23)] Analyzing module icmp_rx (library work)
Parsing done.
Executing : .rtl_analyze -work work -include_path {C:/Users/Admin/Desktop/25G/4_eth_udp_loop/prj} C:/Users/Admin/Desktop/25G/4_eth_udp_loop/rtl/icmp/icmp_rx.v successfully.
Executing : .rtl_analyze -work work -include_path {C:/Users/Admin/Desktop/25G/4_eth_udp_loop/prj} C:/Users/Admin/Desktop/25G/4_eth_udp_loop/rtl/icmp/icmp_tx.v
I: Verilog-0001: Analyzing file C:/Users/Admin/Desktop/25G/4_eth_udp_loop/rtl/icmp/icmp_tx.v
I: Verilog-0002: [C:/Users/Admin/Desktop/25G/4_eth_udp_loop/rtl/icmp/icmp_tx.v(line number: 23)] Analyzing module icmp_tx (library work)
Parsing done.
Executing : .rtl_analyze -work work -include_path {C:/Users/Admin/Desktop/25G/4_eth_udp_loop/prj} C:/Users/Admin/Desktop/25G/4_eth_udp_loop/rtl/icmp/icmp_tx.v successfully.
Executing : .rtl_analyze -include_path {C:/Users/Admin/Desktop/25G/4_eth_udp_loop/prj} C:/Users/Admin/Desktop/25G/4_eth_udp_loop/prj/ipcore/sync_fifo_2048x8b/rtl/ipml_fifo_ctrl_v1_4_sync_fifo_2048x8b.v
I: Verilog-0001: Analyzing file C:/Users/Admin/Desktop/25G/4_eth_udp_loop/prj/ipcore/sync_fifo_2048x8b/rtl/ipml_fifo_ctrl_v1_4_sync_fifo_2048x8b.v
I: Verilog-0002: [C:/Users/Admin/Desktop/25G/4_eth_udp_loop/prj/ipcore/sync_fifo_2048x8b/rtl/ipml_fifo_ctrl_v1_4_sync_fifo_2048x8b.v(line number: 22)] Analyzing module ipml_fifo_ctrl_v1_4_sync_fifo_2048x8b (library work)
I: [C:/Users/Admin/Desktop/25G/4_eth_udp_loop/prj/ipcore/sync_fifo_2048x8b/rtl/ipml_fifo_ctrl_v1_4_sync_fifo_2048x8b.v(line number: 52)] Convert attribute name from syn_preserve to PAP_PRESERVE
I: [C:/Users/Admin/Desktop/25G/4_eth_udp_loop/prj/ipcore/sync_fifo_2048x8b/rtl/ipml_fifo_ctrl_v1_4_sync_fifo_2048x8b.v(line number: 54)] Convert attribute name from syn_preserve to PAP_PRESERVE
I: [C:/Users/Admin/Desktop/25G/4_eth_udp_loop/prj/ipcore/sync_fifo_2048x8b/rtl/ipml_fifo_ctrl_v1_4_sync_fifo_2048x8b.v(line number: 65)] Convert attribute name from syn_preserve to PAP_PRESERVE
I: [C:/Users/Admin/Desktop/25G/4_eth_udp_loop/prj/ipcore/sync_fifo_2048x8b/rtl/ipml_fifo_ctrl_v1_4_sync_fifo_2048x8b.v(line number: 67)] Convert attribute name from syn_preserve to PAP_PRESERVE
Parsing done.
Executing : .rtl_analyze -include_path {C:/Users/Admin/Desktop/25G/4_eth_udp_loop/prj} C:/Users/Admin/Desktop/25G/4_eth_udp_loop/prj/ipcore/sync_fifo_2048x8b/rtl/ipml_fifo_ctrl_v1_4_sync_fifo_2048x8b.v successfully.
Executing : .rtl_analyze -include_path {C:/Users/Admin/Desktop/25G/4_eth_udp_loop/prj} C:/Users/Admin/Desktop/25G/4_eth_udp_loop/prj/ipcore/sync_fifo_2048x8b/rtl/ipml_sdpram_v1_6_sync_fifo_2048x8b.v
I: Verilog-0001: Analyzing file C:/Users/Admin/Desktop/25G/4_eth_udp_loop/prj/ipcore/sync_fifo_2048x8b/rtl/ipml_sdpram_v1_6_sync_fifo_2048x8b.v
I: Verilog-0002: [C:/Users/Admin/Desktop/25G/4_eth_udp_loop/prj/ipcore/sync_fifo_2048x8b/rtl/ipml_sdpram_v1_6_sync_fifo_2048x8b.v(line number: 18)] Analyzing module ipml_sdpram_v1_6_sync_fifo_2048x8b (library work)
W: Verilog-2008: [C:/Users/Admin/Desktop/25G/4_eth_udp_loop/prj/ipcore/sync_fifo_2048x8b/rtl/ipml_sdpram_v1_6_sync_fifo_2048x8b.v(line number: 306)] Ignore 'system task' $display
W: Verilog-2008: [C:/Users/Admin/Desktop/25G/4_eth_udp_loop/prj/ipcore/sync_fifo_2048x8b/rtl/ipml_sdpram_v1_6_sync_fifo_2048x8b.v(line number: 307)] Ignore 'system task' $finish
W: Verilog-2008: [C:/Users/Admin/Desktop/25G/4_eth_udp_loop/prj/ipcore/sync_fifo_2048x8b/rtl/ipml_sdpram_v1_6_sync_fifo_2048x8b.v(line number: 310)] Ignore 'system task' $display
W: Verilog-2008: [C:/Users/Admin/Desktop/25G/4_eth_udp_loop/prj/ipcore/sync_fifo_2048x8b/rtl/ipml_sdpram_v1_6_sync_fifo_2048x8b.v(line number: 314)] Ignore 'system task' $display
W: Verilog-2008: [C:/Users/Admin/Desktop/25G/4_eth_udp_loop/prj/ipcore/sync_fifo_2048x8b/rtl/ipml_sdpram_v1_6_sync_fifo_2048x8b.v(line number: 318)] Ignore 'system task' $display
W: Verilog-2008: [C:/Users/Admin/Desktop/25G/4_eth_udp_loop/prj/ipcore/sync_fifo_2048x8b/rtl/ipml_sdpram_v1_6_sync_fifo_2048x8b.v(line number: 322)] Ignore 'system task' $display
W: Verilog-2008: [C:/Users/Admin/Desktop/25G/4_eth_udp_loop/prj/ipcore/sync_fifo_2048x8b/rtl/ipml_sdpram_v1_6_sync_fifo_2048x8b.v(line number: 326)] Ignore 'system task' $display
W: Verilog-2008: [C:/Users/Admin/Desktop/25G/4_eth_udp_loop/prj/ipcore/sync_fifo_2048x8b/rtl/ipml_sdpram_v1_6_sync_fifo_2048x8b.v(line number: 327)] Ignore 'system task' $finish
W: Verilog-2008: [C:/Users/Admin/Desktop/25G/4_eth_udp_loop/prj/ipcore/sync_fifo_2048x8b/rtl/ipml_sdpram_v1_6_sync_fifo_2048x8b.v(line number: 330)] Ignore 'system task' $display
W: Verilog-2008: [C:/Users/Admin/Desktop/25G/4_eth_udp_loop/prj/ipcore/sync_fifo_2048x8b/rtl/ipml_sdpram_v1_6_sync_fifo_2048x8b.v(line number: 331)] Ignore 'system task' $finish
W: Verilog-2008: [C:/Users/Admin/Desktop/25G/4_eth_udp_loop/prj/ipcore/sync_fifo_2048x8b/rtl/ipml_sdpram_v1_6_sync_fifo_2048x8b.v(line number: 334)] Ignore 'system task' $display
W: Verilog-2008: [C:/Users/Admin/Desktop/25G/4_eth_udp_loop/prj/ipcore/sync_fifo_2048x8b/rtl/ipml_sdpram_v1_6_sync_fifo_2048x8b.v(line number: 335)] Ignore 'system task' $finish
W: Verilog-2008: [C:/Users/Admin/Desktop/25G/4_eth_udp_loop/prj/ipcore/sync_fifo_2048x8b/rtl/ipml_sdpram_v1_6_sync_fifo_2048x8b.v(line number: 338)] Ignore 'system task' $display
W: Verilog-2008: [C:/Users/Admin/Desktop/25G/4_eth_udp_loop/prj/ipcore/sync_fifo_2048x8b/rtl/ipml_sdpram_v1_6_sync_fifo_2048x8b.v(line number: 339)] Ignore 'system task' $finish
W: Verilog-2008: [C:/Users/Admin/Desktop/25G/4_eth_udp_loop/prj/ipcore/sync_fifo_2048x8b/rtl/ipml_sdpram_v1_6_sync_fifo_2048x8b.v(line number: 342)] Ignore 'system task' $display
W: Verilog-2008: [C:/Users/Admin/Desktop/25G/4_eth_udp_loop/prj/ipcore/sync_fifo_2048x8b/rtl/ipml_sdpram_v1_6_sync_fifo_2048x8b.v(line number: 343)] Ignore 'system task' $finish
W: Verilog-2008: [C:/Users/Admin/Desktop/25G/4_eth_udp_loop/prj/ipcore/sync_fifo_2048x8b/rtl/ipml_sdpram_v1_6_sync_fifo_2048x8b.v(line number: 346)] Ignore 'system task' $display
W: Verilog-2008: [C:/Users/Admin/Desktop/25G/4_eth_udp_loop/prj/ipcore/sync_fifo_2048x8b/rtl/ipml_sdpram_v1_6_sync_fifo_2048x8b.v(line number: 347)] Ignore 'system task' $finish
W: Verilog-2008: [C:/Users/Admin/Desktop/25G/4_eth_udp_loop/prj/ipcore/sync_fifo_2048x8b/rtl/ipml_sdpram_v1_6_sync_fifo_2048x8b.v(line number: 350)] Ignore 'system task' $display
W: Verilog-2008: [C:/Users/Admin/Desktop/25G/4_eth_udp_loop/prj/ipcore/sync_fifo_2048x8b/rtl/ipml_sdpram_v1_6_sync_fifo_2048x8b.v(line number: 351)] Ignore 'system task' $finish
W: Verilog-2008: [C:/Users/Admin/Desktop/25G/4_eth_udp_loop/prj/ipcore/sync_fifo_2048x8b/rtl/ipml_sdpram_v1_6_sync_fifo_2048x8b.v(line number: 354)] Ignore 'system task' $display
W: Verilog-2008: [C:/Users/Admin/Desktop/25G/4_eth_udp_loop/prj/ipcore/sync_fifo_2048x8b/rtl/ipml_sdpram_v1_6_sync_fifo_2048x8b.v(line number: 355)] Ignore 'system task' $finish
W: Verilog-2008: [C:/Users/Admin/Desktop/25G/4_eth_udp_loop/prj/ipcore/sync_fifo_2048x8b/rtl/ipml_sdpram_v1_6_sync_fifo_2048x8b.v(line number: 358)] Ignore 'system task' $display
W: Verilog-2008: [C:/Users/Admin/Desktop/25G/4_eth_udp_loop/prj/ipcore/sync_fifo_2048x8b/rtl/ipml_sdpram_v1_6_sync_fifo_2048x8b.v(line number: 359)] Ignore 'system task' $finish
W: Verilog-2008: [C:/Users/Admin/Desktop/25G/4_eth_udp_loop/prj/ipcore/sync_fifo_2048x8b/rtl/ipml_sdpram_v1_6_sync_fifo_2048x8b.v(line number: 362)] Ignore 'system task' $display
W: Verilog-2008: [C:/Users/Admin/Desktop/25G/4_eth_udp_loop/prj/ipcore/sync_fifo_2048x8b/rtl/ipml_sdpram_v1_6_sync_fifo_2048x8b.v(line number: 363)] Ignore 'system task' $finish
W: Verilog-2008: [C:/Users/Admin/Desktop/25G/4_eth_udp_loop/prj/ipcore/sync_fifo_2048x8b/rtl/ipml_sdpram_v1_6_sync_fifo_2048x8b.v(line number: 366)] Ignore 'system task' $display
W: Verilog-2008: [C:/Users/Admin/Desktop/25G/4_eth_udp_loop/prj/ipcore/sync_fifo_2048x8b/rtl/ipml_sdpram_v1_6_sync_fifo_2048x8b.v(line number: 367)] Ignore 'system task' $finish
W: Verilog-2008: [C:/Users/Admin/Desktop/25G/4_eth_udp_loop/prj/ipcore/sync_fifo_2048x8b/rtl/ipml_sdpram_v1_6_sync_fifo_2048x8b.v(line number: 371)] Ignore 'system task' $display
W: Verilog-2008: [C:/Users/Admin/Desktop/25G/4_eth_udp_loop/prj/ipcore/sync_fifo_2048x8b/rtl/ipml_sdpram_v1_6_sync_fifo_2048x8b.v(line number: 372)] Ignore 'system task' $finish
W: Verilog-2008: [C:/Users/Admin/Desktop/25G/4_eth_udp_loop/prj/ipcore/sync_fifo_2048x8b/rtl/ipml_sdpram_v1_6_sync_fifo_2048x8b.v(line number: 375)] Ignore 'system task' $display
W: Verilog-2008: [C:/Users/Admin/Desktop/25G/4_eth_udp_loop/prj/ipcore/sync_fifo_2048x8b/rtl/ipml_sdpram_v1_6_sync_fifo_2048x8b.v(line number: 376)] Ignore 'system task' $finish
W: Verilog-2008: [C:/Users/Admin/Desktop/25G/4_eth_udp_loop/prj/ipcore/sync_fifo_2048x8b/rtl/ipml_sdpram_v1_6_sync_fifo_2048x8b.v(line number: 380)] Ignore 'system task' $display
W: Verilog-2008: [C:/Users/Admin/Desktop/25G/4_eth_udp_loop/prj/ipcore/sync_fifo_2048x8b/rtl/ipml_sdpram_v1_6_sync_fifo_2048x8b.v(line number: 381)] Ignore 'system task' $finish
W: Verilog-2008: [C:/Users/Admin/Desktop/25G/4_eth_udp_loop/prj/ipcore/sync_fifo_2048x8b/rtl/ipml_sdpram_v1_6_sync_fifo_2048x8b.v(line number: 384)] Ignore 'system task' $display
W: Verilog-2008: [C:/Users/Admin/Desktop/25G/4_eth_udp_loop/prj/ipcore/sync_fifo_2048x8b/rtl/ipml_sdpram_v1_6_sync_fifo_2048x8b.v(line number: 385)] Ignore 'system task' $finish
W: Verilog-2008: [C:/Users/Admin/Desktop/25G/4_eth_udp_loop/prj/ipcore/sync_fifo_2048x8b/rtl/ipml_sdpram_v1_6_sync_fifo_2048x8b.v(line number: 388)] Ignore 'system task' $display
W: Verilog-2008: [C:/Users/Admin/Desktop/25G/4_eth_udp_loop/prj/ipcore/sync_fifo_2048x8b/rtl/ipml_sdpram_v1_6_sync_fifo_2048x8b.v(line number: 389)] Ignore 'system task' $finish
W: Verilog-2008: [C:/Users/Admin/Desktop/25G/4_eth_udp_loop/prj/ipcore/sync_fifo_2048x8b/rtl/ipml_sdpram_v1_6_sync_fifo_2048x8b.v(line number: 392)] Ignore 'system task' $display
W: Verilog-2008: [C:/Users/Admin/Desktop/25G/4_eth_udp_loop/prj/ipcore/sync_fifo_2048x8b/rtl/ipml_sdpram_v1_6_sync_fifo_2048x8b.v(line number: 393)] Ignore 'system task' $finish
W: Verilog-2008: [C:/Users/Admin/Desktop/25G/4_eth_udp_loop/prj/ipcore/sync_fifo_2048x8b/rtl/ipml_sdpram_v1_6_sync_fifo_2048x8b.v(line number: 396)] Ignore 'system task' $display
W: Verilog-2008: [C:/Users/Admin/Desktop/25G/4_eth_udp_loop/prj/ipcore/sync_fifo_2048x8b/rtl/ipml_sdpram_v1_6_sync_fifo_2048x8b.v(line number: 397)] Ignore 'system task' $finish
W: Verilog-2008: [C:/Users/Admin/Desktop/25G/4_eth_udp_loop/prj/ipcore/sync_fifo_2048x8b/rtl/ipml_sdpram_v1_6_sync_fifo_2048x8b.v(line number: 402)] Ignore 'system task' $display
W: Verilog-2008: [C:/Users/Admin/Desktop/25G/4_eth_udp_loop/prj/ipcore/sync_fifo_2048x8b/rtl/ipml_sdpram_v1_6_sync_fifo_2048x8b.v(line number: 403)] Ignore 'system task' $finish
W: Verilog-2008: [C:/Users/Admin/Desktop/25G/4_eth_udp_loop/prj/ipcore/sync_fifo_2048x8b/rtl/ipml_sdpram_v1_6_sync_fifo_2048x8b.v(line number: 406)] Ignore 'system task' $display
W: Verilog-2008: [C:/Users/Admin/Desktop/25G/4_eth_udp_loop/prj/ipcore/sync_fifo_2048x8b/rtl/ipml_sdpram_v1_6_sync_fifo_2048x8b.v(line number: 407)] Ignore 'system task' $finish
W: Verilog-2008: [C:/Users/Admin/Desktop/25G/4_eth_udp_loop/prj/ipcore/sync_fifo_2048x8b/rtl/ipml_sdpram_v1_6_sync_fifo_2048x8b.v(line number: 412)] Ignore 'system task' $display
W: Verilog-2008: [C:/Users/Admin/Desktop/25G/4_eth_udp_loop/prj/ipcore/sync_fifo_2048x8b/rtl/ipml_sdpram_v1_6_sync_fifo_2048x8b.v(line number: 413)] Ignore 'system task' $finish
Parsing done.
Executing : .rtl_analyze -include_path {C:/Users/Admin/Desktop/25G/4_eth_udp_loop/prj} C:/Users/Admin/Desktop/25G/4_eth_udp_loop/prj/ipcore/sync_fifo_2048x8b/rtl/ipml_sdpram_v1_6_sync_fifo_2048x8b.v successfully.
Executing : .rtl_analyze -include_path {C:/Users/Admin/Desktop/25G/4_eth_udp_loop/prj} C:/Users/Admin/Desktop/25G/4_eth_udp_loop/prj/ipcore/sync_fifo_2048x8b/rtl/ipml_fifo_v1_7_sync_fifo_2048x8b.v
I: Verilog-0001: Analyzing file C:/Users/Admin/Desktop/25G/4_eth_udp_loop/prj/ipcore/sync_fifo_2048x8b/rtl/ipml_fifo_v1_7_sync_fifo_2048x8b.v
I: Verilog-0002: [C:/Users/Admin/Desktop/25G/4_eth_udp_loop/prj/ipcore/sync_fifo_2048x8b/rtl/ipml_fifo_v1_7_sync_fifo_2048x8b.v(line number: 23)] Analyzing module ipml_fifo_v1_7_sync_fifo_2048x8b (library work)
Parsing done.
Executing : .rtl_analyze -include_path {C:/Users/Admin/Desktop/25G/4_eth_udp_loop/prj} C:/Users/Admin/Desktop/25G/4_eth_udp_loop/prj/ipcore/sync_fifo_2048x8b/rtl/ipml_fifo_v1_7_sync_fifo_2048x8b.v successfully.
Executing : .rtl_analyze -include_path {C:/Users/Admin/Desktop/25G/4_eth_udp_loop/prj} C:/Users/Admin/Desktop/25G/4_eth_udp_loop/prj/ipcore/sync_fifo_2048x8b/sync_fifo_2048x8b.v
I: Verilog-0001: Analyzing file C:/Users/Admin/Desktop/25G/4_eth_udp_loop/prj/ipcore/sync_fifo_2048x8b/sync_fifo_2048x8b.v
I: Verilog-0002: [C:/Users/Admin/Desktop/25G/4_eth_udp_loop/prj/ipcore/sync_fifo_2048x8b/sync_fifo_2048x8b.v(line number: 16)] Analyzing module sync_fifo_2048x8b (library work)
Parsing done.
Executing : .rtl_analyze -include_path {C:/Users/Admin/Desktop/25G/4_eth_udp_loop/prj} C:/Users/Admin/Desktop/25G/4_eth_udp_loop/prj/ipcore/sync_fifo_2048x8b/sync_fifo_2048x8b.v successfully.
Executing : .rtl_analyze -include_path {C:/Users/Admin/Desktop/25G/4_eth_udp_loop/prj} C:/Users/Admin/Desktop/25G/4_eth_udp_loop/prj/ipcore/pll_sft/pll_sft.v
I: Verilog-0001: Analyzing file C:/Users/Admin/Desktop/25G/4_eth_udp_loop/prj/ipcore/pll_sft/pll_sft.v
I: Verilog-0002: [C:/Users/Admin/Desktop/25G/4_eth_udp_loop/prj/ipcore/pll_sft/pll_sft.v(line number: 18)] Analyzing module pll_sft (library work)
Parsing done.
Executing : .rtl_analyze -include_path {C:/Users/Admin/Desktop/25G/4_eth_udp_loop/prj} C:/Users/Admin/Desktop/25G/4_eth_udp_loop/prj/ipcore/pll_sft/pll_sft.v successfully.
I: Module "eth_udp_loop" is set as top module.
Executing : rtl-analyze successfully. Time elapsed: 1.242s wall, 0.016s user + 0.016s system = 0.031s CPU (2.5%)

Start rtl-elaborate.
I: Verilog-0003: [C:/Users/Admin/Desktop/25G/4_eth_udp_loop/rtl/eth_udp_loop.v(line number: 23)] Elaborating module eth_udp_loop
I: Module instance {eth_udp_loop} parameter value:
    BOARD_MAC = 48'b000000000001000100100010001100110100010001010101
    BOARD_IP = 32'b11000000101010000000000100001010
    DES_MAC = 48'b111111111111111111111111111111111111111111111111
    DES_IP = 32'b11000000101010000000000101100110
I: Verilog-0004: [C:/Users/Admin/Desktop/25G/4_eth_udp_loop/rtl/eth_udp_loop.v(line number: 109)] Elaborating instance u_gmii_to_rgmii
I: Verilog-0003: [C:/Users/Admin/Desktop/25G/4_eth_udp_loop/rtl/gmii_to_rgmii/gmii_to_rgmii.v(line number: 23)] Elaborating module gmii_to_rgmii
I: Verilog-0004: [C:/Users/Admin/Desktop/25G/4_eth_udp_loop/rtl/gmii_to_rgmii/gmii_to_rgmii.v(line number: 47)] Elaborating instance u_rgmii_rx
I: Verilog-0003: [C:/Users/Admin/Desktop/25G/4_eth_udp_loop/rtl/gmii_to_rgmii/rgmii_rx.v(line number: 23)] Elaborating module rgmii_rx
I: Verilog-0004: [C:/Users/Admin/Desktop/25G/4_eth_udp_loop/rtl/gmii_to_rgmii/rgmii_rx.v(line number: 42)] Elaborating instance U_pll_phase_shift
I: Verilog-0003: [C:/Users/Admin/Desktop/25G/4_eth_udp_loop/prj/ipcore/pll_sft/pll_sft.v(line number: 18)] Elaborating module pll_sft
I: Verilog-0004: [C:/Users/Admin/Desktop/25G/4_eth_udp_loop/prj/ipcore/pll_sft/pll_sft.v(line number: 230)] Elaborating instance u_pll_e3
W: Verilog-2021: [C:/Users/Admin/Desktop/25G/4_eth_udp_loop/prj/ipcore/pll_sft/pll_sft.v(line number: 119)] Net clkfb in pll_sft(original module pll_sft) does not have a driver, tie it to 0
W: Verilog-2021: [C:/Users/Admin/Desktop/25G/4_eth_udp_loop/prj/ipcore/pll_sft/pll_sft.v(line number: 122)] Net pfden in pll_sft(original module pll_sft) does not have a driver, tie it to 0
W: Verilog-2021: [C:/Users/Admin/Desktop/25G/4_eth_udp_loop/prj/ipcore/pll_sft/pll_sft.v(line number: 123)] Net clkout0_gate in pll_sft(original module pll_sft) does not have a driver, tie it to 0
W: Verilog-2021: [C:/Users/Admin/Desktop/25G/4_eth_udp_loop/prj/ipcore/pll_sft/pll_sft.v(line number: 124)] Net clkout0_2pad_gate in pll_sft(original module pll_sft) does not have a driver, tie it to 0
W: Verilog-2021: [C:/Users/Admin/Desktop/25G/4_eth_udp_loop/prj/ipcore/pll_sft/pll_sft.v(line number: 125)] Net clkout1_gate in pll_sft(original module pll_sft) does not have a driver, tie it to 0
W: Verilog-2021: [C:/Users/Admin/Desktop/25G/4_eth_udp_loop/prj/ipcore/pll_sft/pll_sft.v(line number: 126)] Net clkout2_gate in pll_sft(original module pll_sft) does not have a driver, tie it to 0
W: Verilog-2021: [C:/Users/Admin/Desktop/25G/4_eth_udp_loop/prj/ipcore/pll_sft/pll_sft.v(line number: 127)] Net clkout3_gate in pll_sft(original module pll_sft) does not have a driver, tie it to 0
W: Verilog-2021: [C:/Users/Admin/Desktop/25G/4_eth_udp_loop/prj/ipcore/pll_sft/pll_sft.v(line number: 128)] Net clkout4_gate in pll_sft(original module pll_sft) does not have a driver, tie it to 0
W: Verilog-2021: [C:/Users/Admin/Desktop/25G/4_eth_udp_loop/prj/ipcore/pll_sft/pll_sft.v(line number: 129)] Net clkout5_gate in pll_sft(original module pll_sft) does not have a driver, tie it to 0
W: Verilog-2021: [C:/Users/Admin/Desktop/25G/4_eth_udp_loop/prj/ipcore/pll_sft/pll_sft.v(line number: 130)] Net dyn_idiv in pll_sft(original module pll_sft) does not have a driver, tie it to 0
W: Verilog-2021: [C:/Users/Admin/Desktop/25G/4_eth_udp_loop/prj/ipcore/pll_sft/pll_sft.v(line number: 131)] Net dyn_odiv0 in pll_sft(original module pll_sft) does not have a driver, tie it to 0
W: Verilog-2021: [C:/Users/Admin/Desktop/25G/4_eth_udp_loop/prj/ipcore/pll_sft/pll_sft.v(line number: 132)] Net dyn_odiv1 in pll_sft(original module pll_sft) does not have a driver, tie it to 0
W: Verilog-2021: [C:/Users/Admin/Desktop/25G/4_eth_udp_loop/prj/ipcore/pll_sft/pll_sft.v(line number: 133)] Net dyn_odiv2 in pll_sft(original module pll_sft) does not have a driver, tie it to 0
W: Verilog-2021: [C:/Users/Admin/Desktop/25G/4_eth_udp_loop/prj/ipcore/pll_sft/pll_sft.v(line number: 134)] Net dyn_odiv3 in pll_sft(original module pll_sft) does not have a driver, tie it to 0
W: Verilog-2021: [C:/Users/Admin/Desktop/25G/4_eth_udp_loop/prj/ipcore/pll_sft/pll_sft.v(line number: 135)] Net dyn_odiv4 in pll_sft(original module pll_sft) does not have a driver, tie it to 0
W: Verilog-2021: [C:/Users/Admin/Desktop/25G/4_eth_udp_loop/prj/ipcore/pll_sft/pll_sft.v(line number: 136)] Net dyn_fdiv in pll_sft(original module pll_sft) does not have a driver, tie it to 0
W: Verilog-2021: [C:/Users/Admin/Desktop/25G/4_eth_udp_loop/prj/ipcore/pll_sft/pll_sft.v(line number: 137)] Net dyn_duty0 in pll_sft(original module pll_sft) does not have a driver, tie it to 0
W: Verilog-2021: [C:/Users/Admin/Desktop/25G/4_eth_udp_loop/prj/ipcore/pll_sft/pll_sft.v(line number: 138)] Net dyn_duty1 in pll_sft(original module pll_sft) does not have a driver, tie it to 0
W: Verilog-2021: [C:/Users/Admin/Desktop/25G/4_eth_udp_loop/prj/ipcore/pll_sft/pll_sft.v(line number: 139)] Net dyn_duty2 in pll_sft(original module pll_sft) does not have a driver, tie it to 0
W: Verilog-2021: [C:/Users/Admin/Desktop/25G/4_eth_udp_loop/prj/ipcore/pll_sft/pll_sft.v(line number: 140)] Net dyn_duty3 in pll_sft(original module pll_sft) does not have a driver, tie it to 0
W: Verilog-2021: [C:/Users/Admin/Desktop/25G/4_eth_udp_loop/prj/ipcore/pll_sft/pll_sft.v(line number: 141)] Net dyn_duty4 in pll_sft(original module pll_sft) does not have a driver, tie it to 0
I: Verilog-0004: [C:/Users/Admin/Desktop/25G/4_eth_udp_loop/rtl/gmii_to_rgmii/rgmii_rx.v(line number: 63)] Elaborating instance igddr1
I: Verilog-0004: [C:/Users/Admin/Desktop/25G/4_eth_udp_loop/rtl/gmii_to_rgmii/rgmii_rx.v(line number: 79)] Elaborating instance igddr2
I: Verilog-0004: [C:/Users/Admin/Desktop/25G/4_eth_udp_loop/rtl/gmii_to_rgmii/rgmii_rx.v(line number: 95)] Elaborating instance igddr3
I: Verilog-0004: [C:/Users/Admin/Desktop/25G/4_eth_udp_loop/rtl/gmii_to_rgmii/rgmii_rx.v(line number: 111)] Elaborating instance igddr4
I: Verilog-0004: [C:/Users/Admin/Desktop/25G/4_eth_udp_loop/rtl/gmii_to_rgmii/rgmii_rx.v(line number: 127)] Elaborating instance igddr5
I: Verilog-0004: [C:/Users/Admin/Desktop/25G/4_eth_udp_loop/rtl/gmii_to_rgmii/gmii_to_rgmii.v(line number: 60)] Elaborating instance u_rgmii_tx
I: Verilog-0003: [C:/Users/Admin/Desktop/25G/4_eth_udp_loop/rtl/gmii_to_rgmii/rgmii_tx.v(line number: 23)] Elaborating module rgmii_tx
I: Verilog-0004: [C:/Users/Admin/Desktop/25G/4_eth_udp_loop/rtl/gmii_to_rgmii/rgmii_tx.v(line number: 99)] Elaborating instance gtp_ogddr6
I: Verilog-0004: [C:/Users/Admin/Desktop/25G/4_eth_udp_loop/rtl/gmii_to_rgmii/rgmii_tx.v(line number: 109)] Elaborating instance gtp_outbuft6
I: Verilog-0004: [C:/Users/Admin/Desktop/25G/4_eth_udp_loop/rtl/gmii_to_rgmii/rgmii_tx.v(line number: 123)] Elaborating instance gtp_ogddr2
I: Verilog-0004: [C:/Users/Admin/Desktop/25G/4_eth_udp_loop/rtl/gmii_to_rgmii/rgmii_tx.v(line number: 133)] Elaborating instance gtp_outbuft2
I: Verilog-0004: [C:/Users/Admin/Desktop/25G/4_eth_udp_loop/rtl/gmii_to_rgmii/rgmii_tx.v(line number: 147)] Elaborating instance gtp_ogddr3
I: Verilog-0004: [C:/Users/Admin/Desktop/25G/4_eth_udp_loop/rtl/gmii_to_rgmii/rgmii_tx.v(line number: 157)] Elaborating instance gtp_outbuft3
I: Verilog-0004: [C:/Users/Admin/Desktop/25G/4_eth_udp_loop/rtl/gmii_to_rgmii/rgmii_tx.v(line number: 171)] Elaborating instance gtp_ogddr4
I: Verilog-0004: [C:/Users/Admin/Desktop/25G/4_eth_udp_loop/rtl/gmii_to_rgmii/rgmii_tx.v(line number: 181)] Elaborating instance gtp_outbuft4
I: Verilog-0004: [C:/Users/Admin/Desktop/25G/4_eth_udp_loop/rtl/gmii_to_rgmii/rgmii_tx.v(line number: 195)] Elaborating instance gtp_ogddr5
I: Verilog-0004: [C:/Users/Admin/Desktop/25G/4_eth_udp_loop/rtl/gmii_to_rgmii/rgmii_tx.v(line number: 205)] Elaborating instance gtp_outbuft5
I: Verilog-0004: [C:/Users/Admin/Desktop/25G/4_eth_udp_loop/rtl/gmii_to_rgmii/rgmii_tx.v(line number: 220)] Elaborating instance gtp_ogddr1
I: Verilog-0004: [C:/Users/Admin/Desktop/25G/4_eth_udp_loop/rtl/gmii_to_rgmii/rgmii_tx.v(line number: 230)] Elaborating instance gtp_outbuft1
I: Verilog-0004: [C:/Users/Admin/Desktop/25G/4_eth_udp_loop/rtl/eth_udp_loop.v(line number: 133)] Elaborating instance u_arp
I: Verilog-0003: [C:/Users/Admin/Desktop/25G/4_eth_udp_loop/rtl/arp/arp.v(line number: 23)] Elaborating module arp
I: Module instance {eth_udp_loop/u_arp} parameter value:
    BOARD_MAC = 48'b000000000001000100100010001100110100010001010101
    BOARD_IP = 32'b11000000101010000000000100001010
    DES_MAC = 48'b111111111111111111111111111111111111111111111111
    DES_IP = 32'b11000000101010000000000101100110
I: Verilog-0004: [C:/Users/Admin/Desktop/25G/4_eth_udp_loop/rtl/arp/arp.v(line number: 74)] Elaborating instance u_arp_rx
I: Verilog-0003: [C:/Users/Admin/Desktop/25G/4_eth_udp_loop/rtl/arp/arp_rx.v(line number: 23)] Elaborating module arp_rx
I: Module instance {eth_udp_loop/u_arp/u_arp_rx} parameter value:
    BOARD_MAC = 48'b000000000001000100100010001100110100010001010101
    BOARD_IP = 32'b11000000101010000000000100001010
I: Verilog-0004: [C:/Users/Admin/Desktop/25G/4_eth_udp_loop/rtl/arp/arp.v(line number: 94)] Elaborating instance u_arp_tx
I: Verilog-0003: [C:/Users/Admin/Desktop/25G/4_eth_udp_loop/rtl/arp/arp_tx.v(line number: 23)] Elaborating module arp_tx
I: Module instance {eth_udp_loop/u_arp/u_arp_tx} parameter value:
    BOARD_MAC = 48'b000000000001000100100010001100110100010001010101
    BOARD_IP = 32'b11000000101010000000000100001010
    DES_MAC = 48'b111111111111111111111111111111111111111111111111
    DES_IP = 32'b11000000101010000000000101100110
I: Verilog-0004: [C:/Users/Admin/Desktop/25G/4_eth_udp_loop/rtl/arp/arp.v(line number: 112)] Elaborating instance u_crc32_d8
I: Verilog-0003: [C:/Users/Admin/Desktop/25G/4_eth_udp_loop/rtl/arp/crc32_d8.v(line number: 22)] Elaborating module crc32_d8
I: Verilog-0004: [C:/Users/Admin/Desktop/25G/4_eth_udp_loop/rtl/eth_udp_loop.v(line number: 162)] Elaborating instance u_icmp
I: Verilog-0003: [C:/Users/Admin/Desktop/25G/4_eth_udp_loop/rtl/icmp/icmp.v(line number: 23)] Elaborating module icmp
I: Module instance {eth_udp_loop/u_icmp} parameter value:
    BOARD_MAC = 48'b000000000001000100100010001100110100010001010101
    BOARD_IP = 32'b11000000101010000000000100001010
    DES_MAC = 48'b111111111111111111111111111111111111111111111111
    DES_IP = 32'b11000000101010000000000101100110
I: Verilog-0004: [C:/Users/Admin/Desktop/25G/4_eth_udp_loop/rtl/icmp/icmp.v(line number: 81)] Elaborating instance u_icmp_rx
I: Verilog-0003: [C:/Users/Admin/Desktop/25G/4_eth_udp_loop/rtl/icmp/icmp_rx.v(line number: 23)] Elaborating module icmp_rx
I: Module instance {eth_udp_loop/u_icmp/u_icmp_rx} parameter value:
    BOARD_MAC = 48'b000000000001000100100010001100110100010001010101
    BOARD_IP = 32'b11000000101010000000000100001010
I: Verilog-0004: [C:/Users/Admin/Desktop/25G/4_eth_udp_loop/rtl/icmp/icmp.v(line number: 103)] Elaborating instance u_icmp_tx
I: Verilog-0003: [C:/Users/Admin/Desktop/25G/4_eth_udp_loop/rtl/icmp/icmp_tx.v(line number: 23)] Elaborating module icmp_tx
I: Module instance {eth_udp_loop/u_icmp/u_icmp_tx} parameter value:
    BOARD_MAC = 48'b000000000001000100100010001100110100010001010101
    BOARD_IP = 32'b11000000101010000000000100001010
    DES_MAC = 48'b111111111111111111111111111111111111111111111111
    DES_IP = 32'b11000000101010000000000101100110
    ECHO_REPLY = 8'b00000000
I: Verilog-0004: [C:/Users/Admin/Desktop/25G/4_eth_udp_loop/rtl/icmp/icmp.v(line number: 125)] Elaborating instance u_crc32_d8
I: Verilog-0003: [C:/Users/Admin/Desktop/25G/4_eth_udp_loop/rtl/arp/crc32_d8.v(line number: 22)] Elaborating module crc32_d8
I: Verilog-0004: [C:/Users/Admin/Desktop/25G/4_eth_udp_loop/rtl/eth_udp_loop.v(line number: 193)] Elaborating instance u_udp
I: Verilog-0003: [C:/Users/Admin/Desktop/25G/4_eth_udp_loop/rtl/udp/udp.v(line number: 23)] Elaborating module udp
I: Module instance {eth_udp_loop/u_udp} parameter value:
    BOARD_MAC = 48'b000000000001000100100010001100110100010001010101
    BOARD_IP = 32'b11000000101010000000000100001010
    DES_MAC = 48'b111111111111111111111111111111111111111111111111
    DES_IP = 32'b11000000101010000000000101100110
I: Verilog-0004: [C:/Users/Admin/Desktop/25G/4_eth_udp_loop/rtl/udp/udp.v(line number: 76)] Elaborating instance u_udp_rx
I: Verilog-0003: [C:/Users/Admin/Desktop/25G/4_eth_udp_loop/rtl/udp/udp_rx.v(line number: 23)] Elaborating module udp_rx
I: Module instance {eth_udp_loop/u_udp/u_udp_rx} parameter value:
    BOARD_MAC = 48'b000000000001000100100010001100110100010001010101
    BOARD_IP = 32'b11000000101010000000000100001010
I: Verilog-0004: [C:/Users/Admin/Desktop/25G/4_eth_udp_loop/rtl/udp/udp.v(line number: 95)] Elaborating instance u_udp_tx
I: Verilog-0003: [C:/Users/Admin/Desktop/25G/4_eth_udp_loop/rtl/udp/udp_tx.v(line number: 23)] Elaborating module udp_tx
I: Module instance {eth_udp_loop/u_udp/u_udp_tx} parameter value:
    BOARD_MAC = 48'b000000000001000100100010001100110100010001010101
    BOARD_IP = 32'b11000000101010000000000100001010
    DES_MAC = 48'b111111111111111111111111111111111111111111111111
    DES_IP = 32'b11000000101010000000000101100110
I: Verilog-0004: [C:/Users/Admin/Desktop/25G/4_eth_udp_loop/rtl/udp/udp.v(line number: 114)] Elaborating instance u_crc32_d8
I: Verilog-0003: [C:/Users/Admin/Desktop/25G/4_eth_udp_loop/rtl/arp/crc32_d8.v(line number: 22)] Elaborating module crc32_d8
I: Verilog-0004: [C:/Users/Admin/Desktop/25G/4_eth_udp_loop/rtl/eth_udp_loop.v(line number: 217)] Elaborating instance sync_fifo_2048x8b_inst
I: Verilog-0003: [C:/Users/Admin/Desktop/25G/4_eth_udp_loop/prj/ipcore/sync_fifo_2048x8b/sync_fifo_2048x8b.v(line number: 16)] Elaborating module sync_fifo_2048x8b
I: Verilog-0004: [C:/Users/Admin/Desktop/25G/4_eth_udp_loop/prj/ipcore/sync_fifo_2048x8b/sync_fifo_2048x8b.v(line number: 148)] Elaborating instance U_ipml_fifo_sync_fifo_2048x8b
I: Verilog-0003: [C:/Users/Admin/Desktop/25G/4_eth_udp_loop/prj/ipcore/sync_fifo_2048x8b/rtl/ipml_fifo_v1_7_sync_fifo_2048x8b.v(line number: 23)] Elaborating module ipml_fifo_v1_7_sync_fifo_2048x8b
I: Module instance {eth_udp_loop/sync_fifo_2048x8b_inst/U_ipml_fifo_sync_fifo_2048x8b} parameter value:
    c_SIM_DEVICE = LOGOS
    c_WR_DEPTH_WIDTH = 32'b00000000000000000000000000001011
    c_WR_DATA_WIDTH = 32'b00000000000000000000000000001000
    c_RD_DEPTH_WIDTH = 32'b00000000000000000000000000001011
    c_RD_DATA_WIDTH = 32'b00000000000000000000000000001000
    c_OUTPUT_REG = 32'b00000000000000000000000000000000
    c_RD_OCE_EN = 32'b00000000000000000000000000000000
    c_RESET_TYPE = ASYNC_RESET
    c_POWER_OPT = 32'b00000000000000000000000000000000
    c_RD_CLK_OR_POL_INV = 32'b00000000000000000000000000000000
    c_WR_BYTE_EN = 32'b00000000000000000000000000000000
    c_BE_WIDTH = 32'b00000000000000000000000000000001
    c_FIFO_TYPE = SYN
    c_ALMOST_FULL_NUM = 32'b00000000000000000000001111111100
    c_ALMOST_EMPTY_NUM = 32'b00000000000000000000000000000100
I: Verilog-0004: [C:/Users/Admin/Desktop/25G/4_eth_udp_loop/prj/ipcore/sync_fifo_2048x8b/rtl/ipml_fifo_v1_7_sync_fifo_2048x8b.v(line number: 91)] Elaborating instance U_ipml_sdpram
I: Verilog-0003: [C:/Users/Admin/Desktop/25G/4_eth_udp_loop/prj/ipcore/sync_fifo_2048x8b/rtl/ipml_sdpram_v1_6_sync_fifo_2048x8b.v(line number: 18)] Elaborating module ipml_sdpram_v1_6_sync_fifo_2048x8b
I: Module instance {eth_udp_loop/sync_fifo_2048x8b_inst/U_ipml_fifo_sync_fifo_2048x8b/U_ipml_sdpram} parameter value:
    c_SIM_DEVICE = LOGOS
    c_WR_ADDR_WIDTH = 32'b00000000000000000000000000001011
    c_WR_DATA_WIDTH = 32'b00000000000000000000000000001000
    c_RD_ADDR_WIDTH = 32'b00000000000000000000000000001011
    c_RD_DATA_WIDTH = 32'b00000000000000000000000000001000
    c_OUTPUT_REG = 32'b00000000000000000000000000000000
    c_RD_OCE_EN = 32'b00000000000000000000000000000000
    c_WR_ADDR_STROBE_EN = 32'b00000000000000000000000000000000
    c_RD_ADDR_STROBE_EN = 32'b00000000000000000000000000000000
    c_WR_CLK_EN = 32'b00000000000000000000000000000001
    c_RD_CLK_EN = 32'b00000000000000000000000000000001
    c_RD_CLK_OR_POL_INV = 32'b00000000000000000000000000000000
    c_RESET_TYPE = ASYNC_RESET
    c_POWER_OPT = 32'b00000000000000000000000000000000
    c_INIT_FILE = NONE
    c_INIT_FORMAT = BIN
    c_WR_BYTE_EN = 32'b00000000000000000000000000000000
    c_BE_WIDTH = 32'b00000000000000000000000000000001
W: Verilog-2039: [C:/Users/Admin/Desktop/25G/4_eth_udp_loop/prj/ipcore/sync_fifo_2048x8b/rtl/ipml_sdpram_v1_6_sync_fifo_2048x8b.v(line number: 467)] Repeat multiplier in concatenation evaluates to 0
W: Verilog-2039: [C:/Users/Admin/Desktop/25G/4_eth_udp_loop/prj/ipcore/sync_fifo_2048x8b/rtl/ipml_sdpram_v1_6_sync_fifo_2048x8b.v(line number: 469)] Repeat multiplier in concatenation evaluates to 0
W: Verilog-2038: [C:/Users/Admin/Desktop/25G/4_eth_udp_loop/prj/ipcore/sync_fifo_2048x8b/rtl/ipml_sdpram_v1_6_sync_fifo_2048x8b.v(line number: 479)] Case condition never applies
W: Verilog-2038: [C:/Users/Admin/Desktop/25G/4_eth_udp_loop/prj/ipcore/sync_fifo_2048x8b/rtl/ipml_sdpram_v1_6_sync_fifo_2048x8b.v(line number: 480)] Case condition never applies
W: Verilog-2038: [C:/Users/Admin/Desktop/25G/4_eth_udp_loop/prj/ipcore/sync_fifo_2048x8b/rtl/ipml_sdpram_v1_6_sync_fifo_2048x8b.v(line number: 481)] Case condition never applies
W: Verilog-2039: [C:/Users/Admin/Desktop/25G/4_eth_udp_loop/prj/ipcore/sync_fifo_2048x8b/rtl/ipml_sdpram_v1_6_sync_fifo_2048x8b.v(line number: 615)] Repeat multiplier in concatenation evaluates to 0
W: Verilog-2038: [C:/Users/Admin/Desktop/25G/4_eth_udp_loop/prj/ipcore/sync_fifo_2048x8b/rtl/ipml_sdpram_v1_6_sync_fifo_2048x8b.v(line number: 675)] Case condition never applies
W: Verilog-2038: [C:/Users/Admin/Desktop/25G/4_eth_udp_loop/prj/ipcore/sync_fifo_2048x8b/rtl/ipml_sdpram_v1_6_sync_fifo_2048x8b.v(line number: 676)] Case condition never applies
W: Verilog-2038: [C:/Users/Admin/Desktop/25G/4_eth_udp_loop/prj/ipcore/sync_fifo_2048x8b/rtl/ipml_sdpram_v1_6_sync_fifo_2048x8b.v(line number: 677)] Case condition never applies
I: Verilog-0004: [C:/Users/Admin/Desktop/25G/4_eth_udp_loop/prj/ipcore/sync_fifo_2048x8b/rtl/ipml_sdpram_v1_6_sync_fifo_2048x8b.v(line number: 844)] Elaborating instance U_GTP_DRM18K
W: Verilog-2020: [C:/Users/Admin/Desktop/25G/4_eth_udp_loop/prj/ipcore/sync_fifo_2048x8b/rtl/ipml_sdpram_v1_6_sync_fifo_2048x8b.v(line number: 766)] Net DA_bus[8] in ipml_sdpram_v1_6_sync_fifo_2048x8b(original module ipml_sdpram_v1_6_sync_fifo_2048x8b) does not have a driver, tie it to 0
W: Verilog-2020: [C:/Users/Admin/Desktop/25G/4_eth_udp_loop/prj/ipcore/sync_fifo_2048x8b/rtl/ipml_sdpram_v1_6_sync_fifo_2048x8b.v(line number: 766)] Net DA_bus[9] in ipml_sdpram_v1_6_sync_fifo_2048x8b(original module ipml_sdpram_v1_6_sync_fifo_2048x8b) does not have a driver, tie it to 0
W: Verilog-2020: [C:/Users/Admin/Desktop/25G/4_eth_udp_loop/prj/ipcore/sync_fifo_2048x8b/rtl/ipml_sdpram_v1_6_sync_fifo_2048x8b.v(line number: 766)] Net DA_bus[10] in ipml_sdpram_v1_6_sync_fifo_2048x8b(original module ipml_sdpram_v1_6_sync_fifo_2048x8b) does not have a driver, tie it to 0
W: Verilog-2020: [C:/Users/Admin/Desktop/25G/4_eth_udp_loop/prj/ipcore/sync_fifo_2048x8b/rtl/ipml_sdpram_v1_6_sync_fifo_2048x8b.v(line number: 766)] Net DA_bus[11] in ipml_sdpram_v1_6_sync_fifo_2048x8b(original module ipml_sdpram_v1_6_sync_fifo_2048x8b) does not have a driver, tie it to 0
W: Verilog-2020: [C:/Users/Admin/Desktop/25G/4_eth_udp_loop/prj/ipcore/sync_fifo_2048x8b/rtl/ipml_sdpram_v1_6_sync_fifo_2048x8b.v(line number: 766)] Net DA_bus[12] in ipml_sdpram_v1_6_sync_fifo_2048x8b(original module ipml_sdpram_v1_6_sync_fifo_2048x8b) does not have a driver, tie it to 0
W: Verilog-2020: [C:/Users/Admin/Desktop/25G/4_eth_udp_loop/prj/ipcore/sync_fifo_2048x8b/rtl/ipml_sdpram_v1_6_sync_fifo_2048x8b.v(line number: 766)] Net DA_bus[13] in ipml_sdpram_v1_6_sync_fifo_2048x8b(original module ipml_sdpram_v1_6_sync_fifo_2048x8b) does not have a driver, tie it to 0
W: Verilog-2020: [C:/Users/Admin/Desktop/25G/4_eth_udp_loop/prj/ipcore/sync_fifo_2048x8b/rtl/ipml_sdpram_v1_6_sync_fifo_2048x8b.v(line number: 766)] Net DA_bus[14] in ipml_sdpram_v1_6_sync_fifo_2048x8b(original module ipml_sdpram_v1_6_sync_fifo_2048x8b) does not have a driver, tie it to 0
W: Verilog-2020: [C:/Users/Admin/Desktop/25G/4_eth_udp_loop/prj/ipcore/sync_fifo_2048x8b/rtl/ipml_sdpram_v1_6_sync_fifo_2048x8b.v(line number: 766)] Net DA_bus[15] in ipml_sdpram_v1_6_sync_fifo_2048x8b(original module ipml_sdpram_v1_6_sync_fifo_2048x8b) does not have a driver, tie it to 0
W: Verilog-2020: [C:/Users/Admin/Desktop/25G/4_eth_udp_loop/prj/ipcore/sync_fifo_2048x8b/rtl/ipml_sdpram_v1_6_sync_fifo_2048x8b.v(line number: 766)] Net DA_bus[16] in ipml_sdpram_v1_6_sync_fifo_2048x8b(original module ipml_sdpram_v1_6_sync_fifo_2048x8b) does not have a driver, tie it to 0
W: Verilog-2020: [C:/Users/Admin/Desktop/25G/4_eth_udp_loop/prj/ipcore/sync_fifo_2048x8b/rtl/ipml_sdpram_v1_6_sync_fifo_2048x8b.v(line number: 766)] Net DA_bus[17] in ipml_sdpram_v1_6_sync_fifo_2048x8b(original module ipml_sdpram_v1_6_sync_fifo_2048x8b) does not have a driver, tie it to 0
W: Verilog-2020: [C:/Users/Admin/Desktop/25G/4_eth_udp_loop/prj/ipcore/sync_fifo_2048x8b/rtl/ipml_sdpram_v1_6_sync_fifo_2048x8b.v(line number: 767)] Net DB_bus[8] in ipml_sdpram_v1_6_sync_fifo_2048x8b(original module ipml_sdpram_v1_6_sync_fifo_2048x8b) does not have a driver, tie it to 0
W: Verilog-2020: [C:/Users/Admin/Desktop/25G/4_eth_udp_loop/prj/ipcore/sync_fifo_2048x8b/rtl/ipml_sdpram_v1_6_sync_fifo_2048x8b.v(line number: 767)] Net DB_bus[9] in ipml_sdpram_v1_6_sync_fifo_2048x8b(original module ipml_sdpram_v1_6_sync_fifo_2048x8b) does not have a driver, tie it to 0
W: Verilog-2020: [C:/Users/Admin/Desktop/25G/4_eth_udp_loop/prj/ipcore/sync_fifo_2048x8b/rtl/ipml_sdpram_v1_6_sync_fifo_2048x8b.v(line number: 767)] Net DB_bus[10] in ipml_sdpram_v1_6_sync_fifo_2048x8b(original module ipml_sdpram_v1_6_sync_fifo_2048x8b) does not have a driver, tie it to 0
W: Verilog-2020: [C:/Users/Admin/Desktop/25G/4_eth_udp_loop/prj/ipcore/sync_fifo_2048x8b/rtl/ipml_sdpram_v1_6_sync_fifo_2048x8b.v(line number: 767)] Net DB_bus[11] in ipml_sdpram_v1_6_sync_fifo_2048x8b(original module ipml_sdpram_v1_6_sync_fifo_2048x8b) does not have a driver, tie it to 0
W: Verilog-2020: [C:/Users/Admin/Desktop/25G/4_eth_udp_loop/prj/ipcore/sync_fifo_2048x8b/rtl/ipml_sdpram_v1_6_sync_fifo_2048x8b.v(line number: 767)] Net DB_bus[12] in ipml_sdpram_v1_6_sync_fifo_2048x8b(original module ipml_sdpram_v1_6_sync_fifo_2048x8b) does not have a driver, tie it to 0
W: Verilog-2020: [C:/Users/Admin/Desktop/25G/4_eth_udp_loop/prj/ipcore/sync_fifo_2048x8b/rtl/ipml_sdpram_v1_6_sync_fifo_2048x8b.v(line number: 767)] Net DB_bus[13] in ipml_sdpram_v1_6_sync_fifo_2048x8b(original module ipml_sdpram_v1_6_sync_fifo_2048x8b) does not have a driver, tie it to 0
W: Verilog-2020: [C:/Users/Admin/Desktop/25G/4_eth_udp_loop/prj/ipcore/sync_fifo_2048x8b/rtl/ipml_sdpram_v1_6_sync_fifo_2048x8b.v(line number: 767)] Net DB_bus[14] in ipml_sdpram_v1_6_sync_fifo_2048x8b(original module ipml_sdpram_v1_6_sync_fifo_2048x8b) does not have a driver, tie it to 0
W: Verilog-2020: [C:/Users/Admin/Desktop/25G/4_eth_udp_loop/prj/ipcore/sync_fifo_2048x8b/rtl/ipml_sdpram_v1_6_sync_fifo_2048x8b.v(line number: 767)] Net DB_bus[15] in ipml_sdpram_v1_6_sync_fifo_2048x8b(original module ipml_sdpram_v1_6_sync_fifo_2048x8b) does not have a driver, tie it to 0
W: Verilog-2020: [C:/Users/Admin/Desktop/25G/4_eth_udp_loop/prj/ipcore/sync_fifo_2048x8b/rtl/ipml_sdpram_v1_6_sync_fifo_2048x8b.v(line number: 767)] Net DB_bus[16] in ipml_sdpram_v1_6_sync_fifo_2048x8b(original module ipml_sdpram_v1_6_sync_fifo_2048x8b) does not have a driver, tie it to 0
W: Verilog-2020: [C:/Users/Admin/Desktop/25G/4_eth_udp_loop/prj/ipcore/sync_fifo_2048x8b/rtl/ipml_sdpram_v1_6_sync_fifo_2048x8b.v(line number: 767)] Net DB_bus[17] in ipml_sdpram_v1_6_sync_fifo_2048x8b(original module ipml_sdpram_v1_6_sync_fifo_2048x8b) does not have a driver, tie it to 0
I: Verilog-0004: [C:/Users/Admin/Desktop/25G/4_eth_udp_loop/prj/ipcore/sync_fifo_2048x8b/rtl/ipml_fifo_v1_7_sync_fifo_2048x8b.v(line number: 119)] Elaborating instance U_ipml_fifo_ctrl
I: Verilog-0003: [C:/Users/Admin/Desktop/25G/4_eth_udp_loop/prj/ipcore/sync_fifo_2048x8b/rtl/ipml_fifo_ctrl_v1_4_sync_fifo_2048x8b.v(line number: 22)] Elaborating module ipml_fifo_ctrl_v1_4_sync_fifo_2048x8b
I: Module instance {eth_udp_loop/sync_fifo_2048x8b_inst/U_ipml_fifo_sync_fifo_2048x8b/U_ipml_fifo_ctrl} parameter value:
    c_WR_DEPTH_WIDTH = 32'b00000000000000000000000000001011
    c_RD_DEPTH_WIDTH = 32'b00000000000000000000000000001011
    c_FIFO_TYPE = SYN
    c_ALMOST_FULL_NUM = 32'b00000000000000000000001111111100
    c_ALMOST_EMPTY_NUM = 32'b00000000000000000000000000000100
W: Verilog-2039: [C:/Users/Admin/Desktop/25G/4_eth_udp_loop/prj/ipcore/sync_fifo_2048x8b/rtl/ipml_fifo_ctrl_v1_4_sync_fifo_2048x8b.v(line number: 322)] Repeat multiplier in concatenation evaluates to 0
I: Verilog-0004: [C:/Users/Admin/Desktop/25G/4_eth_udp_loop/rtl/eth_udp_loop.v(line number: 231)] Elaborating instance u_eth_ctrl
I: Verilog-0003: [C:/Users/Admin/Desktop/25G/4_eth_udp_loop/rtl/eth_ctrl.v(line number: 23)] Elaborating module eth_ctrl
Executing : rtl-elaborate successfully. Time elapsed: 0.048s wall, 0.047s user + 0.000s system = 0.047s CPU (97.5%)

Start rtl-prep.
Executing : rtl-prep successfully. Time elapsed: 0.069s wall, 0.062s user + 0.000s system = 0.062s CPU (90.2%)

Start rtl-infer.
Start DFF-inference.
I: Removed inst tx_done that is redundant to crc_clr.
W: Sdm-2014: Feedback mux created for signal 'ip_head[6] [31]'. It is possible a async set/reset assignment for this is signal missing. To improve timing and area, specify a set/reset value. 
W: Sdm-2014: Feedback mux created for signal 'ip_head[6] [30]'. It is possible a async set/reset assignment for this is signal missing. To improve timing and area, specify a set/reset value. 
W: Sdm-2014: Feedback mux created for signal 'ip_head[0] [0]'. It is possible a async set/reset assignment for this is signal missing. To improve timing and area, specify a set/reset value. 
W: Sdm-2014: Feedback mux created for signal 'ip_head[0] [1]'. It is possible a async set/reset assignment for this is signal missing. To improve timing and area, specify a set/reset value. 
W: Sdm-2014: Feedback mux created for signal 'ip_head[0] [2]'. It is possible a async set/reset assignment for this is signal missing. To improve timing and area, specify a set/reset value. 
W: Sdm-2014: Feedback mux created for signal 'ip_head[0] [3]'. It is possible a async set/reset assignment for this is signal missing. To improve timing and area, specify a set/reset value. 
W: Sdm-2014: Feedback mux created for signal 'ip_head[0] [4]'. It is possible a async set/reset assignment for this is signal missing. To improve timing and area, specify a set/reset value. 
W: Sdm-2014: Feedback mux created for signal 'ip_head[0] [5]'. It is possible a async set/reset assignment for this is signal missing. To improve timing and area, specify a set/reset value. 
W: Sdm-2014: Feedback mux created for signal 'ip_head[0] [6]'. It is possible a async set/reset assignment for this is signal missing. To improve timing and area, specify a set/reset value. 
W: Sdm-2014: Feedback mux created for signal 'ip_head[0] [7]'. It is possible a async set/reset assignment for this is signal missing. To improve timing and area, specify a set/reset value. 
W: Sdm-2014: Feedback mux created for signal 'ip_head[0] [8]'. It is possible a async set/reset assignment for this is signal missing. To improve timing and area, specify a set/reset value. 
W: Sdm-2014: Feedback mux created for signal 'ip_head[0] [9]'. It is possible a async set/reset assignment for this is signal missing. To improve timing and area, specify a set/reset value. 
W: Sdm-2014: Feedback mux created for signal 'ip_head[0] [10]'. It is possible a async set/reset assignment for this is signal missing. To improve timing and area, specify a set/reset value. 
W: Sdm-2014: Feedback mux created for signal 'ip_head[0] [11]'. It is possible a async set/reset assignment for this is signal missing. To improve timing and area, specify a set/reset value. 
W: Sdm-2014: Feedback mux created for signal 'ip_head[0] [12]'. It is possible a async set/reset assignment for this is signal missing. To improve timing and area, specify a set/reset value. 
W: Sdm-2014: Feedback mux created for signal 'ip_head[0] [13]'. It is possible a async set/reset assignment for this is signal missing. To improve timing and area, specify a set/reset value. 
W: Sdm-2014: Feedback mux created for signal 'ip_head[0] [14]'. It is possible a async set/reset assignment for this is signal missing. To improve timing and area, specify a set/reset value. 
W: Sdm-2014: Feedback mux created for signal 'ip_head[0] [15]'. It is possible a async set/reset assignment for this is signal missing. To improve timing and area, specify a set/reset value. 
W: Sdm-2014: Feedback mux created for signal 'ip_head[0] [16]'. It is possible a async set/reset assignment for this is signal missing. To improve timing and area, specify a set/reset value. 
W: Sdm-2014: Feedback mux created for signal 'ip_head[0] [17]'. It is possible a async set/reset assignment for this is signal missing. To improve timing and area, specify a set/reset value. 
W: Sdm-2014: Feedback mux created for signal 'ip_head[0] [18]'. It is possible a async set/reset assignment for this is signal missing. To improve timing and area, specify a set/reset value. 
W: Sdm-2014: Feedback mux created for signal 'ip_head[0] [19]'. It is possible a async set/reset assignment for this is signal missing. To improve timing and area, specify a set/reset value. 
W: Sdm-2014: Feedback mux created for signal 'ip_head[0] [20]'. It is possible a async set/reset assignment for this is signal missing. To improve timing and area, specify a set/reset value. 
W: Sdm-2014: Feedback mux created for signal 'ip_head[0] [21]'. It is possible a async set/reset assignment for this is signal missing. To improve timing and area, specify a set/reset value. 
W: Sdm-2014: Feedback mux created for signal 'ip_head[0] [22]'. It is possible a async set/reset assignment for this is signal missing. To improve timing and area, specify a set/reset value. 
W: Sdm-2014: Feedback mux created for signal 'ip_head[0] [23]'. It is possible a async set/reset assignment for this is signal missing. To improve timing and area, specify a set/reset value. 
W: Sdm-2014: Feedback mux created for signal 'ip_head[0] [24]'. It is possible a async set/reset assignment for this is signal missing. To improve timing and area, specify a set/reset value. 
W: Sdm-2014: Feedback mux created for signal 'ip_head[0] [25]'. It is possible a async set/reset assignment for this is signal missing. To improve timing and area, specify a set/reset value. 
W: Sdm-2014: Feedback mux created for signal 'ip_head[0] [26]'. It is possible a async set/reset assignment for this is signal missing. To improve timing and area, specify a set/reset value. 
W: Sdm-2014: Feedback mux created for signal 'ip_head[0] [27]'. It is possible a async set/reset assignment for this is signal missing. To improve timing and area, specify a set/reset value. 
W: Sdm-2014: Feedback mux created for signal 'ip_head[0] [28]'. It is possible a async set/reset assignment for this is signal missing. To improve timing and area, specify a set/reset value. 
W: Sdm-2014: Feedback mux created for signal 'ip_head[0] [29]'. It is possible a async set/reset assignment for this is signal missing. To improve timing and area, specify a set/reset value. 
W: Sdm-2014: Feedback mux created for signal 'ip_head[0] [30]'. It is possible a async set/reset assignment for this is signal missing. To improve timing and area, specify a set/reset value. 
W: Sdm-2014: Feedback mux created for signal 'ip_head[0] [31]'. It is possible a async set/reset assignment for this is signal missing. To improve timing and area, specify a set/reset value. 
W: Sdm-2014: Feedback mux created for signal 'ip_head[1] [0]'. It is possible a async set/reset assignment for this is signal missing. To improve timing and area, specify a set/reset value. 
W: Sdm-2014: Feedback mux created for signal 'ip_head[1] [1]'. It is possible a async set/reset assignment for this is signal missing. To improve timing and area, specify a set/reset value. 
W: Sdm-2014: Feedback mux created for signal 'ip_head[1] [2]'. It is possible a async set/reset assignment for this is signal missing. To improve timing and area, specify a set/reset value. 
W: Sdm-2014: Feedback mux created for signal 'ip_head[1] [3]'. It is possible a async set/reset assignment for this is signal missing. To improve timing and area, specify a set/reset value. 
W: Sdm-2014: Feedback mux created for signal 'ip_head[1] [4]'. It is possible a async set/reset assignment for this is signal missing. To improve timing and area, specify a set/reset value. 
W: Sdm-2014: Feedback mux created for signal 'ip_head[1] [5]'. It is possible a async set/reset assignment for this is signal missing. To improve timing and area, specify a set/reset value. 
W: Sdm-2014: Feedback mux created for signal 'ip_head[1] [6]'. It is possible a async set/reset assignment for this is signal missing. To improve timing and area, specify a set/reset value. 
W: Sdm-2014: Feedback mux created for signal 'ip_head[1] [7]'. It is possible a async set/reset assignment for this is signal missing. To improve timing and area, specify a set/reset value. 
W: Sdm-2014: Feedback mux created for signal 'ip_head[1] [8]'. It is possible a async set/reset assignment for this is signal missing. To improve timing and area, specify a set/reset value. 
W: Sdm-2014: Feedback mux created for signal 'ip_head[1] [9]'. It is possible a async set/reset assignment for this is signal missing. To improve timing and area, specify a set/reset value. 
W: Sdm-2014: Feedback mux created for signal 'ip_head[1] [10]'. It is possible a async set/reset assignment for this is signal missing. To improve timing and area, specify a set/reset value. 
W: Sdm-2014: Feedback mux created for signal 'ip_head[1] [11]'. It is possible a async set/reset assignment for this is signal missing. To improve timing and area, specify a set/reset value. 
W: Sdm-2014: Feedback mux created for signal 'ip_head[1] [12]'. It is possible a async set/reset assignment for this is signal missing. To improve timing and area, specify a set/reset value. 
W: Sdm-2014: Feedback mux created for signal 'ip_head[1] [13]'. It is possible a async set/reset assignment for this is signal missing. To improve timing and area, specify a set/reset value. 
W: Sdm-2014: Feedback mux created for signal 'ip_head[1] [14]'. It is possible a async set/reset assignment for this is signal missing. To improve timing and area, specify a set/reset value. 
W: Sdm-2014: Feedback mux created for signal 'ip_head[1] [15]'. It is possible a async set/reset assignment for this is signal missing. To improve timing and area, specify a set/reset value. 
W: Sdm-2014: Feedback mux created for signal 'ip_head[2] [0]'. It is possible a async set/reset assignment for this is signal missing. To improve timing and area, specify a set/reset value. 
W: Sdm-2014: Feedback mux created for signal 'ip_head[2] [1]'. It is possible a async set/reset assignment for this is signal missing. To improve timing and area, specify a set/reset value. 
W: Sdm-2014: Feedback mux created for signal 'ip_head[2] [2]'. It is possible a async set/reset assignment for this is signal missing. To improve timing and area, specify a set/reset value. 
W: Sdm-2014: Feedback mux created for signal 'ip_head[2] [3]'. It is possible a async set/reset assignment for this is signal missing. To improve timing and area, specify a set/reset value. 
W: Sdm-2014: Feedback mux created for signal 'ip_head[2] [4]'. It is possible a async set/reset assignment for this is signal missing. To improve timing and area, specify a set/reset value. 
W: Sdm-2014: Feedback mux created for signal 'ip_head[2] [5]'. It is possible a async set/reset assignment for this is signal missing. To improve timing and area, specify a set/reset value. 
W: Sdm-2014: Feedback mux created for signal 'ip_head[2] [6]'. It is possible a async set/reset assignment for this is signal missing. To improve timing and area, specify a set/reset value. 
W: Sdm-2014: Feedback mux created for signal 'ip_head[2] [7]'. It is possible a async set/reset assignment for this is signal missing. To improve timing and area, specify a set/reset value. 
W: Sdm-2014: Feedback mux created for signal 'ip_head[2] [8]'. It is possible a async set/reset assignment for this is signal missing. To improve timing and area, specify a set/reset value. 
W: Sdm-2014: Feedback mux created for signal 'ip_head[2] [9]'. It is possible a async set/reset assignment for this is signal missing. To improve timing and area, specify a set/reset value. 
W: Sdm-2014: Feedback mux created for signal 'ip_head[2] [10]'. It is possible a async set/reset assignment for this is signal missing. To improve timing and area, specify a set/reset value. 
W: Sdm-2014: Feedback mux created for signal 'ip_head[2] [11]'. It is possible a async set/reset assignment for this is signal missing. To improve timing and area, specify a set/reset value. 
W: Sdm-2014: Feedback mux created for signal 'ip_head[2] [12]'. It is possible a async set/reset assignment for this is signal missing. To improve timing and area, specify a set/reset value. 
W: Sdm-2014: Feedback mux created for signal 'ip_head[2] [13]'. It is possible a async set/reset assignment for this is signal missing. To improve timing and area, specify a set/reset value. 
W: Sdm-2014: Feedback mux created for signal 'ip_head[2] [14]'. It is possible a async set/reset assignment for this is signal missing. To improve timing and area, specify a set/reset value. 
W: Sdm-2014: Feedback mux created for signal 'ip_head[2] [15]'. It is possible a async set/reset assignment for this is signal missing. To improve timing and area, specify a set/reset value. 
W: Sdm-2014: Feedback mux created for signal 'ip_head[2] [16]'. It is possible a async set/reset assignment for this is signal missing. To improve timing and area, specify a set/reset value. 
W: Sdm-2014: Feedback mux created for signal 'ip_head[2] [17]'. It is possible a async set/reset assignment for this is signal missing. To improve timing and area, specify a set/reset value. 
W: Sdm-2014: Feedback mux created for signal 'ip_head[2] [18]'. It is possible a async set/reset assignment for this is signal missing. To improve timing and area, specify a set/reset value. 
W: Sdm-2014: Feedback mux created for signal 'ip_head[2] [19]'. It is possible a async set/reset assignment for this is signal missing. To improve timing and area, specify a set/reset value. 
W: Sdm-2014: Feedback mux created for signal 'ip_head[2] [20]'. It is possible a async set/reset assignment for this is signal missing. To improve timing and area, specify a set/reset value. 
W: Sdm-2014: Feedback mux created for signal 'ip_head[2] [21]'. It is possible a async set/reset assignment for this is signal missing. To improve timing and area, specify a set/reset value. 
W: Sdm-2014: Feedback mux created for signal 'ip_head[2] [22]'. It is possible a async set/reset assignment for this is signal missing. To improve timing and area, specify a set/reset value. 
W: Sdm-2014: Feedback mux created for signal 'ip_head[2] [23]'. It is possible a async set/reset assignment for this is signal missing. To improve timing and area, specify a set/reset value. 
W: Sdm-2014: Feedback mux created for signal 'ip_head[2] [24]'. It is possible a async set/reset assignment for this is signal missing. To improve timing and area, specify a set/reset value. 
W: Sdm-2014: Feedback mux created for signal 'ip_head[2] [25]'. It is possible a async set/reset assignment for this is signal missing. To improve timing and area, specify a set/reset value. 
W: Sdm-2014: Feedback mux created for signal 'ip_head[2] [26]'. It is possible a async set/reset assignment for this is signal missing. To improve timing and area, specify a set/reset value. 
W: Sdm-2014: Feedback mux created for signal 'ip_head[2] [27]'. It is possible a async set/reset assignment for this is signal missing. To improve timing and area, specify a set/reset value. 
W: Sdm-2014: Feedback mux created for signal 'ip_head[2] [28]'. It is possible a async set/reset assignment for this is signal missing. To improve timing and area, specify a set/reset value. 
W: Sdm-2014: Feedback mux created for signal 'ip_head[2] [29]'. It is possible a async set/reset assignment for this is signal missing. To improve timing and area, specify a set/reset value. 
W: Sdm-2014: Feedback mux created for signal 'ip_head[2] [30]'. It is possible a async set/reset assignment for this is signal missing. To improve timing and area, specify a set/reset value. 
W: Sdm-2014: Feedback mux created for signal 'ip_head[2] [31]'. It is possible a async set/reset assignment for this is signal missing. To improve timing and area, specify a set/reset value. 
W: Sdm-2014: Feedback mux created for signal 'ip_head[3] [0]'. It is possible a async set/reset assignment for this is signal missing. To improve timing and area, specify a set/reset value. 
W: Sdm-2014: Feedback mux created for signal 'ip_head[3] [1]'. It is possible a async set/reset assignment for this is signal missing. To improve timing and area, specify a set/reset value. 
W: Sdm-2014: Feedback mux created for signal 'ip_head[3] [2]'. It is possible a async set/reset assignment for this is signal missing. To improve timing and area, specify a set/reset value. 
W: Sdm-2014: Feedback mux created for signal 'ip_head[3] [3]'. It is possible a async set/reset assignment for this is signal missing. To improve timing and area, specify a set/reset value. 
W: Sdm-2014: Feedback mux created for signal 'ip_head[3] [4]'. It is possible a async set/reset assignment for this is signal missing. To improve timing and area, specify a set/reset value. 
W: Sdm-2014: Feedback mux created for signal 'ip_head[3] [5]'. It is possible a async set/reset assignment for this is signal missing. To improve timing and area, specify a set/reset value. 
W: Sdm-2014: Feedback mux created for signal 'ip_head[3] [6]'. It is possible a async set/reset assignment for this is signal missing. To improve timing and area, specify a set/reset value. 
W: Sdm-2014: Feedback mux created for signal 'ip_head[3] [7]'. It is possible a async set/reset assignment for this is signal missing. To improve timing and area, specify a set/reset value. 
W: Sdm-2014: Feedback mux created for signal 'ip_head[3] [8]'. It is possible a async set/reset assignment for this is signal missing. To improve timing and area, specify a set/reset value. 
W: Sdm-2014: Feedback mux created for signal 'ip_head[3] [9]'. It is possible a async set/reset assignment for this is signal missing. To improve timing and area, specify a set/reset value. 
W: Sdm-2014: Feedback mux created for signal 'ip_head[3] [10]'. It is possible a async set/reset assignment for this is signal missing. To improve timing and area, specify a set/reset value. 
W: Sdm-2014: Feedback mux created for signal 'ip_head[3] [11]'. It is possible a async set/reset assignment for this is signal missing. To improve timing and area, specify a set/reset value. 
W: Sdm-2014: Feedback mux created for signal 'ip_head[3] [12]'. It is possible a async set/reset assignment for this is signal missing. To improve timing and area, specify a set/reset value. 
W: Sdm-2014: Feedback mux created for signal 'ip_head[3] [13]'. It is possible a async set/reset assignment for this is signal missing. To improve timing and area, specify a set/reset value. 
W: Sdm-2014: Feedback mux created for signal 'ip_head[3] [14]'. It is possible a async set/reset assignment for this is signal missing. To improve timing and area, specify a set/reset value. 
W: Sdm-2014: Feedback mux created for signal 'ip_head[3] [15]'. It is possible a async set/reset assignment for this is signal missing. To improve timing and area, specify a set/reset value. 
W: Sdm-2014: Feedback mux created for signal 'ip_head[3] [16]'. It is possible a async set/reset assignment for this is signal missing. To improve timing and area, specify a set/reset value. 
W: Sdm-2014: Feedback mux created for signal 'ip_head[3] [17]'. It is possible a async set/reset assignment for this is signal missing. To improve timing and area, specify a set/reset value. 
W: Sdm-2014: Feedback mux created for signal 'ip_head[3] [18]'. It is possible a async set/reset assignment for this is signal missing. To improve timing and area, specify a set/reset value. 
W: Sdm-2014: Feedback mux created for signal 'ip_head[3] [19]'. It is possible a async set/reset assignment for this is signal missing. To improve timing and area, specify a set/reset value. 
W: Sdm-2014: Feedback mux created for signal 'ip_head[3] [20]'. It is possible a async set/reset assignment for this is signal missing. To improve timing and area, specify a set/reset value. 
W: Sdm-2014: Feedback mux created for signal 'ip_head[3] [21]'. It is possible a async set/reset assignment for this is signal missing. To improve timing and area, specify a set/reset value. 
W: Sdm-2014: Feedback mux created for signal 'ip_head[3] [22]'. It is possible a async set/reset assignment for this is signal missing. To improve timing and area, specify a set/reset value. 
W: Sdm-2014: Feedback mux created for signal 'ip_head[3] [23]'. It is possible a async set/reset assignment for this is signal missing. To improve timing and area, specify a set/reset value. 
W: Sdm-2014: Feedback mux created for signal 'ip_head[3] [24]'. It is possible a async set/reset assignment for this is signal missing. To improve timing and area, specify a set/reset value. 
W: Sdm-2014: Feedback mux created for signal 'ip_head[3] [25]'. It is possible a async set/reset assignment for this is signal missing. To improve timing and area, specify a set/reset value. 
W: Sdm-2014: Feedback mux created for signal 'ip_head[3] [26]'. It is possible a async set/reset assignment for this is signal missing. To improve timing and area, specify a set/reset value. 
W: Sdm-2014: Feedback mux created for signal 'ip_head[3] [27]'. It is possible a async set/reset assignment for this is signal missing. To improve timing and area, specify a set/reset value. 
W: Sdm-2014: Feedback mux created for signal 'ip_head[3] [28]'. It is possible a async set/reset assignment for this is signal missing. To improve timing and area, specify a set/reset value. 
W: Sdm-2014: Feedback mux created for signal 'ip_head[3] [29]'. It is possible a async set/reset assignment for this is signal missing. To improve timing and area, specify a set/reset value. 
W: Sdm-2014: Feedback mux created for signal 'ip_head[3] [30]'. It is possible a async set/reset assignment for this is signal missing. To improve timing and area, specify a set/reset value. 
W: Sdm-2014: Feedback mux created for signal 'ip_head[3] [31]'. It is possible a async set/reset assignment for this is signal missing. To improve timing and area, specify a set/reset value. 
W: Sdm-2014: Feedback mux created for signal 'ip_head[4] [0]'. It is possible a async set/reset assignment for this is signal missing. To improve timing and area, specify a set/reset value. 
W: Sdm-2014: Feedback mux created for signal 'ip_head[4] [1]'. It is possible a async set/reset assignment for this is signal missing. To improve timing and area, specify a set/reset value. 
W: Sdm-2014: Feedback mux created for signal 'ip_head[4] [2]'. It is possible a async set/reset assignment for this is signal missing. To improve timing and area, specify a set/reset value. 
W: Sdm-2014: Feedback mux created for signal 'ip_head[4] [3]'. It is possible a async set/reset assignment for this is signal missing. To improve timing and area, specify a set/reset value. 
W: Sdm-2014: Feedback mux created for signal 'ip_head[4] [4]'. It is possible a async set/reset assignment for this is signal missing. To improve timing and area, specify a set/reset value. 
W: Sdm-2014: Feedback mux created for signal 'ip_head[4] [5]'. It is possible a async set/reset assignment for this is signal missing. To improve timing and area, specify a set/reset value. 
W: Sdm-2014: Feedback mux created for signal 'ip_head[4] [6]'. It is possible a async set/reset assignment for this is signal missing. To improve timing and area, specify a set/reset value. 
W: Sdm-2014: Feedback mux created for signal 'ip_head[4] [7]'. It is possible a async set/reset assignment for this is signal missing. To improve timing and area, specify a set/reset value. 
W: Sdm-2014: Feedback mux created for signal 'ip_head[4] [8]'. It is possible a async set/reset assignment for this is signal missing. To improve timing and area, specify a set/reset value. 
W: Sdm-2014: Feedback mux created for signal 'ip_head[4] [9]'. It is possible a async set/reset assignment for this is signal missing. To improve timing and area, specify a set/reset value. 
W: Sdm-2014: Feedback mux created for signal 'ip_head[4] [10]'. It is possible a async set/reset assignment for this is signal missing. To improve timing and area, specify a set/reset value. 
W: Sdm-2014: Feedback mux created for signal 'ip_head[4] [11]'. It is possible a async set/reset assignment for this is signal missing. To improve timing and area, specify a set/reset value. 
W: Sdm-2014: Feedback mux created for signal 'ip_head[4] [12]'. It is possible a async set/reset assignment for this is signal missing. To improve timing and area, specify a set/reset value. 
W: Sdm-2014: Feedback mux created for signal 'ip_head[4] [13]'. It is possible a async set/reset assignment for this is signal missing. To improve timing and area, specify a set/reset value. 
W: Sdm-2014: Feedback mux created for signal 'ip_head[4] [14]'. It is possible a async set/reset assignment for this is signal missing. To improve timing and area, specify a set/reset value. 
W: Sdm-2014: Feedback mux created for signal 'ip_head[4] [15]'. It is possible a async set/reset assignment for this is signal missing. To improve timing and area, specify a set/reset value. 
W: Sdm-2014: Feedback mux created for signal 'ip_head[4] [16]'. It is possible a async set/reset assignment for this is signal missing. To improve timing and area, specify a set/reset value. 
W: Sdm-2014: Feedback mux created for signal 'ip_head[4] [17]'. It is possible a async set/reset assignment for this is signal missing. To improve timing and area, specify a set/reset value. 
W: Sdm-2014: Feedback mux created for signal 'ip_head[4] [18]'. It is possible a async set/reset assignment for this is signal missing. To improve timing and area, specify a set/reset value. 
W: Sdm-2014: Feedback mux created for signal 'ip_head[4] [19]'. It is possible a async set/reset assignment for this is signal missing. To improve timing and area, specify a set/reset value. 
W: Sdm-2014: Feedback mux created for signal 'ip_head[4] [20]'. It is possible a async set/reset assignment for this is signal missing. To improve timing and area, specify a set/reset value. 
W: Sdm-2014: Feedback mux created for signal 'ip_head[4] [21]'. It is possible a async set/reset assignment for this is signal missing. To improve timing and area, specify a set/reset value. 
W: Sdm-2014: Feedback mux created for signal 'ip_head[4] [22]'. It is possible a async set/reset assignment for this is signal missing. To improve timing and area, specify a set/reset value. 
W: Sdm-2014: Feedback mux created for signal 'ip_head[4] [23]'. It is possible a async set/reset assignment for this is signal missing. To improve timing and area, specify a set/reset value. 
W: Sdm-2014: Feedback mux created for signal 'ip_head[4] [24]'. It is possible a async set/reset assignment for this is signal missing. To improve timing and area, specify a set/reset value. 
W: Sdm-2014: Feedback mux created for signal 'ip_head[4] [25]'. It is possible a async set/reset assignment for this is signal missing. To improve timing and area, specify a set/reset value. 
W: Sdm-2014: Feedback mux created for signal 'ip_head[4] [26]'. It is possible a async set/reset assignment for this is signal missing. To improve timing and area, specify a set/reset value. 
W: Sdm-2014: Feedback mux created for signal 'ip_head[4] [27]'. It is possible a async set/reset assignment for this is signal missing. To improve timing and area, specify a set/reset value. 
W: Sdm-2014: Feedback mux created for signal 'ip_head[4] [28]'. It is possible a async set/reset assignment for this is signal missing. To improve timing and area, specify a set/reset value. 
W: Sdm-2014: Feedback mux created for signal 'ip_head[4] [29]'. It is possible a async set/reset assignment for this is signal missing. To improve timing and area, specify a set/reset value. 
W: Sdm-2014: Feedback mux created for signal 'ip_head[4] [30]'. It is possible a async set/reset assignment for this is signal missing. To improve timing and area, specify a set/reset value. 
W: Sdm-2014: Feedback mux created for signal 'ip_head[4] [31]'. It is possible a async set/reset assignment for this is signal missing. To improve timing and area, specify a set/reset value. 
W: Sdm-2014: Feedback mux created for signal 'ip_head[5] [0]'. It is possible a async set/reset assignment for this is signal missing. To improve timing and area, specify a set/reset value. 
W: Sdm-2014: Feedback mux created for signal 'ip_head[5] [1]'. It is possible a async set/reset assignment for this is signal missing. To improve timing and area, specify a set/reset value. 
W: Sdm-2014: Feedback mux created for signal 'ip_head[5] [2]'. It is possible a async set/reset assignment for this is signal missing. To improve timing and area, specify a set/reset value. 
W: Sdm-2014: Feedback mux created for signal 'ip_head[5] [3]'. It is possible a async set/reset assignment for this is signal missing. To improve timing and area, specify a set/reset value. 
W: Sdm-2014: Feedback mux created for signal 'ip_head[5] [4]'. It is possible a async set/reset assignment for this is signal missing. To improve timing and area, specify a set/reset value. 
W: Sdm-2014: Feedback mux created for signal 'ip_head[5] [5]'. It is possible a async set/reset assignment for this is signal missing. To improve timing and area, specify a set/reset value. 
W: Sdm-2014: Feedback mux created for signal 'ip_head[5] [6]'. It is possible a async set/reset assignment for this is signal missing. To improve timing and area, specify a set/reset value. 
W: Sdm-2014: Feedback mux created for signal 'ip_head[5] [7]'. It is possible a async set/reset assignment for this is signal missing. To improve timing and area, specify a set/reset value. 
W: Sdm-2014: Feedback mux created for signal 'ip_head[5] [8]'. It is possible a async set/reset assignment for this is signal missing. To improve timing and area, specify a set/reset value. 
W: Sdm-2014: Feedback mux created for signal 'ip_head[5] [9]'. It is possible a async set/reset assignment for this is signal missing. To improve timing and area, specify a set/reset value. 
W: Sdm-2014: Feedback mux created for signal 'ip_head[5] [10]'. It is possible a async set/reset assignment for this is signal missing. To improve timing and area, specify a set/reset value. 
W: Sdm-2014: Feedback mux created for signal 'ip_head[5] [11]'. It is possible a async set/reset assignment for this is signal missing. To improve timing and area, specify a set/reset value. 
W: Sdm-2014: Feedback mux created for signal 'ip_head[5] [12]'. It is possible a async set/reset assignment for this is signal missing. To improve timing and area, specify a set/reset value. 
W: Sdm-2014: Feedback mux created for signal 'ip_head[5] [13]'. It is possible a async set/reset assignment for this is signal missing. To improve timing and area, specify a set/reset value. 
W: Sdm-2014: Feedback mux created for signal 'ip_head[5] [14]'. It is possible a async set/reset assignment for this is signal missing. To improve timing and area, specify a set/reset value. 
W: Sdm-2014: Feedback mux created for signal 'ip_head[5] [15]'. It is possible a async set/reset assignment for this is signal missing. To improve timing and area, specify a set/reset value. 
W: Sdm-2014: Feedback mux created for signal 'ip_head[5] [16]'. It is possible a async set/reset assignment for this is signal missing. To improve timing and area, specify a set/reset value. 
W: Sdm-2014: Feedback mux created for signal 'ip_head[5] [17]'. It is possible a async set/reset assignment for this is signal missing. To improve timing and area, specify a set/reset value. 
W: Sdm-2014: Feedback mux created for signal 'ip_head[5] [18]'. It is possible a async set/reset assignment for this is signal missing. To improve timing and area, specify a set/reset value. 
W: Sdm-2014: Feedback mux created for signal 'ip_head[5] [19]'. It is possible a async set/reset assignment for this is signal missing. To improve timing and area, specify a set/reset value. 
W: Sdm-2014: Feedback mux created for signal 'ip_head[5] [20]'. It is possible a async set/reset assignment for this is signal missing. To improve timing and area, specify a set/reset value. 
W: Sdm-2014: Feedback mux created for signal 'ip_head[5] [21]'. It is possible a async set/reset assignment for this is signal missing. To improve timing and area, specify a set/reset value. 
W: Sdm-2014: Feedback mux created for signal 'ip_head[5] [22]'. It is possible a async set/reset assignment for this is signal missing. To improve timing and area, specify a set/reset value. 
W: Sdm-2014: Feedback mux created for signal 'ip_head[5] [23]'. It is possible a async set/reset assignment for this is signal missing. To improve timing and area, specify a set/reset value. 
W: Sdm-2014: Feedback mux created for signal 'ip_head[5] [24]'. It is possible a async set/reset assignment for this is signal missing. To improve timing and area, specify a set/reset value. 
W: Sdm-2014: Feedback mux created for signal 'ip_head[5] [25]'. It is possible a async set/reset assignment for this is signal missing. To improve timing and area, specify a set/reset value. 
W: Sdm-2014: Feedback mux created for signal 'ip_head[5] [26]'. It is possible a async set/reset assignment for this is signal missing. To improve timing and area, specify a set/reset value. 
W: Sdm-2014: Feedback mux created for signal 'ip_head[5] [27]'. It is possible a async set/reset assignment for this is signal missing. To improve timing and area, specify a set/reset value. 
W: Sdm-2014: Feedback mux created for signal 'ip_head[5] [28]'. It is possible a async set/reset assignment for this is signal missing. To improve timing and area, specify a set/reset value. 
W: Sdm-2014: Feedback mux created for signal 'ip_head[5] [29]'. It is possible a async set/reset assignment for this is signal missing. To improve timing and area, specify a set/reset value. 
W: Sdm-2014: Feedback mux created for signal 'ip_head[5] [30]'. It is possible a async set/reset assignment for this is signal missing. To improve timing and area, specify a set/reset value. 
W: Sdm-2014: Feedback mux created for signal 'ip_head[5] [31]'. It is possible a async set/reset assignment for this is signal missing. To improve timing and area, specify a set/reset value. 
W: Sdm-2014: Feedback mux created for signal 'ip_head[6] [0]'. It is possible a async set/reset assignment for this is signal missing. To improve timing and area, specify a set/reset value. 
W: Sdm-2014: Feedback mux created for signal 'ip_head[6] [1]'. It is possible a async set/reset assignment for this is signal missing. To improve timing and area, specify a set/reset value. 
W: Sdm-2014: Feedback mux created for signal 'ip_head[6] [2]'. It is possible a async set/reset assignment for this is signal missing. To improve timing and area, specify a set/reset value. 
W: Sdm-2014: Feedback mux created for signal 'ip_head[6] [3]'. It is possible a async set/reset assignment for this is signal missing. To improve timing and area, specify a set/reset value. 
W: Sdm-2014: Feedback mux created for signal 'ip_head[6] [4]'. It is possible a async set/reset assignment for this is signal missing. To improve timing and area, specify a set/reset value. 
W: Sdm-2014: Feedback mux created for signal 'ip_head[6] [5]'. It is possible a async set/reset assignment for this is signal missing. To improve timing and area, specify a set/reset value. 
W: Sdm-2014: Feedback mux created for signal 'ip_head[6] [6]'. It is possible a async set/reset assignment for this is signal missing. To improve timing and area, specify a set/reset value. 
W: Sdm-2014: Feedback mux created for signal 'ip_head[6] [7]'. It is possible a async set/reset assignment for this is signal missing. To improve timing and area, specify a set/reset value. 
W: Sdm-2014: Feedback mux created for signal 'ip_head[6] [8]'. It is possible a async set/reset assignment for this is signal missing. To improve timing and area, specify a set/reset value. 
W: Sdm-2014: Feedback mux created for signal 'ip_head[6] [9]'. It is possible a async set/reset assignment for this is signal missing. To improve timing and area, specify a set/reset value. 
W: Sdm-2014: Feedback mux created for signal 'ip_head[6] [10]'. It is possible a async set/reset assignment for this is signal missing. To improve timing and area, specify a set/reset value. 
W: Sdm-2014: Feedback mux created for signal 'ip_head[6] [11]'. It is possible a async set/reset assignment for this is signal missing. To improve timing and area, specify a set/reset value. 
W: Sdm-2014: Feedback mux created for signal 'ip_head[6] [12]'. It is possible a async set/reset assignment for this is signal missing. To improve timing and area, specify a set/reset value. 
W: Sdm-2014: Feedback mux created for signal 'ip_head[6] [13]'. It is possible a async set/reset assignment for this is signal missing. To improve timing and area, specify a set/reset value. 
W: Sdm-2014: Feedback mux created for signal 'ip_head[6] [14]'. It is possible a async set/reset assignment for this is signal missing. To improve timing and area, specify a set/reset value. 
W: Sdm-2014: Feedback mux created for signal 'ip_head[6] [15]'. It is possible a async set/reset assignment for this is signal missing. To improve timing and area, specify a set/reset value. 
W: Sdm-2014: Feedback mux created for signal 'ip_head[6] [16]'. It is possible a async set/reset assignment for this is signal missing. To improve timing and area, specify a set/reset value. 
W: Sdm-2014: Feedback mux created for signal 'ip_head[6] [17]'. It is possible a async set/reset assignment for this is signal missing. To improve timing and area, specify a set/reset value. 
W: Sdm-2014: Feedback mux created for signal 'ip_head[6] [18]'. It is possible a async set/reset assignment for this is signal missing. To improve timing and area, specify a set/reset value. 
W: Sdm-2014: Feedback mux created for signal 'ip_head[6] [19]'. It is possible a async set/reset assignment for this is signal missing. To improve timing and area, specify a set/reset value. 
W: Sdm-2014: Feedback mux created for signal 'ip_head[6] [20]'. It is possible a async set/reset assignment for this is signal missing. To improve timing and area, specify a set/reset value. 
W: Sdm-2014: Feedback mux created for signal 'ip_head[6] [21]'. It is possible a async set/reset assignment for this is signal missing. To improve timing and area, specify a set/reset value. 
W: Sdm-2014: Feedback mux created for signal 'ip_head[6] [22]'. It is possible a async set/reset assignment for this is signal missing. To improve timing and area, specify a set/reset value. 
W: Sdm-2014: Feedback mux created for signal 'ip_head[6] [23]'. It is possible a async set/reset assignment for this is signal missing. To improve timing and area, specify a set/reset value. 
W: Sdm-2014: Feedback mux created for signal 'ip_head[6] [24]'. It is possible a async set/reset assignment for this is signal missing. To improve timing and area, specify a set/reset value. 
W: Sdm-2014: Feedback mux created for signal 'ip_head[6] [25]'. It is possible a async set/reset assignment for this is signal missing. To improve timing and area, specify a set/reset value. 
W: Sdm-2014: Feedback mux created for signal 'ip_head[6] [26]'. It is possible a async set/reset assignment for this is signal missing. To improve timing and area, specify a set/reset value. 
W: Sdm-2014: Feedback mux created for signal 'ip_head[6] [27]'. It is possible a async set/reset assignment for this is signal missing. To improve timing and area, specify a set/reset value. 
W: Sdm-2014: Feedback mux created for signal 'ip_head[6] [28]'. It is possible a async set/reset assignment for this is signal missing. To improve timing and area, specify a set/reset value. 
W: Sdm-2014: Feedback mux created for signal 'ip_head[6] [29]'. It is possible a async set/reset assignment for this is signal missing. To improve timing and area, specify a set/reset value. 
I: Removed inst tx_done that is redundant to crc_clr.
W: Sdm-2014: Feedback mux created for signal 'ip_head[6] [31]'. It is possible a async set/reset assignment for this is signal missing. To improve timing and area, specify a set/reset value. 
W: Sdm-2014: Feedback mux created for signal 'ip_head[6] [30]'. It is possible a async set/reset assignment for this is signal missing. To improve timing and area, specify a set/reset value. 
W: Sdm-2014: Feedback mux created for signal 'ip_head[0] [0]'. It is possible a async set/reset assignment for this is signal missing. To improve timing and area, specify a set/reset value. 
W: Sdm-2014: Feedback mux created for signal 'ip_head[0] [1]'. It is possible a async set/reset assignment for this is signal missing. To improve timing and area, specify a set/reset value. 
W: Sdm-2014: Feedback mux created for signal 'ip_head[0] [2]'. It is possible a async set/reset assignment for this is signal missing. To improve timing and area, specify a set/reset value. 
W: Sdm-2014: Feedback mux created for signal 'ip_head[0] [3]'. It is possible a async set/reset assignment for this is signal missing. To improve timing and area, specify a set/reset value. 
W: Sdm-2014: Feedback mux created for signal 'ip_head[0] [4]'. It is possible a async set/reset assignment for this is signal missing. To improve timing and area, specify a set/reset value. 
W: Sdm-2014: Feedback mux created for signal 'ip_head[0] [5]'. It is possible a async set/reset assignment for this is signal missing. To improve timing and area, specify a set/reset value. 
W: Sdm-2014: Feedback mux created for signal 'ip_head[0] [6]'. It is possible a async set/reset assignment for this is signal missing. To improve timing and area, specify a set/reset value. 
W: Sdm-2014: Feedback mux created for signal 'ip_head[0] [7]'. It is possible a async set/reset assignment for this is signal missing. To improve timing and area, specify a set/reset value. 
W: Sdm-2014: Feedback mux created for signal 'ip_head[0] [8]'. It is possible a async set/reset assignment for this is signal missing. To improve timing and area, specify a set/reset value. 
W: Sdm-2014: Feedback mux created for signal 'ip_head[0] [9]'. It is possible a async set/reset assignment for this is signal missing. To improve timing and area, specify a set/reset value. 
W: Sdm-2014: Feedback mux created for signal 'ip_head[0] [10]'. It is possible a async set/reset assignment for this is signal missing. To improve timing and area, specify a set/reset value. 
W: Sdm-2014: Feedback mux created for signal 'ip_head[0] [11]'. It is possible a async set/reset assignment for this is signal missing. To improve timing and area, specify a set/reset value. 
W: Sdm-2014: Feedback mux created for signal 'ip_head[0] [12]'. It is possible a async set/reset assignment for this is signal missing. To improve timing and area, specify a set/reset value. 
W: Sdm-2014: Feedback mux created for signal 'ip_head[0] [13]'. It is possible a async set/reset assignment for this is signal missing. To improve timing and area, specify a set/reset value. 
W: Sdm-2014: Feedback mux created for signal 'ip_head[0] [14]'. It is possible a async set/reset assignment for this is signal missing. To improve timing and area, specify a set/reset value. 
W: Sdm-2014: Feedback mux created for signal 'ip_head[0] [15]'. It is possible a async set/reset assignment for this is signal missing. To improve timing and area, specify a set/reset value. 
W: Sdm-2014: Feedback mux created for signal 'ip_head[0] [16]'. It is possible a async set/reset assignment for this is signal missing. To improve timing and area, specify a set/reset value. 
W: Sdm-2014: Feedback mux created for signal 'ip_head[0] [17]'. It is possible a async set/reset assignment for this is signal missing. To improve timing and area, specify a set/reset value. 
W: Sdm-2014: Feedback mux created for signal 'ip_head[0] [18]'. It is possible a async set/reset assignment for this is signal missing. To improve timing and area, specify a set/reset value. 
W: Sdm-2014: Feedback mux created for signal 'ip_head[0] [19]'. It is possible a async set/reset assignment for this is signal missing. To improve timing and area, specify a set/reset value. 
W: Sdm-2014: Feedback mux created for signal 'ip_head[0] [20]'. It is possible a async set/reset assignment for this is signal missing. To improve timing and area, specify a set/reset value. 
W: Sdm-2014: Feedback mux created for signal 'ip_head[0] [21]'. It is possible a async set/reset assignment for this is signal missing. To improve timing and area, specify a set/reset value. 
W: Sdm-2014: Feedback mux created for signal 'ip_head[0] [22]'. It is possible a async set/reset assignment for this is signal missing. To improve timing and area, specify a set/reset value. 
W: Sdm-2014: Feedback mux created for signal 'ip_head[0] [23]'. It is possible a async set/reset assignment for this is signal missing. To improve timing and area, specify a set/reset value. 
W: Sdm-2014: Feedback mux created for signal 'ip_head[0] [24]'. It is possible a async set/reset assignment for this is signal missing. To improve timing and area, specify a set/reset value. 
W: Sdm-2014: Feedback mux created for signal 'ip_head[0] [25]'. It is possible a async set/reset assignment for this is signal missing. To improve timing and area, specify a set/reset value. 
W: Sdm-2014: Feedback mux created for signal 'ip_head[0] [26]'. It is possible a async set/reset assignment for this is signal missing. To improve timing and area, specify a set/reset value. 
W: Sdm-2014: Feedback mux created for signal 'ip_head[0] [27]'. It is possible a async set/reset assignment for this is signal missing. To improve timing and area, specify a set/reset value. 
W: Sdm-2014: Feedback mux created for signal 'ip_head[0] [28]'. It is possible a async set/reset assignment for this is signal missing. To improve timing and area, specify a set/reset value. 
W: Sdm-2014: Feedback mux created for signal 'ip_head[0] [29]'. It is possible a async set/reset assignment for this is signal missing. To improve timing and area, specify a set/reset value. 
W: Sdm-2014: Feedback mux created for signal 'ip_head[0] [30]'. It is possible a async set/reset assignment for this is signal missing. To improve timing and area, specify a set/reset value. 
W: Sdm-2014: Feedback mux created for signal 'ip_head[0] [31]'. It is possible a async set/reset assignment for this is signal missing. To improve timing and area, specify a set/reset value. 
W: Sdm-2014: Feedback mux created for signal 'ip_head[1] [0]'. It is possible a async set/reset assignment for this is signal missing. To improve timing and area, specify a set/reset value. 
W: Sdm-2014: Feedback mux created for signal 'ip_head[1] [1]'. It is possible a async set/reset assignment for this is signal missing. To improve timing and area, specify a set/reset value. 
W: Sdm-2014: Feedback mux created for signal 'ip_head[1] [2]'. It is possible a async set/reset assignment for this is signal missing. To improve timing and area, specify a set/reset value. 
W: Sdm-2014: Feedback mux created for signal 'ip_head[1] [3]'. It is possible a async set/reset assignment for this is signal missing. To improve timing and area, specify a set/reset value. 
W: Sdm-2014: Feedback mux created for signal 'ip_head[1] [4]'. It is possible a async set/reset assignment for this is signal missing. To improve timing and area, specify a set/reset value. 
W: Sdm-2014: Feedback mux created for signal 'ip_head[1] [5]'. It is possible a async set/reset assignment for this is signal missing. To improve timing and area, specify a set/reset value. 
W: Sdm-2014: Feedback mux created for signal 'ip_head[1] [6]'. It is possible a async set/reset assignment for this is signal missing. To improve timing and area, specify a set/reset value. 
W: Sdm-2014: Feedback mux created for signal 'ip_head[1] [7]'. It is possible a async set/reset assignment for this is signal missing. To improve timing and area, specify a set/reset value. 
W: Sdm-2014: Feedback mux created for signal 'ip_head[1] [8]'. It is possible a async set/reset assignment for this is signal missing. To improve timing and area, specify a set/reset value. 
W: Sdm-2014: Feedback mux created for signal 'ip_head[1] [9]'. It is possible a async set/reset assignment for this is signal missing. To improve timing and area, specify a set/reset value. 
W: Sdm-2014: Feedback mux created for signal 'ip_head[1] [10]'. It is possible a async set/reset assignment for this is signal missing. To improve timing and area, specify a set/reset value. 
W: Sdm-2014: Feedback mux created for signal 'ip_head[1] [11]'. It is possible a async set/reset assignment for this is signal missing. To improve timing and area, specify a set/reset value. 
W: Sdm-2014: Feedback mux created for signal 'ip_head[1] [12]'. It is possible a async set/reset assignment for this is signal missing. To improve timing and area, specify a set/reset value. 
W: Sdm-2014: Feedback mux created for signal 'ip_head[1] [13]'. It is possible a async set/reset assignment for this is signal missing. To improve timing and area, specify a set/reset value. 
W: Sdm-2014: Feedback mux created for signal 'ip_head[1] [14]'. It is possible a async set/reset assignment for this is signal missing. To improve timing and area, specify a set/reset value. 
W: Sdm-2014: Feedback mux created for signal 'ip_head[1] [15]'. It is possible a async set/reset assignment for this is signal missing. To improve timing and area, specify a set/reset value. 
W: Sdm-2014: Feedback mux created for signal 'ip_head[2] [0]'. It is possible a async set/reset assignment for this is signal missing. To improve timing and area, specify a set/reset value. 
W: Sdm-2014: Feedback mux created for signal 'ip_head[2] [1]'. It is possible a async set/reset assignment for this is signal missing. To improve timing and area, specify a set/reset value. 
W: Sdm-2014: Feedback mux created for signal 'ip_head[2] [2]'. It is possible a async set/reset assignment for this is signal missing. To improve timing and area, specify a set/reset value. 
W: Sdm-2014: Feedback mux created for signal 'ip_head[2] [3]'. It is possible a async set/reset assignment for this is signal missing. To improve timing and area, specify a set/reset value. 
W: Sdm-2014: Feedback mux created for signal 'ip_head[2] [4]'. It is possible a async set/reset assignment for this is signal missing. To improve timing and area, specify a set/reset value. 
W: Sdm-2014: Feedback mux created for signal 'ip_head[2] [5]'. It is possible a async set/reset assignment for this is signal missing. To improve timing and area, specify a set/reset value. 
W: Sdm-2014: Feedback mux created for signal 'ip_head[2] [6]'. It is possible a async set/reset assignment for this is signal missing. To improve timing and area, specify a set/reset value. 
W: Sdm-2014: Feedback mux created for signal 'ip_head[2] [7]'. It is possible a async set/reset assignment for this is signal missing. To improve timing and area, specify a set/reset value. 
W: Sdm-2014: Feedback mux created for signal 'ip_head[2] [8]'. It is possible a async set/reset assignment for this is signal missing. To improve timing and area, specify a set/reset value. 
W: Sdm-2014: Feedback mux created for signal 'ip_head[2] [9]'. It is possible a async set/reset assignment for this is signal missing. To improve timing and area, specify a set/reset value. 
W: Sdm-2014: Feedback mux created for signal 'ip_head[2] [10]'. It is possible a async set/reset assignment for this is signal missing. To improve timing and area, specify a set/reset value. 
W: Sdm-2014: Feedback mux created for signal 'ip_head[2] [11]'. It is possible a async set/reset assignment for this is signal missing. To improve timing and area, specify a set/reset value. 
W: Sdm-2014: Feedback mux created for signal 'ip_head[2] [12]'. It is possible a async set/reset assignment for this is signal missing. To improve timing and area, specify a set/reset value. 
W: Sdm-2014: Feedback mux created for signal 'ip_head[2] [13]'. It is possible a async set/reset assignment for this is signal missing. To improve timing and area, specify a set/reset value. 
W: Sdm-2014: Feedback mux created for signal 'ip_head[2] [14]'. It is possible a async set/reset assignment for this is signal missing. To improve timing and area, specify a set/reset value. 
W: Sdm-2014: Feedback mux created for signal 'ip_head[2] [15]'. It is possible a async set/reset assignment for this is signal missing. To improve timing and area, specify a set/reset value. 
W: Sdm-2014: Feedback mux created for signal 'ip_head[2] [16]'. It is possible a async set/reset assignment for this is signal missing. To improve timing and area, specify a set/reset value. 
W: Sdm-2014: Feedback mux created for signal 'ip_head[2] [17]'. It is possible a async set/reset assignment for this is signal missing. To improve timing and area, specify a set/reset value. 
W: Sdm-2014: Feedback mux created for signal 'ip_head[2] [18]'. It is possible a async set/reset assignment for this is signal missing. To improve timing and area, specify a set/reset value. 
W: Sdm-2014: Feedback mux created for signal 'ip_head[2] [19]'. It is possible a async set/reset assignment for this is signal missing. To improve timing and area, specify a set/reset value. 
W: Sdm-2014: Feedback mux created for signal 'ip_head[2] [20]'. It is possible a async set/reset assignment for this is signal missing. To improve timing and area, specify a set/reset value. 
W: Sdm-2014: Feedback mux created for signal 'ip_head[2] [21]'. It is possible a async set/reset assignment for this is signal missing. To improve timing and area, specify a set/reset value. 
W: Sdm-2014: Feedback mux created for signal 'ip_head[2] [22]'. It is possible a async set/reset assignment for this is signal missing. To improve timing and area, specify a set/reset value. 
W: Sdm-2014: Feedback mux created for signal 'ip_head[2] [23]'. It is possible a async set/reset assignment for this is signal missing. To improve timing and area, specify a set/reset value. 
W: Sdm-2014: Feedback mux created for signal 'ip_head[2] [24]'. It is possible a async set/reset assignment for this is signal missing. To improve timing and area, specify a set/reset value. 
W: Sdm-2014: Feedback mux created for signal 'ip_head[2] [25]'. It is possible a async set/reset assignment for this is signal missing. To improve timing and area, specify a set/reset value. 
W: Sdm-2014: Feedback mux created for signal 'ip_head[2] [26]'. It is possible a async set/reset assignment for this is signal missing. To improve timing and area, specify a set/reset value. 
W: Sdm-2014: Feedback mux created for signal 'ip_head[2] [27]'. It is possible a async set/reset assignment for this is signal missing. To improve timing and area, specify a set/reset value. 
W: Sdm-2014: Feedback mux created for signal 'ip_head[2] [28]'. It is possible a async set/reset assignment for this is signal missing. To improve timing and area, specify a set/reset value. 
W: Sdm-2014: Feedback mux created for signal 'ip_head[2] [29]'. It is possible a async set/reset assignment for this is signal missing. To improve timing and area, specify a set/reset value. 
W: Sdm-2014: Feedback mux created for signal 'ip_head[2] [30]'. It is possible a async set/reset assignment for this is signal missing. To improve timing and area, specify a set/reset value. 
W: Sdm-2014: Feedback mux created for signal 'ip_head[2] [31]'. It is possible a async set/reset assignment for this is signal missing. To improve timing and area, specify a set/reset value. 
W: Sdm-2014: Feedback mux created for signal 'ip_head[3] [0]'. It is possible a async set/reset assignment for this is signal missing. To improve timing and area, specify a set/reset value. 
W: Sdm-2014: Feedback mux created for signal 'ip_head[3] [1]'. It is possible a async set/reset assignment for this is signal missing. To improve timing and area, specify a set/reset value. 
W: Sdm-2014: Feedback mux created for signal 'ip_head[3] [2]'. It is possible a async set/reset assignment for this is signal missing. To improve timing and area, specify a set/reset value. 
W: Sdm-2014: Feedback mux created for signal 'ip_head[3] [3]'. It is possible a async set/reset assignment for this is signal missing. To improve timing and area, specify a set/reset value. 
W: Sdm-2014: Feedback mux created for signal 'ip_head[3] [4]'. It is possible a async set/reset assignment for this is signal missing. To improve timing and area, specify a set/reset value. 
W: Sdm-2014: Feedback mux created for signal 'ip_head[3] [5]'. It is possible a async set/reset assignment for this is signal missing. To improve timing and area, specify a set/reset value. 
W: Sdm-2014: Feedback mux created for signal 'ip_head[3] [6]'. It is possible a async set/reset assignment for this is signal missing. To improve timing and area, specify a set/reset value. 
W: Sdm-2014: Feedback mux created for signal 'ip_head[3] [7]'. It is possible a async set/reset assignment for this is signal missing. To improve timing and area, specify a set/reset value. 
W: Sdm-2014: Feedback mux created for signal 'ip_head[3] [8]'. It is possible a async set/reset assignment for this is signal missing. To improve timing and area, specify a set/reset value. 
W: Sdm-2014: Feedback mux created for signal 'ip_head[3] [9]'. It is possible a async set/reset assignment for this is signal missing. To improve timing and area, specify a set/reset value. 
W: Sdm-2014: Feedback mux created for signal 'ip_head[3] [10]'. It is possible a async set/reset assignment for this is signal missing. To improve timing and area, specify a set/reset value. 
W: Sdm-2014: Feedback mux created for signal 'ip_head[3] [11]'. It is possible a async set/reset assignment for this is signal missing. To improve timing and area, specify a set/reset value. 
W: Sdm-2014: Feedback mux created for signal 'ip_head[3] [12]'. It is possible a async set/reset assignment for this is signal missing. To improve timing and area, specify a set/reset value. 
W: Sdm-2014: Feedback mux created for signal 'ip_head[3] [13]'. It is possible a async set/reset assignment for this is signal missing. To improve timing and area, specify a set/reset value. 
W: Sdm-2014: Feedback mux created for signal 'ip_head[3] [14]'. It is possible a async set/reset assignment for this is signal missing. To improve timing and area, specify a set/reset value. 
W: Sdm-2014: Feedback mux created for signal 'ip_head[3] [15]'. It is possible a async set/reset assignment for this is signal missing. To improve timing and area, specify a set/reset value. 
W: Sdm-2014: Feedback mux created for signal 'ip_head[3] [16]'. It is possible a async set/reset assignment for this is signal missing. To improve timing and area, specify a set/reset value. 
W: Sdm-2014: Feedback mux created for signal 'ip_head[3] [17]'. It is possible a async set/reset assignment for this is signal missing. To improve timing and area, specify a set/reset value. 
W: Sdm-2014: Feedback mux created for signal 'ip_head[3] [18]'. It is possible a async set/reset assignment for this is signal missing. To improve timing and area, specify a set/reset value. 
W: Sdm-2014: Feedback mux created for signal 'ip_head[3] [19]'. It is possible a async set/reset assignment for this is signal missing. To improve timing and area, specify a set/reset value. 
W: Sdm-2014: Feedback mux created for signal 'ip_head[3] [20]'. It is possible a async set/reset assignment for this is signal missing. To improve timing and area, specify a set/reset value. 
W: Sdm-2014: Feedback mux created for signal 'ip_head[3] [21]'. It is possible a async set/reset assignment for this is signal missing. To improve timing and area, specify a set/reset value. 
W: Sdm-2014: Feedback mux created for signal 'ip_head[3] [22]'. It is possible a async set/reset assignment for this is signal missing. To improve timing and area, specify a set/reset value. 
W: Sdm-2014: Feedback mux created for signal 'ip_head[3] [23]'. It is possible a async set/reset assignment for this is signal missing. To improve timing and area, specify a set/reset value. 
W: Sdm-2014: Feedback mux created for signal 'ip_head[3] [24]'. It is possible a async set/reset assignment for this is signal missing. To improve timing and area, specify a set/reset value. 
W: Sdm-2014: Feedback mux created for signal 'ip_head[3] [25]'. It is possible a async set/reset assignment for this is signal missing. To improve timing and area, specify a set/reset value. 
W: Sdm-2014: Feedback mux created for signal 'ip_head[3] [26]'. It is possible a async set/reset assignment for this is signal missing. To improve timing and area, specify a set/reset value. 
W: Sdm-2014: Feedback mux created for signal 'ip_head[3] [27]'. It is possible a async set/reset assignment for this is signal missing. To improve timing and area, specify a set/reset value. 
W: Sdm-2014: Feedback mux created for signal 'ip_head[3] [28]'. It is possible a async set/reset assignment for this is signal missing. To improve timing and area, specify a set/reset value. 
W: Sdm-2014: Feedback mux created for signal 'ip_head[3] [29]'. It is possible a async set/reset assignment for this is signal missing. To improve timing and area, specify a set/reset value. 
W: Sdm-2014: Feedback mux created for signal 'ip_head[3] [30]'. It is possible a async set/reset assignment for this is signal missing. To improve timing and area, specify a set/reset value. 
W: Sdm-2014: Feedback mux created for signal 'ip_head[3] [31]'. It is possible a async set/reset assignment for this is signal missing. To improve timing and area, specify a set/reset value. 
W: Sdm-2014: Feedback mux created for signal 'ip_head[4] [0]'. It is possible a async set/reset assignment for this is signal missing. To improve timing and area, specify a set/reset value. 
W: Sdm-2014: Feedback mux created for signal 'ip_head[4] [1]'. It is possible a async set/reset assignment for this is signal missing. To improve timing and area, specify a set/reset value. 
W: Sdm-2014: Feedback mux created for signal 'ip_head[4] [2]'. It is possible a async set/reset assignment for this is signal missing. To improve timing and area, specify a set/reset value. 
W: Sdm-2014: Feedback mux created for signal 'ip_head[4] [3]'. It is possible a async set/reset assignment for this is signal missing. To improve timing and area, specify a set/reset value. 
W: Sdm-2014: Feedback mux created for signal 'ip_head[4] [4]'. It is possible a async set/reset assignment for this is signal missing. To improve timing and area, specify a set/reset value. 
W: Sdm-2014: Feedback mux created for signal 'ip_head[4] [5]'. It is possible a async set/reset assignment for this is signal missing. To improve timing and area, specify a set/reset value. 
W: Sdm-2014: Feedback mux created for signal 'ip_head[4] [6]'. It is possible a async set/reset assignment for this is signal missing. To improve timing and area, specify a set/reset value. 
W: Sdm-2014: Feedback mux created for signal 'ip_head[4] [7]'. It is possible a async set/reset assignment for this is signal missing. To improve timing and area, specify a set/reset value. 
W: Sdm-2014: Feedback mux created for signal 'ip_head[4] [8]'. It is possible a async set/reset assignment for this is signal missing. To improve timing and area, specify a set/reset value. 
W: Sdm-2014: Feedback mux created for signal 'ip_head[4] [9]'. It is possible a async set/reset assignment for this is signal missing. To improve timing and area, specify a set/reset value. 
W: Sdm-2014: Feedback mux created for signal 'ip_head[4] [10]'. It is possible a async set/reset assignment for this is signal missing. To improve timing and area, specify a set/reset value. 
W: Sdm-2014: Feedback mux created for signal 'ip_head[4] [11]'. It is possible a async set/reset assignment for this is signal missing. To improve timing and area, specify a set/reset value. 
W: Sdm-2014: Feedback mux created for signal 'ip_head[4] [12]'. It is possible a async set/reset assignment for this is signal missing. To improve timing and area, specify a set/reset value. 
W: Sdm-2014: Feedback mux created for signal 'ip_head[4] [13]'. It is possible a async set/reset assignment for this is signal missing. To improve timing and area, specify a set/reset value. 
W: Sdm-2014: Feedback mux created for signal 'ip_head[4] [14]'. It is possible a async set/reset assignment for this is signal missing. To improve timing and area, specify a set/reset value. 
W: Sdm-2014: Feedback mux created for signal 'ip_head[4] [15]'. It is possible a async set/reset assignment for this is signal missing. To improve timing and area, specify a set/reset value. 
W: Sdm-2014: Feedback mux created for signal 'ip_head[4] [16]'. It is possible a async set/reset assignment for this is signal missing. To improve timing and area, specify a set/reset value. 
W: Sdm-2014: Feedback mux created for signal 'ip_head[4] [17]'. It is possible a async set/reset assignment for this is signal missing. To improve timing and area, specify a set/reset value. 
W: Sdm-2014: Feedback mux created for signal 'ip_head[4] [18]'. It is possible a async set/reset assignment for this is signal missing. To improve timing and area, specify a set/reset value. 
W: Sdm-2014: Feedback mux created for signal 'ip_head[4] [19]'. It is possible a async set/reset assignment for this is signal missing. To improve timing and area, specify a set/reset value. 
W: Sdm-2014: Feedback mux created for signal 'ip_head[4] [20]'. It is possible a async set/reset assignment for this is signal missing. To improve timing and area, specify a set/reset value. 
W: Sdm-2014: Feedback mux created for signal 'ip_head[4] [21]'. It is possible a async set/reset assignment for this is signal missing. To improve timing and area, specify a set/reset value. 
W: Sdm-2014: Feedback mux created for signal 'ip_head[4] [22]'. It is possible a async set/reset assignment for this is signal missing. To improve timing and area, specify a set/reset value. 
W: Sdm-2014: Feedback mux created for signal 'ip_head[4] [23]'. It is possible a async set/reset assignment for this is signal missing. To improve timing and area, specify a set/reset value. 
W: Sdm-2014: Feedback mux created for signal 'ip_head[4] [24]'. It is possible a async set/reset assignment for this is signal missing. To improve timing and area, specify a set/reset value. 
W: Sdm-2014: Feedback mux created for signal 'ip_head[4] [25]'. It is possible a async set/reset assignment for this is signal missing. To improve timing and area, specify a set/reset value. 
W: Sdm-2014: Feedback mux created for signal 'ip_head[4] [26]'. It is possible a async set/reset assignment for this is signal missing. To improve timing and area, specify a set/reset value. 
W: Sdm-2014: Feedback mux created for signal 'ip_head[4] [27]'. It is possible a async set/reset assignment for this is signal missing. To improve timing and area, specify a set/reset value. 
W: Sdm-2014: Feedback mux created for signal 'ip_head[4] [28]'. It is possible a async set/reset assignment for this is signal missing. To improve timing and area, specify a set/reset value. 
W: Sdm-2014: Feedback mux created for signal 'ip_head[4] [29]'. It is possible a async set/reset assignment for this is signal missing. To improve timing and area, specify a set/reset value. 
W: Sdm-2014: Feedback mux created for signal 'ip_head[4] [30]'. It is possible a async set/reset assignment for this is signal missing. To improve timing and area, specify a set/reset value. 
W: Sdm-2014: Feedback mux created for signal 'ip_head[4] [31]'. It is possible a async set/reset assignment for this is signal missing. To improve timing and area, specify a set/reset value. 
W: Sdm-2014: Feedback mux created for signal 'ip_head[5] [0]'. It is possible a async set/reset assignment for this is signal missing. To improve timing and area, specify a set/reset value. 
W: Sdm-2014: Feedback mux created for signal 'ip_head[5] [1]'. It is possible a async set/reset assignment for this is signal missing. To improve timing and area, specify a set/reset value. 
W: Sdm-2014: Feedback mux created for signal 'ip_head[5] [2]'. It is possible a async set/reset assignment for this is signal missing. To improve timing and area, specify a set/reset value. 
W: Sdm-2014: Feedback mux created for signal 'ip_head[5] [3]'. It is possible a async set/reset assignment for this is signal missing. To improve timing and area, specify a set/reset value. 
W: Sdm-2014: Feedback mux created for signal 'ip_head[5] [4]'. It is possible a async set/reset assignment for this is signal missing. To improve timing and area, specify a set/reset value. 
W: Sdm-2014: Feedback mux created for signal 'ip_head[5] [5]'. It is possible a async set/reset assignment for this is signal missing. To improve timing and area, specify a set/reset value. 
W: Sdm-2014: Feedback mux created for signal 'ip_head[5] [6]'. It is possible a async set/reset assignment for this is signal missing. To improve timing and area, specify a set/reset value. 
W: Sdm-2014: Feedback mux created for signal 'ip_head[5] [7]'. It is possible a async set/reset assignment for this is signal missing. To improve timing and area, specify a set/reset value. 
W: Sdm-2014: Feedback mux created for signal 'ip_head[5] [8]'. It is possible a async set/reset assignment for this is signal missing. To improve timing and area, specify a set/reset value. 
W: Sdm-2014: Feedback mux created for signal 'ip_head[5] [9]'. It is possible a async set/reset assignment for this is signal missing. To improve timing and area, specify a set/reset value. 
W: Sdm-2014: Feedback mux created for signal 'ip_head[5] [10]'. It is possible a async set/reset assignment for this is signal missing. To improve timing and area, specify a set/reset value. 
W: Sdm-2014: Feedback mux created for signal 'ip_head[5] [11]'. It is possible a async set/reset assignment for this is signal missing. To improve timing and area, specify a set/reset value. 
W: Sdm-2014: Feedback mux created for signal 'ip_head[5] [12]'. It is possible a async set/reset assignment for this is signal missing. To improve timing and area, specify a set/reset value. 
W: Sdm-2014: Feedback mux created for signal 'ip_head[5] [13]'. It is possible a async set/reset assignment for this is signal missing. To improve timing and area, specify a set/reset value. 
W: Sdm-2014: Feedback mux created for signal 'ip_head[5] [14]'. It is possible a async set/reset assignment for this is signal missing. To improve timing and area, specify a set/reset value. 
W: Sdm-2014: Feedback mux created for signal 'ip_head[5] [15]'. It is possible a async set/reset assignment for this is signal missing. To improve timing and area, specify a set/reset value. 
W: Sdm-2014: Feedback mux created for signal 'ip_head[5] [16]'. It is possible a async set/reset assignment for this is signal missing. To improve timing and area, specify a set/reset value. 
W: Sdm-2014: Feedback mux created for signal 'ip_head[5] [17]'. It is possible a async set/reset assignment for this is signal missing. To improve timing and area, specify a set/reset value. 
W: Sdm-2014: Feedback mux created for signal 'ip_head[5] [18]'. It is possible a async set/reset assignment for this is signal missing. To improve timing and area, specify a set/reset value. 
W: Sdm-2014: Feedback mux created for signal 'ip_head[5] [19]'. It is possible a async set/reset assignment for this is signal missing. To improve timing and area, specify a set/reset value. 
W: Sdm-2014: Feedback mux created for signal 'ip_head[5] [20]'. It is possible a async set/reset assignment for this is signal missing. To improve timing and area, specify a set/reset value. 
W: Sdm-2014: Feedback mux created for signal 'ip_head[5] [21]'. It is possible a async set/reset assignment for this is signal missing. To improve timing and area, specify a set/reset value. 
W: Sdm-2014: Feedback mux created for signal 'ip_head[5] [22]'. It is possible a async set/reset assignment for this is signal missing. To improve timing and area, specify a set/reset value. 
W: Sdm-2014: Feedback mux created for signal 'ip_head[5] [23]'. It is possible a async set/reset assignment for this is signal missing. To improve timing and area, specify a set/reset value. 
W: Sdm-2014: Feedback mux created for signal 'ip_head[5] [24]'. It is possible a async set/reset assignment for this is signal missing. To improve timing and area, specify a set/reset value. 
W: Sdm-2014: Feedback mux created for signal 'ip_head[5] [25]'. It is possible a async set/reset assignment for this is signal missing. To improve timing and area, specify a set/reset value. 
W: Sdm-2014: Feedback mux created for signal 'ip_head[5] [26]'. It is possible a async set/reset assignment for this is signal missing. To improve timing and area, specify a set/reset value. 
W: Sdm-2014: Feedback mux created for signal 'ip_head[5] [27]'. It is possible a async set/reset assignment for this is signal missing. To improve timing and area, specify a set/reset value. 
W: Sdm-2014: Feedback mux created for signal 'ip_head[5] [28]'. It is possible a async set/reset assignment for this is signal missing. To improve timing and area, specify a set/reset value. 
W: Sdm-2014: Feedback mux created for signal 'ip_head[5] [29]'. It is possible a async set/reset assignment for this is signal missing. To improve timing and area, specify a set/reset value. 
W: Sdm-2014: Feedback mux created for signal 'ip_head[5] [30]'. It is possible a async set/reset assignment for this is signal missing. To improve timing and area, specify a set/reset value. 
W: Sdm-2014: Feedback mux created for signal 'ip_head[5] [31]'. It is possible a async set/reset assignment for this is signal missing. To improve timing and area, specify a set/reset value. 
W: Sdm-2014: Feedback mux created for signal 'ip_head[6] [0]'. It is possible a async set/reset assignment for this is signal missing. To improve timing and area, specify a set/reset value. 
W: Sdm-2014: Feedback mux created for signal 'ip_head[6] [1]'. It is possible a async set/reset assignment for this is signal missing. To improve timing and area, specify a set/reset value. 
W: Sdm-2014: Feedback mux created for signal 'ip_head[6] [2]'. It is possible a async set/reset assignment for this is signal missing. To improve timing and area, specify a set/reset value. 
W: Sdm-2014: Feedback mux created for signal 'ip_head[6] [3]'. It is possible a async set/reset assignment for this is signal missing. To improve timing and area, specify a set/reset value. 
W: Sdm-2014: Feedback mux created for signal 'ip_head[6] [4]'. It is possible a async set/reset assignment for this is signal missing. To improve timing and area, specify a set/reset value. 
W: Sdm-2014: Feedback mux created for signal 'ip_head[6] [5]'. It is possible a async set/reset assignment for this is signal missing. To improve timing and area, specify a set/reset value. 
W: Sdm-2014: Feedback mux created for signal 'ip_head[6] [6]'. It is possible a async set/reset assignment for this is signal missing. To improve timing and area, specify a set/reset value. 
W: Sdm-2014: Feedback mux created for signal 'ip_head[6] [7]'. It is possible a async set/reset assignment for this is signal missing. To improve timing and area, specify a set/reset value. 
W: Sdm-2014: Feedback mux created for signal 'ip_head[6] [8]'. It is possible a async set/reset assignment for this is signal missing. To improve timing and area, specify a set/reset value. 
W: Sdm-2014: Feedback mux created for signal 'ip_head[6] [9]'. It is possible a async set/reset assignment for this is signal missing. To improve timing and area, specify a set/reset value. 
W: Sdm-2014: Feedback mux created for signal 'ip_head[6] [10]'. It is possible a async set/reset assignment for this is signal missing. To improve timing and area, specify a set/reset value. 
W: Sdm-2014: Feedback mux created for signal 'ip_head[6] [11]'. It is possible a async set/reset assignment for this is signal missing. To improve timing and area, specify a set/reset value. 
W: Sdm-2014: Feedback mux created for signal 'ip_head[6] [12]'. It is possible a async set/reset assignment for this is signal missing. To improve timing and area, specify a set/reset value. 
W: Sdm-2014: Feedback mux created for signal 'ip_head[6] [13]'. It is possible a async set/reset assignment for this is signal missing. To improve timing and area, specify a set/reset value. 
W: Sdm-2014: Feedback mux created for signal 'ip_head[6] [14]'. It is possible a async set/reset assignment for this is signal missing. To improve timing and area, specify a set/reset value. 
W: Sdm-2014: Feedback mux created for signal 'ip_head[6] [15]'. It is possible a async set/reset assignment for this is signal missing. To improve timing and area, specify a set/reset value. 
W: Sdm-2014: Feedback mux created for signal 'ip_head[6] [16]'. It is possible a async set/reset assignment for this is signal missing. To improve timing and area, specify a set/reset value. 
W: Sdm-2014: Feedback mux created for signal 'ip_head[6] [17]'. It is possible a async set/reset assignment for this is signal missing. To improve timing and area, specify a set/reset value. 
W: Sdm-2014: Feedback mux created for signal 'ip_head[6] [18]'. It is possible a async set/reset assignment for this is signal missing. To improve timing and area, specify a set/reset value. 
W: Sdm-2014: Feedback mux created for signal 'ip_head[6] [19]'. It is possible a async set/reset assignment for this is signal missing. To improve timing and area, specify a set/reset value. 
W: Sdm-2014: Feedback mux created for signal 'ip_head[6] [20]'. It is possible a async set/reset assignment for this is signal missing. To improve timing and area, specify a set/reset value. 
W: Sdm-2014: Feedback mux created for signal 'ip_head[6] [21]'. It is possible a async set/reset assignment for this is signal missing. To improve timing and area, specify a set/reset value. 
W: Sdm-2014: Feedback mux created for signal 'ip_head[6] [22]'. It is possible a async set/reset assignment for this is signal missing. To improve timing and area, specify a set/reset value. 
W: Sdm-2014: Feedback mux created for signal 'ip_head[6] [23]'. It is possible a async set/reset assignment for this is signal missing. To improve timing and area, specify a set/reset value. 
W: Sdm-2014: Feedback mux created for signal 'ip_head[6] [24]'. It is possible a async set/reset assignment for this is signal missing. To improve timing and area, specify a set/reset value. 
W: Sdm-2014: Feedback mux created for signal 'ip_head[6] [25]'. It is possible a async set/reset assignment for this is signal missing. To improve timing and area, specify a set/reset value. 
W: Sdm-2014: Feedback mux created for signal 'ip_head[6] [26]'. It is possible a async set/reset assignment for this is signal missing. To improve timing and area, specify a set/reset value. 
W: Sdm-2014: Feedback mux created for signal 'ip_head[6] [27]'. It is possible a async set/reset assignment for this is signal missing. To improve timing and area, specify a set/reset value. 
W: Sdm-2014: Feedback mux created for signal 'ip_head[6] [28]'. It is possible a async set/reset assignment for this is signal missing. To improve timing and area, specify a set/reset value. 
W: Sdm-2014: Feedback mux created for signal 'ip_head[6] [29]'. It is possible a async set/reset assignment for this is signal missing. To improve timing and area, specify a set/reset value. 
I: Removed inst tx_done that is redundant to crc_clr.
Executing : DFF-inference successfully.
Executing : rtl-infer successfully. Time elapsed: 3.100s wall, 1.609s user + 1.484s system = 3.094s CPU (99.8%)

Start rtl-control-opt.
W: Loop was found during constant probe.
W: Loop was found during constant probe.
W: Loop was found during constant probe.
W: Loop was found during constant probe.
W: Loop was found during constant probe.
W: Loop was found during constant probe.
W: Loop was found during constant probe.
W: Loop was found during constant probe.
W: Loop was found during constant probe.
W: Loop was found during constant probe.
W: Loop was found during constant probe.
W: Loop was found during constant probe.
W: Loop was found during constant probe.
W: Loop was found during constant probe.
W: Loop was found during constant probe.
W: Loop was found during constant probe.
W: Loop was found during constant probe.
W: Loop was found during constant probe.
W: Loop was found during constant probe.
W: Loop was found during constant probe.
W: Loop was found during constant probe.
W: Loop was found during constant probe.
W: Loop was found during constant probe.
W: Loop was found during constant probe.
W: Loop was found during constant probe.
W: Loop was found during constant probe.
W: Loop was found during constant probe.
W: Loop was found during constant probe.
W: Loop was found during constant probe.
W: Loop was found during constant probe.
W: Loop was found during constant probe.
W: Loop was found during constant probe.
W: Loop was found during constant probe.
W: Loop was found during constant probe.
W: Loop was found during constant probe.
W: Loop was found during constant probe.
W: Loop was found during constant probe.
W: Loop was found during constant probe.
W: Loop was found during constant probe.
W: Loop was found during constant probe.
W: Loop was found during constant probe.
W: Loop was found during constant probe.
W: Loop was found during constant probe.
W: Loop was found during constant probe.
W: Loop was found during constant probe.
W: Loop was found during constant probe.
Executing : rtl-control-opt successfully. Time elapsed: 0.016s wall, 0.016s user + 0.000s system = 0.016s CPU (97.9%)

Start rtl-data-opt.
W: Loop was found during constant probe.
W: Loop was found during constant probe.
W: Loop was found during constant probe.
W: Loop was found during constant probe.
W: Loop was found during constant probe.
W: Loop was found during constant probe.
W: Loop was found during constant probe.
W: Loop was found during constant probe.
W: Loop was found during constant probe.
W: Loop was found during constant probe.
W: Loop was found during constant probe.
W: Loop was found during constant probe.
W: Loop was found during constant probe.
W: Loop was found during constant probe.
W: Loop was found during constant probe.
W: Loop was found during constant probe.
W: Loop was found during constant probe.
W: Loop was found during constant probe.
W: Loop was found during constant probe.
W: Loop was found during constant probe.
W: Loop was found during constant probe.
W: Loop was found during constant probe.
W: Loop was found during constant probe.
W: Loop was found during constant probe.
W: Loop was found during constant probe.
W: Loop was found during constant probe.
W: Loop was found during constant probe.
W: Loop was found during constant probe.
W: Loop was found during constant probe.
W: Loop was found during constant probe.
W: Loop was found during constant probe.
W: Loop was found during constant probe.
W: Loop was found during constant probe.
W: Loop was found during constant probe.
W: Loop was found during constant probe.
W: Loop was found during constant probe.
W: Loop was found during constant probe.
W: Loop was found during constant probe.
W: Loop was found during constant probe.
W: Loop was found during constant probe.
W: Loop was found during constant probe.
W: Loop was found during constant probe.
W: Loop was found during constant probe.
W: Loop was found during constant probe.
W: Loop was found during constant probe.
W: Loop was found during constant probe.
W: Loop was found during constant probe.
W: Loop was found during constant probe.
W: Loop was found during constant probe.
W: Loop was found during constant probe.
W: Loop was found during constant probe.
W: Loop was found during constant probe.
W: Loop was found during constant probe.
W: Loop was found during constant probe.
W: Loop was found during constant probe.
W: Loop was found during constant probe.
W: Loop was found during constant probe.
W: Loop was found during constant probe.
W: Loop was found during constant probe.
W: Loop was found during constant probe.
W: Loop was found during constant probe.
W: Loop was found during constant probe.
W: Loop was found during constant probe.
W: Loop was found during constant probe.
W: Loop was found during constant probe.
W: Loop was found during constant probe.
W: Loop was found during constant probe.
W: Loop was found during constant probe.
W: Loop was found during constant probe.
W: Loop was found during constant probe.
W: Loop was found during constant probe.
W: Loop was found during constant probe.
W: Loop was found during constant probe.
W: Loop was found during constant probe.
W: Loop was found during constant probe.
W: Loop was found during constant probe.
W: Loop was found during constant probe.
Executing : rtl-data-opt successfully. Time elapsed: 0.107s wall, 0.094s user + 0.000s system = 0.094s CPU (87.5%)

Start FSM inference.
I: FSM protocol_sw_fsm[1:0] inferred.
FSM protocol_sw_fsm[1:0] STG:
Number of reachable states: 3
Input nets: N93 N95 udp_tx_start_en 
S0(00)-->S0(00): x1x
S1(01)-->S0(00): x1x
S2(10)-->S0(00): x1x
S0(00)-->S1(01): xx1
S1(01)-->S1(01): xx1
S2(10)-->S1(01): xx1
S0(00)-->S2(10): 1xx
S1(01)-->S2(10): 1xx
S2(10)-->S2(10): 1xx

I: FSM cur_state_fsm[4:0] inferred.
FSM cur_state_fsm[4:0] STG:
Number of reachable states: 5
Input nets: error_en skip_en 
S0(00001)-->S1(00010): x1
S0(00001)-->S0(00001): x0
S1(00010)-->S1(00010): 00
S1(00010)-->S2(00100): x1
S1(00010)-->S4(10000): 10
S2(00100)-->S2(00100): 00
S2(00100)-->S3(01000): x1
S2(00100)-->S4(10000): 10
S3(01000)-->S3(01000): 00
S3(01000)-->S4(10000): 1x
S3(01000)-->S4(10000): x1
S4(10000)-->S4(10000): x0
S4(10000)-->S0(00001): x1

I: FSM cur_state_fsm[4:0] inferred.
FSM cur_state_fsm[4:0] STG:
Number of reachable states: 5
Input nets: skip_en 
S0(00001)-->S1(00010): 1
S0(00001)-->S0(00001): 0
S1(00010)-->S1(00010): 0
S1(00010)-->S2(00100): 1
S2(00100)-->S2(00100): 0
S2(00100)-->S3(01000): 1
S3(01000)-->S3(01000): 0
S3(01000)-->S4(10000): 1
S4(10000)-->S4(10000): 0
S4(10000)-->S0(00001): 1

I: FSM cur_state_fsm[6:0] inferred.
FSM cur_state_fsm[6:0] STG:
Number of reachable states: 7
Input nets: error_en skip_en 
S0(0000001)-->S1(0000010): x1
S1(0000010)-->S1(0000010): 00
S1(0000010)-->S2(0000100): x1
S1(0000010)-->S6(1000000): 10
S2(0000100)-->S2(0000100): 00
S2(0000100)-->S3(0001000): x1
S2(0000100)-->S6(1000000): 10
S3(0001000)-->S3(0001000): 00
S3(0001000)-->S4(0010000): x1
S3(0001000)-->S6(1000000): 10
S4(0010000)-->S4(0010000): 00
S4(0010000)-->S5(0100000): x1
S4(0010000)-->S6(1000000): 10
S5(0100000)-->S5(0100000): x0
S5(0100000)-->S6(1000000): x1
S6(1000000)-->S6(1000000): x0
S6(1000000)-->S0(0000001): x1
S0(0000001)-->S0(0000001): x0

I: FSM cur_state_fsm[7:0] inferred.
FSM cur_state_fsm[7:0] STG:
Number of reachable states: 8
Input nets: skip_en 
S0(00000001)-->S1(00000010): 1
S0(00000001)-->S0(00000001): 0
S1(00000010)-->S1(00000010): 0
S1(00000010)-->S2(00000100): 1
S2(00000100)-->S2(00000100): 0
S2(00000100)-->S3(00001000): 1
S3(00001000)-->S3(00001000): 0
S3(00001000)-->S4(00010000): 1
S4(00010000)-->S4(00010000): 0
S4(00010000)-->S5(00100000): 1
S5(00100000)-->S5(00100000): 0
S5(00100000)-->S6(01000000): 1
S6(01000000)-->S6(01000000): 0
S6(01000000)-->S7(10000000): 1
S7(10000000)-->S7(10000000): 0
S7(10000000)-->S0(00000001): 1

W: Loop was found during constant probe.
W: Loop was found during constant probe.
W: Loop was found during constant probe.
W: Loop was found during constant probe.
W: Loop was found during constant probe.
W: Loop was found during constant probe.
I: FSM cur_state_fsm[6:0] inferred.
FSM cur_state_fsm[6:0] STG:
Number of reachable states: 7
Input nets: error_en skip_en 
S0(0000001)-->S1(0000010): x1
S1(0000010)-->S1(0000010): 00
S1(0000010)-->S2(0000100): x1
S1(0000010)-->S6(1000000): 10
S2(0000100)-->S2(0000100): 00
S2(0000100)-->S3(0001000): x1
S2(0000100)-->S6(1000000): 10
S3(0001000)-->S3(0001000): 00
S3(0001000)-->S4(0010000): x1
S3(0001000)-->S6(1000000): 10
S4(0010000)-->S4(0010000): x0
S4(0010000)-->S5(0100000): x1
S5(0100000)-->S5(0100000): x0
S5(0100000)-->S6(1000000): x1
S6(1000000)-->S6(1000000): x0
S6(1000000)-->S0(0000001): x1
S0(0000001)-->S0(0000001): x0

I: FSM cur_state_fsm[6:0] inferred.
FSM cur_state_fsm[6:0] STG:
Number of reachable states: 7
Input nets: skip_en 
S0(0000001)-->S1(0000010): 1
S0(0000001)-->S0(0000001): 0
S1(0000010)-->S1(0000010): 0
S1(0000010)-->S2(0000100): 1
S2(0000100)-->S2(0000100): 0
S2(0000100)-->S3(0001000): 1
S3(0001000)-->S3(0001000): 0
S3(0001000)-->S4(0010000): 1
S4(0010000)-->S4(0010000): 0
S4(0010000)-->S5(0100000): 1
S5(0100000)-->S5(0100000): 0
S5(0100000)-->S6(1000000): 1
S6(1000000)-->S6(1000000): 0
S6(1000000)-->S0(0000001): 1

W: Loop was found during constant probe.
W: Loop was found during constant probe.
W: Loop was found during constant probe.
W: Loop was found during constant probe.
W: Loop was found during constant probe.
Executing : FSM inference successfully. Time elapsed: 0.075s wall, 0.031s user + 0.047s system = 0.078s CPU (103.7%)

Start sdm2adm.
W: Loop was found during constant probe.
I: Constant propagation done on N83 (bmsWIDEMUX).
I: Constant propagation done on N140 (bmsWIDEMUX).
I: Constant propagation done on N7 (bmsWIDEMUX).
I: Constant propagation done on N77 (bmsWIDEMUX).
I: Constant propagation done on N82 (bmsWIDEMUX).
I: Constant propagation done on N138 (bmsWIDEMUX).
I: Constant propagation done on N215 (bmsWIDEMUX).
I: Constant propagation done on N12 (bmsWIDEMUX).
I: Constant propagation done on N18 (bmsWIDEMUX).
I: Constant propagation done on N25 (bmsWIDEMUX).
W: Loop was found during constant probe.
W: Loop was found during constant probe.
W: Loop was found during constant probe.
W: Loop was found during constant probe.
W: Loop was found during constant probe.
W: Loop was found during constant probe.
W: Loop was found during constant probe.
W: Loop was found during constant probe.
W: Loop was found during constant probe.
W: Loop was found during constant probe.
W: Loop was found during constant probe.
W: Loop was found during constant probe.
W: Loop was found during constant probe.
W: Loop was found during constant probe.
W: Loop was found during constant probe.
W: Loop was found during constant probe.
W: Loop was found during constant probe.
W: Loop was found during constant probe.
W: Loop was found during constant probe.
W: Loop was found during constant probe.
W: Loop was found during constant probe.
W: Loop was found during constant probe.
W: Loop was found during constant probe.
W: Loop was found during constant probe.
W: Loop was found during constant probe.
W: Loop was found during constant probe.
W: Loop was found during constant probe.
W: Loop was found during constant probe.
W: Loop was found during constant probe.
W: Loop was found during constant probe.
W: Loop was found during constant probe.
W: Loop was found during constant probe.
W: Loop was found during constant probe.
W: Loop was found during constant probe.
W: Loop was found during constant probe.
W: Loop was found during constant probe.
W: Loop was found during constant probe.
W: Loop was found during constant probe.
W: Loop was found during constant probe.
W: Loop was found during constant probe.
W: Loop was found during constant probe.
Executing : sdm2adm successfully. Time elapsed: 0.136s wall, 0.094s user + 0.000s system = 0.094s CPU (69.1%)

Saving design to DB.
Action compile: Real time elapsed is 0h:0m:7s
Action compile: CPU time elapsed is 0h:0m:3s
Action compile: Process CPU time elapsed is 0h:0m:3s
Current time: Mon Oct  9 19:37:10 2023
Action compile: Peak memory pool usage is 153 MB
Action from compile to compile: Total Real Time elapsed is 0h:0m:7s
Action from compile to compile: Total CPU time elapsed is 0h:0m:3s
Action from compile to compile: Total Process CPU Time elapsed is 0h:0m:3s
Process "Compile" done.


Process "Synthesize" started.
Current time: Mon Oct  9 19:37:10 2023
Compiling architecture definition.
Analyzing project file 'C:/Users/Admin/Desktop/25G/4_eth_udp_loop/prj/eth_udp_loop.pds'.
License checkout: fabric_ads from D:\PDS_2022.2-SP4.2-ads\new_pds_A85E452F5F6A.lic
Compiling verification operator library.
Compiling common defs.
Loading technology operator library.
Compiling technology operator library.
Compiling technology operator (valence) library.
Reading design from compile DB
Reading design from compile DB successfully.
NOTE: The technology fpga was specified.
NOTE: delay_model specified was generic_cmos.
NOTE: Using the fpga syntax tables...
Totals:
 Calls to malloc = 0
 Calls to calloc = 77795

Constraint check start.
Compiling prim grid devices.
Building architecture model.
Loading device packaging model.
Building architecture floorplan logic view.
Executing : get_ports eth_rxc
Executing : get_ports eth_rxc successfully.
Executing : create_clock -name eth_rxc [get_ports eth_rxc] -period 8 -waveform {0.000 4.000}
Executing : create_clock -name eth_rxc [get_ports eth_rxc] -period 8 -waveform {0.000 4.000} successfully.
Executing : get_ports sys_clk
Executing : get_ports sys_clk successfully.
Executing : create_clock -name sys_clk [get_ports sys_clk] -period 20 -waveform {0.000 10.000}
Executing : create_clock -name sys_clk [get_ports sys_clk] -period 20 -waveform {0.000 10.000} successfully.
C: ConstraintEditor-2002: [C:/Users/Admin/Desktop/25G/4_eth_udp_loop/prj/eth_udp_loop.fdc(line number: 20)] | Port eth_txd[1] has been placed at location E13, whose type is share pin.
C: ConstraintEditor-2002: [C:/Users/Admin/Desktop/25G/4_eth_udp_loop/prj/eth_udp_loop.fdc(line number: 27)] | Port eth_txd[0] has been placed at location F13, whose type is share pin.
C: ConstraintEditor-2002: [C:/Users/Admin/Desktop/25G/4_eth_udp_loop/prj/eth_udp_loop.fdc(line number: 34)] | Port eth_rxd[3] has been placed at location C14, whose type is share pin.
C: ConstraintEditor-2002: [C:/Users/Admin/Desktop/25G/4_eth_udp_loop/prj/eth_udp_loop.fdc(line number: 39)] | Port eth_rxd[2] has been placed at location D14, whose type is share pin.
C: ConstraintEditor-2002: [C:/Users/Admin/Desktop/25G/4_eth_udp_loop/prj/eth_udp_loop.fdc(line number: 44)] | Port eth_rxd[1] has been placed at location A16, whose type is share pin.
C: ConstraintEditor-2002: [C:/Users/Admin/Desktop/25G/4_eth_udp_loop/prj/eth_udp_loop.fdc(line number: 49)] | Port eth_rxd[0] has been placed at location B16, whose type is share pin.
Constraint check end.

C: SDC-2025: Clock source 'n:u_gmii_to_rgmii/u_rgmii_rx/U_pll_phase_shift/clkout1' need a clock constraint, please use 'create_clock' or 'create_generate_clock' to generate.
Executing : get_ports eth_rxc
Executing : get_ports eth_rxc successfully.
Executing : get_pins u_gmii_to_rgmii/u_rgmii_rx/U_pll_phase_shift/u_pll_e3:CLKOUT1
Executing : get_pins u_gmii_to_rgmii/u_rgmii_rx/U_pll_phase_shift/u_pll_e3:CLKOUT1 successfully.
Executing : create_generated_clock -name eth_rxc|u_gmii_to_rgmii/u_rgmii_rx/U_pll_phase_shift/u_pll_e3/CLKOUT1_Inferred -source [get_ports eth_rxc] [get_pins u_gmii_to_rgmii/u_rgmii_rx/U_pll_phase_shift/u_pll_e3:CLKOUT1] -master_clock eth_rxc -edges {1 2 3} -edge_shift {2.600000 2.600000 2.600000} -add
Executing : create_generated_clock -name eth_rxc|u_gmii_to_rgmii/u_rgmii_rx/U_pll_phase_shift/u_pll_e3/CLKOUT1_Inferred -source [get_ports eth_rxc] [get_pins u_gmii_to_rgmii/u_rgmii_rx/U_pll_phase_shift/u_pll_e3:CLKOUT1] -master_clock eth_rxc -edges {1 2 3} -edge_shift {2.600000 2.600000 2.600000} -add successfully.
C: SDC-2025: Clock source 'n:u_gmii_to_rgmii/u_rgmii_rx/U_pll_phase_shift/clkout0' need a clock constraint, please use 'create_clock' or 'create_generate_clock' to generate.
Executing : get_ports eth_rxc
Executing : get_ports eth_rxc successfully.
Executing : get_pins u_gmii_to_rgmii/u_rgmii_rx/U_pll_phase_shift/u_pll_e3:CLKOUT0
Executing : get_pins u_gmii_to_rgmii/u_rgmii_rx/U_pll_phase_shift/u_pll_e3:CLKOUT0 successfully.
Executing : create_generated_clock -name eth_rxc|u_gmii_to_rgmii/u_rgmii_rx/U_pll_phase_shift/u_pll_e3/CLKOUT0_Inferred -source [get_ports eth_rxc] [get_pins u_gmii_to_rgmii/u_rgmii_rx/U_pll_phase_shift/u_pll_e3:CLKOUT0] -master_clock eth_rxc -edges {1 2 3} -edge_shift {1.800000 1.800000 1.800000} -add
Executing : create_generated_clock -name eth_rxc|u_gmii_to_rgmii/u_rgmii_rx/U_pll_phase_shift/u_pll_e3/CLKOUT0_Inferred -source [get_ports eth_rxc] [get_pins u_gmii_to_rgmii/u_rgmii_rx/U_pll_phase_shift/u_pll_e3:CLKOUT0] -master_clock eth_rxc -edges {1 2 3} -edge_shift {1.800000 1.800000 1.800000} -add successfully.
Start pre-mapping.
I: Constant propagation done on sync_fifo_2048x8b_inst/U_ipml_fifo_sync_fifo_2048x8b/U_ipml_sdpram/ADDR_LOOP[0].DATA_LOOP[0].U_GTP_DRM18K (GTP_DRM18K).
I: Encoding type of FSM 'protocol_sw_fsm[1:0]' is: onehot.
I: Encoding table of FSM 'protocol_sw_fsm[1:0]':
I: from  u_eth_ctrl/protocol_sw[1] u_eth_ctrl/protocol_sw[0]
I: to  u_eth_ctrl/protocol_sw_reg[2] u_eth_ctrl/protocol_sw_reg[1] u_eth_ctrl/protocol_sw_reg[0]
I: 00 => 001
I: 01 => 010
I: 10 => 100
I: Encoding type of FSM 'cur_state_fsm[6:0]' is: onehot.
I: Encoding table of FSM 'cur_state_fsm[6:0]':
I: from  u_icmp/u_icmp_rx/cur_state[6] u_icmp/u_icmp_rx/cur_state[5] u_icmp/u_icmp_rx/cur_state[4] u_icmp/u_icmp_rx/cur_state[3] u_icmp/u_icmp_rx/cur_state[2] u_icmp/u_icmp_rx/cur_state[1] u_icmp/u_icmp_rx/cur_state[0]
I: to  u_icmp/u_icmp_rx/cur_state_reg[6] u_icmp/u_icmp_rx/cur_state_reg[5] u_icmp/u_icmp_rx/cur_state_reg[4] u_icmp/u_icmp_rx/cur_state_reg[3] u_icmp/u_icmp_rx/cur_state_reg[2] u_icmp/u_icmp_rx/cur_state_reg[1] u_icmp/u_icmp_rx/cur_state_reg[0]
I: 0000001 => 0000001
I: 0000010 => 0000010
I: 0000100 => 0000100
I: 0001000 => 0001000
I: 0010000 => 0010000
I: 0100000 => 0100000
I: 1000000 => 1000000
I: Encoding type of FSM 'cur_state_fsm[7:0]' is: onehot.
I: Encoding table of FSM 'cur_state_fsm[7:0]':
I: from  u_icmp/u_icmp_tx/cur_state[7] u_icmp/u_icmp_tx/cur_state[6] u_icmp/u_icmp_tx/cur_state[5] u_icmp/u_icmp_tx/cur_state[4] u_icmp/u_icmp_tx/cur_state[3] u_icmp/u_icmp_tx/cur_state[2] u_icmp/u_icmp_tx/cur_state[1] u_icmp/u_icmp_tx/cur_state[0]
I: to  u_icmp/u_icmp_tx/cur_state_reg[7] u_icmp/u_icmp_tx/cur_state_reg[6] u_icmp/u_icmp_tx/cur_state_reg[5] u_icmp/u_icmp_tx/cur_state_reg[4] u_icmp/u_icmp_tx/cur_state_reg[3] u_icmp/u_icmp_tx/cur_state_reg[2] u_icmp/u_icmp_tx/cur_state_reg[1] u_icmp/u_icmp_tx/cur_state_reg[0]
I: 00000001 => 00000001
I: 00000010 => 00000010
I: 00000100 => 00000100
I: 00001000 => 00001000
I: 00010000 => 00010000
I: 00100000 => 00100000
I: 01000000 => 01000000
I: 10000000 => 10000000
I: Encoding type of FSM 'cur_state_fsm[6:0]' is: onehot.
I: Encoding table of FSM 'cur_state_fsm[6:0]':
I: from  u_udp/u_udp_rx/cur_state[6] u_udp/u_udp_rx/cur_state[5] u_udp/u_udp_rx/cur_state[4] u_udp/u_udp_rx/cur_state[3] u_udp/u_udp_rx/cur_state[2] u_udp/u_udp_rx/cur_state[1] u_udp/u_udp_rx/cur_state[0]
I: to  u_udp/u_udp_rx/cur_state_reg[6] u_udp/u_udp_rx/cur_state_reg[5] u_udp/u_udp_rx/cur_state_reg[4] u_udp/u_udp_rx/cur_state_reg[3] u_udp/u_udp_rx/cur_state_reg[2] u_udp/u_udp_rx/cur_state_reg[1] u_udp/u_udp_rx/cur_state_reg[0]
I: 0000001 => 0000001
I: 0000010 => 0000010
I: 0000100 => 0000100
I: 0001000 => 0001000
I: 0010000 => 0010000
I: 0100000 => 0100000
I: 1000000 => 1000000
I: Encoding type of FSM 'cur_state_fsm[6:0]' is: onehot.
I: Encoding table of FSM 'cur_state_fsm[6:0]':
I: from  u_udp/u_udp_tx/cur_state[6] u_udp/u_udp_tx/cur_state[5] u_udp/u_udp_tx/cur_state[4] u_udp/u_udp_tx/cur_state[3] u_udp/u_udp_tx/cur_state[2] u_udp/u_udp_tx/cur_state[1] u_udp/u_udp_tx/cur_state[0]
I: to  u_udp/u_udp_tx/cur_state_reg[6] u_udp/u_udp_tx/cur_state_reg[5] u_udp/u_udp_tx/cur_state_reg[4] u_udp/u_udp_tx/cur_state_reg[3] u_udp/u_udp_tx/cur_state_reg[2] u_udp/u_udp_tx/cur_state_reg[1] u_udp/u_udp_tx/cur_state_reg[0]
I: 0000001 => 0000001
I: 0000010 => 0000010
I: 0000100 => 0000100
I: 0001000 => 0001000
I: 0010000 => 0010000
I: 0100000 => 0100000
I: 1000000 => 1000000
I: Encoding type of FSM 'cur_state_fsm[4:0]' is: onehot.
I: Encoding table of FSM 'cur_state_fsm[4:0]':
I: from  u_arp/u_arp_rx/cur_state[4] u_arp/u_arp_rx/cur_state[3] u_arp/u_arp_rx/cur_state[2] u_arp/u_arp_rx/cur_state[1] u_arp/u_arp_rx/cur_state[0]
I: to  u_arp/u_arp_rx/cur_state_reg[4] u_arp/u_arp_rx/cur_state_reg[3] u_arp/u_arp_rx/cur_state_reg[2] u_arp/u_arp_rx/cur_state_reg[1] u_arp/u_arp_rx/cur_state_reg[0]
I: 00001 => 00001
I: 00010 => 00010
I: 00100 => 00100
I: 01000 => 01000
I: 10000 => 10000
I: Encoding type of FSM 'cur_state_fsm[4:0]' is: onehot.
I: Encoding table of FSM 'cur_state_fsm[4:0]':
I: from  u_arp/u_arp_tx/cur_state[4] u_arp/u_arp_tx/cur_state[3] u_arp/u_arp_tx/cur_state[2] u_arp/u_arp_tx/cur_state[1] u_arp/u_arp_tx/cur_state[0]
I: to  u_arp/u_arp_tx/cur_state_reg[4] u_arp/u_arp_tx/cur_state_reg[3] u_arp/u_arp_tx/cur_state_reg[2] u_arp/u_arp_tx/cur_state_reg[1] u_arp/u_arp_tx/cur_state_reg[0]
I: 00001 => 00001
I: 00010 => 00010
I: 00100 => 00100
I: 01000 => 01000
I: 10000 => 10000
I: Constant propagation done on u_icmp/u_icmp_rx/N49 (bmsWIDEINV).
I: Constant propagation done on u_icmp/u_icmp_rx/N50 (bmsPMUX).
I: Constant propagation done on u_icmp/u_icmp_tx/N70 (bmsWIDEINV).
I: Constant propagation done on u_icmp/u_icmp_tx/N71 (bmsPMUX).
I: Constant propagation done on u_udp/u_udp_rx/N47 (bmsWIDEINV).
I: Constant propagation done on u_udp/u_udp_rx/N48 (bmsPMUX).
I: Constant propagation done on u_udp/u_udp_tx/N70 (bmsWIDEINV).
I: Constant propagation done on u_udp/u_udp_tx/N71 (bmsPMUX).
I: Constant propagation done on u_arp/u_arp_rx/N37 (bmsWIDEINV).
W: Removed bmsWIDEDFFCPE inst ip_head_byte_num[5:0] at 0 that is stuck at constant 0.
I: Removed bmsSUB inst N348_1 that is redundant to N328
W: Removed bmsWIDEDFFCPE inst check_buffer[31:0] at 20 that is stuck at constant 0.
I: Removed bmsSUB inst N307_1 that is redundant to N287
W: Removed bmsWIDEDFFCPE inst check_buffer[31:0] at 20 that is stuck at constant 0.
I: Removed bmsWIDEDFFCPE inst arp_data[0][1] that is redundant to arp_data[0][0]
I: Removed bmsWIDEDFFCPE inst arp_data[0][2] that is redundant to arp_data[0][0]
I: Removed bmsWIDEDFFCPE inst arp_data[0][3] that is redundant to arp_data[0][0]
I: Removed bmsWIDEDFFCPE inst arp_data[0][4] that is redundant to arp_data[0][0]
I: Removed bmsWIDEDFFCPE inst arp_data[0][5] that is redundant to arp_data[0][0]
I: Removed bmsWIDEDFFCPE inst arp_data[0][6] that is redundant to arp_data[0][0]
I: Removed bmsWIDEDFFCPE inst arp_data[0][7] that is redundant to arp_data[0][0]
I: Removed bmsWIDEDFFCPE inst arp_data[1][1] that is redundant to arp_data[0][0]
I: Removed bmsWIDEDFFCPE inst arp_data[1][2] that is redundant to arp_data[0][0]
I: Removed bmsWIDEDFFCPE inst arp_data[1][3] that is redundant to arp_data[0][0]
I: Removed bmsWIDEDFFCPE inst arp_data[1][4] that is redundant to arp_data[0][0]
I: Removed bmsWIDEDFFCPE inst arp_data[1][5] that is redundant to arp_data[0][0]
I: Removed bmsWIDEDFFCPE inst arp_data[1][6] that is redundant to arp_data[0][0]
I: Removed bmsWIDEDFFCPE inst arp_data[1][7] that is redundant to arp_data[0][0]
I: Removed bmsWIDEDFFCPE inst arp_data[2][0] that is redundant to arp_data[0][0]
I: Removed bmsWIDEDFFCPE inst arp_data[2][1] that is redundant to arp_data[0][0]
I: Removed bmsWIDEDFFCPE inst arp_data[2][2] that is redundant to arp_data[0][0]
I: Removed bmsWIDEDFFCPE inst arp_data[2][4] that is redundant to arp_data[0][0]
I: Removed bmsWIDEDFFCPE inst arp_data[2][5] that is redundant to arp_data[0][0]
I: Removed bmsWIDEDFFCPE inst arp_data[2][6] that is redundant to arp_data[0][0]
I: Removed bmsWIDEDFFCPE inst arp_data[2][7] that is redundant to arp_data[0][0]
I: Removed bmsWIDEDFFCPE inst arp_data[3][0] that is redundant to arp_data[0][0]
I: Removed bmsWIDEDFFCPE inst arp_data[3][1] that is redundant to arp_data[0][0]
I: Removed bmsWIDEDFFCPE inst arp_data[3][2] that is redundant to arp_data[0][0]
I: Removed bmsWIDEDFFCPE inst arp_data[3][3] that is redundant to arp_data[0][0]
I: Removed bmsWIDEDFFCPE inst arp_data[3][4] that is redundant to arp_data[0][0]
I: Removed bmsWIDEDFFCPE inst arp_data[3][5] that is redundant to arp_data[0][0]
I: Removed bmsWIDEDFFCPE inst arp_data[3][6] that is redundant to arp_data[0][0]
I: Removed bmsWIDEDFFCPE inst arp_data[3][7] that is redundant to arp_data[0][0]
I: Removed bmsWIDEDFFCPE inst arp_data[4][0] that is redundant to arp_data[0][0]
I: Removed bmsWIDEDFFCPE inst arp_data[4][3] that is redundant to arp_data[0][0]
I: Removed bmsWIDEDFFCPE inst arp_data[4][4] that is redundant to arp_data[0][0]
I: Removed bmsWIDEDFFCPE inst arp_data[4][5] that is redundant to arp_data[0][0]
I: Removed bmsWIDEDFFCPE inst arp_data[4][6] that is redundant to arp_data[0][0]
I: Removed bmsWIDEDFFCPE inst arp_data[4][7] that is redundant to arp_data[0][0]
I: Removed bmsWIDEDFFCPE inst arp_data[5][0] that is redundant to arp_data[0][0]
I: Removed bmsWIDEDFFCPE inst arp_data[5][1] that is redundant to arp_data[0][0]
I: Removed bmsWIDEDFFCPE inst arp_data[5][3] that is redundant to arp_data[0][0]
I: Removed bmsWIDEDFFCPE inst arp_data[5][4] that is redundant to arp_data[0][0]
I: Removed bmsWIDEDFFCPE inst arp_data[5][5] that is redundant to arp_data[0][0]
I: Removed bmsWIDEDFFCPE inst arp_data[5][6] that is redundant to arp_data[0][0]
I: Removed bmsWIDEDFFCPE inst arp_data[5][7] that is redundant to arp_data[0][0]
I: Removed bmsWIDEDFFCPE inst arp_data[6][0] that is redundant to arp_data[0][0]
I: Removed bmsWIDEDFFCPE inst arp_data[6][1] that is redundant to arp_data[0][0]
I: Removed bmsWIDEDFFCPE inst arp_data[6][2] that is redundant to arp_data[0][0]
I: Removed bmsWIDEDFFCPE inst arp_data[6][3] that is redundant to arp_data[0][0]
I: Removed bmsWIDEDFFCPE inst arp_data[6][4] that is redundant to arp_data[0][0]
I: Removed bmsWIDEDFFCPE inst arp_data[6][5] that is redundant to arp_data[0][0]
I: Removed bmsWIDEDFFCPE inst arp_data[6][6] that is redundant to arp_data[0][0]
I: Removed bmsWIDEDFFCPE inst arp_data[6][7] that is redundant to arp_data[0][0]
I: Removed bmsWIDEDFFCPE inst arp_data[8][0] that is redundant to arp_data[0][0]
I: Removed bmsWIDEDFFCPE inst arp_data[8][1] that is redundant to arp_data[0][0]
I: Removed bmsWIDEDFFCPE inst arp_data[8][2] that is redundant to arp_data[0][0]
I: Removed bmsWIDEDFFCPE inst arp_data[8][3] that is redundant to arp_data[0][0]
I: Removed bmsWIDEDFFCPE inst arp_data[8][4] that is redundant to arp_data[0][0]
I: Removed bmsWIDEDFFCPE inst arp_data[8][5] that is redundant to arp_data[0][0]
I: Removed bmsWIDEDFFCPE inst arp_data[8][6] that is redundant to arp_data[0][0]
I: Removed bmsWIDEDFFCPE inst arp_data[8][7] that is redundant to arp_data[0][0]
I: Removed bmsWIDEDFFCPE inst arp_data[9][1] that is redundant to arp_data[0][0]
I: Removed bmsWIDEDFFCPE inst arp_data[9][2] that is redundant to arp_data[0][0]
I: Removed bmsWIDEDFFCPE inst arp_data[9][3] that is redundant to arp_data[0][0]
I: Removed bmsWIDEDFFCPE inst arp_data[9][5] that is redundant to arp_data[0][0]
I: Removed bmsWIDEDFFCPE inst arp_data[9][6] that is redundant to arp_data[0][0]
I: Removed bmsWIDEDFFCPE inst arp_data[9][7] that is redundant to arp_data[0][0]
I: Removed bmsWIDEDFFCPE inst arp_data[10][0] that is redundant to arp_data[0][0]
I: Removed bmsWIDEDFFCPE inst arp_data[10][2] that is redundant to arp_data[0][0]
I: Removed bmsWIDEDFFCPE inst arp_data[10][3] that is redundant to arp_data[0][0]
I: Removed bmsWIDEDFFCPE inst arp_data[10][4] that is redundant to arp_data[0][0]
I: Removed bmsWIDEDFFCPE inst arp_data[10][6] that is redundant to arp_data[0][0]
I: Removed bmsWIDEDFFCPE inst arp_data[10][7] that is redundant to arp_data[0][0]
I: Removed bmsWIDEDFFCPE inst arp_data[11][2] that is redundant to arp_data[0][0]
I: Removed bmsWIDEDFFCPE inst arp_data[11][3] that is redundant to arp_data[0][0]
I: Removed bmsWIDEDFFCPE inst arp_data[11][6] that is redundant to arp_data[0][0]
I: Removed bmsWIDEDFFCPE inst arp_data[11][7] that is redundant to arp_data[0][0]
I: Removed bmsWIDEDFFCPE inst arp_data[12][0] that is redundant to arp_data[0][0]
I: Removed bmsWIDEDFFCPE inst arp_data[12][1] that is redundant to arp_data[0][0]
I: Removed bmsWIDEDFFCPE inst arp_data[12][3] that is redundant to arp_data[0][0]
I: Removed bmsWIDEDFFCPE inst arp_data[12][4] that is redundant to arp_data[0][0]
I: Removed bmsWIDEDFFCPE inst arp_data[12][5] that is redundant to arp_data[0][0]
I: Removed bmsWIDEDFFCPE inst arp_data[12][7] that is redundant to arp_data[0][0]
I: Removed bmsWIDEDFFCPE inst arp_data[13][1] that is redundant to arp_data[0][0]
I: Removed bmsWIDEDFFCPE inst arp_data[13][3] that is redundant to arp_data[0][0]
I: Removed bmsWIDEDFFCPE inst arp_data[13][5] that is redundant to arp_data[0][0]
I: Removed bmsWIDEDFFCPE inst arp_data[13][7] that is redundant to arp_data[0][0]
I: Removed bmsWIDEDFFCPE inst arp_data[14][0] that is redundant to arp_data[0][0]
I: Removed bmsWIDEDFFCPE inst arp_data[14][1] that is redundant to arp_data[0][0]
I: Removed bmsWIDEDFFCPE inst arp_data[14][2] that is redundant to arp_data[0][0]
I: Removed bmsWIDEDFFCPE inst arp_data[14][3] that is redundant to arp_data[0][0]
I: Removed bmsWIDEDFFCPE inst arp_data[14][4] that is redundant to arp_data[0][0]
I: Removed bmsWIDEDFFCPE inst arp_data[14][5] that is redundant to arp_data[0][0]
I: Removed bmsWIDEDFFCPE inst arp_data[15][0] that is redundant to arp_data[0][0]
I: Removed bmsWIDEDFFCPE inst arp_data[15][1] that is redundant to arp_data[0][0]
I: Removed bmsWIDEDFFCPE inst arp_data[15][2] that is redundant to arp_data[0][0]
I: Removed bmsWIDEDFFCPE inst arp_data[15][4] that is redundant to arp_data[0][0]
I: Removed bmsWIDEDFFCPE inst arp_data[15][6] that is redundant to arp_data[0][0]
I: Removed bmsWIDEDFFCPE inst arp_data[16][1] that is redundant to arp_data[0][0]
I: Removed bmsWIDEDFFCPE inst arp_data[16][2] that is redundant to arp_data[0][0]
I: Removed bmsWIDEDFFCPE inst arp_data[16][3] that is redundant to arp_data[0][0]
I: Removed bmsWIDEDFFCPE inst arp_data[16][4] that is redundant to arp_data[0][0]
I: Removed bmsWIDEDFFCPE inst arp_data[16][5] that is redundant to arp_data[0][0]
I: Removed bmsWIDEDFFCPE inst arp_data[16][6] that is redundant to arp_data[0][0]
I: Removed bmsWIDEDFFCPE inst arp_data[16][7] that is redundant to arp_data[0][0]
I: Removed bmsWIDEDFFCPE inst arp_data[17][0] that is redundant to arp_data[0][0]
I: Removed bmsWIDEDFFCPE inst arp_data[17][2] that is redundant to arp_data[0][0]
I: Removed bmsWIDEDFFCPE inst arp_data[17][4] that is redundant to arp_data[0][0]
I: Removed bmsWIDEDFFCPE inst arp_data[17][5] that is redundant to arp_data[0][0]
I: Removed bmsWIDEDFFCPE inst arp_data[17][6] that is redundant to arp_data[0][0]
I: Removed bmsWIDEDFFCPE inst arp_data[17][7] that is redundant to arp_data[0][0]
I: Removed bmsWIDEDFFCPE inst arp_data[2][3] that is redundant to arp_data[1][0]
I: Removed bmsWIDEDFFCPE inst arp_data[4][1] that is redundant to arp_data[1][0]
I: Removed bmsWIDEDFFCPE inst arp_data[4][2] that is redundant to arp_data[1][0]
I: Removed bmsWIDEDFFCPE inst arp_data[5][2] that is redundant to arp_data[1][0]
I: Removed bmsWIDEDFFCPE inst arp_data[9][0] that is redundant to arp_data[1][0]
I: Removed bmsWIDEDFFCPE inst arp_data[9][4] that is redundant to arp_data[1][0]
I: Removed bmsWIDEDFFCPE inst arp_data[10][1] that is redundant to arp_data[1][0]
I: Removed bmsWIDEDFFCPE inst arp_data[10][5] that is redundant to arp_data[1][0]
I: Removed bmsWIDEDFFCPE inst arp_data[11][0] that is redundant to arp_data[1][0]
I: Removed bmsWIDEDFFCPE inst arp_data[11][1] that is redundant to arp_data[1][0]
I: Removed bmsWIDEDFFCPE inst arp_data[11][4] that is redundant to arp_data[1][0]
I: Removed bmsWIDEDFFCPE inst arp_data[11][5] that is redundant to arp_data[1][0]
I: Removed bmsWIDEDFFCPE inst arp_data[12][2] that is redundant to arp_data[1][0]
I: Removed bmsWIDEDFFCPE inst arp_data[12][6] that is redundant to arp_data[1][0]
I: Removed bmsWIDEDFFCPE inst arp_data[13][0] that is redundant to arp_data[1][0]
I: Removed bmsWIDEDFFCPE inst arp_data[13][2] that is redundant to arp_data[1][0]
I: Removed bmsWIDEDFFCPE inst arp_data[13][4] that is redundant to arp_data[1][0]
I: Removed bmsWIDEDFFCPE inst arp_data[13][6] that is redundant to arp_data[1][0]
I: Removed bmsWIDEDFFCPE inst arp_data[14][6] that is redundant to arp_data[1][0]
I: Removed bmsWIDEDFFCPE inst arp_data[14][7] that is redundant to arp_data[1][0]
I: Removed bmsWIDEDFFCPE inst arp_data[15][3] that is redundant to arp_data[1][0]
I: Removed bmsWIDEDFFCPE inst arp_data[15][5] that is redundant to arp_data[1][0]
I: Removed bmsWIDEDFFCPE inst arp_data[15][7] that is redundant to arp_data[1][0]
I: Removed bmsWIDEDFFCPE inst arp_data[16][0] that is redundant to arp_data[1][0]
I: Removed bmsWIDEDFFCPE inst arp_data[17][1] that is redundant to arp_data[1][0]
I: Removed bmsWIDEDFFCPE inst arp_data[17][3] that is redundant to arp_data[1][0]
W: Removed bmsWIDEDFFCPE inst arp_data[0][0] that is stuck at constant 0.
W: Removed bmsWIDEDFFCPE inst arp_data[1][0] that is stuck at constant 1.
Executing : pre-mapping successfully. Time elapsed: 0.168s wall, 0.219s user + 0.047s system = 0.266s CPU (157.8%)

Start mod-gen.
W: Public-4008: Instance 'sync_fifo_2048x8b_inst/U_ipml_fifo_sync_fifo_2048x8b/U_ipml_fifo_ctrl/rd_water_level[11:0]' of 'bmsWIDEDFFCPE' unit is dangling and will be cleaned.
W: Public-4008: Instance 'sync_fifo_2048x8b_inst/U_ipml_fifo_sync_fifo_2048x8b/U_ipml_fifo_ctrl/wr_water_level[11:0]' of 'bmsWIDEDFFCPE' unit is dangling and will be cleaned.
W: Removed bmsWIDEDFFRSE inst u_gmii_to_rgmii/u_rgmii_tx/gmii_tx_er_r that is stuck at constant 0.
W: Removed bmsWIDEDFFRSE inst u_gmii_to_rgmii/u_rgmii_tx/tx_reset_d1 that is stuck at constant 0.
W: Removed bmsWIDEDFFRSE inst u_gmii_to_rgmii/u_rgmii_tx/tx_reset_sync that is stuck at constant 0.
I: Removed bmsADD inst u_udp/u_udp_tx/N3383 that is redundant to u_icmp/u_icmp_tx/N3754
I: Removed bmsWIDEDFFRSE inst u_gmii_to_rgmii/u_rgmii_tx/rgmii_tx_ctl_r that is redundant to u_gmii_to_rgmii/u_rgmii_tx/gmii_tx_en_r_d1
I: Removed bmsREDOR inst u_udp/u_udp_tx/N545 that is redundant to u_icmp/u_icmp_tx/N592
I: Removed bmsREDOR inst u_icmp/u_icmp_tx/N592 that is redundant to u_arp/u_arp_tx/N376
I: Removed bmsSUB inst u_udp/u_udp_tx/N307_0 that is redundant to u_icmp/u_icmp_tx/N348_0
I: Removed bmsREDAND inst u_udp/u_udp_tx/N496 that is redundant to u_icmp/u_icmp_tx/N543
I: Removed inst u_icmp/u_icmp_tx/preamble[1][7:0] which is redundant to u_icmp/u_icmp_tx/preamble[0][7:0] (type bmsWIDEDFFPATCE)
I: Removed inst u_icmp/u_icmp_tx/preamble[2][7:0] which is redundant to u_icmp/u_icmp_tx/preamble[0][7:0] (type bmsWIDEDFFPATCE)
I: Removed inst u_icmp/u_icmp_tx/preamble[3][7:0] which is redundant to u_icmp/u_icmp_tx/preamble[0][7:0] (type bmsWIDEDFFPATCE)
I: Removed inst u_icmp/u_icmp_tx/preamble[4][7:0] which is redundant to u_icmp/u_icmp_tx/preamble[0][7:0] (type bmsWIDEDFFPATCE)
I: Removed inst u_icmp/u_icmp_tx/preamble[5][7:0] which is redundant to u_icmp/u_icmp_tx/preamble[0][7:0] (type bmsWIDEDFFPATCE)
I: Removed inst u_icmp/u_icmp_tx/preamble[6][7:0] which is redundant to u_icmp/u_icmp_tx/preamble[0][7:0] (type bmsWIDEDFFPATCE)
I: Removed inst u_icmp/u_icmp_tx/eth_head[11][7:0] which is redundant to u_icmp/u_icmp_tx/preamble[0][7:0] (type bmsWIDEDFFPATCE)
I: Removed inst u_udp/u_udp_tx/preamble[0][7:0] which is redundant to u_icmp/u_icmp_tx/preamble[0][7:0] (type bmsWIDEDFFPATCE)
I: Removed inst u_udp/u_udp_tx/preamble[1][7:0] which is redundant to u_icmp/u_icmp_tx/preamble[0][7:0] (type bmsWIDEDFFPATCE)
I: Removed inst u_udp/u_udp_tx/preamble[2][7:0] which is redundant to u_icmp/u_icmp_tx/preamble[0][7:0] (type bmsWIDEDFFPATCE)
I: Removed inst u_udp/u_udp_tx/preamble[3][7:0] which is redundant to u_icmp/u_icmp_tx/preamble[0][7:0] (type bmsWIDEDFFPATCE)
I: Removed inst u_udp/u_udp_tx/preamble[4][7:0] which is redundant to u_icmp/u_icmp_tx/preamble[0][7:0] (type bmsWIDEDFFPATCE)
I: Removed inst u_udp/u_udp_tx/preamble[5][7:0] which is redundant to u_icmp/u_icmp_tx/preamble[0][7:0] (type bmsWIDEDFFPATCE)
I: Removed inst u_udp/u_udp_tx/preamble[6][7:0] which is redundant to u_icmp/u_icmp_tx/preamble[0][7:0] (type bmsWIDEDFFPATCE)
I: Removed inst u_udp/u_udp_tx/eth_head[11][7:0] which is redundant to u_icmp/u_icmp_tx/preamble[0][7:0] (type bmsWIDEDFFPATCE)
I: Removed inst u_arp/u_arp_tx/eth_head[11][7:0] which is redundant to u_icmp/u_icmp_tx/preamble[0][7:0] (type bmsWIDEDFFPATCE)
I: Removed inst u_arp/u_arp_tx/preamble[0][7:0] which is redundant to u_icmp/u_icmp_tx/preamble[0][7:0] (type bmsWIDEDFFPATCE)
I: Removed inst u_arp/u_arp_tx/preamble[1][7:0] which is redundant to u_icmp/u_icmp_tx/preamble[0][7:0] (type bmsWIDEDFFPATCE)
I: Removed inst u_arp/u_arp_tx/preamble[2][7:0] which is redundant to u_icmp/u_icmp_tx/preamble[0][7:0] (type bmsWIDEDFFPATCE)
I: Removed inst u_arp/u_arp_tx/preamble[3][7:0] which is redundant to u_icmp/u_icmp_tx/preamble[0][7:0] (type bmsWIDEDFFPATCE)
I: Removed inst u_arp/u_arp_tx/preamble[4][7:0] which is redundant to u_icmp/u_icmp_tx/preamble[0][7:0] (type bmsWIDEDFFPATCE)
I: Removed inst u_arp/u_arp_tx/preamble[5][7:0] which is redundant to u_icmp/u_icmp_tx/preamble[0][7:0] (type bmsWIDEDFFPATCE)
I: Removed inst u_arp/u_arp_tx/preamble[6][7:0] which is redundant to u_icmp/u_icmp_tx/preamble[0][7:0] (type bmsWIDEDFFPATCE)
I: Removed inst u_udp/u_udp_tx/preamble[7][7:0] which is redundant to u_icmp/u_icmp_tx/preamble[7][7:0] (type bmsWIDEDFFPATCE)
I: Removed inst u_arp/u_arp_tx/preamble[7][7:0] which is redundant to u_icmp/u_icmp_tx/preamble[7][7:0] (type bmsWIDEDFFPATCE)
I: Removed inst u_udp/u_udp_tx/eth_head[7][7:0] which is redundant to u_icmp/u_icmp_tx/eth_head[7][7:0] (type bmsWIDEDFFPATCE)
I: Removed inst u_arp/u_arp_tx/eth_head[7][7:0] which is redundant to u_icmp/u_icmp_tx/eth_head[7][7:0] (type bmsWIDEDFFPATCE)
I: Removed inst u_udp/u_udp_tx/eth_head[8][7:0] which is redundant to u_icmp/u_icmp_tx/eth_head[8][7:0] (type bmsWIDEDFFPATCE)
I: Removed inst u_arp/u_arp_tx/eth_head[8][7:0] which is redundant to u_icmp/u_icmp_tx/eth_head[8][7:0] (type bmsWIDEDFFPATCE)
I: Removed inst u_udp/u_udp_tx/eth_head[9][7:0] which is redundant to u_icmp/u_icmp_tx/eth_head[9][7:0] (type bmsWIDEDFFPATCE)
I: Removed inst u_arp/u_arp_tx/eth_head[9][7:0] which is redundant to u_icmp/u_icmp_tx/eth_head[9][7:0] (type bmsWIDEDFFPATCE)
I: Removed inst u_udp/u_udp_tx/eth_head[10][7:0] which is redundant to u_icmp/u_icmp_tx/eth_head[10][7:0] (type bmsWIDEDFFPATCE)
I: Removed inst u_arp/u_arp_tx/eth_head[10][7:0] which is redundant to u_icmp/u_icmp_tx/eth_head[10][7:0] (type bmsWIDEDFFPATCE)
I: Removed inst u_udp/u_udp_tx/eth_head[12][7:0] which is redundant to u_icmp/u_icmp_tx/eth_head[12][7:0] (type bmsWIDEDFFPATCE)
I: Removed inst u_arp/u_arp_tx/eth_head[12][7:0] which is redundant to u_icmp/u_icmp_tx/eth_head[12][7:0] (type bmsWIDEDFFPATCE)
I: Removed inst u_icmp/u_icmp_tx/eth_head[13][7:0] which is redundant to u_icmp/u_icmp_tx/eth_head[6][7:0] (type bmsWIDEDFFCPE)
I: Removed inst u_udp/u_udp_tx/eth_head[6][7:0] which is redundant to u_icmp/u_icmp_tx/eth_head[6][7:0] (type bmsWIDEDFFCPE)
I: Removed inst u_udp/u_udp_tx/eth_head[13][7:0] which is redundant to u_icmp/u_icmp_tx/eth_head[6][7:0] (type bmsWIDEDFFCPE)
I: Removed inst u_arp/u_arp_tx/eth_head[6][7:0] which is redundant to u_icmp/u_icmp_tx/eth_head[6][7:0] (type bmsWIDEDFFCPE)
Executing : mod-gen successfully. Time elapsed: 0.394s wall, 0.516s user + 0.031s system = 0.547s CPU (138.9%)

Start logic-optimization.
W: Removed bmsWIDEDFFPATCE inst u_icmp/u_icmp_tx/preamble[0][7:0] at 0 that is stuck at constant 1.
W: Removed bmsWIDEDFFPATCE inst u_icmp/u_icmp_tx/preamble[0][7:0] at 1 that is stuck at constant 0.
W: Removed bmsWIDEDFFPATCE inst u_icmp/u_icmp_tx/preamble[0][7:0] at 2 that is stuck at constant 1.
W: Removed bmsWIDEDFFPATCE inst u_icmp/u_icmp_tx/preamble[0][7:0] at 3 that is stuck at constant 0.
W: Removed bmsWIDEDFFPATCE inst u_icmp/u_icmp_tx/preamble[0][7:0] at 4 that is stuck at constant 1.
W: Removed bmsWIDEDFFPATCE inst u_icmp/u_icmp_tx/preamble[0][7:0] at 5 that is stuck at constant 0.
W: Removed bmsWIDEDFFPATCE inst u_icmp/u_icmp_tx/preamble[0][7:0] at 6 that is stuck at constant 1.
W: Removed bmsWIDEDFFPATCE inst u_icmp/u_icmp_tx/preamble[0][7:0] at 7 that is stuck at constant 0.
W: Removed bmsWIDEDFFPATCE inst u_icmp/u_icmp_tx/preamble[7][7:0] at 0 that is stuck at constant 1.
W: Removed bmsWIDEDFFPATCE inst u_icmp/u_icmp_tx/preamble[7][7:0] at 1 that is stuck at constant 0.
W: Removed bmsWIDEDFFPATCE inst u_icmp/u_icmp_tx/preamble[7][7:0] at 2 that is stuck at constant 1.
W: Removed bmsWIDEDFFPATCE inst u_icmp/u_icmp_tx/preamble[7][7:0] at 3 that is stuck at constant 0.
W: Removed bmsWIDEDFFPATCE inst u_icmp/u_icmp_tx/preamble[7][7:0] at 4 that is stuck at constant 1.
W: Removed bmsWIDEDFFPATCE inst u_icmp/u_icmp_tx/preamble[7][7:0] at 5 that is stuck at constant 0.
W: Removed bmsWIDEDFFPATCE inst u_icmp/u_icmp_tx/preamble[7][7:0] at 6 that is stuck at constant 1.
W: Removed bmsWIDEDFFPATCE inst u_icmp/u_icmp_tx/preamble[7][7:0] at 7 that is stuck at constant 1.
W: Removed bmsWIDEDFFCPE inst u_icmp/u_icmp_tx/eth_head[6][7:0] at 0 that is stuck at constant 0.
W: Removed bmsWIDEDFFCPE inst u_icmp/u_icmp_tx/eth_head[6][7:0] at 1 that is stuck at constant 0.
W: Removed bmsWIDEDFFCPE inst u_icmp/u_icmp_tx/eth_head[6][7:0] at 2 that is stuck at constant 0.
W: Removed bmsWIDEDFFCPE inst u_icmp/u_icmp_tx/eth_head[6][7:0] at 3 that is stuck at constant 0.
W: Removed bmsWIDEDFFCPE inst u_icmp/u_icmp_tx/eth_head[6][7:0] at 4 that is stuck at constant 0.
W: Removed bmsWIDEDFFCPE inst u_icmp/u_icmp_tx/eth_head[6][7:0] at 5 that is stuck at constant 0.
W: Removed bmsWIDEDFFCPE inst u_icmp/u_icmp_tx/eth_head[6][7:0] at 6 that is stuck at constant 0.
W: Removed bmsWIDEDFFCPE inst u_icmp/u_icmp_tx/eth_head[6][7:0] at 7 that is stuck at constant 0.
W: Removed bmsWIDEDFFPATCE inst u_icmp/u_icmp_tx/eth_head[7][7:0] at 0 that is stuck at constant 1.
W: Removed bmsWIDEDFFPATCE inst u_icmp/u_icmp_tx/eth_head[7][7:0] at 1 that is stuck at constant 0.
W: Removed bmsWIDEDFFPATCE inst u_icmp/u_icmp_tx/eth_head[7][7:0] at 2 that is stuck at constant 0.
W: Removed bmsWIDEDFFPATCE inst u_icmp/u_icmp_tx/eth_head[7][7:0] at 3 that is stuck at constant 0.
W: Removed bmsWIDEDFFPATCE inst u_icmp/u_icmp_tx/eth_head[7][7:0] at 4 that is stuck at constant 1.
W: Removed bmsWIDEDFFPATCE inst u_icmp/u_icmp_tx/eth_head[7][7:0] at 5 that is stuck at constant 0.
W: Removed bmsWIDEDFFPATCE inst u_icmp/u_icmp_tx/eth_head[7][7:0] at 6 that is stuck at constant 0.
W: Removed bmsWIDEDFFPATCE inst u_icmp/u_icmp_tx/eth_head[7][7:0] at 7 that is stuck at constant 0.
W: Removed bmsWIDEDFFPATCE inst u_icmp/u_icmp_tx/eth_head[8][7:0] at 0 that is stuck at constant 0.
W: Removed bmsWIDEDFFPATCE inst u_icmp/u_icmp_tx/eth_head[8][7:0] at 1 that is stuck at constant 1.
W: Removed bmsWIDEDFFPATCE inst u_icmp/u_icmp_tx/eth_head[8][7:0] at 2 that is stuck at constant 0.
W: Removed bmsWIDEDFFPATCE inst u_icmp/u_icmp_tx/eth_head[8][7:0] at 3 that is stuck at constant 0.
W: Removed bmsWIDEDFFPATCE inst u_icmp/u_icmp_tx/eth_head[8][7:0] at 4 that is stuck at constant 0.
W: Removed bmsWIDEDFFPATCE inst u_icmp/u_icmp_tx/eth_head[8][7:0] at 5 that is stuck at constant 1.
W: Removed bmsWIDEDFFPATCE inst u_icmp/u_icmp_tx/eth_head[8][7:0] at 6 that is stuck at constant 0.
W: Removed bmsWIDEDFFPATCE inst u_icmp/u_icmp_tx/eth_head[8][7:0] at 7 that is stuck at constant 0.
W: Removed bmsWIDEDFFPATCE inst u_icmp/u_icmp_tx/eth_head[9][7:0] at 0 that is stuck at constant 1.
W: Removed bmsWIDEDFFPATCE inst u_icmp/u_icmp_tx/eth_head[9][7:0] at 1 that is stuck at constant 1.
W: Removed bmsWIDEDFFPATCE inst u_icmp/u_icmp_tx/eth_head[9][7:0] at 2 that is stuck at constant 0.
W: Removed bmsWIDEDFFPATCE inst u_icmp/u_icmp_tx/eth_head[9][7:0] at 3 that is stuck at constant 0.
W: Removed bmsWIDEDFFPATCE inst u_icmp/u_icmp_tx/eth_head[9][7:0] at 4 that is stuck at constant 1.
W: Removed bmsWIDEDFFPATCE inst u_icmp/u_icmp_tx/eth_head[9][7:0] at 5 that is stuck at constant 1.
W: Removed bmsWIDEDFFPATCE inst u_icmp/u_icmp_tx/eth_head[9][7:0] at 6 that is stuck at constant 0.
W: Removed bmsWIDEDFFPATCE inst u_icmp/u_icmp_tx/eth_head[9][7:0] at 7 that is stuck at constant 0.
W: Removed bmsWIDEDFFPATCE inst u_icmp/u_icmp_tx/eth_head[10][7:0] at 0 that is stuck at constant 0.
W: Removed bmsWIDEDFFPATCE inst u_icmp/u_icmp_tx/eth_head[10][7:0] at 1 that is stuck at constant 0.
W: Removed bmsWIDEDFFPATCE inst u_icmp/u_icmp_tx/eth_head[10][7:0] at 2 that is stuck at constant 1.
W: Removed bmsWIDEDFFPATCE inst u_icmp/u_icmp_tx/eth_head[10][7:0] at 3 that is stuck at constant 0.
W: Removed bmsWIDEDFFPATCE inst u_icmp/u_icmp_tx/eth_head[10][7:0] at 4 that is stuck at constant 0.
W: Removed bmsWIDEDFFPATCE inst u_icmp/u_icmp_tx/eth_head[10][7:0] at 5 that is stuck at constant 0.
W: Removed bmsWIDEDFFPATCE inst u_icmp/u_icmp_tx/eth_head[10][7:0] at 6 that is stuck at constant 1.
W: Removed bmsWIDEDFFPATCE inst u_icmp/u_icmp_tx/eth_head[10][7:0] at 7 that is stuck at constant 0.
W: Removed bmsWIDEDFFPATCE inst u_icmp/u_icmp_tx/eth_head[12][7:0] at 0 that is stuck at constant 0.
W: Removed bmsWIDEDFFPATCE inst u_icmp/u_icmp_tx/eth_head[12][7:0] at 1 that is stuck at constant 0.
W: Removed bmsWIDEDFFPATCE inst u_icmp/u_icmp_tx/eth_head[12][7:0] at 2 that is stuck at constant 0.
W: Removed bmsWIDEDFFPATCE inst u_icmp/u_icmp_tx/eth_head[12][7:0] at 3 that is stuck at constant 1.
W: Removed bmsWIDEDFFPATCE inst u_icmp/u_icmp_tx/eth_head[12][7:0] at 4 that is stuck at constant 0.
W: Removed bmsWIDEDFFPATCE inst u_icmp/u_icmp_tx/eth_head[12][7:0] at 5 that is stuck at constant 0.
W: Removed bmsWIDEDFFPATCE inst u_icmp/u_icmp_tx/eth_head[12][7:0] at 6 that is stuck at constant 0.
W: Removed bmsWIDEDFFPATCE inst u_icmp/u_icmp_tx/eth_head[12][7:0] at 7 that is stuck at constant 0.
W: Removed bmsWIDEDFFPATCE inst u_arp/u_arp_tx/eth_head[13][7:0] at 0 that is stuck at constant 0.
W: Removed bmsWIDEDFFPATCE inst u_arp/u_arp_tx/eth_head[13][7:0] at 1 that is stuck at constant 1.
W: Removed bmsWIDEDFFPATCE inst u_arp/u_arp_tx/eth_head[13][7:0] at 2 that is stuck at constant 1.
W: Removed bmsWIDEDFFPATCE inst u_arp/u_arp_tx/eth_head[13][7:0] at 3 that is stuck at constant 0.
W: Removed bmsWIDEDFFPATCE inst u_arp/u_arp_tx/eth_head[13][7:0] at 4 that is stuck at constant 0.
W: Removed bmsWIDEDFFPATCE inst u_arp/u_arp_tx/eth_head[13][7:0] at 5 that is stuck at constant 0.
W: Removed bmsWIDEDFFPATCE inst u_arp/u_arp_tx/eth_head[13][7:0] at 6 that is stuck at constant 0.
W: Removed bmsWIDEDFFPATCE inst u_arp/u_arp_tx/eth_head[13][7:0] at 7 that is stuck at constant 0.
Executing : logic-optimization successfully. Time elapsed: 1.218s wall, 1.125s user + 0.094s system = 1.219s CPU (100.0%)

Start tech-mapping phase 1.
W: Public-4008: Instance 'u_gmii_to_rgmii/u_rgmii_tx/gmii_txd_r_d1[4]' of 'bmsWIDEDFFRSE' unit is dangling and will be cleaned.
W: Public-4008: Instance 'u_gmii_to_rgmii/u_rgmii_tx/gmii_txd_r_d1[5]' of 'bmsWIDEDFFRSE' unit is dangling and will be cleaned.
W: Public-4008: Instance 'u_gmii_to_rgmii/u_rgmii_tx/gmii_txd_r_d1[6]' of 'bmsWIDEDFFRSE' unit is dangling and will be cleaned.
W: Public-4008: Instance 'u_gmii_to_rgmii/u_rgmii_tx/gmii_txd_r_d1[7]' of 'bmsWIDEDFFRSE' unit is dangling and will be cleaned.
W: Public-4008: Instance 'u_icmp/u_icmp_rx/des_ip[24]' of 'bmsWIDEDFFCPE' unit is dangling and will be cleaned.
W: Public-4008: Instance 'u_icmp/u_icmp_rx/des_ip[25]' of 'bmsWIDEDFFCPE' unit is dangling and will be cleaned.
W: Public-4008: Instance 'u_icmp/u_icmp_rx/des_ip[26]' of 'bmsWIDEDFFCPE' unit is dangling and will be cleaned.
W: Public-4008: Instance 'u_icmp/u_icmp_rx/des_ip[27]' of 'bmsWIDEDFFCPE' unit is dangling and will be cleaned.
W: Public-4008: Instance 'u_icmp/u_icmp_rx/des_ip[28]' of 'bmsWIDEDFFCPE' unit is dangling and will be cleaned.
W: Public-4008: Instance 'u_icmp/u_icmp_rx/des_ip[29]' of 'bmsWIDEDFFCPE' unit is dangling and will be cleaned.
W: Public-4008: Instance 'u_icmp/u_icmp_rx/des_ip[30]' of 'bmsWIDEDFFCPE' unit is dangling and will be cleaned.
W: Public-4008: Instance 'u_icmp/u_icmp_rx/des_ip[31]' of 'bmsWIDEDFFCPE' unit is dangling and will be cleaned.
W: Public-4008: Instance 'u_icmp/u_icmp_rx/ip_head_byte_num[0]' of 'bmsWIDEDFFCPE' unit is dangling and will be cleaned.
W: Public-4008: Instance 'u_icmp/u_icmp_rx/ip_head_byte_num[1]' of 'bmsWIDEDFFCPE' unit is dangling and will be cleaned.
W: Public-4008: Instance 'u_icmp/u_icmp_tx/check_buffer[20]' of 'bmsWIDEDFFCPE' unit is dangling and will be cleaned.
W: Public-4008: Instance 'u_icmp/u_icmp_tx/check_buffer[21]' of 'bmsWIDEDFFCPE' unit is dangling and will be cleaned.
W: Public-4008: Instance 'u_icmp/u_icmp_tx/check_buffer[22]' of 'bmsWIDEDFFCPE' unit is dangling and will be cleaned.
W: Public-4008: Instance 'u_icmp/u_icmp_tx/check_buffer[23]' of 'bmsWIDEDFFCPE' unit is dangling and will be cleaned.
W: Public-4008: Instance 'u_icmp/u_icmp_tx/check_buffer[24]' of 'bmsWIDEDFFCPE' unit is dangling and will be cleaned.
W: Public-4008: Instance 'u_icmp/u_icmp_tx/check_buffer[25]' of 'bmsWIDEDFFCPE' unit is dangling and will be cleaned.
W: Public-4008: Instance 'u_icmp/u_icmp_tx/check_buffer[26]' of 'bmsWIDEDFFCPE' unit is dangling and will be cleaned.
W: Public-4008: Instance 'u_icmp/u_icmp_tx/check_buffer[27]' of 'bmsWIDEDFFCPE' unit is dangling and will be cleaned.
W: Public-4008: Instance 'u_icmp/u_icmp_tx/check_buffer[28]' of 'bmsWIDEDFFCPE' unit is dangling and will be cleaned.
W: Public-4008: Instance 'u_icmp/u_icmp_tx/check_buffer[29]' of 'bmsWIDEDFFCPE' unit is dangling and will be cleaned.
W: Public-4008: Instance 'u_icmp/u_icmp_tx/check_buffer[30]' of 'bmsWIDEDFFCPE' unit is dangling and will be cleaned.
W: Public-4008: Instance 'u_icmp/u_icmp_tx/check_buffer[31]' of 'bmsWIDEDFFCPE' unit is dangling and will be cleaned.
W: Public-4008: Instance 'u_udp/u_udp_rx/des_ip[24]' of 'bmsWIDEDFFCPE' unit is dangling and will be cleaned.
W: Public-4008: Instance 'u_udp/u_udp_rx/des_ip[25]' of 'bmsWIDEDFFCPE' unit is dangling and will be cleaned.
W: Public-4008: Instance 'u_udp/u_udp_rx/des_ip[26]' of 'bmsWIDEDFFCPE' unit is dangling and will be cleaned.
W: Public-4008: Instance 'u_udp/u_udp_rx/des_ip[27]' of 'bmsWIDEDFFCPE' unit is dangling and will be cleaned.
W: Public-4008: Instance 'u_udp/u_udp_rx/des_ip[28]' of 'bmsWIDEDFFCPE' unit is dangling and will be cleaned.
W: Public-4008: Instance 'u_udp/u_udp_rx/des_ip[29]' of 'bmsWIDEDFFCPE' unit is dangling and will be cleaned.
W: Public-4008: Instance 'u_udp/u_udp_rx/des_ip[30]' of 'bmsWIDEDFFCPE' unit is dangling and will be cleaned.
W: Public-4008: Instance 'u_udp/u_udp_rx/des_ip[31]' of 'bmsWIDEDFFCPE' unit is dangling and will be cleaned.
W: Public-4008: Instance 'u_udp/u_udp_tx/check_buffer[20]' of 'bmsWIDEDFFCPE' unit is dangling and will be cleaned.
W: Public-4008: Instance 'u_udp/u_udp_tx/check_buffer[21]' of 'bmsWIDEDFFCPE' unit is dangling and will be cleaned.
W: Public-4008: Instance 'u_udp/u_udp_tx/check_buffer[22]' of 'bmsWIDEDFFCPE' unit is dangling and will be cleaned.
W: Public-4008: Instance 'u_udp/u_udp_tx/check_buffer[23]' of 'bmsWIDEDFFCPE' unit is dangling and will be cleaned.
W: Public-4008: Instance 'u_udp/u_udp_tx/check_buffer[24]' of 'bmsWIDEDFFCPE' unit is dangling and will be cleaned.
W: Public-4008: Instance 'u_udp/u_udp_tx/check_buffer[25]' of 'bmsWIDEDFFCPE' unit is dangling and will be cleaned.
W: Public-4008: Instance 'u_udp/u_udp_tx/check_buffer[26]' of 'bmsWIDEDFFCPE' unit is dangling and will be cleaned.
W: Public-4008: Instance 'u_udp/u_udp_tx/check_buffer[27]' of 'bmsWIDEDFFCPE' unit is dangling and will be cleaned.
W: Public-4008: Instance 'u_udp/u_udp_tx/check_buffer[28]' of 'bmsWIDEDFFCPE' unit is dangling and will be cleaned.
W: Public-4008: Instance 'u_udp/u_udp_tx/check_buffer[29]' of 'bmsWIDEDFFCPE' unit is dangling and will be cleaned.
W: Public-4008: Instance 'u_udp/u_udp_tx/check_buffer[30]' of 'bmsWIDEDFFCPE' unit is dangling and will be cleaned.
W: Public-4008: Instance 'u_udp/u_udp_tx/check_buffer[31]' of 'bmsWIDEDFFCPE' unit is dangling and will be cleaned.
W: Public-4008: Instance 'sync_fifo_2048x8b_inst/U_ipml_fifo_sync_fifo_2048x8b/U_ipml_fifo_ctrl/SYN_CTRL.rbin[11]' of 'bmsWIDEDFFCPE' unit is dangling and will be cleaned.
W: Public-4008: Instance 'sync_fifo_2048x8b_inst/U_ipml_fifo_sync_fifo_2048x8b/U_ipml_fifo_ctrl/SYN_CTRL.wbin[11]' of 'bmsWIDEDFFCPE' unit is dangling and will be cleaned.
I: Removed GTP_DFF_PE inst u_arp/u_arp_tx/eth_head[5][0] that is redundant to u_arp/u_arp_tx/arp_data[23][0]
I: Removed GTP_DFF_PE inst u_arp/u_arp_tx/eth_head[5][1] that is redundant to u_arp/u_arp_tx/arp_data[23][1]
I: Removed GTP_DFF_PE inst u_arp/u_arp_tx/eth_head[5][2] that is redundant to u_arp/u_arp_tx/arp_data[23][2]
I: Removed GTP_DFF_PE inst u_arp/u_arp_tx/eth_head[5][3] that is redundant to u_arp/u_arp_tx/arp_data[23][3]
I: Removed GTP_DFF_PE inst u_arp/u_arp_tx/eth_head[5][4] that is redundant to u_arp/u_arp_tx/arp_data[23][4]
I: Removed GTP_DFF_PE inst u_arp/u_arp_tx/eth_head[5][5] that is redundant to u_arp/u_arp_tx/arp_data[23][5]
I: Removed GTP_DFF_PE inst u_arp/u_arp_tx/eth_head[5][6] that is redundant to u_arp/u_arp_tx/arp_data[23][6]
I: Removed GTP_DFF_PE inst u_arp/u_arp_tx/eth_head[5][7] that is redundant to u_arp/u_arp_tx/arp_data[23][7]
I: Removed GTP_DFF_PE inst u_arp/u_arp_tx/eth_head[4][0] that is redundant to u_arp/u_arp_tx/arp_data[22][0]
I: Removed GTP_DFF_PE inst u_arp/u_arp_tx/eth_head[4][1] that is redundant to u_arp/u_arp_tx/arp_data[22][1]
I: Removed GTP_DFF_PE inst u_arp/u_arp_tx/eth_head[4][2] that is redundant to u_arp/u_arp_tx/arp_data[22][2]
I: Removed GTP_DFF_PE inst u_arp/u_arp_tx/eth_head[4][3] that is redundant to u_arp/u_arp_tx/arp_data[22][3]
I: Removed GTP_DFF_PE inst u_arp/u_arp_tx/eth_head[4][4] that is redundant to u_arp/u_arp_tx/arp_data[22][4]
I: Removed GTP_DFF_PE inst u_arp/u_arp_tx/eth_head[4][5] that is redundant to u_arp/u_arp_tx/arp_data[22][5]
I: Removed GTP_DFF_PE inst u_arp/u_arp_tx/eth_head[4][6] that is redundant to u_arp/u_arp_tx/arp_data[22][6]
I: Removed GTP_DFF_PE inst u_arp/u_arp_tx/eth_head[4][7] that is redundant to u_arp/u_arp_tx/arp_data[22][7]
I: Removed GTP_DFF_PE inst u_arp/u_arp_tx/eth_head[3][0] that is redundant to u_arp/u_arp_tx/arp_data[21][0]
I: Removed GTP_DFF_PE inst u_arp/u_arp_tx/eth_head[3][1] that is redundant to u_arp/u_arp_tx/arp_data[21][1]
I: Removed GTP_DFF_PE inst u_arp/u_arp_tx/eth_head[3][2] that is redundant to u_arp/u_arp_tx/arp_data[21][2]
I: Removed GTP_DFF_PE inst u_arp/u_arp_tx/eth_head[3][3] that is redundant to u_arp/u_arp_tx/arp_data[21][3]
I: Removed GTP_DFF_PE inst u_arp/u_arp_tx/eth_head[3][4] that is redundant to u_arp/u_arp_tx/arp_data[21][4]
I: Removed GTP_DFF_PE inst u_arp/u_arp_tx/eth_head[3][5] that is redundant to u_arp/u_arp_tx/arp_data[21][5]
I: Removed GTP_DFF_PE inst u_arp/u_arp_tx/eth_head[3][6] that is redundant to u_arp/u_arp_tx/arp_data[21][6]
I: Removed GTP_DFF_PE inst u_arp/u_arp_tx/eth_head[3][7] that is redundant to u_arp/u_arp_tx/arp_data[21][7]
I: Removed GTP_DFF_PE inst u_arp/u_arp_tx/eth_head[2][0] that is redundant to u_arp/u_arp_tx/arp_data[20][0]
I: Removed GTP_DFF_PE inst u_arp/u_arp_tx/eth_head[2][1] that is redundant to u_arp/u_arp_tx/arp_data[20][1]
I: Removed GTP_DFF_PE inst u_arp/u_arp_tx/eth_head[2][2] that is redundant to u_arp/u_arp_tx/arp_data[20][2]
I: Removed GTP_DFF_PE inst u_arp/u_arp_tx/eth_head[2][3] that is redundant to u_arp/u_arp_tx/arp_data[20][3]
I: Removed GTP_DFF_PE inst u_arp/u_arp_tx/eth_head[2][4] that is redundant to u_arp/u_arp_tx/arp_data[20][4]
I: Removed GTP_DFF_PE inst u_arp/u_arp_tx/eth_head[2][5] that is redundant to u_arp/u_arp_tx/arp_data[20][5]
I: Removed GTP_DFF_PE inst u_arp/u_arp_tx/eth_head[2][6] that is redundant to u_arp/u_arp_tx/arp_data[20][6]
I: Removed GTP_DFF_PE inst u_arp/u_arp_tx/eth_head[2][7] that is redundant to u_arp/u_arp_tx/arp_data[20][7]
I: Removed GTP_DFF_PE inst u_arp/u_arp_tx/eth_head[1][0] that is redundant to u_arp/u_arp_tx/arp_data[19][0]
I: Removed GTP_DFF_PE inst u_arp/u_arp_tx/eth_head[1][1] that is redundant to u_arp/u_arp_tx/arp_data[19][1]
I: Removed GTP_DFF_PE inst u_arp/u_arp_tx/eth_head[1][2] that is redundant to u_arp/u_arp_tx/arp_data[19][2]
I: Removed GTP_DFF_PE inst u_arp/u_arp_tx/eth_head[1][3] that is redundant to u_arp/u_arp_tx/arp_data[19][3]
I: Removed GTP_DFF_PE inst u_arp/u_arp_tx/eth_head[1][4] that is redundant to u_arp/u_arp_tx/arp_data[19][4]
I: Removed GTP_DFF_PE inst u_arp/u_arp_tx/eth_head[1][5] that is redundant to u_arp/u_arp_tx/arp_data[19][5]
I: Removed GTP_DFF_PE inst u_arp/u_arp_tx/eth_head[1][6] that is redundant to u_arp/u_arp_tx/arp_data[19][6]
I: Removed GTP_DFF_PE inst u_arp/u_arp_tx/eth_head[1][7] that is redundant to u_arp/u_arp_tx/arp_data[19][7]
I: Removed GTP_DFF_PE inst u_arp/u_arp_tx/eth_head[0][0] that is redundant to u_arp/u_arp_tx/arp_data[18][0]
I: Removed GTP_DFF_PE inst u_arp/u_arp_tx/eth_head[0][1] that is redundant to u_arp/u_arp_tx/arp_data[18][1]
I: Removed GTP_DFF_PE inst u_arp/u_arp_tx/eth_head[0][2] that is redundant to u_arp/u_arp_tx/arp_data[18][2]
I: Removed GTP_DFF_PE inst u_arp/u_arp_tx/eth_head[0][3] that is redundant to u_arp/u_arp_tx/arp_data[18][3]
I: Removed GTP_DFF_PE inst u_arp/u_arp_tx/eth_head[0][4] that is redundant to u_arp/u_arp_tx/arp_data[18][4]
I: Removed GTP_DFF_PE inst u_arp/u_arp_tx/eth_head[0][5] that is redundant to u_arp/u_arp_tx/arp_data[18][5]
I: Removed GTP_DFF_PE inst u_arp/u_arp_tx/eth_head[0][6] that is redundant to u_arp/u_arp_tx/arp_data[18][6]
I: Removed GTP_DFF_PE inst u_arp/u_arp_tx/eth_head[0][7] that is redundant to u_arp/u_arp_tx/arp_data[18][7]
I: Removed GTP_DFF_CE inst u_udp/u_udp_tx/tx_data_num[0] that is redundant to u_udp/u_udp_tx/total_num[0]
I: Removed GTP_DFF_CE inst u_udp/u_udp_tx/udp_num[0] that is redundant to u_udp/u_udp_tx/total_num[0]
I: Removed GTP_DFF_CE inst u_udp/u_udp_tx/tx_data_num[1] that is redundant to u_udp/u_udp_tx/total_num[1]
I: Removed GTP_DFF_CE inst u_udp/u_udp_tx/udp_num[1] that is redundant to u_udp/u_udp_tx/total_num[1]
I: Removed GTP_DFF_CE inst u_udp/u_udp_tx/udp_num[2] that is redundant to u_udp/u_udp_tx/tx_data_num[2]
I: Removed GTP_DFF_CE inst u_icmp/u_icmp_tx/tx_data_num[0] that is redundant to u_icmp/u_icmp_tx/total_num[0]
I: Removed GTP_DFF_CE inst u_icmp/u_icmp_tx/tx_data_num[1] that is redundant to u_icmp/u_icmp_tx/total_num[1]
I: Removed GTP_DFF_E inst u_udp/u_udp_tx/ip_head[6][16] that is redundant to u_udp/u_udp_tx/ip_head[0][0]
I: Removed GTP_DFF_E inst u_udp/u_udp_tx/ip_head[6][17] that is redundant to u_udp/u_udp_tx/ip_head[0][1]
Executing : tech-mapping phase 1 successfully. Time elapsed: 0.119s wall, 0.109s user + 0.000s system = 0.109s CPU (91.6%)

Start tech-mapping phase 2.
Executing : tech-mapping phase 2 successfully. Time elapsed: 2.217s wall, 2.781s user + 0.094s system = 2.875s CPU (129.7%)

Start tech-optimization.
Executing : tech-optimization successfully. Time elapsed: 0.175s wall, 0.297s user + 0.016s system = 0.312s CPU (178.6%)

Start phys-optimization.
Executing : phys-optimization successfully. Time elapsed: 0.000s wall, 0.000s user + 0.000s system = 0.000s CPU (n/a%)

Start restore-hierarchy.
Executing : restore-hierarchy successfully. Time elapsed: 0.141s wall, 0.141s user + 0.000s system = 0.141s CPU (99.8%)

W: Unable to honor max fanout constraint for gtp_inv driven net N30
W: Unable to honor max fanout constraint for gtp_inv driven net N30

Cell Usage:
GTP_DFF                      27 uses
GTP_DFF_C                   111 uses
GTP_DFF_CE                 1025 uses
GTP_DFF_E                   190 uses
GTP_DFF_P                     7 uses
GTP_DFF_PE                  252 uses
GTP_DRM18K                    1 use
GTP_GRS                       1 use
GTP_INV                       3 uses
GTP_ISERDES                   5 uses
GTP_LUT1                     24 uses
GTP_LUT2                    250 uses
GTP_LUT3                    209 uses
GTP_LUT4                    208 uses
GTP_LUT5                    425 uses
GTP_LUT5CARRY               763 uses
GTP_LUT5M                   243 uses
GTP_MUX2LUT6                 60 uses
GTP_MUX2LUT7                 20 uses
GTP_OSERDES                   6 uses
GTP_PLL_E3                    1 use

I/O ports: 14
GTP_INBUF                   7 uses
GTP_OUTBUF                  1 use
GTP_OUTBUFT                 6 uses

Mapping Summary:
Total LUTs: 2122 of 22560 (9.41%)
	LUTs as dram: 0 of 7568 (0.00%)
	LUTs as logic: 2122
Total Registers: 1612 of 33840 (4.76%)
Total Latches: 0

DRM18K:
Total DRM18K = 1.0 of 60 (1.67%)

APMs:
Total APMs = 0.00 of 40 (0.00%)

Total I/O ports = 14 of 226 (6.19%)


Overview of Control Sets:

Number of unique control sets : 74

Histogram:
**************************************************************
  Fanout      | Count    | Sync Set/Reset    Async Set/Reset
--------------------------------------------------------------
  [0, 2)      | 0        | 0                 0
  [2, 4)      | 4        | 0                 4
  [4, 6)      | 9        | 0                 9
  [6, 8)      | 1        | 0                 1
  [8, 10)     | 19       | 0                 19
  [10, 12)    | 0        | 0                 0
  [12, 14)    | 2        | 0                 2
  [14, 16)    | 0        | 0                 0
  [16, Inf)   | 39       | 6                 33
--------------------------------------------------------------
  The maximum fanout: 118
==============================================================

Flip-Flop Distribution:
************************************************************************
  Clock Enable    Sync Set/Reset    Async Set/Reset    Total Registers
------------------------------------------------------------------------
  NO              NO                NO                 27
  NO              NO                YES                118
  NO              YES               NO                 0
  YES             NO                NO                 190
  YES             NO                YES                1277
  YES             YES               NO                 0
========================================================================

Latch Distribution:
************************************************
  Gate Enable    Preset/Clear    Total Latches
************************************************
  NO             NO              0
  NO             YES             0
  YES            NO              0
  YES            YES             0
************************************************

Design 'eth_udp_loop' has been successfully synthesized to architecture-specific objects.
Saving design to DB.
Saving design to eth_udp_loop_syn.vm
Constructing timing graph ...
Timing graph has been constructed successfully
C: STA-3009: The clock sys_clk is not connected to any clock endpoints,it will be treated as a normal port or pin.
W: Timing-4087: Port 'eth_rst_n' is not constrained, it is treated as combinational output.
W: Timing-4087: Port 'eth_tx_ctl' is not constrained, it is treated as combinational output.
W: Timing-4087: Port 'eth_txc' is not constrained, it is treated as combinational output.
W: Timing-4087: Port 'eth_txd[0]' is not constrained, it is treated as combinational output.
W: Timing-4087: Port 'eth_txd[1]' is not constrained, it is treated as combinational output.
W: Timing-4087: Port 'eth_txd[2]' is not constrained, it is treated as combinational output.
W: Timing-4087: Port 'eth_txd[3]' is not constrained, it is treated as combinational output.
W: Timing-4086: Port 'eth_rx_ctl' is not constrained, it is treated as combinational input.
W: Timing-4086: Port 'eth_rxd[0]' is not constrained, it is treated as combinational input.
W: Timing-4086: Port 'eth_rxd[1]' is not constrained, it is treated as combinational input.
W: Timing-4086: Port 'eth_rxd[2]' is not constrained, it is treated as combinational input.
W: Timing-4086: Port 'eth_rxd[3]' is not constrained, it is treated as combinational input.
W: Timing-4086: Port 'sys_rst_n' is not constrained, it is treated as combinational input.
Action synthesize: Real time elapsed is 0h:0m:10s
Action synthesize: CPU time elapsed is 0h:0m:7s
Action synthesize: Process CPU time elapsed is 0h:0m:8s
Current time: Mon Oct  9 19:37:19 2023
Action synthesize: Peak memory pool usage is 326 MB
Action from compile to synthesize: Total Real Time elapsed is 0h:0m:17s
Action from compile to synthesize: Total CPU time elapsed is 0h:0m:10s
Action from compile to synthesize: Total Process CPU Time elapsed is 0h:0m:11s
Process "Synthesize" done.


Process "Device Map" started.
Current time: Mon Oct  9 19:37:19 2023
Compiling architecture definition.
Customize IP 'C:/Users/Admin/Desktop/25G/4_eth_udp_loop/prj/ipcore/sync_fifo_2048x8b/sync_fifo_2048x8b.idf' ...
Analyzing project file 'C:/Users/Admin/Desktop/25G/4_eth_udp_loop/prj/eth_udp_loop.pds'.
Compiling verification operator library.
Compiling common defs.
Loading technology operator library.
Compiling technology operator library.
Compiling technology operator (valence) library.
Compiling operator packing rules.
Compiling prim grid devices.
Compiling gate devices.
Compiling gate operators.
Compiling tech operator impls.
Building architecture model.
Loading device packaging model.
NOTE: The technology fpga was specified.
NOTE: delay_model specified was generic_cmos.
NOTE: Using the fpga syntax tables...
Totals:
 Calls to malloc = 0
 Calls to calloc = 77795

Flattening design 'eth_udp_loop'
Device mapping started.
Optimizing circuit logic.
Checking design netlist.
Processing tech operator.
I: The instance clkbufg_0(GTP_CLKBUFG) has been inserted on the net gmii_tx_clk in design, driver pin CLKOUT0(instance u_gmii_to_rgmii/u_rgmii_rx/U_pll_phase_shift/u_pll_e3) -> load pin CLK(instance sync_fifo_2048x8b_inst/U_ipml_fifo_sync_fifo_2048x8b/U_ipml_fifo_ctrl/SYN_CTRL.rbin[0]).
I: The instance clkbufg_1(GTP_CLKBUFG) has been inserted on the net u_gmii_to_rgmii/gmii_tx_clk_deg in design, driver pin CLKOUT1(instance u_gmii_to_rgmii/u_rgmii_rx/U_pll_phase_shift/u_pll_e3) -> load pin RCLK(instance u_gmii_to_rgmii/u_rgmii_tx/gtp_ogddr6).
Converting tech operator to gate operator.
Processing gate operator.
I: Infer CARRY group, base inst: u_arp/u_arp_tx/N185_1_1/gateop, insts:5.
I: Infer CARRY group, base inst: sync_fifo_2048x8b_inst/U_ipml_fifo_sync_fifo_2048x8b/U_ipml_fifo_ctrl/N11_1/gateop, insts:12.
I: Infer CARRY group, base inst: sync_fifo_2048x8b_inst/U_ipml_fifo_sync_fifo_2048x8b/U_ipml_fifo_ctrl/N21.eq_0/gateop, insts:6.
I: Infer CARRY group, base inst: sync_fifo_2048x8b_inst/U_ipml_fifo_sync_fifo_2048x8b/U_ipml_fifo_ctrl/N24.eq_0/gateop, insts:6.
I: Infer CARRY group, base inst: u_icmp/u_icmp_rx/N168_1.fsub_1/gateop, insts:13.
I: Infer CARRY group, base inst: u_icmp/u_icmp_rx/N216.eq_0/gateop, insts:3.
I: Infer CARRY group, base inst: u_icmp/u_icmp_rx/N356_1_1/gateop, insts:15.
I: Infer CARRY group, base inst: u_icmp/u_icmp_rx/N360_1.fsub_1/gateop, insts:16.
I: Infer CARRY group, base inst: u_icmp/u_icmp_rx/N361.eq_0/gateop, insts:9.
I: Infer CARRY group, base inst: u_icmp/u_icmp_rx/N372_1/gateop, insts:32.
I: Infer CARRY group, base inst: u_icmp/u_icmp_rx/N375_1/gateop, insts:32.
I: Infer CARRY group, base inst: u_icmp/u_icmp_rx/N377.lt_0/gateop, insts:8.
I: Infer CARRY group, base inst: u_icmp/u_icmp_tx/N19_1_1/gateop, insts:13.
I: Infer CARRY group, base inst: u_icmp/u_icmp_tx/N130_1_1/gateop, insts:15.
I: Infer CARRY group, base inst: u_icmp/u_icmp_tx/N328_1.fsub_1/gateop, insts:15.
I: Infer CARRY group, base inst: u_icmp/u_icmp_tx/N329.lt_0/gateop, insts:8.
I: Infer CARRY group, base inst: u_icmp/u_icmp_tx/N337_1_1/gateop, insts:15.
I: Infer CARRY group, base inst: u_icmp/u_icmp_tx/N340.eq_0/gateop, insts:8.
I: Infer CARRY group, base inst: u_icmp/u_icmp_tx/N346_1/gateop, insts:16.
I: Infer CARRY group, base inst: u_icmp/u_icmp_tx/N349.lt_0/gateop, insts:8.
I: Infer CARRY group, base inst: u_icmp/u_icmp_tx/N370_1.fsub_1/gateop, insts:14.
I: Infer CARRY group, base inst: u_icmp/u_icmp_tx/N371.eq_0/gateop, insts:8.
I: Infer CARRY group, base inst: u_icmp/u_icmp_tx/N943_5_1/gateop, insts:20.
I: Infer CARRY group, base inst: u_icmp/u_icmp_tx/N964_5_1/gateop, insts:32.
I: Infer CARRY group, base inst: u_icmp/u_icmp_tx/N3739_1/gateop, insts:32.
I: Infer CARRY group, base inst: u_icmp/u_icmp_tx/N3745_1_1/gateop, insts:8.
I: Infer CARRY group, base inst: u_icmp/u_icmp_tx/N3751_1_1/gateop, insts:16.
I: Infer CARRY group, base inst: u_icmp/u_icmp_tx/N3757_1/gateop, insts:17.
I: Infer CARRY group, base inst: u_icmp/u_icmp_tx/N3760_1/gateop, insts:18.
I: Infer CARRY group, base inst: u_icmp/u_icmp_tx/N3763_1_1/gateop, insts:16.
I: Infer CARRY group, base inst: u_icmp/u_icmp_tx/N3766_1/gateop, insts:19.
I: Infer CARRY group, base inst: u_udp/u_udp_rx/N216_1.fsub_1/gateop, insts:12.
I: Infer CARRY group, base inst: u_udp/u_udp_rx/N235_1_1/gateop, insts:15.
I: Infer CARRY group, base inst: u_udp/u_udp_rx/N237_1.fsub_1/gateop, insts:15.
I: Infer CARRY group, base inst: u_udp/u_udp_rx/N238.eq_0/gateop, insts:8.
I: Infer CARRY group, base inst: u_udp/u_udp_tx/N20_1_1/gateop, insts:13.
I: Infer CARRY group, base inst: u_udp/u_udp_tx/N22_1_1/gateop, insts:12.
I: Infer CARRY group, base inst: u_udp/u_udp_tx/N129_1_1/gateop, insts:15.
I: Infer CARRY group, base inst: sync_fifo_2048x8b_inst/U_ipml_fifo_sync_fifo_2048x8b/U_ipml_fifo_ctrl/N2_1/gateop, insts:12.
I: Infer CARRY group, base inst: u_udp/u_udp_tx/N287_1.fsub_1/gateop, insts:15.
I: Infer CARRY group, base inst: u_udp/u_udp_tx/N288.lt_0/gateop, insts:8.
I: Infer CARRY group, base inst: u_udp/u_udp_tx/N296_1_1/gateop, insts:15.
I: Infer CARRY group, base inst: u_udp/u_udp_tx/N299.eq_0/gateop, insts:8.
I: Infer CARRY group, base inst: u_udp/u_udp_tx/N305_1/gateop, insts:16.
I: Infer CARRY group, base inst: u_udp/u_udp_tx/N308.lt_0/gateop, insts:8.
I: Infer CARRY group, base inst: u_udp/u_udp_tx/N329_1.fsub_1/gateop, insts:14.
I: Infer CARRY group, base inst: u_udp/u_udp_tx/N330.eq_0/gateop, insts:8.
I: Infer CARRY group, base inst: u_udp/u_udp_tx/N891_5_1/gateop, insts:20.
I: Infer CARRY group, base inst: u_udp/u_udp_tx/N3374_1_1/gateop, insts:8.
I: Infer CARRY group, base inst: u_udp/u_udp_tx/N3380_1_1/gateop, insts:16.
I: Infer CARRY group, base inst: u_udp/u_udp_tx/N3386_1/gateop, insts:17.
I: Infer CARRY group, base inst: u_udp/u_udp_tx/N3389_1/gateop, insts:18.
I: Infer CARRY group, base inst: u_udp/u_udp_tx/N3392_1_1/gateop, insts:16.
I: Infer CARRY group, base inst: u_udp/u_udp_tx/N3395_1/gateop, insts:19.
Device Utilization Summary:
+------------------------------------------------------------------------+
| Logic Utilization     | Used     | Available     | Utilization(%)     
+------------------------------------------------------------------------+
| APM                   | 0        | 40            | 0                  
| IOCKDLY               | 0        | 32            | 0                  
| FF                    | 1612     | 33840         | 5                  
| LUT                   | 2122     | 22560         | 10                 
| Distributed RAM       | 0        | 7568          | 0                  
| DLL                   | 0        | 8             | 0                  
| DQSL                  | 0        | 12            | 0                  
| DRM                   | 1        | 60            | 2                  
| FUSECODE              | 0        | 1             | 0                  
| IO                    | 14       | 226           | 7                  
| IOCKDIV               | 0        | 16            | 0                  
| IOCKGATE              | 0        | 16            | 0                  
| IPAL                  | 0        | 1             | 0                  
| PLL                   | 1        | 4             | 25                 
| RCKB                  | 0        | 16            | 0                  
| SCANCHAIN             | 0        | 2             | 0                  
| START                 | 0        | 1             | 0                  
| USCM                  | 2        | 30            | 7                  
| OSC                   | 0        | 1             | 0                  
| CRYSTAL               | 0        | 4             | 0                  
| RESCAL                | 0        | 4             | 0                  
| UDID                  | 0        | 1             | 0                  
+------------------------------------------------------------------------+

Device mapping done.
Total device mapping takes 0.25 sec.

Design 'eth_udp_loop' has been successfully mapped to architecture-specific objects.
Saving design to DB.
IP Compiler exited.
W: Public-4010: Pcf file C:/Users/Admin/Desktop/25G/4_eth_udp_loop/prj/device_map/eth_udp_loop.pcf has been covered.
Action dev_map: Real time elapsed is 0h:0m:6s
Action dev_map: CPU time elapsed is 0h:0m:3s
Action dev_map: Process CPU time elapsed is 0h:0m:3s
Current time: Mon Oct  9 19:37:24 2023
Action dev_map: Peak memory pool usage is 240 MB
Action from compile to dev_map: Total Real Time elapsed is 0h:0m:23s
Action from compile to dev_map: Total CPU time elapsed is 0h:0m:13s
Action from compile to dev_map: Total Process CPU Time elapsed is 0h:0m:14s
Process "Device Map" done.


Process "Place & Route" started.
Current time: Mon Oct  9 19:37:24 2023
Compiling architecture definition.
Analyzing project file 'C:/Users/Admin/Desktop/25G/4_eth_udp_loop/prj/eth_udp_loop.pds'.
Compiling verification operator library.
Compiling common defs.
Compiling prim grid devices.
Compiling gate devices.
Compiling gate operators.
Building architecture model.
Loading device packaging model.
pnr strategy configuration : 
strategy name : 0
Building architecture floorplan logic view.
Constraint check start.
Executing : def_port {eth_rst_n} LOC=B6 VCCIO=1.8 IOSTANDARD=LVCMOS18 DRIVE=8 SLEW=SLOW NONE=TRUE
Executing : def_port {eth_rst_n} LOC=B6 VCCIO=1.8 IOSTANDARD=LVCMOS18 DRIVE=8 SLEW=SLOW NONE=TRUE successfully
Executing : def_port {eth_tx_ctl} LOC=F9 VCCIO=1.8 IOSTANDARD=LVCMOS18 DRIVE=8 SLEW=SLOW NONE=TRUE
Executing : def_port {eth_tx_ctl} LOC=F9 VCCIO=1.8 IOSTANDARD=LVCMOS18 DRIVE=8 SLEW=SLOW NONE=TRUE successfully
Executing : def_port {eth_txc} LOC=G9 VCCIO=1.8 IOSTANDARD=LVCMOS18 DRIVE=8 SLEW=SLOW NONE=TRUE
Executing : def_port {eth_txc} LOC=G9 VCCIO=1.8 IOSTANDARD=LVCMOS18 DRIVE=8 SLEW=SLOW NONE=TRUE successfully
Executing : def_port {eth_txd[0]} LOC=F13 VCCIO=1.8 IOSTANDARD=LVCMOS18 DRIVE=8 SLEW=SLOW NONE=TRUE
C: ConstraintEditor-2002: [C:/Users/Admin/Desktop/25G/4_eth_udp_loop/prj/device_map/eth_udp_loop.pcf(line number: 6)] | Port eth_txd[0] has been placed at location F13, whose type is share pin.
Executing : def_port {eth_txd[0]} LOC=F13 VCCIO=1.8 IOSTANDARD=LVCMOS18 DRIVE=8 SLEW=SLOW NONE=TRUE successfully
Executing : def_port {eth_txd[1]} LOC=E13 VCCIO=1.8 IOSTANDARD=LVCMOS18 DRIVE=8 SLEW=SLOW NONE=TRUE
C: ConstraintEditor-2002: [C:/Users/Admin/Desktop/25G/4_eth_udp_loop/prj/device_map/eth_udp_loop.pcf(line number: 7)] | Port eth_txd[1] has been placed at location E13, whose type is share pin.
Executing : def_port {eth_txd[1]} LOC=E13 VCCIO=1.8 IOSTANDARD=LVCMOS18 DRIVE=8 SLEW=SLOW NONE=TRUE successfully
Executing : def_port {eth_txd[2]} LOC=B14 VCCIO=1.8 IOSTANDARD=LVCMOS18 DRIVE=8 SLEW=SLOW NONE=TRUE
Executing : def_port {eth_txd[2]} LOC=B14 VCCIO=1.8 IOSTANDARD=LVCMOS18 DRIVE=8 SLEW=SLOW NONE=TRUE successfully
Executing : def_port {eth_txd[3]} LOC=A14 VCCIO=1.8 IOSTANDARD=LVCMOS18 DRIVE=8 SLEW=SLOW NONE=TRUE
Executing : def_port {eth_txd[3]} LOC=A14 VCCIO=1.8 IOSTANDARD=LVCMOS18 DRIVE=8 SLEW=SLOW NONE=TRUE successfully
Executing : def_port {eth_rx_ctl} LOC=D11 VCCIO=1.8 IOSTANDARD=LVCMOS18 NONE=TRUE
Executing : def_port {eth_rx_ctl} LOC=D11 VCCIO=1.8 IOSTANDARD=LVCMOS18 NONE=TRUE successfully
Executing : def_port {eth_rxc} LOC=C11 VCCIO=1.8 IOSTANDARD=LVCMOS18 NONE=TRUE
Executing : def_port {eth_rxc} LOC=C11 VCCIO=1.8 IOSTANDARD=LVCMOS18 NONE=TRUE successfully
Executing : def_port {eth_rxd[0]} LOC=B16 VCCIO=1.8 IOSTANDARD=LVCMOS18 NONE=TRUE
C: ConstraintEditor-2002: [C:/Users/Admin/Desktop/25G/4_eth_udp_loop/prj/device_map/eth_udp_loop.pcf(line number: 12)] | Port eth_rxd[0] has been placed at location B16, whose type is share pin.
Executing : def_port {eth_rxd[0]} LOC=B16 VCCIO=1.8 IOSTANDARD=LVCMOS18 NONE=TRUE successfully
Executing : def_port {eth_rxd[1]} LOC=A16 VCCIO=1.8 IOSTANDARD=LVCMOS18 NONE=TRUE
C: ConstraintEditor-2002: [C:/Users/Admin/Desktop/25G/4_eth_udp_loop/prj/device_map/eth_udp_loop.pcf(line number: 13)] | Port eth_rxd[1] has been placed at location A16, whose type is share pin.
Executing : def_port {eth_rxd[1]} LOC=A16 VCCIO=1.8 IOSTANDARD=LVCMOS18 NONE=TRUE successfully
Executing : def_port {eth_rxd[2]} LOC=D14 VCCIO=1.8 IOSTANDARD=LVCMOS18 NONE=TRUE
C: ConstraintEditor-2002: [C:/Users/Admin/Desktop/25G/4_eth_udp_loop/prj/device_map/eth_udp_loop.pcf(line number: 14)] | Port eth_rxd[2] has been placed at location D14, whose type is share pin.
Executing : def_port {eth_rxd[2]} LOC=D14 VCCIO=1.8 IOSTANDARD=LVCMOS18 NONE=TRUE successfully
Executing : def_port {eth_rxd[3]} LOC=C14 VCCIO=1.8 IOSTANDARD=LVCMOS18 NONE=TRUE
C: ConstraintEditor-2002: [C:/Users/Admin/Desktop/25G/4_eth_udp_loop/prj/device_map/eth_udp_loop.pcf(line number: 15)] | Port eth_rxd[3] has been placed at location C14, whose type is share pin.
Executing : def_port {eth_rxd[3]} LOC=C14 VCCIO=1.8 IOSTANDARD=LVCMOS18 NONE=TRUE successfully
Executing : def_port {sys_clk} LOC=V9 VCCIO=3.3 IOSTANDARD=LVCMOS33 NONE=TRUE
C: ConstraintEditor-2001: [C:/Users/Admin/Desktop/25G/4_eth_udp_loop/prj/device_map/eth_udp_loop.pcf(line number: 16)] Object 'sys_clk' is dangling, which has no connection. it will be ignored.
Executing : def_port {sys_clk} LOC=V9 VCCIO=3.3 IOSTANDARD=LVCMOS33 NONE=TRUE failed
Executing : def_port {sys_rst_n} LOC=C4 VCCIO=1.8 IOSTANDARD=LVCMOS18 NONE=TRUE
Executing : def_port {sys_rst_n} LOC=C4 VCCIO=1.8 IOSTANDARD=LVCMOS18 NONE=TRUE successfully
Constraint check end.
NOTE: The technology fpga was specified.
NOTE: delay_model specified was generic_cmos.
NOTE: Using the fpga syntax tables...
Totals:
 Calls to malloc = 0
 Calls to calloc = 5993935

I: Column Clock Check open.
Read Column Clock Map.

Placement started.
Phase 1 Pre global placement started.
Phase 1.1 1st GP placement started.
Design Utilization : 10%.
First map gop timing takes 0.06 sec
Worst slack after clock region global placement is 614
Wirelength after clock region global placement is 15094 and checksum is 698BC51E9E3C31FA.
1st GP placement takes 2.11 sec.

Phase 1.2 Clock placement started.
Mapping instance u_gmii_to_rgmii/u_rgmii_rx/U_pll_phase_shift/u_pll_e3/goppll to PLL_122_179.
Mapping instance clkbufg_0/gopclkbufg to USCM_56_112.
Mapping instance clkbufg_1/gopclkbufg to USCM_56_113.
Clock placement takes 0.17 sec.

Wirelength after Pre Global Placement is 15094 and checksum is 698BC51E9E3C31FA.
Pre global placement takes 2.38 sec.

Phase 2 Global placement started.
Phase 2.1 Fixed placement started.
Placed fixed group with base inst eth_rst_n_obuf/opit_1 on IOL_67_250.
Placed fixed group with base inst eth_rxc_ibuf/opit_1 on IOL_127_249.
Placed fixed group with base inst sys_rst_n_ibuf/opit_1 on IOL_19_249.
Placed fixed group with base inst u_gmii_to_rgmii/u_rgmii_rx/igddr1/gateigddr_IOL on IOL_227_250.
Placed fixed group with base inst u_gmii_to_rgmii/u_rgmii_rx/igddr2/gateigddr_IOL on IOL_227_249.
Placed fixed group with base inst u_gmii_to_rgmii/u_rgmii_rx/igddr3/gateigddr_IOL on IOL_223_250.
Placed fixed group with base inst u_gmii_to_rgmii/u_rgmii_rx/igddr4/gateigddr_IOL on IOL_223_249.
Placed fixed group with base inst u_gmii_to_rgmii/u_rgmii_rx/igddr5/gateigddr_IOL on IOL_127_250.
Placed fixed group with base inst u_gmii_to_rgmii/u_rgmii_tx/gtp_outbuft1/opit_1_IOL on IOL_135_249.
Placed fixed group with base inst u_gmii_to_rgmii/u_rgmii_tx/gtp_outbuft2/opit_1_IOL on IOL_199_249.
Placed fixed group with base inst u_gmii_to_rgmii/u_rgmii_tx/gtp_outbuft3/opit_1_IOL on IOL_199_250.
Placed fixed group with base inst u_gmii_to_rgmii/u_rgmii_tx/gtp_outbuft4/opit_1_IOL on IOL_207_249.
Placed fixed group with base inst u_gmii_to_rgmii/u_rgmii_tx/gtp_outbuft5/opit_1_IOL on IOL_207_250.
Placed fixed group with base inst u_gmii_to_rgmii/u_rgmii_tx/gtp_outbuft6/opit_1_IOL on IOL_135_250.
Placed fixed instance clkbufg_0/gopclkbufg on USCM_56_112.
Placed fixed instance clkbufg_1/gopclkbufg on USCM_56_113.
Placed fixed instance u_gmii_to_rgmii/u_rgmii_rx/U_pll_phase_shift/u_pll_e3/goppll on PLL_122_179.
Placed fixed instance BKCL_auto_0 on BKCL_138_253.
Fixed placement takes 0.05 sec.

Phase 2.2 Process placement started.
Process placement takes 0.00 sec.

Phase 2.3 IO placement started.
IO placement takes 0.02 sec.

Phase 2.4 2nd GP placement started.
Run super clustering :
	Initial slack -4356.
	9 iterations finished.
	Final slack -788.
Super clustering done.
Design Utilization : 10%.
Worst slack after global placement is 2249
2nd GP placement takes 0.81 sec.

Wirelength after global placement is 12649 and checksum is 357CC8E2F7AB80A4.
Global placement takes 0.88 sec.

Phase 3 Post global placement started.
Phase 3.1 Macro cell placement started.
I: Process macros using "Greedy".
Wirelength after macro cell placement is 12968 and checksum is 50AE04F6B75F3CE7.
Macro cell placement takes 0.00 sec.

Phase 3.2 3rd GP placement started.
Run super clustering :
	Initial slack -4356.
	9 iterations finished.
	Final slack -788.
Super clustering done.
Design Utilization : 10%.
Worst slack after post global placement is 2055
3rd GP placement takes 0.80 sec.

Wirelength after post global placement is 11829 and checksum is B937348AF5C17EE4.
Post global placement takes 0.80 sec.

Phase 4 Legalization started.
The average distance in LP is 0.653886.
Wirelength after legalization is 17005 and checksum is A68210E79D205330.
Legalization takes 0.12 sec.

Phase 5 Timing-driven detailed placement started.
Phase 5.1 Replication placement started.
Worst slack before Replication Place is 710.
Replication placement takes 0.06 sec.

Wirelength after replication placement is 17005 and checksum is A68210E79D205330.
Phase 5.2 DP placement started.
Legalized cost 710.000000.
The detailed placement ends at 1th iteration.
DP placement takes 0.08 sec.

Wirelength after detailed placement is 16989 and checksum is 2B96600782D5DBD.
Timing-driven detailed placement takes 0.14 sec.

Worst slack is 2179, TNS after placement is 0.
Placement done.
Total placement takes 4.84 sec.
Finished placement.

Routing started.
Building routing graph takes 0.64 sec.
Worst slack is 2179, TNS before global route is 0.
Processing design graph takes 0.22 sec.
Total memory for routing:
	65.175103 M.
Total nets for routing : 3673.
Rcf routing step 1 processed 0 nets, it takes 0.00 sec.
Rcf routing step 2 processed 0 nets, it takes 0.00 sec.
Rcf routing step 3 processed 0 nets, it takes 0.00 sec.
Unrouted nets 0 at the end of iteration 0.
Global Routing step 1 processed 80 nets, it takes 0.02 sec.
Unrouted nets 117 at the end of iteration 0.
Unrouted nets 80 at the end of iteration 1.
Unrouted nets 63 at the end of iteration 2.
Unrouted nets 58 at the end of iteration 3.
Unrouted nets 42 at the end of iteration 4.
Unrouted nets 34 at the end of iteration 5.
Unrouted nets 21 at the end of iteration 6.
Unrouted nets 22 at the end of iteration 7.
Unrouted nets 17 at the end of iteration 8.
Unrouted nets 12 at the end of iteration 9.
Unrouted nets 8 at the end of iteration 10.
Unrouted nets 7 at the end of iteration 11.
Unrouted nets 4 at the end of iteration 12.
Unrouted nets 2 at the end of iteration 13.
Unrouted nets 2 at the end of iteration 14.
Unrouted nets 2 at the end of iteration 15.
Unrouted nets 2 at the end of iteration 16.
Unrouted nets 2 at the end of iteration 17.
Unrouted nets 2 at the end of iteration 18.
Unrouted nets 1 at the end of iteration 19.
Unrouted nets 1 at the end of iteration 20.
Unrouted nets 1 at the end of iteration 21.
Unrouted nets 1 at the end of iteration 22.
Unrouted nets 1 at the end of iteration 23.
Unrouted nets 1 at the end of iteration 24.
Unrouted nets 1 at the end of iteration 25.
Unrouted nets 1 at the end of iteration 26.
Unrouted nets 1 at the end of iteration 27.
Unrouted nets 1 at the end of iteration 28.
Unrouted nets 1 at the end of iteration 29.
Unrouted nets 1 at the end of iteration 30.
Unrouted nets 1 at the end of iteration 31.
Unrouted nets 1 at the end of iteration 32.
Unrouted nets 1 at the end of iteration 33.
Unrouted nets 1 at the end of iteration 34.
Unrouted nets 1 at the end of iteration 35.
Unrouted nets 1 at the end of iteration 36.
Unrouted nets 1 at the end of iteration 37.
Unrouted nets 1 at the end of iteration 38.
Unrouted nets 1 at the end of iteration 39.
Unrouted nets 1 at the end of iteration 40.
Unrouted nets 1 at the end of iteration 41.
Unrouted nets 1 at the end of iteration 42.
Unrouted nets 0 at the end of iteration 43.
Global Routing step 2 processed 368 nets, it takes 0.73 sec.
Unrouted nets 17 at the end of iteration 0.
Unrouted nets 3 at the end of iteration 1.
Unrouted nets 0 at the end of iteration 2.
Global Routing step 3 processed 52 nets, it takes 0.05 sec.
Global routing takes 0.81 sec.
Total 3801 subnets.
    forward max bucket size 693 , backward 232.
        Unrouted nets 2422 at the end of iteration 0.
    route iteration 0, CPU time elapsed 0.296875 sec.
    forward max bucket size 668 , backward 231.
        Unrouted nets 2137 at the end of iteration 1.
    route iteration 1, CPU time elapsed 0.203125 sec.
    forward max bucket size 28 , backward 27.
        Unrouted nets 1707 at the end of iteration 2.
    route iteration 2, CPU time elapsed 0.156250 sec.
    forward max bucket size 30 , backward 26.
        Unrouted nets 1444 at the end of iteration 3.
    route iteration 3, CPU time elapsed 0.140625 sec.
    forward max bucket size 30 , backward 28.
        Unrouted nets 1250 at the end of iteration 4.
    route iteration 4, CPU time elapsed 0.109375 sec.
    forward max bucket size 32 , backward 35.
        Unrouted nets 1103 at the end of iteration 5.
    route iteration 5, CPU time elapsed 0.093750 sec.
    forward max bucket size 30 , backward 52.
        Unrouted nets 924 at the end of iteration 6.
    route iteration 6, CPU time elapsed 0.093750 sec.
    forward max bucket size 32 , backward 44.
        Unrouted nets 804 at the end of iteration 7.
    route iteration 7, CPU time elapsed 0.078125 sec.
    forward max bucket size 35 , backward 35.
        Unrouted nets 630 at the end of iteration 8.
    route iteration 8, CPU time elapsed 0.062500 sec.
    forward max bucket size 22 , backward 48.
        Unrouted nets 551 at the end of iteration 9.
    route iteration 9, CPU time elapsed 0.046875 sec.
    forward max bucket size 32 , backward 38.
        Unrouted nets 479 at the end of iteration 10.
    route iteration 10, CPU time elapsed 0.046875 sec.
    forward max bucket size 30 , backward 34.
        Unrouted nets 386 at the end of iteration 11.
    route iteration 11, CPU time elapsed 0.046875 sec.
    forward max bucket size 26 , backward 40.
        Unrouted nets 334 at the end of iteration 12.
    route iteration 12, CPU time elapsed 0.031250 sec.
    forward max bucket size 29 , backward 66.
        Unrouted nets 291 at the end of iteration 13.
    route iteration 13, CPU time elapsed 0.031250 sec.
    forward max bucket size 28 , backward 22.
        Unrouted nets 249 at the end of iteration 14.
    route iteration 14, CPU time elapsed 0.031250 sec.
    forward max bucket size 22 , backward 26.
        Unrouted nets 233 at the end of iteration 15.
    route iteration 15, CPU time elapsed 0.015625 sec.
    forward max bucket size 26 , backward 51.
        Unrouted nets 189 at the end of iteration 16.
    route iteration 16, CPU time elapsed 0.031250 sec.
    forward max bucket size 30 , backward 36.
        Unrouted nets 158 at the end of iteration 17.
    route iteration 17, CPU time elapsed 0.031250 sec.
    forward max bucket size 24 , backward 20.
        Unrouted nets 131 at the end of iteration 18.
    route iteration 18, CPU time elapsed 0.015625 sec.
    forward max bucket size 39 , backward 28.
        Unrouted nets 105 at the end of iteration 19.
    route iteration 19, CPU time elapsed 0.015625 sec.
    forward max bucket size 26 , backward 25.
        Unrouted nets 85 at the end of iteration 20.
    route iteration 20, CPU time elapsed 0.015625 sec.
    forward max bucket size 23 , backward 16.
        Unrouted nets 92 at the end of iteration 21.
    route iteration 21, CPU time elapsed 0.000000 sec.
    forward max bucket size 23 , backward 28.
        Unrouted nets 80 at the end of iteration 22.
    route iteration 22, CPU time elapsed 0.000000 sec.
    forward max bucket size 25 , backward 23.
        Unrouted nets 54 at the end of iteration 23.
    route iteration 23, CPU time elapsed 0.015625 sec.
    forward max bucket size 29 , backward 27.
        Unrouted nets 55 at the end of iteration 24.
    route iteration 24, CPU time elapsed 0.015625 sec.
    forward max bucket size 24 , backward 17.
        Unrouted nets 41 at the end of iteration 25.
    route iteration 25, CPU time elapsed 0.000000 sec.
    forward max bucket size 18 , backward 31.
        Unrouted nets 36 at the end of iteration 26.
    route iteration 26, CPU time elapsed 0.015625 sec.
    forward max bucket size 17 , backward 28.
        Unrouted nets 33 at the end of iteration 27.
    route iteration 27, CPU time elapsed 0.000000 sec.
    forward max bucket size 20 , backward 22.
        Unrouted nets 27 at the end of iteration 28.
    route iteration 28, CPU time elapsed 0.000000 sec.
    forward max bucket size 19 , backward 24.
        Unrouted nets 25 at the end of iteration 29.
    route iteration 29, CPU time elapsed 0.000000 sec.
    forward max bucket size 18 , backward 28.
        Unrouted nets 28 at the end of iteration 30.
    route iteration 30, CPU time elapsed 0.000000 sec.
    forward max bucket size 17 , backward 33.
        Unrouted nets 20 at the end of iteration 31.
    route iteration 31, CPU time elapsed 0.015625 sec.
    forward max bucket size 17 , backward 32.
        Unrouted nets 18 at the end of iteration 32.
    route iteration 32, CPU time elapsed 0.000000 sec.
    forward max bucket size 17 , backward 14.
        Unrouted nets 11 at the end of iteration 33.
    route iteration 33, CPU time elapsed 0.000000 sec.
    forward max bucket size 17 , backward 10.
        Unrouted nets 11 at the end of iteration 34.
    route iteration 34, CPU time elapsed 0.015625 sec.
    forward max bucket size 17 , backward 6.
        Unrouted nets 10 at the end of iteration 35.
    route iteration 35, CPU time elapsed 0.000000 sec.
    forward max bucket size 17 , backward 11.
        Unrouted nets 8 at the end of iteration 36.
    route iteration 36, CPU time elapsed 0.000000 sec.
    forward max bucket size 17 , backward 10.
        Unrouted nets 8 at the end of iteration 37.
    route iteration 37, CPU time elapsed 0.015625 sec.
    forward max bucket size 17 , backward 10.
        Unrouted nets 6 at the end of iteration 38.
    route iteration 38, CPU time elapsed 0.000000 sec.
    forward max bucket size 17 , backward 11.
        Unrouted nets 6 at the end of iteration 39.
    route iteration 39, CPU time elapsed 0.000000 sec.
    forward max bucket size 17 , backward 15.
        Unrouted nets 6 at the end of iteration 40.
    route iteration 40, CPU time elapsed 0.000000 sec.
    forward max bucket size 17 , backward 7.
        Unrouted nets 6 at the end of iteration 41.
    route iteration 41, CPU time elapsed 0.000000 sec.
    forward max bucket size 17 , backward 7.
        Unrouted nets 6 at the end of iteration 42.
    route iteration 42, CPU time elapsed 0.000000 sec.
    forward max bucket size 17 , backward 5.
        Unrouted nets 6 at the end of iteration 43.
    route iteration 43, CPU time elapsed 0.015625 sec.
    forward max bucket size 17 , backward 8.
        Unrouted nets 6 at the end of iteration 44.
    route iteration 44, CPU time elapsed 0.000000 sec.
    forward max bucket size 17 , backward 12.
        Unrouted nets 8 at the end of iteration 45.
    route iteration 45, CPU time elapsed 0.000000 sec.
    forward max bucket size 17 , backward 13.
        Unrouted nets 9 at the end of iteration 46.
    route iteration 46, CPU time elapsed 0.015625 sec.
    forward max bucket size 17 , backward 15.
        Unrouted nets 11 at the end of iteration 47.
    route iteration 47, CPU time elapsed 0.000000 sec.
    forward max bucket size 17 , backward 14.
        Unrouted nets 10 at the end of iteration 48.
    route iteration 48, CPU time elapsed 0.000000 sec.
    forward max bucket size 18 , backward 12.
        Unrouted nets 6 at the end of iteration 49.
    route iteration 49, CPU time elapsed 0.015625 sec.
    forward max bucket size 17 , backward 14.
        Unrouted nets 6 at the end of iteration 50.
    route iteration 50, CPU time elapsed 0.000000 sec.
    forward max bucket size 17 , backward 6.
        Unrouted nets 6 at the end of iteration 51.
    route iteration 51, CPU time elapsed 0.000000 sec.
    forward max bucket size 17 , backward 13.
        Unrouted nets 4 at the end of iteration 52.
    route iteration 52, CPU time elapsed 0.015625 sec.
    forward max bucket size 17 , backward 4.
        Unrouted nets 4 at the end of iteration 53.
    route iteration 53, CPU time elapsed 0.000000 sec.
    forward max bucket size 17 , backward 4.
        Unrouted nets 4 at the end of iteration 54.
    route iteration 54, CPU time elapsed 0.000000 sec.
    forward max bucket size 17 , backward 4.
        Unrouted nets 4 at the end of iteration 55.
    route iteration 55, CPU time elapsed 0.015625 sec.
    forward max bucket size 17 , backward 4.
        Unrouted nets 4 at the end of iteration 56.
    route iteration 56, CPU time elapsed 0.000000 sec.
    forward max bucket size 17 , backward 4.
        Unrouted nets 4 at the end of iteration 57.
    route iteration 57, CPU time elapsed 0.000000 sec.
    forward max bucket size 17 , backward 4.
        Unrouted nets 4 at the end of iteration 58.
    route iteration 58, CPU time elapsed 0.015625 sec.
    forward max bucket size 17 , backward 4.
        Unrouted nets 4 at the end of iteration 59.
    route iteration 59, CPU time elapsed 0.000000 sec.
    forward max bucket size 17 , backward 4.
        Unrouted nets 4 at the end of iteration 60.
    route iteration 60, CPU time elapsed 0.000000 sec.
    forward max bucket size 17 , backward 4.
        Unrouted nets 4 at the end of iteration 61.
    route iteration 61, CPU time elapsed 0.015625 sec.
    forward max bucket size 17 , backward 4.
        Unrouted nets 4 at the end of iteration 62.
    route iteration 62, CPU time elapsed 0.000000 sec.
    forward max bucket size 17 , backward 4.
        Unrouted nets 4 at the end of iteration 63.
    route iteration 63, CPU time elapsed 0.000000 sec.
    forward max bucket size 17 , backward 4.
        Unrouted nets 4 at the end of iteration 64.
    route iteration 64, CPU time elapsed 0.000000 sec.
    forward max bucket size 17 , backward 4.
        Unrouted nets 4 at the end of iteration 65.
    route iteration 65, CPU time elapsed 0.015625 sec.
    forward max bucket size 17 , backward 4.
        Unrouted nets 4 at the end of iteration 66.
    route iteration 66, CPU time elapsed 0.000000 sec.
    forward max bucket size 17 , backward 4.
        Unrouted nets 4 at the end of iteration 67.
    route iteration 67, CPU time elapsed 0.000000 sec.
    forward max bucket size 17 , backward 4.
        Unrouted nets 4 at the end of iteration 68.
    route iteration 68, CPU time elapsed 0.015625 sec.
    forward max bucket size 17 , backward 4.
        Unrouted nets 4 at the end of iteration 69.
    route iteration 69, CPU time elapsed 0.000000 sec.
    forward max bucket size 17 , backward 4.
        Unrouted nets 4 at the end of iteration 70.
    route iteration 70, CPU time elapsed 0.000000 sec.
    forward max bucket size 17 , backward 4.
        Unrouted nets 4 at the end of iteration 71.
    route iteration 71, CPU time elapsed 0.015625 sec.
    forward max bucket size 17 , backward 4.
        Unrouted nets 4 at the end of iteration 72.
    route iteration 72, CPU time elapsed 0.000000 sec.
    forward max bucket size 17 , backward 4.
        Unrouted nets 4 at the end of iteration 73.
    route iteration 73, CPU time elapsed 0.000000 sec.
    forward max bucket size 17 , backward 4.
        Unrouted nets 4 at the end of iteration 74.
    route iteration 74, CPU time elapsed 0.000000 sec.
    forward max bucket size 17 , backward 4.
        Unrouted nets 4 at the end of iteration 75.
    route iteration 75, CPU time elapsed 0.000000 sec.
    forward max bucket size 17 , backward 4.
        Unrouted nets 4 at the end of iteration 76.
    route iteration 76, CPU time elapsed 0.000000 sec.
    forward max bucket size 17 , backward 4.
        Unrouted nets 4 at the end of iteration 77.
    route iteration 77, CPU time elapsed 0.000000 sec.
    forward max bucket size 17 , backward 4.
        Unrouted nets 4 at the end of iteration 78.
    route iteration 78, CPU time elapsed 0.015625 sec.
    forward max bucket size 17 , backward 4.
        Unrouted nets 4 at the end of iteration 79.
    route iteration 79, CPU time elapsed 0.000000 sec.
    forward max bucket size 17 , backward 4.
        Unrouted nets 4 at the end of iteration 80.
    route iteration 80, CPU time elapsed 0.000000 sec.
    forward max bucket size 17 , backward 4.
        Unrouted nets 4 at the end of iteration 81.
    route iteration 81, CPU time elapsed 0.015625 sec.
    forward max bucket size 17 , backward 4.
        Unrouted nets 4 at the end of iteration 82.
    route iteration 82, CPU time elapsed 0.000000 sec.
    forward max bucket size 17 , backward 4.
        Unrouted nets 4 at the end of iteration 83.
    route iteration 83, CPU time elapsed 0.000000 sec.
    forward max bucket size 17 , backward 4.
        Unrouted nets 4 at the end of iteration 84.
    route iteration 84, CPU time elapsed 0.000000 sec.
    forward max bucket size 17 , backward 4.
        Unrouted nets 4 at the end of iteration 85.
    route iteration 85, CPU time elapsed 0.000000 sec.
    forward max bucket size 17 , backward 4.
        Unrouted nets 4 at the end of iteration 86.
    route iteration 86, CPU time elapsed 0.000000 sec.
    forward max bucket size 17 , backward 4.
        Unrouted nets 4 at the end of iteration 87.
    route iteration 87, CPU time elapsed 0.000000 sec.
    forward max bucket size 17 , backward 4.
        Unrouted nets 4 at the end of iteration 88.
    route iteration 88, CPU time elapsed 0.000000 sec.
    forward max bucket size 17 , backward 4.
        Unrouted nets 4 at the end of iteration 89.
    route iteration 89, CPU time elapsed 0.000000 sec.
    forward max bucket size 17 , backward 4.
        Unrouted nets 4 at the end of iteration 90.
    route iteration 90, CPU time elapsed 0.000000 sec.
    forward max bucket size 17 , backward 4.
        Unrouted nets 4 at the end of iteration 91.
    route iteration 91, CPU time elapsed 0.015625 sec.
    forward max bucket size 17 , backward 4.
        Unrouted nets 4 at the end of iteration 92.
    route iteration 92, CPU time elapsed 0.000000 sec.
    forward max bucket size 17 , backward 4.
        Unrouted nets 4 at the end of iteration 93.
    route iteration 93, CPU time elapsed 0.000000 sec.
    forward max bucket size 17 , backward 4.
        Unrouted nets 4 at the end of iteration 94.
    route iteration 94, CPU time elapsed 0.015625 sec.
    forward max bucket size 17 , backward 4.
        Unrouted nets 4 at the end of iteration 95.
    route iteration 95, CPU time elapsed 0.000000 sec.
    forward max bucket size 17 , backward 4.
        Unrouted nets 4 at the end of iteration 96.
    route iteration 96, CPU time elapsed 0.000000 sec.
    forward max bucket size 17 , backward 4.
        Unrouted nets 4 at the end of iteration 97.
    route iteration 97, CPU time elapsed 0.000000 sec.
    forward max bucket size 17 , backward 4.
        Unrouted nets 4 at the end of iteration 98.
    route iteration 98, CPU time elapsed 0.000000 sec.
    forward max bucket size 17 , backward 4.
        Unrouted nets 4 at the end of iteration 99.
    route iteration 99, CPU time elapsed 0.000000 sec.
    forward max bucket size 17 , backward 4.
        Unrouted nets 4 at the end of iteration 100.
    route iteration 100, CPU time elapsed 0.000000 sec.
    forward max bucket size 17 , backward 4.
        Unrouted nets 4 at the end of iteration 101.
    route iteration 101, CPU time elapsed 0.015625 sec.
    forward max bucket size 17 , backward 4.
        Unrouted nets 4 at the end of iteration 102.
    route iteration 102, CPU time elapsed 0.000000 sec.
    forward max bucket size 17 , backward 4.
        Unrouted nets 4 at the end of iteration 103.
    route iteration 103, CPU time elapsed 0.000000 sec.
    forward max bucket size 17 , backward 4.
        Unrouted nets 4 at the end of iteration 104.
    route iteration 104, CPU time elapsed 0.015625 sec.
    forward max bucket size 17 , backward 4.
        Unrouted nets 4 at the end of iteration 105.
    route iteration 105, CPU time elapsed 0.000000 sec.
    forward max bucket size 17 , backward 4.
        Unrouted nets 4 at the end of iteration 106.
    route iteration 106, CPU time elapsed 0.000000 sec.
    forward max bucket size 17 , backward 4.
        Unrouted nets 4 at the end of iteration 107.
    route iteration 107, CPU time elapsed 0.015625 sec.
    forward max bucket size 17 , backward 4.
        Unrouted nets 4 at the end of iteration 108.
    route iteration 108, CPU time elapsed 0.000000 sec.
    forward max bucket size 17 , backward 4.
        Unrouted nets 4 at the end of iteration 109.
    route iteration 109, CPU time elapsed 0.000000 sec.
    forward max bucket size 15 , backward 8.
        Unrouted nets 10 at the end of iteration 110.
    route iteration 110, CPU time elapsed 0.015625 sec.
    forward max bucket size 17 , backward 12.
        Unrouted nets 7 at the end of iteration 111.
    route iteration 111, CPU time elapsed 0.000000 sec.
    forward max bucket size 14 , backward 7.
        Unrouted nets 6 at the end of iteration 112.
    route iteration 112, CPU time elapsed 0.000000 sec.
    forward max bucket size 14 , backward 14.
        Unrouted nets 3 at the end of iteration 113.
    route iteration 113, CPU time elapsed 0.015625 sec.
    forward max bucket size 14 , backward 9.
        Unrouted nets 11 at the end of iteration 114.
    route iteration 114, CPU time elapsed 0.000000 sec.
    forward max bucket size 14 , backward 6.
        Unrouted nets 2 at the end of iteration 115.
    route iteration 115, CPU time elapsed 0.000000 sec.
    forward max bucket size 8 , backward 4.
        Unrouted nets 0 at the end of iteration 116.
    route iteration 116, CPU time elapsed 0.015625 sec.
Detailed routing takes 116 iterations
Detailed routing takes 2.17 sec.
Start fix hold violation.
Build tmp routing results takes 0.03 sec.
Timing analysis takes 0.03 sec.
No hold violation.
Hold Violation Fix in router takes 0 iterations.
Fix hold violation Finished.
Hold Violation Fix in router takes 0.19 sec.

Dispose routing result:
    Collect routing result.
    Delete unused device instances.
    Annotate routing result.
    Change LUT configuration.
    Dispose misc instances.
    Annotate routing result again.
Finish routing takes 0.11 sec.
Used SRB routing arc is 27302.
Cleanup routing takes 0.00 sec.
Routing done.
Total routing takes 4.41 sec.


Device Utilization Summary :
+---------------------------------------------------------------------------+
| Logic Utilization        | Used     | Available     | Utilization(%)     
+---------------------------------------------------------------------------+
| Use of APM               | 0        | 40            | 0                  
| Use of BKCL              | 1        | 4             | 25                 
| Use of CLMA              | 425      | 3748          | 12                 
|   FF                     | 1026     | 22488         | 5                  
|   LUT                    | 1418     | 14992         | 10                 
|   LUT-FF pairs           | 343      | 14992         | 3                  
| Use of CLMS              | 209      | 1892          | 12                 
|   FF                     | 586      | 11352         | 6                  
|   LUT                    | 707      | 7568          | 10                 
|   LUT-FF pairs           | 177      | 7568          | 3                  
|   Distributed RAM        | 0        | 7568          | 0                  
| Use of CRYSTAL           | 0        | 4             | 0                  
| Use of DLL               | 0        | 8             | 0                  
| Use of DQSL              | 0        | 12            | 0                  
| Use of DRM               | 1        | 60            | 2                  
| Use of FUSECODE          | 0        | 1             | 0                  
| Use of HARD0N1           | 107      | 3480          | 4                  
| Use of IO                | 14       | 226           | 7                  
|   IOBD                   | 7        | 57            | 13                 
|   IOBR                   | 3        | 12            | 25                 
|   IOBS                   | 4        | 157           | 3                  
| Use of IOCKDIV           | 0        | 16            | 0                  
| Use of IOCKDLY           | 0        | 32            | 0                  
| Use of IOCKGATE          | 0        | 16            | 0                  
| Use of IOCKGMUX_TEST     | 0        | 16            | 0                  
| Use of IOL               | 14       | 308           | 5                  
| Use of IPAL              | 0        | 1             | 0                  
| Use of MFG_TEST          | 0        | 1             | 0                  
| Use of OSC               | 0        | 1             | 0                  
| Use of PLL               | 1        | 4             | 25                 
| Use of PREGMUX_TEST      | 0        | 4             | 0                  
| Use of RCKB              | 0        | 16            | 0                  
|  RCKB dataused           | 0        | 16            | 0                  
| Use of RCKBMUX_TEST      | 0        | 8             | 0                  
| Use of RESCAL            | 0        | 4             | 0                  
| Use of SCANCHAIN         | 0        | 2             | 0                  
| Use of START             | 1        | 1             | 100                
| Use of UDID              | 0        | 1             | 0                  
| Use of USCM              | 3        | 30            | 10                 
|  USCM dataused           | 0        | 30            | 0                  
| Use of USCMMUX_TEST      | 0        | 30            | 0                  
| Use of VCKBMUX_TEST      | 0        | 8             | 0                  
+---------------------------------------------------------------------------+

Finished routing.
Design 'eth_udp_loop' has been placed and routed successfully.
Saving design to DB.
Finished placement and routing.
Action pnr: Real time elapsed is 0h:0m:18s
Action pnr: CPU time elapsed is 0h:0m:16s
Action pnr: Process CPU time elapsed is 0h:0m:20s
Current time: Mon Oct  9 19:37:41 2023
Action pnr: Peak memory pool usage is 818 MB
Action from compile to pnr: Total Real Time elapsed is 0h:0m:41s
Action from compile to pnr: Total CPU time elapsed is 0h:0m:29s
Action from compile to pnr: Total Process CPU Time elapsed is 0h:0m:34s
Process "Place & Route" done.


Process "Report Timing" started.
Current time: Mon Oct  9 19:37:42 2023
Compiling architecture definition.
Analyzing project file 'C:/Users/Admin/Desktop/25G/4_eth_udp_loop/prj/eth_udp_loop.pds'.
Compiling verification operator library.
Compiling common defs.
Compiling prim grid devices.
Compiling gate devices.
Compiling gate operators.
Building architecture model.
Loading device packaging model.
Reading design from pnr DB.
Start Report Post-PnR timing.
NOTE: The technology fpga was specified.
NOTE: delay_model specified was generic_cmos.
NOTE: Using the fpga syntax tables...
Totals:
 Calls to malloc = 0
 Calls to calloc = 5993935

W: Flow-4065: The port sys_clk has a sdc constraint, but it do not connect to any pin.
Constructing timing graph ...
Timing graph has been constructed successfully
C: STA-3009: The clock sys_clk is not connected to any clock endpoints,it will be treated as a normal port or pin.
W: Timing-4087: Port 'eth_rst_n' is not constrained, it is treated as combinational output.
W: Timing-4087: Port 'eth_tx_ctl' is not constrained, it is treated as combinational output.
W: Timing-4087: Port 'eth_txc' is not constrained, it is treated as combinational output.
W: Timing-4087: Port 'eth_txd[0]' is not constrained, it is treated as combinational output.
W: Timing-4087: Port 'eth_txd[1]' is not constrained, it is treated as combinational output.
W: Timing-4087: Port 'eth_txd[2]' is not constrained, it is treated as combinational output.
W: Timing-4087: Port 'eth_txd[3]' is not constrained, it is treated as combinational output.
W: Timing-4086: Port 'eth_rx_ctl' is not constrained, it is treated as combinational input.
W: Timing-4086: Port 'eth_rxd[0]' is not constrained, it is treated as combinational input.
W: Timing-4086: Port 'eth_rxd[1]' is not constrained, it is treated as combinational input.
W: Timing-4086: Port 'eth_rxd[2]' is not constrained, it is treated as combinational input.
W: Timing-4086: Port 'eth_rxd[3]' is not constrained, it is treated as combinational input.
W: Timing-4086: Port 'sys_rst_n' is not constrained, it is treated as combinational input.
Report timing is finished successfully.
Action report_timing: Real time elapsed is 0h:0m:6s
Action report_timing: CPU time elapsed is 0h:0m:4s
Action report_timing: Process CPU time elapsed is 0h:0m:5s
Current time: Mon Oct  9 19:37:47 2023
Action report_timing: Peak memory pool usage is 854 MB
Action from compile to report_timing: Total Real Time elapsed is 0h:0m:47s
Action from compile to report_timing: Total CPU time elapsed is 0h:0m:33s
Action from compile to report_timing: Total Process CPU Time elapsed is 0h:0m:39s
Process "Report Timing" done.


Process "Generate Bitstream" started.
Current time: Mon Oct  9 19:37:47 2023
Compiling architecture definition.
Analyzing project file 'C:/Users/Admin/Desktop/25G/4_eth_udp_loop/prj/eth_udp_loop.pds'.
Compiling verification operator library.
Compiling common defs.
Compiling prim grid devices.
Compiling gate devices.
Compiling gate operators.
Building architecture model.
Loading device packaging model.
Reading design from DB.
Start Generating Programming File...
Reading design from DB takes 0.312500 sec.
Generating architecture configuration.
The bitstream file is "C:/Users/Admin/Desktop/25G/4_eth_udp_loop/prj/generate_bitstream/eth_udp_loop.sbit"
Generate programming file takes 2.515625 sec.
Generating Programming File done.
Action gen_bit_stream: Real time elapsed is 0h:0m:7s
Action gen_bit_stream: CPU time elapsed is 0h:0m:5s
Action gen_bit_stream: Process CPU time elapsed is 0h:0m:5s
Current time: Mon Oct  9 19:37:53 2023
Action gen_bit_stream: Peak memory pool usage is 423 MB
Action from compile to gen_bit_stream: Total Real Time elapsed is 0h:0m:54s
Action from compile to gen_bit_stream: Total CPU time elapsed is 0h:0m:38s
Action from compile to gen_bit_stream: Total Process CPU Time elapsed is 0h:0m:44s
Process "Generate Bitstream" done.
Process exit normally.
