#Build: Fabric Compiler 2022.2-SP4.2, Build 132111, Aug 13 06:22 2023
#Install: D:\ywd\pds_2022.2-sp4.2-ads-win64\PDS_2022.2-SP4.2-ads\bin
#Application name: pds_shell.exe
#OS: Windows 10 10.0.19045
#Hostname: DESKTOP-HN5R6GK
Generated by Fabric Compiler (version 2022.2-SP4.2 build 132111) at Wed Jan 31 20:18:01 2024
License checkout: fabric_ads from C:\pango\license\new_pds_584120290F2C.lic
Compiling verification operator library.
Loading technology operator library.
Compiling technology operator library.
Compiling technology operator (valence) library.
I: Enable Verilog2k features and keywords
Start rtl-analyze.
Executing : .rtl_analyze -work work -include_path {C:/Users/VIDEO/Desktop/52_eth_udp_loop/prj} C:/Users/VIDEO/Desktop/52_eth_udp_loop/rtl/udp/udp.v
I: Verilog-0001: Analyzing file C:/Users/VIDEO/Desktop/52_eth_udp_loop/rtl/udp/udp.v
I: Verilog-0002: [C:/Users/VIDEO/Desktop/52_eth_udp_loop/rtl/udp/udp.v(line number: 23)] Analyzing module udp (library work)
Parsing done.
Executing : .rtl_analyze -work work -include_path {C:/Users/VIDEO/Desktop/52_eth_udp_loop/prj} C:/Users/VIDEO/Desktop/52_eth_udp_loop/rtl/udp/udp.v successfully.
Executing : .rtl_analyze -work work -include_path {C:/Users/VIDEO/Desktop/52_eth_udp_loop/prj} C:/Users/VIDEO/Desktop/52_eth_udp_loop/rtl/udp/udp_rx.v
I: Verilog-0001: Analyzing file C:/Users/VIDEO/Desktop/52_eth_udp_loop/rtl/udp/udp_rx.v
I: Verilog-0002: [C:/Users/VIDEO/Desktop/52_eth_udp_loop/rtl/udp/udp_rx.v(line number: 23)] Analyzing module udp_rx (library work)
Parsing done.
Executing : .rtl_analyze -work work -include_path {C:/Users/VIDEO/Desktop/52_eth_udp_loop/prj} C:/Users/VIDEO/Desktop/52_eth_udp_loop/rtl/udp/udp_rx.v successfully.
Executing : .rtl_analyze -work work -include_path {C:/Users/VIDEO/Desktop/52_eth_udp_loop/prj} C:/Users/VIDEO/Desktop/52_eth_udp_loop/rtl/udp/udp_tx.v
I: Verilog-0001: Analyzing file C:/Users/VIDEO/Desktop/52_eth_udp_loop/rtl/udp/udp_tx.v
I: Verilog-0002: [C:/Users/VIDEO/Desktop/52_eth_udp_loop/rtl/udp/udp_tx.v(line number: 23)] Analyzing module udp_tx (library work)
Parsing done.
Executing : .rtl_analyze -work work -include_path {C:/Users/VIDEO/Desktop/52_eth_udp_loop/prj} C:/Users/VIDEO/Desktop/52_eth_udp_loop/rtl/udp/udp_tx.v successfully.
Executing : .rtl_analyze -work work -include_path {C:/Users/VIDEO/Desktop/52_eth_udp_loop/prj} C:/Users/VIDEO/Desktop/52_eth_udp_loop/rtl/eth_ctrl.v
I: Verilog-0001: Analyzing file C:/Users/VIDEO/Desktop/52_eth_udp_loop/rtl/eth_ctrl.v
I: Verilog-0002: [C:/Users/VIDEO/Desktop/52_eth_udp_loop/rtl/eth_ctrl.v(line number: 23)] Analyzing module eth_ctrl (library work)
Parsing done.
Executing : .rtl_analyze -work work -include_path {C:/Users/VIDEO/Desktop/52_eth_udp_loop/prj} C:/Users/VIDEO/Desktop/52_eth_udp_loop/rtl/eth_ctrl.v successfully.
Executing : .rtl_analyze -work work -include_path {C:/Users/VIDEO/Desktop/52_eth_udp_loop/prj} C:/Users/VIDEO/Desktop/52_eth_udp_loop/rtl/eth_udp_loop.v
I: Verilog-0001: Analyzing file C:/Users/VIDEO/Desktop/52_eth_udp_loop/rtl/eth_udp_loop.v
I: Verilog-0002: [C:/Users/VIDEO/Desktop/52_eth_udp_loop/rtl/eth_udp_loop.v(line number: 23)] Analyzing module eth_udp_loop (library work)
Parsing done.
Executing : .rtl_analyze -work work -include_path {C:/Users/VIDEO/Desktop/52_eth_udp_loop/prj} C:/Users/VIDEO/Desktop/52_eth_udp_loop/rtl/eth_udp_loop.v successfully.
Executing : .rtl_analyze -work work -include_path {C:/Users/VIDEO/Desktop/52_eth_udp_loop/prj} C:/Users/VIDEO/Desktop/52_eth_udp_loop/rtl/arp/arp.v
I: Verilog-0001: Analyzing file C:/Users/VIDEO/Desktop/52_eth_udp_loop/rtl/arp/arp.v
I: Verilog-0002: [C:/Users/VIDEO/Desktop/52_eth_udp_loop/rtl/arp/arp.v(line number: 23)] Analyzing module arp (library work)
Parsing done.
Executing : .rtl_analyze -work work -include_path {C:/Users/VIDEO/Desktop/52_eth_udp_loop/prj} C:/Users/VIDEO/Desktop/52_eth_udp_loop/rtl/arp/arp.v successfully.
Executing : .rtl_analyze -work work -include_path {C:/Users/VIDEO/Desktop/52_eth_udp_loop/prj} C:/Users/VIDEO/Desktop/52_eth_udp_loop/rtl/arp/arp_rx.v
I: Verilog-0001: Analyzing file C:/Users/VIDEO/Desktop/52_eth_udp_loop/rtl/arp/arp_rx.v
I: Verilog-0002: [C:/Users/VIDEO/Desktop/52_eth_udp_loop/rtl/arp/arp_rx.v(line number: 23)] Analyzing module arp_rx (library work)
Parsing done.
Executing : .rtl_analyze -work work -include_path {C:/Users/VIDEO/Desktop/52_eth_udp_loop/prj} C:/Users/VIDEO/Desktop/52_eth_udp_loop/rtl/arp/arp_rx.v successfully.
Executing : .rtl_analyze -work work -include_path {C:/Users/VIDEO/Desktop/52_eth_udp_loop/prj} C:/Users/VIDEO/Desktop/52_eth_udp_loop/rtl/arp/arp_tx.v
I: Verilog-0001: Analyzing file C:/Users/VIDEO/Desktop/52_eth_udp_loop/rtl/arp/arp_tx.v
I: Verilog-0002: [C:/Users/VIDEO/Desktop/52_eth_udp_loop/rtl/arp/arp_tx.v(line number: 23)] Analyzing module arp_tx (library work)
Parsing done.
Executing : .rtl_analyze -work work -include_path {C:/Users/VIDEO/Desktop/52_eth_udp_loop/prj} C:/Users/VIDEO/Desktop/52_eth_udp_loop/rtl/arp/arp_tx.v successfully.
Executing : .rtl_analyze -work work -include_path {C:/Users/VIDEO/Desktop/52_eth_udp_loop/prj} C:/Users/VIDEO/Desktop/52_eth_udp_loop/rtl/arp/crc32_d8.v
I: Verilog-0001: Analyzing file C:/Users/VIDEO/Desktop/52_eth_udp_loop/rtl/arp/crc32_d8.v
I: Verilog-0002: [C:/Users/VIDEO/Desktop/52_eth_udp_loop/rtl/arp/crc32_d8.v(line number: 22)] Analyzing module crc32_d8 (library work)
Parsing done.
Executing : .rtl_analyze -work work -include_path {C:/Users/VIDEO/Desktop/52_eth_udp_loop/prj} C:/Users/VIDEO/Desktop/52_eth_udp_loop/rtl/arp/crc32_d8.v successfully.
Executing : .rtl_analyze -work work -include_path {C:/Users/VIDEO/Desktop/52_eth_udp_loop/prj} C:/Users/VIDEO/Desktop/52_eth_udp_loop/rtl/gmii_to_rgmii/gmii_to_rgmii.v
I: Verilog-0001: Analyzing file C:/Users/VIDEO/Desktop/52_eth_udp_loop/rtl/gmii_to_rgmii/gmii_to_rgmii.v
I: Verilog-0002: [C:/Users/VIDEO/Desktop/52_eth_udp_loop/rtl/gmii_to_rgmii/gmii_to_rgmii.v(line number: 23)] Analyzing module gmii_to_rgmii (library work)
Parsing done.
Executing : .rtl_analyze -work work -include_path {C:/Users/VIDEO/Desktop/52_eth_udp_loop/prj} C:/Users/VIDEO/Desktop/52_eth_udp_loop/rtl/gmii_to_rgmii/gmii_to_rgmii.v successfully.
Executing : .rtl_analyze -work work -include_path {C:/Users/VIDEO/Desktop/52_eth_udp_loop/prj} C:/Users/VIDEO/Desktop/52_eth_udp_loop/rtl/gmii_to_rgmii/rgmii_rx.v
I: Verilog-0001: Analyzing file C:/Users/VIDEO/Desktop/52_eth_udp_loop/rtl/gmii_to_rgmii/rgmii_rx.v
I: Verilog-0002: [C:/Users/VIDEO/Desktop/52_eth_udp_loop/rtl/gmii_to_rgmii/rgmii_rx.v(line number: 23)] Analyzing module rgmii_rx (library work)
Parsing done.
Executing : .rtl_analyze -work work -include_path {C:/Users/VIDEO/Desktop/52_eth_udp_loop/prj} C:/Users/VIDEO/Desktop/52_eth_udp_loop/rtl/gmii_to_rgmii/rgmii_rx.v successfully.
Executing : .rtl_analyze -work work -include_path {C:/Users/VIDEO/Desktop/52_eth_udp_loop/prj} C:/Users/VIDEO/Desktop/52_eth_udp_loop/rtl/gmii_to_rgmii/rgmii_tx.v
I: Verilog-0001: Analyzing file C:/Users/VIDEO/Desktop/52_eth_udp_loop/rtl/gmii_to_rgmii/rgmii_tx.v
I: Verilog-0002: [C:/Users/VIDEO/Desktop/52_eth_udp_loop/rtl/gmii_to_rgmii/rgmii_tx.v(line number: 23)] Analyzing module rgmii_tx (library work)
Parsing done.
Executing : .rtl_analyze -work work -include_path {C:/Users/VIDEO/Desktop/52_eth_udp_loop/prj} C:/Users/VIDEO/Desktop/52_eth_udp_loop/rtl/gmii_to_rgmii/rgmii_tx.v successfully.
Executing : .rtl_analyze -work work -include_path {C:/Users/VIDEO/Desktop/52_eth_udp_loop/prj} C:/Users/VIDEO/Desktop/52_eth_udp_loop/rtl/icmp/icmp.v
I: Verilog-0001: Analyzing file C:/Users/VIDEO/Desktop/52_eth_udp_loop/rtl/icmp/icmp.v
I: Verilog-0002: [C:/Users/VIDEO/Desktop/52_eth_udp_loop/rtl/icmp/icmp.v(line number: 23)] Analyzing module icmp (library work)
Parsing done.
Executing : .rtl_analyze -work work -include_path {C:/Users/VIDEO/Desktop/52_eth_udp_loop/prj} C:/Users/VIDEO/Desktop/52_eth_udp_loop/rtl/icmp/icmp.v successfully.
Executing : .rtl_analyze -work work -include_path {C:/Users/VIDEO/Desktop/52_eth_udp_loop/prj} C:/Users/VIDEO/Desktop/52_eth_udp_loop/rtl/icmp/icmp_rx.v
I: Verilog-0001: Analyzing file C:/Users/VIDEO/Desktop/52_eth_udp_loop/rtl/icmp/icmp_rx.v
I: Verilog-0002: [C:/Users/VIDEO/Desktop/52_eth_udp_loop/rtl/icmp/icmp_rx.v(line number: 23)] Analyzing module icmp_rx (library work)
Parsing done.
Executing : .rtl_analyze -work work -include_path {C:/Users/VIDEO/Desktop/52_eth_udp_loop/prj} C:/Users/VIDEO/Desktop/52_eth_udp_loop/rtl/icmp/icmp_rx.v successfully.
Executing : .rtl_analyze -work work -include_path {C:/Users/VIDEO/Desktop/52_eth_udp_loop/prj} C:/Users/VIDEO/Desktop/52_eth_udp_loop/rtl/icmp/icmp_tx.v
I: Verilog-0001: Analyzing file C:/Users/VIDEO/Desktop/52_eth_udp_loop/rtl/icmp/icmp_tx.v
I: Verilog-0002: [C:/Users/VIDEO/Desktop/52_eth_udp_loop/rtl/icmp/icmp_tx.v(line number: 23)] Analyzing module icmp_tx (library work)
Parsing done.
Executing : .rtl_analyze -work work -include_path {C:/Users/VIDEO/Desktop/52_eth_udp_loop/prj} C:/Users/VIDEO/Desktop/52_eth_udp_loop/rtl/icmp/icmp_tx.v successfully.
Executing : .rtl_analyze -include_path {C:/Users/VIDEO/Desktop/52_eth_udp_loop/prj} C:/Users/VIDEO/Desktop/52_eth_udp_loop/prj/ipcore/sync_fifo_2048x8b/rtl/ipm2l_fifo_ctrl_v1_1_sync_fifo_2048x8b.v
I: Verilog-0001: Analyzing file C:/Users/VIDEO/Desktop/52_eth_udp_loop/prj/ipcore/sync_fifo_2048x8b/rtl/ipm2l_fifo_ctrl_v1_1_sync_fifo_2048x8b.v
I: Verilog-0002: [C:/Users/VIDEO/Desktop/52_eth_udp_loop/prj/ipcore/sync_fifo_2048x8b/rtl/ipm2l_fifo_ctrl_v1_1_sync_fifo_2048x8b.v(line number: 18)] Analyzing module ipm2l_fifo_ctrl_v1_1_sync_fifo_2048x8b (library work)
I: [C:/Users/VIDEO/Desktop/52_eth_udp_loop/prj/ipcore/sync_fifo_2048x8b/rtl/ipm2l_fifo_ctrl_v1_1_sync_fifo_2048x8b.v(line number: 46)] Convert attribute name from syn_preserve to PAP_PRESERVE
I: [C:/Users/VIDEO/Desktop/52_eth_udp_loop/prj/ipcore/sync_fifo_2048x8b/rtl/ipm2l_fifo_ctrl_v1_1_sync_fifo_2048x8b.v(line number: 48)] Convert attribute name from syn_preserve to PAP_PRESERVE
I: [C:/Users/VIDEO/Desktop/52_eth_udp_loop/prj/ipcore/sync_fifo_2048x8b/rtl/ipm2l_fifo_ctrl_v1_1_sync_fifo_2048x8b.v(line number: 59)] Convert attribute name from syn_preserve to PAP_PRESERVE
I: [C:/Users/VIDEO/Desktop/52_eth_udp_loop/prj/ipcore/sync_fifo_2048x8b/rtl/ipm2l_fifo_ctrl_v1_1_sync_fifo_2048x8b.v(line number: 61)] Convert attribute name from syn_preserve to PAP_PRESERVE
Parsing done.
Executing : .rtl_analyze -include_path {C:/Users/VIDEO/Desktop/52_eth_udp_loop/prj} C:/Users/VIDEO/Desktop/52_eth_udp_loop/prj/ipcore/sync_fifo_2048x8b/rtl/ipm2l_fifo_ctrl_v1_1_sync_fifo_2048x8b.v successfully.
Executing : .rtl_analyze -include_path {C:/Users/VIDEO/Desktop/52_eth_udp_loop/prj} C:/Users/VIDEO/Desktop/52_eth_udp_loop/prj/ipcore/sync_fifo_2048x8b/rtl/ipm2l_sdpram_v1_6a_sync_fifo_2048x8b.v
I: Verilog-0001: Analyzing file C:/Users/VIDEO/Desktop/52_eth_udp_loop/prj/ipcore/sync_fifo_2048x8b/rtl/ipm2l_sdpram_v1_6a_sync_fifo_2048x8b.v
I: Verilog-0002: [C:/Users/VIDEO/Desktop/52_eth_udp_loop/prj/ipcore/sync_fifo_2048x8b/rtl/ipm2l_sdpram_v1_6a_sync_fifo_2048x8b.v(line number: 18)] Analyzing module ipm2l_sdpram_v1_6a_sync_fifo_2048x8b (library work)
W: Verilog-2008: [C:/Users/VIDEO/Desktop/52_eth_udp_loop/prj/ipcore/sync_fifo_2048x8b/rtl/ipm2l_sdpram_v1_6a_sync_fifo_2048x8b.v(line number: 289)] Ignore 'system task' $display
W: Verilog-2008: [C:/Users/VIDEO/Desktop/52_eth_udp_loop/prj/ipcore/sync_fifo_2048x8b/rtl/ipm2l_sdpram_v1_6a_sync_fifo_2048x8b.v(line number: 290)] Ignore 'system task' $finish
W: Verilog-2008: [C:/Users/VIDEO/Desktop/52_eth_udp_loop/prj/ipcore/sync_fifo_2048x8b/rtl/ipm2l_sdpram_v1_6a_sync_fifo_2048x8b.v(line number: 293)] Ignore 'system task' $display
W: Verilog-2008: [C:/Users/VIDEO/Desktop/52_eth_udp_loop/prj/ipcore/sync_fifo_2048x8b/rtl/ipm2l_sdpram_v1_6a_sync_fifo_2048x8b.v(line number: 297)] Ignore 'system task' $display
W: Verilog-2008: [C:/Users/VIDEO/Desktop/52_eth_udp_loop/prj/ipcore/sync_fifo_2048x8b/rtl/ipm2l_sdpram_v1_6a_sync_fifo_2048x8b.v(line number: 301)] Ignore 'system task' $display
W: Verilog-2008: [C:/Users/VIDEO/Desktop/52_eth_udp_loop/prj/ipcore/sync_fifo_2048x8b/rtl/ipm2l_sdpram_v1_6a_sync_fifo_2048x8b.v(line number: 305)] Ignore 'system task' $display
W: Verilog-2008: [C:/Users/VIDEO/Desktop/52_eth_udp_loop/prj/ipcore/sync_fifo_2048x8b/rtl/ipm2l_sdpram_v1_6a_sync_fifo_2048x8b.v(line number: 313)] Ignore 'system task' $display
W: Verilog-2008: [C:/Users/VIDEO/Desktop/52_eth_udp_loop/prj/ipcore/sync_fifo_2048x8b/rtl/ipm2l_sdpram_v1_6a_sync_fifo_2048x8b.v(line number: 314)] Ignore 'system task' $finish
W: Verilog-2008: [C:/Users/VIDEO/Desktop/52_eth_udp_loop/prj/ipcore/sync_fifo_2048x8b/rtl/ipm2l_sdpram_v1_6a_sync_fifo_2048x8b.v(line number: 317)] Ignore 'system task' $display
W: Verilog-2008: [C:/Users/VIDEO/Desktop/52_eth_udp_loop/prj/ipcore/sync_fifo_2048x8b/rtl/ipm2l_sdpram_v1_6a_sync_fifo_2048x8b.v(line number: 318)] Ignore 'system task' $finish
W: Verilog-2008: [C:/Users/VIDEO/Desktop/52_eth_udp_loop/prj/ipcore/sync_fifo_2048x8b/rtl/ipm2l_sdpram_v1_6a_sync_fifo_2048x8b.v(line number: 321)] Ignore 'system task' $display
W: Verilog-2008: [C:/Users/VIDEO/Desktop/52_eth_udp_loop/prj/ipcore/sync_fifo_2048x8b/rtl/ipm2l_sdpram_v1_6a_sync_fifo_2048x8b.v(line number: 322)] Ignore 'system task' $finish
W: Verilog-2008: [C:/Users/VIDEO/Desktop/52_eth_udp_loop/prj/ipcore/sync_fifo_2048x8b/rtl/ipm2l_sdpram_v1_6a_sync_fifo_2048x8b.v(line number: 325)] Ignore 'system task' $display
W: Verilog-2008: [C:/Users/VIDEO/Desktop/52_eth_udp_loop/prj/ipcore/sync_fifo_2048x8b/rtl/ipm2l_sdpram_v1_6a_sync_fifo_2048x8b.v(line number: 326)] Ignore 'system task' $finish
W: Verilog-2008: [C:/Users/VIDEO/Desktop/52_eth_udp_loop/prj/ipcore/sync_fifo_2048x8b/rtl/ipm2l_sdpram_v1_6a_sync_fifo_2048x8b.v(line number: 329)] Ignore 'system task' $display
W: Verilog-2008: [C:/Users/VIDEO/Desktop/52_eth_udp_loop/prj/ipcore/sync_fifo_2048x8b/rtl/ipm2l_sdpram_v1_6a_sync_fifo_2048x8b.v(line number: 330)] Ignore 'system task' $finish
W: Verilog-2008: [C:/Users/VIDEO/Desktop/52_eth_udp_loop/prj/ipcore/sync_fifo_2048x8b/rtl/ipm2l_sdpram_v1_6a_sync_fifo_2048x8b.v(line number: 333)] Ignore 'system task' $display
W: Verilog-2008: [C:/Users/VIDEO/Desktop/52_eth_udp_loop/prj/ipcore/sync_fifo_2048x8b/rtl/ipm2l_sdpram_v1_6a_sync_fifo_2048x8b.v(line number: 334)] Ignore 'system task' $finish
W: Verilog-2008: [C:/Users/VIDEO/Desktop/52_eth_udp_loop/prj/ipcore/sync_fifo_2048x8b/rtl/ipm2l_sdpram_v1_6a_sync_fifo_2048x8b.v(line number: 337)] Ignore 'system task' $display
W: Verilog-2008: [C:/Users/VIDEO/Desktop/52_eth_udp_loop/prj/ipcore/sync_fifo_2048x8b/rtl/ipm2l_sdpram_v1_6a_sync_fifo_2048x8b.v(line number: 338)] Ignore 'system task' $finish
W: Verilog-2008: [C:/Users/VIDEO/Desktop/52_eth_udp_loop/prj/ipcore/sync_fifo_2048x8b/rtl/ipm2l_sdpram_v1_6a_sync_fifo_2048x8b.v(line number: 341)] Ignore 'system task' $display
W: Verilog-2008: [C:/Users/VIDEO/Desktop/52_eth_udp_loop/prj/ipcore/sync_fifo_2048x8b/rtl/ipm2l_sdpram_v1_6a_sync_fifo_2048x8b.v(line number: 342)] Ignore 'system task' $finish
W: Verilog-2008: [C:/Users/VIDEO/Desktop/52_eth_udp_loop/prj/ipcore/sync_fifo_2048x8b/rtl/ipm2l_sdpram_v1_6a_sync_fifo_2048x8b.v(line number: 345)] Ignore 'system task' $display
W: Verilog-2008: [C:/Users/VIDEO/Desktop/52_eth_udp_loop/prj/ipcore/sync_fifo_2048x8b/rtl/ipm2l_sdpram_v1_6a_sync_fifo_2048x8b.v(line number: 346)] Ignore 'system task' $finish
W: Verilog-2008: [C:/Users/VIDEO/Desktop/52_eth_udp_loop/prj/ipcore/sync_fifo_2048x8b/rtl/ipm2l_sdpram_v1_6a_sync_fifo_2048x8b.v(line number: 349)] Ignore 'system task' $display
W: Verilog-2008: [C:/Users/VIDEO/Desktop/52_eth_udp_loop/prj/ipcore/sync_fifo_2048x8b/rtl/ipm2l_sdpram_v1_6a_sync_fifo_2048x8b.v(line number: 350)] Ignore 'system task' $finish
W: Verilog-2008: [C:/Users/VIDEO/Desktop/52_eth_udp_loop/prj/ipcore/sync_fifo_2048x8b/rtl/ipm2l_sdpram_v1_6a_sync_fifo_2048x8b.v(line number: 353)] Ignore 'system task' $display
W: Verilog-2008: [C:/Users/VIDEO/Desktop/52_eth_udp_loop/prj/ipcore/sync_fifo_2048x8b/rtl/ipm2l_sdpram_v1_6a_sync_fifo_2048x8b.v(line number: 354)] Ignore 'system task' $finish
W: Verilog-2008: [C:/Users/VIDEO/Desktop/52_eth_udp_loop/prj/ipcore/sync_fifo_2048x8b/rtl/ipm2l_sdpram_v1_6a_sync_fifo_2048x8b.v(line number: 357)] Ignore 'system task' $display
W: Verilog-2008: [C:/Users/VIDEO/Desktop/52_eth_udp_loop/prj/ipcore/sync_fifo_2048x8b/rtl/ipm2l_sdpram_v1_6a_sync_fifo_2048x8b.v(line number: 358)] Ignore 'system task' $finish
W: Verilog-2008: [C:/Users/VIDEO/Desktop/52_eth_udp_loop/prj/ipcore/sync_fifo_2048x8b/rtl/ipm2l_sdpram_v1_6a_sync_fifo_2048x8b.v(line number: 361)] Ignore 'system task' $display
W: Verilog-2008: [C:/Users/VIDEO/Desktop/52_eth_udp_loop/prj/ipcore/sync_fifo_2048x8b/rtl/ipm2l_sdpram_v1_6a_sync_fifo_2048x8b.v(line number: 362)] Ignore 'system task' $finish
W: Verilog-2008: [C:/Users/VIDEO/Desktop/52_eth_udp_loop/prj/ipcore/sync_fifo_2048x8b/rtl/ipm2l_sdpram_v1_6a_sync_fifo_2048x8b.v(line number: 365)] Ignore 'system task' $display
W: Verilog-2008: [C:/Users/VIDEO/Desktop/52_eth_udp_loop/prj/ipcore/sync_fifo_2048x8b/rtl/ipm2l_sdpram_v1_6a_sync_fifo_2048x8b.v(line number: 366)] Ignore 'system task' $finish
W: Verilog-2008: [C:/Users/VIDEO/Desktop/52_eth_udp_loop/prj/ipcore/sync_fifo_2048x8b/rtl/ipm2l_sdpram_v1_6a_sync_fifo_2048x8b.v(line number: 370)] Ignore 'system task' $display
W: Verilog-2008: [C:/Users/VIDEO/Desktop/52_eth_udp_loop/prj/ipcore/sync_fifo_2048x8b/rtl/ipm2l_sdpram_v1_6a_sync_fifo_2048x8b.v(line number: 371)] Ignore 'system task' $finish
W: Verilog-2008: [C:/Users/VIDEO/Desktop/52_eth_udp_loop/prj/ipcore/sync_fifo_2048x8b/rtl/ipm2l_sdpram_v1_6a_sync_fifo_2048x8b.v(line number: 374)] Ignore 'system task' $display
W: Verilog-2008: [C:/Users/VIDEO/Desktop/52_eth_udp_loop/prj/ipcore/sync_fifo_2048x8b/rtl/ipm2l_sdpram_v1_6a_sync_fifo_2048x8b.v(line number: 375)] Ignore 'system task' $finish
W: Verilog-2008: [C:/Users/VIDEO/Desktop/52_eth_udp_loop/prj/ipcore/sync_fifo_2048x8b/rtl/ipm2l_sdpram_v1_6a_sync_fifo_2048x8b.v(line number: 379)] Ignore 'system task' $display
W: Verilog-2008: [C:/Users/VIDEO/Desktop/52_eth_udp_loop/prj/ipcore/sync_fifo_2048x8b/rtl/ipm2l_sdpram_v1_6a_sync_fifo_2048x8b.v(line number: 380)] Ignore 'system task' $finish
W: Verilog-2008: [C:/Users/VIDEO/Desktop/52_eth_udp_loop/prj/ipcore/sync_fifo_2048x8b/rtl/ipm2l_sdpram_v1_6a_sync_fifo_2048x8b.v(line number: 385)] Ignore 'system task' $display
W: Verilog-2008: [C:/Users/VIDEO/Desktop/52_eth_udp_loop/prj/ipcore/sync_fifo_2048x8b/rtl/ipm2l_sdpram_v1_6a_sync_fifo_2048x8b.v(line number: 386)] Ignore 'system task' $finish
W: Verilog-2008: [C:/Users/VIDEO/Desktop/52_eth_udp_loop/prj/ipcore/sync_fifo_2048x8b/rtl/ipm2l_sdpram_v1_6a_sync_fifo_2048x8b.v(line number: 389)] Ignore 'system task' $display
W: Verilog-2008: [C:/Users/VIDEO/Desktop/52_eth_udp_loop/prj/ipcore/sync_fifo_2048x8b/rtl/ipm2l_sdpram_v1_6a_sync_fifo_2048x8b.v(line number: 390)] Ignore 'system task' $finish
W: Verilog-2008: [C:/Users/VIDEO/Desktop/52_eth_udp_loop/prj/ipcore/sync_fifo_2048x8b/rtl/ipm2l_sdpram_v1_6a_sync_fifo_2048x8b.v(line number: 395)] Ignore 'system task' $display
W: Verilog-2008: [C:/Users/VIDEO/Desktop/52_eth_udp_loop/prj/ipcore/sync_fifo_2048x8b/rtl/ipm2l_sdpram_v1_6a_sync_fifo_2048x8b.v(line number: 396)] Ignore 'system task' $finish
Parsing done.
Executing : .rtl_analyze -include_path {C:/Users/VIDEO/Desktop/52_eth_udp_loop/prj} C:/Users/VIDEO/Desktop/52_eth_udp_loop/prj/ipcore/sync_fifo_2048x8b/rtl/ipm2l_sdpram_v1_6a_sync_fifo_2048x8b.v successfully.
Executing : .rtl_analyze -include_path {C:/Users/VIDEO/Desktop/52_eth_udp_loop/prj} C:/Users/VIDEO/Desktop/52_eth_udp_loop/prj/ipcore/sync_fifo_2048x8b/rtl/ipm2l_fifo_v1_7_sync_fifo_2048x8b.v
I: Verilog-0001: Analyzing file C:/Users/VIDEO/Desktop/52_eth_udp_loop/prj/ipcore/sync_fifo_2048x8b/rtl/ipm2l_fifo_v1_7_sync_fifo_2048x8b.v
I: Verilog-0002: [C:/Users/VIDEO/Desktop/52_eth_udp_loop/prj/ipcore/sync_fifo_2048x8b/rtl/ipm2l_fifo_v1_7_sync_fifo_2048x8b.v(line number: 19)] Analyzing module ipm2l_fifo_v1_7_sync_fifo_2048x8b (library work)
Parsing done.
Executing : .rtl_analyze -include_path {C:/Users/VIDEO/Desktop/52_eth_udp_loop/prj} C:/Users/VIDEO/Desktop/52_eth_udp_loop/prj/ipcore/sync_fifo_2048x8b/rtl/ipm2l_fifo_v1_7_sync_fifo_2048x8b.v successfully.
Executing : .rtl_analyze -include_path {C:/Users/VIDEO/Desktop/52_eth_udp_loop/prj} C:/Users/VIDEO/Desktop/52_eth_udp_loop/prj/ipcore/sync_fifo_2048x8b/sync_fifo_2048x8b.v
I: Verilog-0001: Analyzing file C:/Users/VIDEO/Desktop/52_eth_udp_loop/prj/ipcore/sync_fifo_2048x8b/sync_fifo_2048x8b.v
I: Verilog-0002: [C:/Users/VIDEO/Desktop/52_eth_udp_loop/prj/ipcore/sync_fifo_2048x8b/sync_fifo_2048x8b.v(line number: 16)] Analyzing module sync_fifo_2048x8b (library work)
Parsing done.
Executing : .rtl_analyze -include_path {C:/Users/VIDEO/Desktop/52_eth_udp_loop/prj} C:/Users/VIDEO/Desktop/52_eth_udp_loop/prj/ipcore/sync_fifo_2048x8b/sync_fifo_2048x8b.v successfully.
I: Module "eth_udp_loop" is set as top module.
Executing : rtl-analyze successfully. Time elapsed: 5.674s wall, 0.016s user + 0.078s system = 0.094s CPU (1.7%)

Start rtl-elaborate.
I: Verilog-0003: [C:/Users/VIDEO/Desktop/52_eth_udp_loop/rtl/eth_udp_loop.v(line number: 23)] Elaborating module eth_udp_loop
I: Module instance {eth_udp_loop} parameter value:
    BOARD_MAC = 48'b000000000001000100100010001100110100010001010101
    BOARD_IP = 32'b11000000101010000000000100001010
    DES_MAC = 48'b111111111111111111111111111111111111111111111111
    DES_IP = 32'b11000000101010000000000101100110
I: Verilog-0004: [C:/Users/VIDEO/Desktop/52_eth_udp_loop/rtl/eth_udp_loop.v(line number: 109)] Elaborating instance u_gmii_to_rgmii
I: Verilog-0003: [C:/Users/VIDEO/Desktop/52_eth_udp_loop/rtl/gmii_to_rgmii/gmii_to_rgmii.v(line number: 23)] Elaborating module gmii_to_rgmii
I: Verilog-0004: [C:/Users/VIDEO/Desktop/52_eth_udp_loop/rtl/gmii_to_rgmii/gmii_to_rgmii.v(line number: 47)] Elaborating instance u_rgmii_rx
I: Verilog-0003: [C:/Users/VIDEO/Desktop/52_eth_udp_loop/rtl/gmii_to_rgmii/rgmii_rx.v(line number: 23)] Elaborating module rgmii_rx
I: Verilog-0004: [C:/Users/VIDEO/Desktop/52_eth_udp_loop/rtl/gmii_to_rgmii/rgmii_rx.v(line number: 52)] Elaborating instance BUFG_inst
I: Verilog-0004: [C:/Users/VIDEO/Desktop/52_eth_udp_loop/rtl/gmii_to_rgmii/rgmii_rx.v(line number: 61)] Elaborating instance u_GTP_IOCLKBUF
I: Verilog-0004: [C:/Users/VIDEO/Desktop/52_eth_udp_loop/rtl/gmii_to_rgmii/rgmii_rx.v(line number: 72)] Elaborating instance u_iddr_rx_ctl
I: Verilog-0004: [C:/Users/VIDEO/Desktop/52_eth_udp_loop/rtl/gmii_to_rgmii/rgmii_rx.v(line number: 89)] Elaborating instance u_iddr_rxd
I: Verilog-0004: [C:/Users/VIDEO/Desktop/52_eth_udp_loop/rtl/gmii_to_rgmii/rgmii_rx.v(line number: 89)] Elaborating instance u_iddr_rxd
I: Verilog-0004: [C:/Users/VIDEO/Desktop/52_eth_udp_loop/rtl/gmii_to_rgmii/rgmii_rx.v(line number: 89)] Elaborating instance u_iddr_rxd
I: Verilog-0004: [C:/Users/VIDEO/Desktop/52_eth_udp_loop/rtl/gmii_to_rgmii/rgmii_rx.v(line number: 89)] Elaborating instance u_iddr_rxd
I: Verilog-0004: [C:/Users/VIDEO/Desktop/52_eth_udp_loop/rtl/gmii_to_rgmii/gmii_to_rgmii.v(line number: 58)] Elaborating instance u_rgmii_tx
I: Verilog-0003: [C:/Users/VIDEO/Desktop/52_eth_udp_loop/rtl/gmii_to_rgmii/rgmii_tx.v(line number: 23)] Elaborating module rgmii_tx
I: Verilog-0004: [C:/Users/VIDEO/Desktop/52_eth_udp_loop/rtl/gmii_to_rgmii/rgmii_tx.v(line number: 47)] Elaborating instance u_ODDR_inst_tx_ctl
I: Verilog-0004: [C:/Users/VIDEO/Desktop/52_eth_udp_loop/rtl/gmii_to_rgmii/rgmii_tx.v(line number: 65)] Elaborating instance u_ODDR_inst_txdata
I: Verilog-0004: [C:/Users/VIDEO/Desktop/52_eth_udp_loop/rtl/gmii_to_rgmii/rgmii_tx.v(line number: 65)] Elaborating instance u_ODDR_inst_txdata
I: Verilog-0004: [C:/Users/VIDEO/Desktop/52_eth_udp_loop/rtl/gmii_to_rgmii/rgmii_tx.v(line number: 65)] Elaborating instance u_ODDR_inst_txdata
I: Verilog-0004: [C:/Users/VIDEO/Desktop/52_eth_udp_loop/rtl/gmii_to_rgmii/rgmii_tx.v(line number: 65)] Elaborating instance u_ODDR_inst_txdata
W: Verilog-2023: [C:/Users/VIDEO/Desktop/52_eth_udp_loop/rtl/gmii_to_rgmii/gmii_to_rgmii.v(line number: 47)] Give initial value 0 for the no drive pin idelay_clk in module instance eth_udp_loop/u_gmii_to_rgmii.u_rgmii_rx
I: Verilog-0004: [C:/Users/VIDEO/Desktop/52_eth_udp_loop/rtl/eth_udp_loop.v(line number: 133)] Elaborating instance u_arp
I: Verilog-0003: [C:/Users/VIDEO/Desktop/52_eth_udp_loop/rtl/arp/arp.v(line number: 23)] Elaborating module arp
I: Module instance {eth_udp_loop/u_arp} parameter value:
    BOARD_MAC = 48'b000000000001000100100010001100110100010001010101
    BOARD_IP = 32'b11000000101010000000000100001010
    DES_MAC = 48'b111111111111111111111111111111111111111111111111
    DES_IP = 32'b11000000101010000000000101100110
I: Verilog-0004: [C:/Users/VIDEO/Desktop/52_eth_udp_loop/rtl/arp/arp.v(line number: 74)] Elaborating instance u_arp_rx
I: Verilog-0003: [C:/Users/VIDEO/Desktop/52_eth_udp_loop/rtl/arp/arp_rx.v(line number: 23)] Elaborating module arp_rx
I: Module instance {eth_udp_loop/u_arp/u_arp_rx} parameter value:
    BOARD_MAC = 48'b000000000001000100100010001100110100010001010101
    BOARD_IP = 32'b11000000101010000000000100001010
I: Verilog-0004: [C:/Users/VIDEO/Desktop/52_eth_udp_loop/rtl/arp/arp.v(line number: 94)] Elaborating instance u_arp_tx
I: Verilog-0003: [C:/Users/VIDEO/Desktop/52_eth_udp_loop/rtl/arp/arp_tx.v(line number: 23)] Elaborating module arp_tx
I: Module instance {eth_udp_loop/u_arp/u_arp_tx} parameter value:
    BOARD_MAC = 48'b000000000001000100100010001100110100010001010101
    BOARD_IP = 32'b11000000101010000000000100001010
    DES_MAC = 48'b111111111111111111111111111111111111111111111111
    DES_IP = 32'b11000000101010000000000101100110
I: Verilog-0004: [C:/Users/VIDEO/Desktop/52_eth_udp_loop/rtl/arp/arp.v(line number: 112)] Elaborating instance u_crc32_d8
I: Verilog-0003: [C:/Users/VIDEO/Desktop/52_eth_udp_loop/rtl/arp/crc32_d8.v(line number: 22)] Elaborating module crc32_d8
I: Verilog-0004: [C:/Users/VIDEO/Desktop/52_eth_udp_loop/rtl/eth_udp_loop.v(line number: 162)] Elaborating instance u_icmp
I: Verilog-0003: [C:/Users/VIDEO/Desktop/52_eth_udp_loop/rtl/icmp/icmp.v(line number: 23)] Elaborating module icmp
I: Module instance {eth_udp_loop/u_icmp} parameter value:
    BOARD_MAC = 48'b000000000001000100100010001100110100010001010101
    BOARD_IP = 32'b11000000101010000000000100001010
    DES_MAC = 48'b111111111111111111111111111111111111111111111111
    DES_IP = 32'b11000000101010000000000101100110
I: Verilog-0004: [C:/Users/VIDEO/Desktop/52_eth_udp_loop/rtl/icmp/icmp.v(line number: 81)] Elaborating instance u_icmp_rx
I: Verilog-0003: [C:/Users/VIDEO/Desktop/52_eth_udp_loop/rtl/icmp/icmp_rx.v(line number: 23)] Elaborating module icmp_rx
I: Module instance {eth_udp_loop/u_icmp/u_icmp_rx} parameter value:
    BOARD_MAC = 48'b000000000001000100100010001100110100010001010101
    BOARD_IP = 32'b11000000101010000000000100001010
I: Verilog-0004: [C:/Users/VIDEO/Desktop/52_eth_udp_loop/rtl/icmp/icmp.v(line number: 103)] Elaborating instance u_icmp_tx
I: Verilog-0003: [C:/Users/VIDEO/Desktop/52_eth_udp_loop/rtl/icmp/icmp_tx.v(line number: 23)] Elaborating module icmp_tx
I: Module instance {eth_udp_loop/u_icmp/u_icmp_tx} parameter value:
    BOARD_MAC = 48'b000000000001000100100010001100110100010001010101
    BOARD_IP = 32'b11000000101010000000000100001010
    DES_MAC = 48'b111111111111111111111111111111111111111111111111
    DES_IP = 32'b11000000101010000000000101100110
    ECHO_REPLY = 8'b00000000
I: Verilog-0004: [C:/Users/VIDEO/Desktop/52_eth_udp_loop/rtl/icmp/icmp.v(line number: 125)] Elaborating instance u_crc32_d8
I: Verilog-0003: [C:/Users/VIDEO/Desktop/52_eth_udp_loop/rtl/arp/crc32_d8.v(line number: 22)] Elaborating module crc32_d8
I: Verilog-0004: [C:/Users/VIDEO/Desktop/52_eth_udp_loop/rtl/eth_udp_loop.v(line number: 193)] Elaborating instance u_udp
I: Verilog-0003: [C:/Users/VIDEO/Desktop/52_eth_udp_loop/rtl/udp/udp.v(line number: 23)] Elaborating module udp
I: Module instance {eth_udp_loop/u_udp} parameter value:
    BOARD_MAC = 48'b000000000001000100100010001100110100010001010101
    BOARD_IP = 32'b11000000101010000000000100001010
    DES_MAC = 48'b111111111111111111111111111111111111111111111111
    DES_IP = 32'b11000000101010000000000101100110
I: Verilog-0004: [C:/Users/VIDEO/Desktop/52_eth_udp_loop/rtl/udp/udp.v(line number: 76)] Elaborating instance u_udp_rx
I: Verilog-0003: [C:/Users/VIDEO/Desktop/52_eth_udp_loop/rtl/udp/udp_rx.v(line number: 23)] Elaborating module udp_rx
I: Module instance {eth_udp_loop/u_udp/u_udp_rx} parameter value:
    BOARD_MAC = 48'b000000000001000100100010001100110100010001010101
    BOARD_IP = 32'b11000000101010000000000100001010
I: Verilog-0004: [C:/Users/VIDEO/Desktop/52_eth_udp_loop/rtl/udp/udp.v(line number: 95)] Elaborating instance u_udp_tx
I: Verilog-0003: [C:/Users/VIDEO/Desktop/52_eth_udp_loop/rtl/udp/udp_tx.v(line number: 23)] Elaborating module udp_tx
I: Module instance {eth_udp_loop/u_udp/u_udp_tx} parameter value:
    BOARD_MAC = 48'b000000000001000100100010001100110100010001010101
    BOARD_IP = 32'b11000000101010000000000100001010
    DES_MAC = 48'b111111111111111111111111111111111111111111111111
    DES_IP = 32'b11000000101010000000000101100110
I: Verilog-0004: [C:/Users/VIDEO/Desktop/52_eth_udp_loop/rtl/udp/udp.v(line number: 114)] Elaborating instance u_crc32_d8
I: Verilog-0003: [C:/Users/VIDEO/Desktop/52_eth_udp_loop/rtl/arp/crc32_d8.v(line number: 22)] Elaborating module crc32_d8
I: Verilog-0004: [C:/Users/VIDEO/Desktop/52_eth_udp_loop/rtl/eth_udp_loop.v(line number: 229)] Elaborating instance the_instance_name
I: Verilog-0003: [C:/Users/VIDEO/Desktop/52_eth_udp_loop/prj/ipcore/sync_fifo_2048x8b/sync_fifo_2048x8b.v(line number: 16)] Elaborating module sync_fifo_2048x8b
I: Verilog-0004: [C:/Users/VIDEO/Desktop/52_eth_udp_loop/prj/ipcore/sync_fifo_2048x8b/sync_fifo_2048x8b.v(line number: 160)] Elaborating instance U_ipm2l_fifo_sync_fifo_2048x8b
I: Verilog-0003: [C:/Users/VIDEO/Desktop/52_eth_udp_loop/prj/ipcore/sync_fifo_2048x8b/rtl/ipm2l_fifo_v1_7_sync_fifo_2048x8b.v(line number: 19)] Elaborating module ipm2l_fifo_v1_7_sync_fifo_2048x8b
I: Module instance {eth_udp_loop/the_instance_name/U_ipm2l_fifo_sync_fifo_2048x8b} parameter value:
    c_CAS_MODE = 18K
    c_WR_DEPTH_WIDTH = 32'b00000000000000000000000000001011
    c_WR_DATA_WIDTH = 32'b00000000000000000000000000001000
    c_RD_DEPTH_WIDTH = 32'b00000000000000000000000000001011
    c_RD_DATA_WIDTH = 32'b00000000000000000000000000001000
    c_OUTPUT_REG = 32'b00000000000000000000000000000000
    c_RD_OCE_EN = 32'b00000000000000000000000000000000
    c_FAB_REG = 32'b00000000000000000000000000000000
    c_RESET_TYPE = ASYNC
    c_POWER_OPT = 32'b00000000000000000000000000000000
    c_RD_CLK_OR_POL_INV = 32'b00000000000000000000000000000000
    c_WR_BYTE_EN = 32'b00000000000000000000000000000000
    c_BE_WIDTH = 32'b00000000000000000000000000000001
    c_FIFO_TYPE = ASYN
    c_ALMOST_FULL_NUM = 32'b00000000000000000000001111111100
    c_ALMOST_EMPTY_NUM = 32'b00000000000000000000000000000100
I: Verilog-0004: [C:/Users/VIDEO/Desktop/52_eth_udp_loop/prj/ipcore/sync_fifo_2048x8b/rtl/ipm2l_fifo_v1_7_sync_fifo_2048x8b.v(line number: 84)] Elaborating instance U_ipm2l_sdpram
I: Verilog-0003: [C:/Users/VIDEO/Desktop/52_eth_udp_loop/prj/ipcore/sync_fifo_2048x8b/rtl/ipm2l_sdpram_v1_6a_sync_fifo_2048x8b.v(line number: 18)] Elaborating module ipm2l_sdpram_v1_6a_sync_fifo_2048x8b
I: Module instance {eth_udp_loop/the_instance_name/U_ipm2l_fifo_sync_fifo_2048x8b/U_ipm2l_sdpram} parameter value:
    c_CAS_MODE = 18K
    c_WR_ADDR_WIDTH = 32'b00000000000000000000000000001011
    c_WR_DATA_WIDTH = 32'b00000000000000000000000000001000
    c_RD_ADDR_WIDTH = 32'b00000000000000000000000000001011
    c_RD_DATA_WIDTH = 32'b00000000000000000000000000001000
    c_WR_ADDR_STROBE_EN = 32'b00000000000000000000000000000000
    c_WR_CLK_EN = 32'b00000000000000000000000000000001
    c_OUTPUT_REG = 32'b00000000000000000000000000000000
    c_RD_OCE_EN = 32'b00000000000000000000000000000000
    c_FAB_REG = 32'b00000000000000000000000000000000
    c_RD_ADDR_STROBE_EN = 32'b00000000000000000000000000000000
    c_RD_CLK_EN = 32'b00000000000000000000000000000001
    c_RESET_TYPE = ASYNC
    c_RD_CLK_OR_POL_INV = 32'b00000000000000000000000000000000
    c_POWER_OPT = 32'b00000000000000000000000000000000
    c_INIT_FILE = NONE
    c_INIT_FORMAT = BIN
    c_WR_BYTE_EN = 32'b00000000000000000000000000000000
    c_BE_WIDTH = 32'b00000000000000000000000000000001
W: Verilog-2039: [C:/Users/VIDEO/Desktop/52_eth_udp_loop/prj/ipcore/sync_fifo_2048x8b/rtl/ipm2l_sdpram_v1_6a_sync_fifo_2048x8b.v(line number: 444)] Repeat multiplier in concatenation evaluates to 0
W: Verilog-2039: [C:/Users/VIDEO/Desktop/52_eth_udp_loop/prj/ipcore/sync_fifo_2048x8b/rtl/ipm2l_sdpram_v1_6a_sync_fifo_2048x8b.v(line number: 445)] Repeat multiplier in concatenation evaluates to 0
W: Verilog-2038: [C:/Users/VIDEO/Desktop/52_eth_udp_loop/prj/ipcore/sync_fifo_2048x8b/rtl/ipm2l_sdpram_v1_6a_sync_fifo_2048x8b.v(line number: 453)] Case condition never applies
W: Verilog-2038: [C:/Users/VIDEO/Desktop/52_eth_udp_loop/prj/ipcore/sync_fifo_2048x8b/rtl/ipm2l_sdpram_v1_6a_sync_fifo_2048x8b.v(line number: 454)] Case condition never applies
W: Verilog-2038: [C:/Users/VIDEO/Desktop/52_eth_udp_loop/prj/ipcore/sync_fifo_2048x8b/rtl/ipm2l_sdpram_v1_6a_sync_fifo_2048x8b.v(line number: 455)] Case condition never applies
W: Verilog-2039: [C:/Users/VIDEO/Desktop/52_eth_udp_loop/prj/ipcore/sync_fifo_2048x8b/rtl/ipm2l_sdpram_v1_6a_sync_fifo_2048x8b.v(line number: 577)] Repeat multiplier in concatenation evaluates to 0
W: Verilog-2038: [C:/Users/VIDEO/Desktop/52_eth_udp_loop/prj/ipcore/sync_fifo_2048x8b/rtl/ipm2l_sdpram_v1_6a_sync_fifo_2048x8b.v(line number: 582)] Case condition never applies
W: Verilog-2038: [C:/Users/VIDEO/Desktop/52_eth_udp_loop/prj/ipcore/sync_fifo_2048x8b/rtl/ipm2l_sdpram_v1_6a_sync_fifo_2048x8b.v(line number: 583)] Case condition never applies
W: Verilog-2038: [C:/Users/VIDEO/Desktop/52_eth_udp_loop/prj/ipcore/sync_fifo_2048x8b/rtl/ipm2l_sdpram_v1_6a_sync_fifo_2048x8b.v(line number: 584)] Case condition never applies
I: Verilog-0004: [C:/Users/VIDEO/Desktop/52_eth_udp_loop/prj/ipcore/sync_fifo_2048x8b/rtl/ipm2l_sdpram_v1_6a_sync_fifo_2048x8b.v(line number: 749)] Elaborating instance U_GTP_DRM18K_E1
W: Verilog-2020: [C:/Users/VIDEO/Desktop/52_eth_udp_loop/prj/ipcore/sync_fifo_2048x8b/rtl/ipm2l_sdpram_v1_6a_sync_fifo_2048x8b.v(line number: 672)] Net DA_bus[8] in ipm2l_sdpram_v1_6a_sync_fifo_2048x8b(original module ipm2l_sdpram_v1_6a_sync_fifo_2048x8b) does not have a driver, tie it to 0
W: Verilog-2020: [C:/Users/VIDEO/Desktop/52_eth_udp_loop/prj/ipcore/sync_fifo_2048x8b/rtl/ipm2l_sdpram_v1_6a_sync_fifo_2048x8b.v(line number: 672)] Net DA_bus[9] in ipm2l_sdpram_v1_6a_sync_fifo_2048x8b(original module ipm2l_sdpram_v1_6a_sync_fifo_2048x8b) does not have a driver, tie it to 0
W: Verilog-2020: [C:/Users/VIDEO/Desktop/52_eth_udp_loop/prj/ipcore/sync_fifo_2048x8b/rtl/ipm2l_sdpram_v1_6a_sync_fifo_2048x8b.v(line number: 672)] Net DA_bus[10] in ipm2l_sdpram_v1_6a_sync_fifo_2048x8b(original module ipm2l_sdpram_v1_6a_sync_fifo_2048x8b) does not have a driver, tie it to 0
W: Verilog-2020: [C:/Users/VIDEO/Desktop/52_eth_udp_loop/prj/ipcore/sync_fifo_2048x8b/rtl/ipm2l_sdpram_v1_6a_sync_fifo_2048x8b.v(line number: 672)] Net DA_bus[11] in ipm2l_sdpram_v1_6a_sync_fifo_2048x8b(original module ipm2l_sdpram_v1_6a_sync_fifo_2048x8b) does not have a driver, tie it to 0
W: Verilog-2020: [C:/Users/VIDEO/Desktop/52_eth_udp_loop/prj/ipcore/sync_fifo_2048x8b/rtl/ipm2l_sdpram_v1_6a_sync_fifo_2048x8b.v(line number: 672)] Net DA_bus[12] in ipm2l_sdpram_v1_6a_sync_fifo_2048x8b(original module ipm2l_sdpram_v1_6a_sync_fifo_2048x8b) does not have a driver, tie it to 0
W: Verilog-2020: [C:/Users/VIDEO/Desktop/52_eth_udp_loop/prj/ipcore/sync_fifo_2048x8b/rtl/ipm2l_sdpram_v1_6a_sync_fifo_2048x8b.v(line number: 672)] Net DA_bus[13] in ipm2l_sdpram_v1_6a_sync_fifo_2048x8b(original module ipm2l_sdpram_v1_6a_sync_fifo_2048x8b) does not have a driver, tie it to 0
W: Verilog-2020: [C:/Users/VIDEO/Desktop/52_eth_udp_loop/prj/ipcore/sync_fifo_2048x8b/rtl/ipm2l_sdpram_v1_6a_sync_fifo_2048x8b.v(line number: 672)] Net DA_bus[14] in ipm2l_sdpram_v1_6a_sync_fifo_2048x8b(original module ipm2l_sdpram_v1_6a_sync_fifo_2048x8b) does not have a driver, tie it to 0
W: Verilog-2020: [C:/Users/VIDEO/Desktop/52_eth_udp_loop/prj/ipcore/sync_fifo_2048x8b/rtl/ipm2l_sdpram_v1_6a_sync_fifo_2048x8b.v(line number: 672)] Net DA_bus[15] in ipm2l_sdpram_v1_6a_sync_fifo_2048x8b(original module ipm2l_sdpram_v1_6a_sync_fifo_2048x8b) does not have a driver, tie it to 0
W: Verilog-2020: [C:/Users/VIDEO/Desktop/52_eth_udp_loop/prj/ipcore/sync_fifo_2048x8b/rtl/ipm2l_sdpram_v1_6a_sync_fifo_2048x8b.v(line number: 672)] Net DA_bus[16] in ipm2l_sdpram_v1_6a_sync_fifo_2048x8b(original module ipm2l_sdpram_v1_6a_sync_fifo_2048x8b) does not have a driver, tie it to 0
W: Verilog-2020: [C:/Users/VIDEO/Desktop/52_eth_udp_loop/prj/ipcore/sync_fifo_2048x8b/rtl/ipm2l_sdpram_v1_6a_sync_fifo_2048x8b.v(line number: 672)] Net DA_bus[17] in ipm2l_sdpram_v1_6a_sync_fifo_2048x8b(original module ipm2l_sdpram_v1_6a_sync_fifo_2048x8b) does not have a driver, tie it to 0
W: Verilog-2020: [C:/Users/VIDEO/Desktop/52_eth_udp_loop/prj/ipcore/sync_fifo_2048x8b/rtl/ipm2l_sdpram_v1_6a_sync_fifo_2048x8b.v(line number: 673)] Net DB_bus[8] in ipm2l_sdpram_v1_6a_sync_fifo_2048x8b(original module ipm2l_sdpram_v1_6a_sync_fifo_2048x8b) does not have a driver, tie it to 0
W: Verilog-2020: [C:/Users/VIDEO/Desktop/52_eth_udp_loop/prj/ipcore/sync_fifo_2048x8b/rtl/ipm2l_sdpram_v1_6a_sync_fifo_2048x8b.v(line number: 673)] Net DB_bus[9] in ipm2l_sdpram_v1_6a_sync_fifo_2048x8b(original module ipm2l_sdpram_v1_6a_sync_fifo_2048x8b) does not have a driver, tie it to 0
W: Verilog-2020: [C:/Users/VIDEO/Desktop/52_eth_udp_loop/prj/ipcore/sync_fifo_2048x8b/rtl/ipm2l_sdpram_v1_6a_sync_fifo_2048x8b.v(line number: 673)] Net DB_bus[10] in ipm2l_sdpram_v1_6a_sync_fifo_2048x8b(original module ipm2l_sdpram_v1_6a_sync_fifo_2048x8b) does not have a driver, tie it to 0
W: Verilog-2020: [C:/Users/VIDEO/Desktop/52_eth_udp_loop/prj/ipcore/sync_fifo_2048x8b/rtl/ipm2l_sdpram_v1_6a_sync_fifo_2048x8b.v(line number: 673)] Net DB_bus[11] in ipm2l_sdpram_v1_6a_sync_fifo_2048x8b(original module ipm2l_sdpram_v1_6a_sync_fifo_2048x8b) does not have a driver, tie it to 0
W: Verilog-2020: [C:/Users/VIDEO/Desktop/52_eth_udp_loop/prj/ipcore/sync_fifo_2048x8b/rtl/ipm2l_sdpram_v1_6a_sync_fifo_2048x8b.v(line number: 673)] Net DB_bus[12] in ipm2l_sdpram_v1_6a_sync_fifo_2048x8b(original module ipm2l_sdpram_v1_6a_sync_fifo_2048x8b) does not have a driver, tie it to 0
W: Verilog-2020: [C:/Users/VIDEO/Desktop/52_eth_udp_loop/prj/ipcore/sync_fifo_2048x8b/rtl/ipm2l_sdpram_v1_6a_sync_fifo_2048x8b.v(line number: 673)] Net DB_bus[13] in ipm2l_sdpram_v1_6a_sync_fifo_2048x8b(original module ipm2l_sdpram_v1_6a_sync_fifo_2048x8b) does not have a driver, tie it to 0
W: Verilog-2020: [C:/Users/VIDEO/Desktop/52_eth_udp_loop/prj/ipcore/sync_fifo_2048x8b/rtl/ipm2l_sdpram_v1_6a_sync_fifo_2048x8b.v(line number: 673)] Net DB_bus[14] in ipm2l_sdpram_v1_6a_sync_fifo_2048x8b(original module ipm2l_sdpram_v1_6a_sync_fifo_2048x8b) does not have a driver, tie it to 0
W: Verilog-2020: [C:/Users/VIDEO/Desktop/52_eth_udp_loop/prj/ipcore/sync_fifo_2048x8b/rtl/ipm2l_sdpram_v1_6a_sync_fifo_2048x8b.v(line number: 673)] Net DB_bus[15] in ipm2l_sdpram_v1_6a_sync_fifo_2048x8b(original module ipm2l_sdpram_v1_6a_sync_fifo_2048x8b) does not have a driver, tie it to 0
W: Verilog-2020: [C:/Users/VIDEO/Desktop/52_eth_udp_loop/prj/ipcore/sync_fifo_2048x8b/rtl/ipm2l_sdpram_v1_6a_sync_fifo_2048x8b.v(line number: 673)] Net DB_bus[16] in ipm2l_sdpram_v1_6a_sync_fifo_2048x8b(original module ipm2l_sdpram_v1_6a_sync_fifo_2048x8b) does not have a driver, tie it to 0
W: Verilog-2020: [C:/Users/VIDEO/Desktop/52_eth_udp_loop/prj/ipcore/sync_fifo_2048x8b/rtl/ipm2l_sdpram_v1_6a_sync_fifo_2048x8b.v(line number: 673)] Net DB_bus[17] in ipm2l_sdpram_v1_6a_sync_fifo_2048x8b(original module ipm2l_sdpram_v1_6a_sync_fifo_2048x8b) does not have a driver, tie it to 0
I: Verilog-0004: [C:/Users/VIDEO/Desktop/52_eth_udp_loop/prj/ipcore/sync_fifo_2048x8b/rtl/ipm2l_fifo_v1_7_sync_fifo_2048x8b.v(line number: 109)] Elaborating instance U_ipm2l_fifo_ctrl
I: Verilog-0003: [C:/Users/VIDEO/Desktop/52_eth_udp_loop/prj/ipcore/sync_fifo_2048x8b/rtl/ipm2l_fifo_ctrl_v1_1_sync_fifo_2048x8b.v(line number: 18)] Elaborating module ipm2l_fifo_ctrl_v1_1_sync_fifo_2048x8b
I: Module instance {eth_udp_loop/the_instance_name/U_ipm2l_fifo_sync_fifo_2048x8b/U_ipm2l_fifo_ctrl} parameter value:
    c_WR_DEPTH_WIDTH = 32'b00000000000000000000000000001011
    c_RD_DEPTH_WIDTH = 32'b00000000000000000000000000001011
    c_FIFO_TYPE = ASYN
    c_ALMOST_FULL_NUM = 32'b00000000000000000000001111111100
    c_ALMOST_EMPTY_NUM = 32'b00000000000000000000000000000100
W: Verilog-2039: [C:/Users/VIDEO/Desktop/52_eth_udp_loop/prj/ipcore/sync_fifo_2048x8b/rtl/ipm2l_fifo_ctrl_v1_1_sync_fifo_2048x8b.v(line number: 195)] Repeat multiplier in concatenation evaluates to 0
I: Verilog-0004: [C:/Users/VIDEO/Desktop/52_eth_udp_loop/rtl/eth_udp_loop.v(line number: 244)] Elaborating instance u_eth_ctrl
I: Verilog-0003: [C:/Users/VIDEO/Desktop/52_eth_udp_loop/rtl/eth_ctrl.v(line number: 23)] Elaborating module eth_ctrl
Executing : rtl-elaborate successfully. Time elapsed: 0.080s wall, 0.047s user + 0.031s system = 0.078s CPU (97.8%)

Start rtl-prep.
Executing : rtl-prep successfully. Time elapsed: 0.115s wall, 0.125s user + 0.000s system = 0.125s CPU (108.4%)

Start rtl-infer.
Start DFF-inference.
I: Removed inst tx_done that is redundant to crc_clr.
W: Sdm-2014: Feedback mux created for signal 'ip_head[6] [31]'. It is possible a async set/reset assignment for this is signal missing. To improve timing and area, specify a set/reset value. 
W: Sdm-2014: Feedback mux created for signal 'ip_head[6] [30]'. It is possible a async set/reset assignment for this is signal missing. To improve timing and area, specify a set/reset value. 
W: Sdm-2014: Feedback mux created for signal 'ip_head[0] [0]'. It is possible a async set/reset assignment for this is signal missing. To improve timing and area, specify a set/reset value. 
W: Sdm-2014: Feedback mux created for signal 'ip_head[0] [1]'. It is possible a async set/reset assignment for this is signal missing. To improve timing and area, specify a set/reset value. 
W: Sdm-2014: Feedback mux created for signal 'ip_head[0] [2]'. It is possible a async set/reset assignment for this is signal missing. To improve timing and area, specify a set/reset value. 
W: Sdm-2014: Feedback mux created for signal 'ip_head[0] [3]'. It is possible a async set/reset assignment for this is signal missing. To improve timing and area, specify a set/reset value. 
W: Sdm-2014: Feedback mux created for signal 'ip_head[0] [4]'. It is possible a async set/reset assignment for this is signal missing. To improve timing and area, specify a set/reset value. 
W: Sdm-2014: Feedback mux created for signal 'ip_head[0] [5]'. It is possible a async set/reset assignment for this is signal missing. To improve timing and area, specify a set/reset value. 
W: Sdm-2014: Feedback mux created for signal 'ip_head[0] [6]'. It is possible a async set/reset assignment for this is signal missing. To improve timing and area, specify a set/reset value. 
W: Sdm-2014: Feedback mux created for signal 'ip_head[0] [7]'. It is possible a async set/reset assignment for this is signal missing. To improve timing and area, specify a set/reset value. 
W: Sdm-2014: Feedback mux created for signal 'ip_head[0] [8]'. It is possible a async set/reset assignment for this is signal missing. To improve timing and area, specify a set/reset value. 
W: Sdm-2014: Feedback mux created for signal 'ip_head[0] [9]'. It is possible a async set/reset assignment for this is signal missing. To improve timing and area, specify a set/reset value. 
W: Sdm-2014: Feedback mux created for signal 'ip_head[0] [10]'. It is possible a async set/reset assignment for this is signal missing. To improve timing and area, specify a set/reset value. 
W: Sdm-2014: Feedback mux created for signal 'ip_head[0] [11]'. It is possible a async set/reset assignment for this is signal missing. To improve timing and area, specify a set/reset value. 
W: Sdm-2014: Feedback mux created for signal 'ip_head[0] [12]'. It is possible a async set/reset assignment for this is signal missing. To improve timing and area, specify a set/reset value. 
W: Sdm-2014: Feedback mux created for signal 'ip_head[0] [13]'. It is possible a async set/reset assignment for this is signal missing. To improve timing and area, specify a set/reset value. 
W: Sdm-2014: Feedback mux created for signal 'ip_head[0] [14]'. It is possible a async set/reset assignment for this is signal missing. To improve timing and area, specify a set/reset value. 
W: Sdm-2014: Feedback mux created for signal 'ip_head[0] [15]'. It is possible a async set/reset assignment for this is signal missing. To improve timing and area, specify a set/reset value. 
W: Sdm-2014: Feedback mux created for signal 'ip_head[0] [16]'. It is possible a async set/reset assignment for this is signal missing. To improve timing and area, specify a set/reset value. 
W: Sdm-2014: Feedback mux created for signal 'ip_head[0] [17]'. It is possible a async set/reset assignment for this is signal missing. To improve timing and area, specify a set/reset value. 
W: Sdm-2014: Feedback mux created for signal 'ip_head[0] [18]'. It is possible a async set/reset assignment for this is signal missing. To improve timing and area, specify a set/reset value. 
W: Sdm-2014: Feedback mux created for signal 'ip_head[0] [19]'. It is possible a async set/reset assignment for this is signal missing. To improve timing and area, specify a set/reset value. 
W: Sdm-2014: Feedback mux created for signal 'ip_head[0] [20]'. It is possible a async set/reset assignment for this is signal missing. To improve timing and area, specify a set/reset value. 
W: Sdm-2014: Feedback mux created for signal 'ip_head[0] [21]'. It is possible a async set/reset assignment for this is signal missing. To improve timing and area, specify a set/reset value. 
W: Sdm-2014: Feedback mux created for signal 'ip_head[0] [22]'. It is possible a async set/reset assignment for this is signal missing. To improve timing and area, specify a set/reset value. 
W: Sdm-2014: Feedback mux created for signal 'ip_head[0] [23]'. It is possible a async set/reset assignment for this is signal missing. To improve timing and area, specify a set/reset value. 
W: Sdm-2014: Feedback mux created for signal 'ip_head[0] [24]'. It is possible a async set/reset assignment for this is signal missing. To improve timing and area, specify a set/reset value. 
W: Sdm-2014: Feedback mux created for signal 'ip_head[0] [25]'. It is possible a async set/reset assignment for this is signal missing. To improve timing and area, specify a set/reset value. 
W: Sdm-2014: Feedback mux created for signal 'ip_head[0] [26]'. It is possible a async set/reset assignment for this is signal missing. To improve timing and area, specify a set/reset value. 
W: Sdm-2014: Feedback mux created for signal 'ip_head[0] [27]'. It is possible a async set/reset assignment for this is signal missing. To improve timing and area, specify a set/reset value. 
W: Sdm-2014: Feedback mux created for signal 'ip_head[0] [28]'. It is possible a async set/reset assignment for this is signal missing. To improve timing and area, specify a set/reset value. 
W: Sdm-2014: Feedback mux created for signal 'ip_head[0] [29]'. It is possible a async set/reset assignment for this is signal missing. To improve timing and area, specify a set/reset value. 
W: Sdm-2014: Feedback mux created for signal 'ip_head[0] [30]'. It is possible a async set/reset assignment for this is signal missing. To improve timing and area, specify a set/reset value. 
W: Sdm-2014: Feedback mux created for signal 'ip_head[0] [31]'. It is possible a async set/reset assignment for this is signal missing. To improve timing and area, specify a set/reset value. 
W: Sdm-2014: Feedback mux created for signal 'ip_head[1] [0]'. It is possible a async set/reset assignment for this is signal missing. To improve timing and area, specify a set/reset value. 
W: Sdm-2014: Feedback mux created for signal 'ip_head[1] [1]'. It is possible a async set/reset assignment for this is signal missing. To improve timing and area, specify a set/reset value. 
W: Sdm-2014: Feedback mux created for signal 'ip_head[1] [2]'. It is possible a async set/reset assignment for this is signal missing. To improve timing and area, specify a set/reset value. 
W: Sdm-2014: Feedback mux created for signal 'ip_head[1] [3]'. It is possible a async set/reset assignment for this is signal missing. To improve timing and area, specify a set/reset value. 
W: Sdm-2014: Feedback mux created for signal 'ip_head[1] [4]'. It is possible a async set/reset assignment for this is signal missing. To improve timing and area, specify a set/reset value. 
W: Sdm-2014: Feedback mux created for signal 'ip_head[1] [5]'. It is possible a async set/reset assignment for this is signal missing. To improve timing and area, specify a set/reset value. 
W: Sdm-2014: Feedback mux created for signal 'ip_head[1] [6]'. It is possible a async set/reset assignment for this is signal missing. To improve timing and area, specify a set/reset value. 
W: Sdm-2014: Feedback mux created for signal 'ip_head[1] [7]'. It is possible a async set/reset assignment for this is signal missing. To improve timing and area, specify a set/reset value. 
W: Sdm-2014: Feedback mux created for signal 'ip_head[1] [8]'. It is possible a async set/reset assignment for this is signal missing. To improve timing and area, specify a set/reset value. 
W: Sdm-2014: Feedback mux created for signal 'ip_head[1] [9]'. It is possible a async set/reset assignment for this is signal missing. To improve timing and area, specify a set/reset value. 
W: Sdm-2014: Feedback mux created for signal 'ip_head[1] [10]'. It is possible a async set/reset assignment for this is signal missing. To improve timing and area, specify a set/reset value. 
W: Sdm-2014: Feedback mux created for signal 'ip_head[1] [11]'. It is possible a async set/reset assignment for this is signal missing. To improve timing and area, specify a set/reset value. 
W: Sdm-2014: Feedback mux created for signal 'ip_head[1] [12]'. It is possible a async set/reset assignment for this is signal missing. To improve timing and area, specify a set/reset value. 
W: Sdm-2014: Feedback mux created for signal 'ip_head[1] [13]'. It is possible a async set/reset assignment for this is signal missing. To improve timing and area, specify a set/reset value. 
W: Sdm-2014: Feedback mux created for signal 'ip_head[1] [14]'. It is possible a async set/reset assignment for this is signal missing. To improve timing and area, specify a set/reset value. 
W: Sdm-2014: Feedback mux created for signal 'ip_head[1] [15]'. It is possible a async set/reset assignment for this is signal missing. To improve timing and area, specify a set/reset value. 
W: Sdm-2014: Feedback mux created for signal 'ip_head[2] [0]'. It is possible a async set/reset assignment for this is signal missing. To improve timing and area, specify a set/reset value. 
W: Sdm-2014: Feedback mux created for signal 'ip_head[2] [1]'. It is possible a async set/reset assignment for this is signal missing. To improve timing and area, specify a set/reset value. 
W: Sdm-2014: Feedback mux created for signal 'ip_head[2] [2]'. It is possible a async set/reset assignment for this is signal missing. To improve timing and area, specify a set/reset value. 
W: Sdm-2014: Feedback mux created for signal 'ip_head[2] [3]'. It is possible a async set/reset assignment for this is signal missing. To improve timing and area, specify a set/reset value. 
W: Sdm-2014: Feedback mux created for signal 'ip_head[2] [4]'. It is possible a async set/reset assignment for this is signal missing. To improve timing and area, specify a set/reset value. 
W: Sdm-2014: Feedback mux created for signal 'ip_head[2] [5]'. It is possible a async set/reset assignment for this is signal missing. To improve timing and area, specify a set/reset value. 
W: Sdm-2014: Feedback mux created for signal 'ip_head[2] [6]'. It is possible a async set/reset assignment for this is signal missing. To improve timing and area, specify a set/reset value. 
W: Sdm-2014: Feedback mux created for signal 'ip_head[2] [7]'. It is possible a async set/reset assignment for this is signal missing. To improve timing and area, specify a set/reset value. 
W: Sdm-2014: Feedback mux created for signal 'ip_head[2] [8]'. It is possible a async set/reset assignment for this is signal missing. To improve timing and area, specify a set/reset value. 
W: Sdm-2014: Feedback mux created for signal 'ip_head[2] [9]'. It is possible a async set/reset assignment for this is signal missing. To improve timing and area, specify a set/reset value. 
W: Sdm-2014: Feedback mux created for signal 'ip_head[2] [10]'. It is possible a async set/reset assignment for this is signal missing. To improve timing and area, specify a set/reset value. 
W: Sdm-2014: Feedback mux created for signal 'ip_head[2] [11]'. It is possible a async set/reset assignment for this is signal missing. To improve timing and area, specify a set/reset value. 
W: Sdm-2014: Feedback mux created for signal 'ip_head[2] [12]'. It is possible a async set/reset assignment for this is signal missing. To improve timing and area, specify a set/reset value. 
W: Sdm-2014: Feedback mux created for signal 'ip_head[2] [13]'. It is possible a async set/reset assignment for this is signal missing. To improve timing and area, specify a set/reset value. 
W: Sdm-2014: Feedback mux created for signal 'ip_head[2] [14]'. It is possible a async set/reset assignment for this is signal missing. To improve timing and area, specify a set/reset value. 
W: Sdm-2014: Feedback mux created for signal 'ip_head[2] [15]'. It is possible a async set/reset assignment for this is signal missing. To improve timing and area, specify a set/reset value. 
W: Sdm-2014: Feedback mux created for signal 'ip_head[2] [16]'. It is possible a async set/reset assignment for this is signal missing. To improve timing and area, specify a set/reset value. 
W: Sdm-2014: Feedback mux created for signal 'ip_head[2] [17]'. It is possible a async set/reset assignment for this is signal missing. To improve timing and area, specify a set/reset value. 
W: Sdm-2014: Feedback mux created for signal 'ip_head[2] [18]'. It is possible a async set/reset assignment for this is signal missing. To improve timing and area, specify a set/reset value. 
W: Sdm-2014: Feedback mux created for signal 'ip_head[2] [19]'. It is possible a async set/reset assignment for this is signal missing. To improve timing and area, specify a set/reset value. 
W: Sdm-2014: Feedback mux created for signal 'ip_head[2] [20]'. It is possible a async set/reset assignment for this is signal missing. To improve timing and area, specify a set/reset value. 
W: Sdm-2014: Feedback mux created for signal 'ip_head[2] [21]'. It is possible a async set/reset assignment for this is signal missing. To improve timing and area, specify a set/reset value. 
W: Sdm-2014: Feedback mux created for signal 'ip_head[2] [22]'. It is possible a async set/reset assignment for this is signal missing. To improve timing and area, specify a set/reset value. 
W: Sdm-2014: Feedback mux created for signal 'ip_head[2] [23]'. It is possible a async set/reset assignment for this is signal missing. To improve timing and area, specify a set/reset value. 
W: Sdm-2014: Feedback mux created for signal 'ip_head[2] [24]'. It is possible a async set/reset assignment for this is signal missing. To improve timing and area, specify a set/reset value. 
W: Sdm-2014: Feedback mux created for signal 'ip_head[2] [25]'. It is possible a async set/reset assignment for this is signal missing. To improve timing and area, specify a set/reset value. 
W: Sdm-2014: Feedback mux created for signal 'ip_head[2] [26]'. It is possible a async set/reset assignment for this is signal missing. To improve timing and area, specify a set/reset value. 
W: Sdm-2014: Feedback mux created for signal 'ip_head[2] [27]'. It is possible a async set/reset assignment for this is signal missing. To improve timing and area, specify a set/reset value. 
W: Sdm-2014: Feedback mux created for signal 'ip_head[2] [28]'. It is possible a async set/reset assignment for this is signal missing. To improve timing and area, specify a set/reset value. 
W: Sdm-2014: Feedback mux created for signal 'ip_head[2] [29]'. It is possible a async set/reset assignment for this is signal missing. To improve timing and area, specify a set/reset value. 
W: Sdm-2014: Feedback mux created for signal 'ip_head[2] [30]'. It is possible a async set/reset assignment for this is signal missing. To improve timing and area, specify a set/reset value. 
W: Sdm-2014: Feedback mux created for signal 'ip_head[2] [31]'. It is possible a async set/reset assignment for this is signal missing. To improve timing and area, specify a set/reset value. 
W: Sdm-2014: Feedback mux created for signal 'ip_head[3] [0]'. It is possible a async set/reset assignment for this is signal missing. To improve timing and area, specify a set/reset value. 
W: Sdm-2014: Feedback mux created for signal 'ip_head[3] [1]'. It is possible a async set/reset assignment for this is signal missing. To improve timing and area, specify a set/reset value. 
W: Sdm-2014: Feedback mux created for signal 'ip_head[3] [2]'. It is possible a async set/reset assignment for this is signal missing. To improve timing and area, specify a set/reset value. 
W: Sdm-2014: Feedback mux created for signal 'ip_head[3] [3]'. It is possible a async set/reset assignment for this is signal missing. To improve timing and area, specify a set/reset value. 
W: Sdm-2014: Feedback mux created for signal 'ip_head[3] [4]'. It is possible a async set/reset assignment for this is signal missing. To improve timing and area, specify a set/reset value. 
W: Sdm-2014: Feedback mux created for signal 'ip_head[3] [5]'. It is possible a async set/reset assignment for this is signal missing. To improve timing and area, specify a set/reset value. 
W: Sdm-2014: Feedback mux created for signal 'ip_head[3] [6]'. It is possible a async set/reset assignment for this is signal missing. To improve timing and area, specify a set/reset value. 
W: Sdm-2014: Feedback mux created for signal 'ip_head[3] [7]'. It is possible a async set/reset assignment for this is signal missing. To improve timing and area, specify a set/reset value. 
W: Sdm-2014: Feedback mux created for signal 'ip_head[3] [8]'. It is possible a async set/reset assignment for this is signal missing. To improve timing and area, specify a set/reset value. 
W: Sdm-2014: Feedback mux created for signal 'ip_head[3] [9]'. It is possible a async set/reset assignment for this is signal missing. To improve timing and area, specify a set/reset value. 
W: Sdm-2014: Feedback mux created for signal 'ip_head[3] [10]'. It is possible a async set/reset assignment for this is signal missing. To improve timing and area, specify a set/reset value. 
W: Sdm-2014: Feedback mux created for signal 'ip_head[3] [11]'. It is possible a async set/reset assignment for this is signal missing. To improve timing and area, specify a set/reset value. 
W: Sdm-2014: Feedback mux created for signal 'ip_head[3] [12]'. It is possible a async set/reset assignment for this is signal missing. To improve timing and area, specify a set/reset value. 
W: Sdm-2014: Feedback mux created for signal 'ip_head[3] [13]'. It is possible a async set/reset assignment for this is signal missing. To improve timing and area, specify a set/reset value. 
W: Sdm-2014: Feedback mux created for signal 'ip_head[3] [14]'. It is possible a async set/reset assignment for this is signal missing. To improve timing and area, specify a set/reset value. 
W: Sdm-2014: Feedback mux created for signal 'ip_head[3] [15]'. It is possible a async set/reset assignment for this is signal missing. To improve timing and area, specify a set/reset value. 
W: Sdm-2014: Feedback mux created for signal 'ip_head[3] [16]'. It is possible a async set/reset assignment for this is signal missing. To improve timing and area, specify a set/reset value. 
W: Sdm-2014: Feedback mux created for signal 'ip_head[3] [17]'. It is possible a async set/reset assignment for this is signal missing. To improve timing and area, specify a set/reset value. 
W: Sdm-2014: Feedback mux created for signal 'ip_head[3] [18]'. It is possible a async set/reset assignment for this is signal missing. To improve timing and area, specify a set/reset value. 
W: Sdm-2014: Feedback mux created for signal 'ip_head[3] [19]'. It is possible a async set/reset assignment for this is signal missing. To improve timing and area, specify a set/reset value. 
W: Sdm-2014: Feedback mux created for signal 'ip_head[3] [20]'. It is possible a async set/reset assignment for this is signal missing. To improve timing and area, specify a set/reset value. 
W: Sdm-2014: Feedback mux created for signal 'ip_head[3] [21]'. It is possible a async set/reset assignment for this is signal missing. To improve timing and area, specify a set/reset value. 
W: Sdm-2014: Feedback mux created for signal 'ip_head[3] [22]'. It is possible a async set/reset assignment for this is signal missing. To improve timing and area, specify a set/reset value. 
W: Sdm-2014: Feedback mux created for signal 'ip_head[3] [23]'. It is possible a async set/reset assignment for this is signal missing. To improve timing and area, specify a set/reset value. 
W: Sdm-2014: Feedback mux created for signal 'ip_head[3] [24]'. It is possible a async set/reset assignment for this is signal missing. To improve timing and area, specify a set/reset value. 
W: Sdm-2014: Feedback mux created for signal 'ip_head[3] [25]'. It is possible a async set/reset assignment for this is signal missing. To improve timing and area, specify a set/reset value. 
W: Sdm-2014: Feedback mux created for signal 'ip_head[3] [26]'. It is possible a async set/reset assignment for this is signal missing. To improve timing and area, specify a set/reset value. 
W: Sdm-2014: Feedback mux created for signal 'ip_head[3] [27]'. It is possible a async set/reset assignment for this is signal missing. To improve timing and area, specify a set/reset value. 
W: Sdm-2014: Feedback mux created for signal 'ip_head[3] [28]'. It is possible a async set/reset assignment for this is signal missing. To improve timing and area, specify a set/reset value. 
W: Sdm-2014: Feedback mux created for signal 'ip_head[3] [29]'. It is possible a async set/reset assignment for this is signal missing. To improve timing and area, specify a set/reset value. 
W: Sdm-2014: Feedback mux created for signal 'ip_head[3] [30]'. It is possible a async set/reset assignment for this is signal missing. To improve timing and area, specify a set/reset value. 
W: Sdm-2014: Feedback mux created for signal 'ip_head[3] [31]'. It is possible a async set/reset assignment for this is signal missing. To improve timing and area, specify a set/reset value. 
W: Sdm-2014: Feedback mux created for signal 'ip_head[4] [0]'. It is possible a async set/reset assignment for this is signal missing. To improve timing and area, specify a set/reset value. 
W: Sdm-2014: Feedback mux created for signal 'ip_head[4] [1]'. It is possible a async set/reset assignment for this is signal missing. To improve timing and area, specify a set/reset value. 
W: Sdm-2014: Feedback mux created for signal 'ip_head[4] [2]'. It is possible a async set/reset assignment for this is signal missing. To improve timing and area, specify a set/reset value. 
W: Sdm-2014: Feedback mux created for signal 'ip_head[4] [3]'. It is possible a async set/reset assignment for this is signal missing. To improve timing and area, specify a set/reset value. 
W: Sdm-2014: Feedback mux created for signal 'ip_head[4] [4]'. It is possible a async set/reset assignment for this is signal missing. To improve timing and area, specify a set/reset value. 
W: Sdm-2014: Feedback mux created for signal 'ip_head[4] [5]'. It is possible a async set/reset assignment for this is signal missing. To improve timing and area, specify a set/reset value. 
W: Sdm-2014: Feedback mux created for signal 'ip_head[4] [6]'. It is possible a async set/reset assignment for this is signal missing. To improve timing and area, specify a set/reset value. 
W: Sdm-2014: Feedback mux created for signal 'ip_head[4] [7]'. It is possible a async set/reset assignment for this is signal missing. To improve timing and area, specify a set/reset value. 
W: Sdm-2014: Feedback mux created for signal 'ip_head[4] [8]'. It is possible a async set/reset assignment for this is signal missing. To improve timing and area, specify a set/reset value. 
W: Sdm-2014: Feedback mux created for signal 'ip_head[4] [9]'. It is possible a async set/reset assignment for this is signal missing. To improve timing and area, specify a set/reset value. 
W: Sdm-2014: Feedback mux created for signal 'ip_head[4] [10]'. It is possible a async set/reset assignment for this is signal missing. To improve timing and area, specify a set/reset value. 
W: Sdm-2014: Feedback mux created for signal 'ip_head[4] [11]'. It is possible a async set/reset assignment for this is signal missing. To improve timing and area, specify a set/reset value. 
W: Sdm-2014: Feedback mux created for signal 'ip_head[4] [12]'. It is possible a async set/reset assignment for this is signal missing. To improve timing and area, specify a set/reset value. 
W: Sdm-2014: Feedback mux created for signal 'ip_head[4] [13]'. It is possible a async set/reset assignment for this is signal missing. To improve timing and area, specify a set/reset value. 
W: Sdm-2014: Feedback mux created for signal 'ip_head[4] [14]'. It is possible a async set/reset assignment for this is signal missing. To improve timing and area, specify a set/reset value. 
W: Sdm-2014: Feedback mux created for signal 'ip_head[4] [15]'. It is possible a async set/reset assignment for this is signal missing. To improve timing and area, specify a set/reset value. 
W: Sdm-2014: Feedback mux created for signal 'ip_head[4] [16]'. It is possible a async set/reset assignment for this is signal missing. To improve timing and area, specify a set/reset value. 
W: Sdm-2014: Feedback mux created for signal 'ip_head[4] [17]'. It is possible a async set/reset assignment for this is signal missing. To improve timing and area, specify a set/reset value. 
W: Sdm-2014: Feedback mux created for signal 'ip_head[4] [18]'. It is possible a async set/reset assignment for this is signal missing. To improve timing and area, specify a set/reset value. 
W: Sdm-2014: Feedback mux created for signal 'ip_head[4] [19]'. It is possible a async set/reset assignment for this is signal missing. To improve timing and area, specify a set/reset value. 
W: Sdm-2014: Feedback mux created for signal 'ip_head[4] [20]'. It is possible a async set/reset assignment for this is signal missing. To improve timing and area, specify a set/reset value. 
W: Sdm-2014: Feedback mux created for signal 'ip_head[4] [21]'. It is possible a async set/reset assignment for this is signal missing. To improve timing and area, specify a set/reset value. 
W: Sdm-2014: Feedback mux created for signal 'ip_head[4] [22]'. It is possible a async set/reset assignment for this is signal missing. To improve timing and area, specify a set/reset value. 
W: Sdm-2014: Feedback mux created for signal 'ip_head[4] [23]'. It is possible a async set/reset assignment for this is signal missing. To improve timing and area, specify a set/reset value. 
W: Sdm-2014: Feedback mux created for signal 'ip_head[4] [24]'. It is possible a async set/reset assignment for this is signal missing. To improve timing and area, specify a set/reset value. 
W: Sdm-2014: Feedback mux created for signal 'ip_head[4] [25]'. It is possible a async set/reset assignment for this is signal missing. To improve timing and area, specify a set/reset value. 
W: Sdm-2014: Feedback mux created for signal 'ip_head[4] [26]'. It is possible a async set/reset assignment for this is signal missing. To improve timing and area, specify a set/reset value. 
W: Sdm-2014: Feedback mux created for signal 'ip_head[4] [27]'. It is possible a async set/reset assignment for this is signal missing. To improve timing and area, specify a set/reset value. 
W: Sdm-2014: Feedback mux created for signal 'ip_head[4] [28]'. It is possible a async set/reset assignment for this is signal missing. To improve timing and area, specify a set/reset value. 
W: Sdm-2014: Feedback mux created for signal 'ip_head[4] [29]'. It is possible a async set/reset assignment for this is signal missing. To improve timing and area, specify a set/reset value. 
W: Sdm-2014: Feedback mux created for signal 'ip_head[4] [30]'. It is possible a async set/reset assignment for this is signal missing. To improve timing and area, specify a set/reset value. 
W: Sdm-2014: Feedback mux created for signal 'ip_head[4] [31]'. It is possible a async set/reset assignment for this is signal missing. To improve timing and area, specify a set/reset value. 
W: Sdm-2014: Feedback mux created for signal 'ip_head[5] [0]'. It is possible a async set/reset assignment for this is signal missing. To improve timing and area, specify a set/reset value. 
W: Sdm-2014: Feedback mux created for signal 'ip_head[5] [1]'. It is possible a async set/reset assignment for this is signal missing. To improve timing and area, specify a set/reset value. 
W: Sdm-2014: Feedback mux created for signal 'ip_head[5] [2]'. It is possible a async set/reset assignment for this is signal missing. To improve timing and area, specify a set/reset value. 
W: Sdm-2014: Feedback mux created for signal 'ip_head[5] [3]'. It is possible a async set/reset assignment for this is signal missing. To improve timing and area, specify a set/reset value. 
W: Sdm-2014: Feedback mux created for signal 'ip_head[5] [4]'. It is possible a async set/reset assignment for this is signal missing. To improve timing and area, specify a set/reset value. 
W: Sdm-2014: Feedback mux created for signal 'ip_head[5] [5]'. It is possible a async set/reset assignment for this is signal missing. To improve timing and area, specify a set/reset value. 
W: Sdm-2014: Feedback mux created for signal 'ip_head[5] [6]'. It is possible a async set/reset assignment for this is signal missing. To improve timing and area, specify a set/reset value. 
W: Sdm-2014: Feedback mux created for signal 'ip_head[5] [7]'. It is possible a async set/reset assignment for this is signal missing. To improve timing and area, specify a set/reset value. 
W: Sdm-2014: Feedback mux created for signal 'ip_head[5] [8]'. It is possible a async set/reset assignment for this is signal missing. To improve timing and area, specify a set/reset value. 
W: Sdm-2014: Feedback mux created for signal 'ip_head[5] [9]'. It is possible a async set/reset assignment for this is signal missing. To improve timing and area, specify a set/reset value. 
W: Sdm-2014: Feedback mux created for signal 'ip_head[5] [10]'. It is possible a async set/reset assignment for this is signal missing. To improve timing and area, specify a set/reset value. 
W: Sdm-2014: Feedback mux created for signal 'ip_head[5] [11]'. It is possible a async set/reset assignment for this is signal missing. To improve timing and area, specify a set/reset value. 
W: Sdm-2014: Feedback mux created for signal 'ip_head[5] [12]'. It is possible a async set/reset assignment for this is signal missing. To improve timing and area, specify a set/reset value. 
W: Sdm-2014: Feedback mux created for signal 'ip_head[5] [13]'. It is possible a async set/reset assignment for this is signal missing. To improve timing and area, specify a set/reset value. 
W: Sdm-2014: Feedback mux created for signal 'ip_head[5] [14]'. It is possible a async set/reset assignment for this is signal missing. To improve timing and area, specify a set/reset value. 
W: Sdm-2014: Feedback mux created for signal 'ip_head[5] [15]'. It is possible a async set/reset assignment for this is signal missing. To improve timing and area, specify a set/reset value. 
W: Sdm-2014: Feedback mux created for signal 'ip_head[5] [16]'. It is possible a async set/reset assignment for this is signal missing. To improve timing and area, specify a set/reset value. 
W: Sdm-2014: Feedback mux created for signal 'ip_head[5] [17]'. It is possible a async set/reset assignment for this is signal missing. To improve timing and area, specify a set/reset value. 
W: Sdm-2014: Feedback mux created for signal 'ip_head[5] [18]'. It is possible a async set/reset assignment for this is signal missing. To improve timing and area, specify a set/reset value. 
W: Sdm-2014: Feedback mux created for signal 'ip_head[5] [19]'. It is possible a async set/reset assignment for this is signal missing. To improve timing and area, specify a set/reset value. 
W: Sdm-2014: Feedback mux created for signal 'ip_head[5] [20]'. It is possible a async set/reset assignment for this is signal missing. To improve timing and area, specify a set/reset value. 
W: Sdm-2014: Feedback mux created for signal 'ip_head[5] [21]'. It is possible a async set/reset assignment for this is signal missing. To improve timing and area, specify a set/reset value. 
W: Sdm-2014: Feedback mux created for signal 'ip_head[5] [22]'. It is possible a async set/reset assignment for this is signal missing. To improve timing and area, specify a set/reset value. 
W: Sdm-2014: Feedback mux created for signal 'ip_head[5] [23]'. It is possible a async set/reset assignment for this is signal missing. To improve timing and area, specify a set/reset value. 
W: Sdm-2014: Feedback mux created for signal 'ip_head[5] [24]'. It is possible a async set/reset assignment for this is signal missing. To improve timing and area, specify a set/reset value. 
W: Sdm-2014: Feedback mux created for signal 'ip_head[5] [25]'. It is possible a async set/reset assignment for this is signal missing. To improve timing and area, specify a set/reset value. 
W: Sdm-2014: Feedback mux created for signal 'ip_head[5] [26]'. It is possible a async set/reset assignment for this is signal missing. To improve timing and area, specify a set/reset value. 
W: Sdm-2014: Feedback mux created for signal 'ip_head[5] [27]'. It is possible a async set/reset assignment for this is signal missing. To improve timing and area, specify a set/reset value. 
W: Sdm-2014: Feedback mux created for signal 'ip_head[5] [28]'. It is possible a async set/reset assignment for this is signal missing. To improve timing and area, specify a set/reset value. 
W: Sdm-2014: Feedback mux created for signal 'ip_head[5] [29]'. It is possible a async set/reset assignment for this is signal missing. To improve timing and area, specify a set/reset value. 
W: Sdm-2014: Feedback mux created for signal 'ip_head[5] [30]'. It is possible a async set/reset assignment for this is signal missing. To improve timing and area, specify a set/reset value. 
W: Sdm-2014: Feedback mux created for signal 'ip_head[5] [31]'. It is possible a async set/reset assignment for this is signal missing. To improve timing and area, specify a set/reset value. 
W: Sdm-2014: Feedback mux created for signal 'ip_head[6] [0]'. It is possible a async set/reset assignment for this is signal missing. To improve timing and area, specify a set/reset value. 
W: Sdm-2014: Feedback mux created for signal 'ip_head[6] [1]'. It is possible a async set/reset assignment for this is signal missing. To improve timing and area, specify a set/reset value. 
W: Sdm-2014: Feedback mux created for signal 'ip_head[6] [2]'. It is possible a async set/reset assignment for this is signal missing. To improve timing and area, specify a set/reset value. 
W: Sdm-2014: Feedback mux created for signal 'ip_head[6] [3]'. It is possible a async set/reset assignment for this is signal missing. To improve timing and area, specify a set/reset value. 
W: Sdm-2014: Feedback mux created for signal 'ip_head[6] [4]'. It is possible a async set/reset assignment for this is signal missing. To improve timing and area, specify a set/reset value. 
W: Sdm-2014: Feedback mux created for signal 'ip_head[6] [5]'. It is possible a async set/reset assignment for this is signal missing. To improve timing and area, specify a set/reset value. 
W: Sdm-2014: Feedback mux created for signal 'ip_head[6] [6]'. It is possible a async set/reset assignment for this is signal missing. To improve timing and area, specify a set/reset value. 
W: Sdm-2014: Feedback mux created for signal 'ip_head[6] [7]'. It is possible a async set/reset assignment for this is signal missing. To improve timing and area, specify a set/reset value. 
W: Sdm-2014: Feedback mux created for signal 'ip_head[6] [8]'. It is possible a async set/reset assignment for this is signal missing. To improve timing and area, specify a set/reset value. 
W: Sdm-2014: Feedback mux created for signal 'ip_head[6] [9]'. It is possible a async set/reset assignment for this is signal missing. To improve timing and area, specify a set/reset value. 
W: Sdm-2014: Feedback mux created for signal 'ip_head[6] [10]'. It is possible a async set/reset assignment for this is signal missing. To improve timing and area, specify a set/reset value. 
W: Sdm-2014: Feedback mux created for signal 'ip_head[6] [11]'. It is possible a async set/reset assignment for this is signal missing. To improve timing and area, specify a set/reset value. 
W: Sdm-2014: Feedback mux created for signal 'ip_head[6] [12]'. It is possible a async set/reset assignment for this is signal missing. To improve timing and area, specify a set/reset value. 
W: Sdm-2014: Feedback mux created for signal 'ip_head[6] [13]'. It is possible a async set/reset assignment for this is signal missing. To improve timing and area, specify a set/reset value. 
W: Sdm-2014: Feedback mux created for signal 'ip_head[6] [14]'. It is possible a async set/reset assignment for this is signal missing. To improve timing and area, specify a set/reset value. 
W: Sdm-2014: Feedback mux created for signal 'ip_head[6] [15]'. It is possible a async set/reset assignment for this is signal missing. To improve timing and area, specify a set/reset value. 
W: Sdm-2014: Feedback mux created for signal 'ip_head[6] [16]'. It is possible a async set/reset assignment for this is signal missing. To improve timing and area, specify a set/reset value. 
W: Sdm-2014: Feedback mux created for signal 'ip_head[6] [17]'. It is possible a async set/reset assignment for this is signal missing. To improve timing and area, specify a set/reset value. 
W: Sdm-2014: Feedback mux created for signal 'ip_head[6] [18]'. It is possible a async set/reset assignment for this is signal missing. To improve timing and area, specify a set/reset value. 
W: Sdm-2014: Feedback mux created for signal 'ip_head[6] [19]'. It is possible a async set/reset assignment for this is signal missing. To improve timing and area, specify a set/reset value. 
W: Sdm-2014: Feedback mux created for signal 'ip_head[6] [20]'. It is possible a async set/reset assignment for this is signal missing. To improve timing and area, specify a set/reset value. 
W: Sdm-2014: Feedback mux created for signal 'ip_head[6] [21]'. It is possible a async set/reset assignment for this is signal missing. To improve timing and area, specify a set/reset value. 
W: Sdm-2014: Feedback mux created for signal 'ip_head[6] [22]'. It is possible a async set/reset assignment for this is signal missing. To improve timing and area, specify a set/reset value. 
W: Sdm-2014: Feedback mux created for signal 'ip_head[6] [23]'. It is possible a async set/reset assignment for this is signal missing. To improve timing and area, specify a set/reset value. 
W: Sdm-2014: Feedback mux created for signal 'ip_head[6] [24]'. It is possible a async set/reset assignment for this is signal missing. To improve timing and area, specify a set/reset value. 
W: Sdm-2014: Feedback mux created for signal 'ip_head[6] [25]'. It is possible a async set/reset assignment for this is signal missing. To improve timing and area, specify a set/reset value. 
W: Sdm-2014: Feedback mux created for signal 'ip_head[6] [26]'. It is possible a async set/reset assignment for this is signal missing. To improve timing and area, specify a set/reset value. 
W: Sdm-2014: Feedback mux created for signal 'ip_head[6] [27]'. It is possible a async set/reset assignment for this is signal missing. To improve timing and area, specify a set/reset value. 
W: Sdm-2014: Feedback mux created for signal 'ip_head[6] [28]'. It is possible a async set/reset assignment for this is signal missing. To improve timing and area, specify a set/reset value. 
W: Sdm-2014: Feedback mux created for signal 'ip_head[6] [29]'. It is possible a async set/reset assignment for this is signal missing. To improve timing and area, specify a set/reset value. 
I: Removed inst tx_done that is redundant to crc_clr.
W: Sdm-2014: Feedback mux created for signal 'ip_head[6] [31]'. It is possible a async set/reset assignment for this is signal missing. To improve timing and area, specify a set/reset value. 
W: Sdm-2014: Feedback mux created for signal 'ip_head[6] [30]'. It is possible a async set/reset assignment for this is signal missing. To improve timing and area, specify a set/reset value. 
W: Sdm-2014: Feedback mux created for signal 'ip_head[0] [0]'. It is possible a async set/reset assignment for this is signal missing. To improve timing and area, specify a set/reset value. 
W: Sdm-2014: Feedback mux created for signal 'ip_head[0] [1]'. It is possible a async set/reset assignment for this is signal missing. To improve timing and area, specify a set/reset value. 
W: Sdm-2014: Feedback mux created for signal 'ip_head[0] [2]'. It is possible a async set/reset assignment for this is signal missing. To improve timing and area, specify a set/reset value. 
W: Sdm-2014: Feedback mux created for signal 'ip_head[0] [3]'. It is possible a async set/reset assignment for this is signal missing. To improve timing and area, specify a set/reset value. 
W: Sdm-2014: Feedback mux created for signal 'ip_head[0] [4]'. It is possible a async set/reset assignment for this is signal missing. To improve timing and area, specify a set/reset value. 
W: Sdm-2014: Feedback mux created for signal 'ip_head[0] [5]'. It is possible a async set/reset assignment for this is signal missing. To improve timing and area, specify a set/reset value. 
W: Sdm-2014: Feedback mux created for signal 'ip_head[0] [6]'. It is possible a async set/reset assignment for this is signal missing. To improve timing and area, specify a set/reset value. 
W: Sdm-2014: Feedback mux created for signal 'ip_head[0] [7]'. It is possible a async set/reset assignment for this is signal missing. To improve timing and area, specify a set/reset value. 
W: Sdm-2014: Feedback mux created for signal 'ip_head[0] [8]'. It is possible a async set/reset assignment for this is signal missing. To improve timing and area, specify a set/reset value. 
W: Sdm-2014: Feedback mux created for signal 'ip_head[0] [9]'. It is possible a async set/reset assignment for this is signal missing. To improve timing and area, specify a set/reset value. 
W: Sdm-2014: Feedback mux created for signal 'ip_head[0] [10]'. It is possible a async set/reset assignment for this is signal missing. To improve timing and area, specify a set/reset value. 
W: Sdm-2014: Feedback mux created for signal 'ip_head[0] [11]'. It is possible a async set/reset assignment for this is signal missing. To improve timing and area, specify a set/reset value. 
W: Sdm-2014: Feedback mux created for signal 'ip_head[0] [12]'. It is possible a async set/reset assignment for this is signal missing. To improve timing and area, specify a set/reset value. 
W: Sdm-2014: Feedback mux created for signal 'ip_head[0] [13]'. It is possible a async set/reset assignment for this is signal missing. To improve timing and area, specify a set/reset value. 
W: Sdm-2014: Feedback mux created for signal 'ip_head[0] [14]'. It is possible a async set/reset assignment for this is signal missing. To improve timing and area, specify a set/reset value. 
W: Sdm-2014: Feedback mux created for signal 'ip_head[0] [15]'. It is possible a async set/reset assignment for this is signal missing. To improve timing and area, specify a set/reset value. 
W: Sdm-2014: Feedback mux created for signal 'ip_head[0] [16]'. It is possible a async set/reset assignment for this is signal missing. To improve timing and area, specify a set/reset value. 
W: Sdm-2014: Feedback mux created for signal 'ip_head[0] [17]'. It is possible a async set/reset assignment for this is signal missing. To improve timing and area, specify a set/reset value. 
W: Sdm-2014: Feedback mux created for signal 'ip_head[0] [18]'. It is possible a async set/reset assignment for this is signal missing. To improve timing and area, specify a set/reset value. 
W: Sdm-2014: Feedback mux created for signal 'ip_head[0] [19]'. It is possible a async set/reset assignment for this is signal missing. To improve timing and area, specify a set/reset value. 
W: Sdm-2014: Feedback mux created for signal 'ip_head[0] [20]'. It is possible a async set/reset assignment for this is signal missing. To improve timing and area, specify a set/reset value. 
W: Sdm-2014: Feedback mux created for signal 'ip_head[0] [21]'. It is possible a async set/reset assignment for this is signal missing. To improve timing and area, specify a set/reset value. 
W: Sdm-2014: Feedback mux created for signal 'ip_head[0] [22]'. It is possible a async set/reset assignment for this is signal missing. To improve timing and area, specify a set/reset value. 
W: Sdm-2014: Feedback mux created for signal 'ip_head[0] [23]'. It is possible a async set/reset assignment for this is signal missing. To improve timing and area, specify a set/reset value. 
W: Sdm-2014: Feedback mux created for signal 'ip_head[0] [24]'. It is possible a async set/reset assignment for this is signal missing. To improve timing and area, specify a set/reset value. 
W: Sdm-2014: Feedback mux created for signal 'ip_head[0] [25]'. It is possible a async set/reset assignment for this is signal missing. To improve timing and area, specify a set/reset value. 
W: Sdm-2014: Feedback mux created for signal 'ip_head[0] [26]'. It is possible a async set/reset assignment for this is signal missing. To improve timing and area, specify a set/reset value. 
W: Sdm-2014: Feedback mux created for signal 'ip_head[0] [27]'. It is possible a async set/reset assignment for this is signal missing. To improve timing and area, specify a set/reset value. 
W: Sdm-2014: Feedback mux created for signal 'ip_head[0] [28]'. It is possible a async set/reset assignment for this is signal missing. To improve timing and area, specify a set/reset value. 
W: Sdm-2014: Feedback mux created for signal 'ip_head[0] [29]'. It is possible a async set/reset assignment for this is signal missing. To improve timing and area, specify a set/reset value. 
W: Sdm-2014: Feedback mux created for signal 'ip_head[0] [30]'. It is possible a async set/reset assignment for this is signal missing. To improve timing and area, specify a set/reset value. 
W: Sdm-2014: Feedback mux created for signal 'ip_head[0] [31]'. It is possible a async set/reset assignment for this is signal missing. To improve timing and area, specify a set/reset value. 
W: Sdm-2014: Feedback mux created for signal 'ip_head[1] [0]'. It is possible a async set/reset assignment for this is signal missing. To improve timing and area, specify a set/reset value. 
W: Sdm-2014: Feedback mux created for signal 'ip_head[1] [1]'. It is possible a async set/reset assignment for this is signal missing. To improve timing and area, specify a set/reset value. 
W: Sdm-2014: Feedback mux created for signal 'ip_head[1] [2]'. It is possible a async set/reset assignment for this is signal missing. To improve timing and area, specify a set/reset value. 
W: Sdm-2014: Feedback mux created for signal 'ip_head[1] [3]'. It is possible a async set/reset assignment for this is signal missing. To improve timing and area, specify a set/reset value. 
W: Sdm-2014: Feedback mux created for signal 'ip_head[1] [4]'. It is possible a async set/reset assignment for this is signal missing. To improve timing and area, specify a set/reset value. 
W: Sdm-2014: Feedback mux created for signal 'ip_head[1] [5]'. It is possible a async set/reset assignment for this is signal missing. To improve timing and area, specify a set/reset value. 
W: Sdm-2014: Feedback mux created for signal 'ip_head[1] [6]'. It is possible a async set/reset assignment for this is signal missing. To improve timing and area, specify a set/reset value. 
W: Sdm-2014: Feedback mux created for signal 'ip_head[1] [7]'. It is possible a async set/reset assignment for this is signal missing. To improve timing and area, specify a set/reset value. 
W: Sdm-2014: Feedback mux created for signal 'ip_head[1] [8]'. It is possible a async set/reset assignment for this is signal missing. To improve timing and area, specify a set/reset value. 
W: Sdm-2014: Feedback mux created for signal 'ip_head[1] [9]'. It is possible a async set/reset assignment for this is signal missing. To improve timing and area, specify a set/reset value. 
W: Sdm-2014: Feedback mux created for signal 'ip_head[1] [10]'. It is possible a async set/reset assignment for this is signal missing. To improve timing and area, specify a set/reset value. 
W: Sdm-2014: Feedback mux created for signal 'ip_head[1] [11]'. It is possible a async set/reset assignment for this is signal missing. To improve timing and area, specify a set/reset value. 
W: Sdm-2014: Feedback mux created for signal 'ip_head[1] [12]'. It is possible a async set/reset assignment for this is signal missing. To improve timing and area, specify a set/reset value. 
W: Sdm-2014: Feedback mux created for signal 'ip_head[1] [13]'. It is possible a async set/reset assignment for this is signal missing. To improve timing and area, specify a set/reset value. 
W: Sdm-2014: Feedback mux created for signal 'ip_head[1] [14]'. It is possible a async set/reset assignment for this is signal missing. To improve timing and area, specify a set/reset value. 
W: Sdm-2014: Feedback mux created for signal 'ip_head[1] [15]'. It is possible a async set/reset assignment for this is signal missing. To improve timing and area, specify a set/reset value. 
W: Sdm-2014: Feedback mux created for signal 'ip_head[2] [0]'. It is possible a async set/reset assignment for this is signal missing. To improve timing and area, specify a set/reset value. 
W: Sdm-2014: Feedback mux created for signal 'ip_head[2] [1]'. It is possible a async set/reset assignment for this is signal missing. To improve timing and area, specify a set/reset value. 
W: Sdm-2014: Feedback mux created for signal 'ip_head[2] [2]'. It is possible a async set/reset assignment for this is signal missing. To improve timing and area, specify a set/reset value. 
W: Sdm-2014: Feedback mux created for signal 'ip_head[2] [3]'. It is possible a async set/reset assignment for this is signal missing. To improve timing and area, specify a set/reset value. 
W: Sdm-2014: Feedback mux created for signal 'ip_head[2] [4]'. It is possible a async set/reset assignment for this is signal missing. To improve timing and area, specify a set/reset value. 
W: Sdm-2014: Feedback mux created for signal 'ip_head[2] [5]'. It is possible a async set/reset assignment for this is signal missing. To improve timing and area, specify a set/reset value. 
W: Sdm-2014: Feedback mux created for signal 'ip_head[2] [6]'. It is possible a async set/reset assignment for this is signal missing. To improve timing and area, specify a set/reset value. 
W: Sdm-2014: Feedback mux created for signal 'ip_head[2] [7]'. It is possible a async set/reset assignment for this is signal missing. To improve timing and area, specify a set/reset value. 
W: Sdm-2014: Feedback mux created for signal 'ip_head[2] [8]'. It is possible a async set/reset assignment for this is signal missing. To improve timing and area, specify a set/reset value. 
W: Sdm-2014: Feedback mux created for signal 'ip_head[2] [9]'. It is possible a async set/reset assignment for this is signal missing. To improve timing and area, specify a set/reset value. 
W: Sdm-2014: Feedback mux created for signal 'ip_head[2] [10]'. It is possible a async set/reset assignment for this is signal missing. To improve timing and area, specify a set/reset value. 
W: Sdm-2014: Feedback mux created for signal 'ip_head[2] [11]'. It is possible a async set/reset assignment for this is signal missing. To improve timing and area, specify a set/reset value. 
W: Sdm-2014: Feedback mux created for signal 'ip_head[2] [12]'. It is possible a async set/reset assignment for this is signal missing. To improve timing and area, specify a set/reset value. 
W: Sdm-2014: Feedback mux created for signal 'ip_head[2] [13]'. It is possible a async set/reset assignment for this is signal missing. To improve timing and area, specify a set/reset value. 
W: Sdm-2014: Feedback mux created for signal 'ip_head[2] [14]'. It is possible a async set/reset assignment for this is signal missing. To improve timing and area, specify a set/reset value. 
W: Sdm-2014: Feedback mux created for signal 'ip_head[2] [15]'. It is possible a async set/reset assignment for this is signal missing. To improve timing and area, specify a set/reset value. 
W: Sdm-2014: Feedback mux created for signal 'ip_head[2] [16]'. It is possible a async set/reset assignment for this is signal missing. To improve timing and area, specify a set/reset value. 
W: Sdm-2014: Feedback mux created for signal 'ip_head[2] [17]'. It is possible a async set/reset assignment for this is signal missing. To improve timing and area, specify a set/reset value. 
W: Sdm-2014: Feedback mux created for signal 'ip_head[2] [18]'. It is possible a async set/reset assignment for this is signal missing. To improve timing and area, specify a set/reset value. 
W: Sdm-2014: Feedback mux created for signal 'ip_head[2] [19]'. It is possible a async set/reset assignment for this is signal missing. To improve timing and area, specify a set/reset value. 
W: Sdm-2014: Feedback mux created for signal 'ip_head[2] [20]'. It is possible a async set/reset assignment for this is signal missing. To improve timing and area, specify a set/reset value. 
W: Sdm-2014: Feedback mux created for signal 'ip_head[2] [21]'. It is possible a async set/reset assignment for this is signal missing. To improve timing and area, specify a set/reset value. 
W: Sdm-2014: Feedback mux created for signal 'ip_head[2] [22]'. It is possible a async set/reset assignment for this is signal missing. To improve timing and area, specify a set/reset value. 
W: Sdm-2014: Feedback mux created for signal 'ip_head[2] [23]'. It is possible a async set/reset assignment for this is signal missing. To improve timing and area, specify a set/reset value. 
W: Sdm-2014: Feedback mux created for signal 'ip_head[2] [24]'. It is possible a async set/reset assignment for this is signal missing. To improve timing and area, specify a set/reset value. 
W: Sdm-2014: Feedback mux created for signal 'ip_head[2] [25]'. It is possible a async set/reset assignment for this is signal missing. To improve timing and area, specify a set/reset value. 
W: Sdm-2014: Feedback mux created for signal 'ip_head[2] [26]'. It is possible a async set/reset assignment for this is signal missing. To improve timing and area, specify a set/reset value. 
W: Sdm-2014: Feedback mux created for signal 'ip_head[2] [27]'. It is possible a async set/reset assignment for this is signal missing. To improve timing and area, specify a set/reset value. 
W: Sdm-2014: Feedback mux created for signal 'ip_head[2] [28]'. It is possible a async set/reset assignment for this is signal missing. To improve timing and area, specify a set/reset value. 
W: Sdm-2014: Feedback mux created for signal 'ip_head[2] [29]'. It is possible a async set/reset assignment for this is signal missing. To improve timing and area, specify a set/reset value. 
W: Sdm-2014: Feedback mux created for signal 'ip_head[2] [30]'. It is possible a async set/reset assignment for this is signal missing. To improve timing and area, specify a set/reset value. 
W: Sdm-2014: Feedback mux created for signal 'ip_head[2] [31]'. It is possible a async set/reset assignment for this is signal missing. To improve timing and area, specify a set/reset value. 
W: Sdm-2014: Feedback mux created for signal 'ip_head[3] [0]'. It is possible a async set/reset assignment for this is signal missing. To improve timing and area, specify a set/reset value. 
W: Sdm-2014: Feedback mux created for signal 'ip_head[3] [1]'. It is possible a async set/reset assignment for this is signal missing. To improve timing and area, specify a set/reset value. 
W: Sdm-2014: Feedback mux created for signal 'ip_head[3] [2]'. It is possible a async set/reset assignment for this is signal missing. To improve timing and area, specify a set/reset value. 
W: Sdm-2014: Feedback mux created for signal 'ip_head[3] [3]'. It is possible a async set/reset assignment for this is signal missing. To improve timing and area, specify a set/reset value. 
W: Sdm-2014: Feedback mux created for signal 'ip_head[3] [4]'. It is possible a async set/reset assignment for this is signal missing. To improve timing and area, specify a set/reset value. 
W: Sdm-2014: Feedback mux created for signal 'ip_head[3] [5]'. It is possible a async set/reset assignment for this is signal missing. To improve timing and area, specify a set/reset value. 
W: Sdm-2014: Feedback mux created for signal 'ip_head[3] [6]'. It is possible a async set/reset assignment for this is signal missing. To improve timing and area, specify a set/reset value. 
W: Sdm-2014: Feedback mux created for signal 'ip_head[3] [7]'. It is possible a async set/reset assignment for this is signal missing. To improve timing and area, specify a set/reset value. 
W: Sdm-2014: Feedback mux created for signal 'ip_head[3] [8]'. It is possible a async set/reset assignment for this is signal missing. To improve timing and area, specify a set/reset value. 
W: Sdm-2014: Feedback mux created for signal 'ip_head[3] [9]'. It is possible a async set/reset assignment for this is signal missing. To improve timing and area, specify a set/reset value. 
W: Sdm-2014: Feedback mux created for signal 'ip_head[3] [10]'. It is possible a async set/reset assignment for this is signal missing. To improve timing and area, specify a set/reset value. 
W: Sdm-2014: Feedback mux created for signal 'ip_head[3] [11]'. It is possible a async set/reset assignment for this is signal missing. To improve timing and area, specify a set/reset value. 
W: Sdm-2014: Feedback mux created for signal 'ip_head[3] [12]'. It is possible a async set/reset assignment for this is signal missing. To improve timing and area, specify a set/reset value. 
W: Sdm-2014: Feedback mux created for signal 'ip_head[3] [13]'. It is possible a async set/reset assignment for this is signal missing. To improve timing and area, specify a set/reset value. 
W: Sdm-2014: Feedback mux created for signal 'ip_head[3] [14]'. It is possible a async set/reset assignment for this is signal missing. To improve timing and area, specify a set/reset value. 
W: Sdm-2014: Feedback mux created for signal 'ip_head[3] [15]'. It is possible a async set/reset assignment for this is signal missing. To improve timing and area, specify a set/reset value. 
W: Sdm-2014: Feedback mux created for signal 'ip_head[3] [16]'. It is possible a async set/reset assignment for this is signal missing. To improve timing and area, specify a set/reset value. 
W: Sdm-2014: Feedback mux created for signal 'ip_head[3] [17]'. It is possible a async set/reset assignment for this is signal missing. To improve timing and area, specify a set/reset value. 
W: Sdm-2014: Feedback mux created for signal 'ip_head[3] [18]'. It is possible a async set/reset assignment for this is signal missing. To improve timing and area, specify a set/reset value. 
W: Sdm-2014: Feedback mux created for signal 'ip_head[3] [19]'. It is possible a async set/reset assignment for this is signal missing. To improve timing and area, specify a set/reset value. 
W: Sdm-2014: Feedback mux created for signal 'ip_head[3] [20]'. It is possible a async set/reset assignment for this is signal missing. To improve timing and area, specify a set/reset value. 
W: Sdm-2014: Feedback mux created for signal 'ip_head[3] [21]'. It is possible a async set/reset assignment for this is signal missing. To improve timing and area, specify a set/reset value. 
W: Sdm-2014: Feedback mux created for signal 'ip_head[3] [22]'. It is possible a async set/reset assignment for this is signal missing. To improve timing and area, specify a set/reset value. 
W: Sdm-2014: Feedback mux created for signal 'ip_head[3] [23]'. It is possible a async set/reset assignment for this is signal missing. To improve timing and area, specify a set/reset value. 
W: Sdm-2014: Feedback mux created for signal 'ip_head[3] [24]'. It is possible a async set/reset assignment for this is signal missing. To improve timing and area, specify a set/reset value. 
W: Sdm-2014: Feedback mux created for signal 'ip_head[3] [25]'. It is possible a async set/reset assignment for this is signal missing. To improve timing and area, specify a set/reset value. 
W: Sdm-2014: Feedback mux created for signal 'ip_head[3] [26]'. It is possible a async set/reset assignment for this is signal missing. To improve timing and area, specify a set/reset value. 
W: Sdm-2014: Feedback mux created for signal 'ip_head[3] [27]'. It is possible a async set/reset assignment for this is signal missing. To improve timing and area, specify a set/reset value. 
W: Sdm-2014: Feedback mux created for signal 'ip_head[3] [28]'. It is possible a async set/reset assignment for this is signal missing. To improve timing and area, specify a set/reset value. 
W: Sdm-2014: Feedback mux created for signal 'ip_head[3] [29]'. It is possible a async set/reset assignment for this is signal missing. To improve timing and area, specify a set/reset value. 
W: Sdm-2014: Feedback mux created for signal 'ip_head[3] [30]'. It is possible a async set/reset assignment for this is signal missing. To improve timing and area, specify a set/reset value. 
W: Sdm-2014: Feedback mux created for signal 'ip_head[3] [31]'. It is possible a async set/reset assignment for this is signal missing. To improve timing and area, specify a set/reset value. 
W: Sdm-2014: Feedback mux created for signal 'ip_head[4] [0]'. It is possible a async set/reset assignment for this is signal missing. To improve timing and area, specify a set/reset value. 
W: Sdm-2014: Feedback mux created for signal 'ip_head[4] [1]'. It is possible a async set/reset assignment for this is signal missing. To improve timing and area, specify a set/reset value. 
W: Sdm-2014: Feedback mux created for signal 'ip_head[4] [2]'. It is possible a async set/reset assignment for this is signal missing. To improve timing and area, specify a set/reset value. 
W: Sdm-2014: Feedback mux created for signal 'ip_head[4] [3]'. It is possible a async set/reset assignment for this is signal missing. To improve timing and area, specify a set/reset value. 
W: Sdm-2014: Feedback mux created for signal 'ip_head[4] [4]'. It is possible a async set/reset assignment for this is signal missing. To improve timing and area, specify a set/reset value. 
W: Sdm-2014: Feedback mux created for signal 'ip_head[4] [5]'. It is possible a async set/reset assignment for this is signal missing. To improve timing and area, specify a set/reset value. 
W: Sdm-2014: Feedback mux created for signal 'ip_head[4] [6]'. It is possible a async set/reset assignment for this is signal missing. To improve timing and area, specify a set/reset value. 
W: Sdm-2014: Feedback mux created for signal 'ip_head[4] [7]'. It is possible a async set/reset assignment for this is signal missing. To improve timing and area, specify a set/reset value. 
W: Sdm-2014: Feedback mux created for signal 'ip_head[4] [8]'. It is possible a async set/reset assignment for this is signal missing. To improve timing and area, specify a set/reset value. 
W: Sdm-2014: Feedback mux created for signal 'ip_head[4] [9]'. It is possible a async set/reset assignment for this is signal missing. To improve timing and area, specify a set/reset value. 
W: Sdm-2014: Feedback mux created for signal 'ip_head[4] [10]'. It is possible a async set/reset assignment for this is signal missing. To improve timing and area, specify a set/reset value. 
W: Sdm-2014: Feedback mux created for signal 'ip_head[4] [11]'. It is possible a async set/reset assignment for this is signal missing. To improve timing and area, specify a set/reset value. 
W: Sdm-2014: Feedback mux created for signal 'ip_head[4] [12]'. It is possible a async set/reset assignment for this is signal missing. To improve timing and area, specify a set/reset value. 
W: Sdm-2014: Feedback mux created for signal 'ip_head[4] [13]'. It is possible a async set/reset assignment for this is signal missing. To improve timing and area, specify a set/reset value. 
W: Sdm-2014: Feedback mux created for signal 'ip_head[4] [14]'. It is possible a async set/reset assignment for this is signal missing. To improve timing and area, specify a set/reset value. 
W: Sdm-2014: Feedback mux created for signal 'ip_head[4] [15]'. It is possible a async set/reset assignment for this is signal missing. To improve timing and area, specify a set/reset value. 
W: Sdm-2014: Feedback mux created for signal 'ip_head[4] [16]'. It is possible a async set/reset assignment for this is signal missing. To improve timing and area, specify a set/reset value. 
W: Sdm-2014: Feedback mux created for signal 'ip_head[4] [17]'. It is possible a async set/reset assignment for this is signal missing. To improve timing and area, specify a set/reset value. 
W: Sdm-2014: Feedback mux created for signal 'ip_head[4] [18]'. It is possible a async set/reset assignment for this is signal missing. To improve timing and area, specify a set/reset value. 
W: Sdm-2014: Feedback mux created for signal 'ip_head[4] [19]'. It is possible a async set/reset assignment for this is signal missing. To improve timing and area, specify a set/reset value. 
W: Sdm-2014: Feedback mux created for signal 'ip_head[4] [20]'. It is possible a async set/reset assignment for this is signal missing. To improve timing and area, specify a set/reset value. 
W: Sdm-2014: Feedback mux created for signal 'ip_head[4] [21]'. It is possible a async set/reset assignment for this is signal missing. To improve timing and area, specify a set/reset value. 
W: Sdm-2014: Feedback mux created for signal 'ip_head[4] [22]'. It is possible a async set/reset assignment for this is signal missing. To improve timing and area, specify a set/reset value. 
W: Sdm-2014: Feedback mux created for signal 'ip_head[4] [23]'. It is possible a async set/reset assignment for this is signal missing. To improve timing and area, specify a set/reset value. 
W: Sdm-2014: Feedback mux created for signal 'ip_head[4] [24]'. It is possible a async set/reset assignment for this is signal missing. To improve timing and area, specify a set/reset value. 
W: Sdm-2014: Feedback mux created for signal 'ip_head[4] [25]'. It is possible a async set/reset assignment for this is signal missing. To improve timing and area, specify a set/reset value. 
W: Sdm-2014: Feedback mux created for signal 'ip_head[4] [26]'. It is possible a async set/reset assignment for this is signal missing. To improve timing and area, specify a set/reset value. 
W: Sdm-2014: Feedback mux created for signal 'ip_head[4] [27]'. It is possible a async set/reset assignment for this is signal missing. To improve timing and area, specify a set/reset value. 
W: Sdm-2014: Feedback mux created for signal 'ip_head[4] [28]'. It is possible a async set/reset assignment for this is signal missing. To improve timing and area, specify a set/reset value. 
W: Sdm-2014: Feedback mux created for signal 'ip_head[4] [29]'. It is possible a async set/reset assignment for this is signal missing. To improve timing and area, specify a set/reset value. 
W: Sdm-2014: Feedback mux created for signal 'ip_head[4] [30]'. It is possible a async set/reset assignment for this is signal missing. To improve timing and area, specify a set/reset value. 
W: Sdm-2014: Feedback mux created for signal 'ip_head[4] [31]'. It is possible a async set/reset assignment for this is signal missing. To improve timing and area, specify a set/reset value. 
W: Sdm-2014: Feedback mux created for signal 'ip_head[5] [0]'. It is possible a async set/reset assignment for this is signal missing. To improve timing and area, specify a set/reset value. 
W: Sdm-2014: Feedback mux created for signal 'ip_head[5] [1]'. It is possible a async set/reset assignment for this is signal missing. To improve timing and area, specify a set/reset value. 
W: Sdm-2014: Feedback mux created for signal 'ip_head[5] [2]'. It is possible a async set/reset assignment for this is signal missing. To improve timing and area, specify a set/reset value. 
W: Sdm-2014: Feedback mux created for signal 'ip_head[5] [3]'. It is possible a async set/reset assignment for this is signal missing. To improve timing and area, specify a set/reset value. 
W: Sdm-2014: Feedback mux created for signal 'ip_head[5] [4]'. It is possible a async set/reset assignment for this is signal missing. To improve timing and area, specify a set/reset value. 
W: Sdm-2014: Feedback mux created for signal 'ip_head[5] [5]'. It is possible a async set/reset assignment for this is signal missing. To improve timing and area, specify a set/reset value. 
W: Sdm-2014: Feedback mux created for signal 'ip_head[5] [6]'. It is possible a async set/reset assignment for this is signal missing. To improve timing and area, specify a set/reset value. 
W: Sdm-2014: Feedback mux created for signal 'ip_head[5] [7]'. It is possible a async set/reset assignment for this is signal missing. To improve timing and area, specify a set/reset value. 
W: Sdm-2014: Feedback mux created for signal 'ip_head[5] [8]'. It is possible a async set/reset assignment for this is signal missing. To improve timing and area, specify a set/reset value. 
W: Sdm-2014: Feedback mux created for signal 'ip_head[5] [9]'. It is possible a async set/reset assignment for this is signal missing. To improve timing and area, specify a set/reset value. 
W: Sdm-2014: Feedback mux created for signal 'ip_head[5] [10]'. It is possible a async set/reset assignment for this is signal missing. To improve timing and area, specify a set/reset value. 
W: Sdm-2014: Feedback mux created for signal 'ip_head[5] [11]'. It is possible a async set/reset assignment for this is signal missing. To improve timing and area, specify a set/reset value. 
W: Sdm-2014: Feedback mux created for signal 'ip_head[5] [12]'. It is possible a async set/reset assignment for this is signal missing. To improve timing and area, specify a set/reset value. 
W: Sdm-2014: Feedback mux created for signal 'ip_head[5] [13]'. It is possible a async set/reset assignment for this is signal missing. To improve timing and area, specify a set/reset value. 
W: Sdm-2014: Feedback mux created for signal 'ip_head[5] [14]'. It is possible a async set/reset assignment for this is signal missing. To improve timing and area, specify a set/reset value. 
W: Sdm-2014: Feedback mux created for signal 'ip_head[5] [15]'. It is possible a async set/reset assignment for this is signal missing. To improve timing and area, specify a set/reset value. 
W: Sdm-2014: Feedback mux created for signal 'ip_head[5] [16]'. It is possible a async set/reset assignment for this is signal missing. To improve timing and area, specify a set/reset value. 
W: Sdm-2014: Feedback mux created for signal 'ip_head[5] [17]'. It is possible a async set/reset assignment for this is signal missing. To improve timing and area, specify a set/reset value. 
W: Sdm-2014: Feedback mux created for signal 'ip_head[5] [18]'. It is possible a async set/reset assignment for this is signal missing. To improve timing and area, specify a set/reset value. 
W: Sdm-2014: Feedback mux created for signal 'ip_head[5] [19]'. It is possible a async set/reset assignment for this is signal missing. To improve timing and area, specify a set/reset value. 
W: Sdm-2014: Feedback mux created for signal 'ip_head[5] [20]'. It is possible a async set/reset assignment for this is signal missing. To improve timing and area, specify a set/reset value. 
W: Sdm-2014: Feedback mux created for signal 'ip_head[5] [21]'. It is possible a async set/reset assignment for this is signal missing. To improve timing and area, specify a set/reset value. 
W: Sdm-2014: Feedback mux created for signal 'ip_head[5] [22]'. It is possible a async set/reset assignment for this is signal missing. To improve timing and area, specify a set/reset value. 
W: Sdm-2014: Feedback mux created for signal 'ip_head[5] [23]'. It is possible a async set/reset assignment for this is signal missing. To improve timing and area, specify a set/reset value. 
W: Sdm-2014: Feedback mux created for signal 'ip_head[5] [24]'. It is possible a async set/reset assignment for this is signal missing. To improve timing and area, specify a set/reset value. 
W: Sdm-2014: Feedback mux created for signal 'ip_head[5] [25]'. It is possible a async set/reset assignment for this is signal missing. To improve timing and area, specify a set/reset value. 
W: Sdm-2014: Feedback mux created for signal 'ip_head[5] [26]'. It is possible a async set/reset assignment for this is signal missing. To improve timing and area, specify a set/reset value. 
W: Sdm-2014: Feedback mux created for signal 'ip_head[5] [27]'. It is possible a async set/reset assignment for this is signal missing. To improve timing and area, specify a set/reset value. 
W: Sdm-2014: Feedback mux created for signal 'ip_head[5] [28]'. It is possible a async set/reset assignment for this is signal missing. To improve timing and area, specify a set/reset value. 
W: Sdm-2014: Feedback mux created for signal 'ip_head[5] [29]'. It is possible a async set/reset assignment for this is signal missing. To improve timing and area, specify a set/reset value. 
W: Sdm-2014: Feedback mux created for signal 'ip_head[5] [30]'. It is possible a async set/reset assignment for this is signal missing. To improve timing and area, specify a set/reset value. 
W: Sdm-2014: Feedback mux created for signal 'ip_head[5] [31]'. It is possible a async set/reset assignment for this is signal missing. To improve timing and area, specify a set/reset value. 
W: Sdm-2014: Feedback mux created for signal 'ip_head[6] [0]'. It is possible a async set/reset assignment for this is signal missing. To improve timing and area, specify a set/reset value. 
W: Sdm-2014: Feedback mux created for signal 'ip_head[6] [1]'. It is possible a async set/reset assignment for this is signal missing. To improve timing and area, specify a set/reset value. 
W: Sdm-2014: Feedback mux created for signal 'ip_head[6] [2]'. It is possible a async set/reset assignment for this is signal missing. To improve timing and area, specify a set/reset value. 
W: Sdm-2014: Feedback mux created for signal 'ip_head[6] [3]'. It is possible a async set/reset assignment for this is signal missing. To improve timing and area, specify a set/reset value. 
W: Sdm-2014: Feedback mux created for signal 'ip_head[6] [4]'. It is possible a async set/reset assignment for this is signal missing. To improve timing and area, specify a set/reset value. 
W: Sdm-2014: Feedback mux created for signal 'ip_head[6] [5]'. It is possible a async set/reset assignment for this is signal missing. To improve timing and area, specify a set/reset value. 
W: Sdm-2014: Feedback mux created for signal 'ip_head[6] [6]'. It is possible a async set/reset assignment for this is signal missing. To improve timing and area, specify a set/reset value. 
W: Sdm-2014: Feedback mux created for signal 'ip_head[6] [7]'. It is possible a async set/reset assignment for this is signal missing. To improve timing and area, specify a set/reset value. 
W: Sdm-2014: Feedback mux created for signal 'ip_head[6] [8]'. It is possible a async set/reset assignment for this is signal missing. To improve timing and area, specify a set/reset value. 
W: Sdm-2014: Feedback mux created for signal 'ip_head[6] [9]'. It is possible a async set/reset assignment for this is signal missing. To improve timing and area, specify a set/reset value. 
W: Sdm-2014: Feedback mux created for signal 'ip_head[6] [10]'. It is possible a async set/reset assignment for this is signal missing. To improve timing and area, specify a set/reset value. 
W: Sdm-2014: Feedback mux created for signal 'ip_head[6] [11]'. It is possible a async set/reset assignment for this is signal missing. To improve timing and area, specify a set/reset value. 
W: Sdm-2014: Feedback mux created for signal 'ip_head[6] [12]'. It is possible a async set/reset assignment for this is signal missing. To improve timing and area, specify a set/reset value. 
W: Sdm-2014: Feedback mux created for signal 'ip_head[6] [13]'. It is possible a async set/reset assignment for this is signal missing. To improve timing and area, specify a set/reset value. 
W: Sdm-2014: Feedback mux created for signal 'ip_head[6] [14]'. It is possible a async set/reset assignment for this is signal missing. To improve timing and area, specify a set/reset value. 
W: Sdm-2014: Feedback mux created for signal 'ip_head[6] [15]'. It is possible a async set/reset assignment for this is signal missing. To improve timing and area, specify a set/reset value. 
W: Sdm-2014: Feedback mux created for signal 'ip_head[6] [16]'. It is possible a async set/reset assignment for this is signal missing. To improve timing and area, specify a set/reset value. 
W: Sdm-2014: Feedback mux created for signal 'ip_head[6] [17]'. It is possible a async set/reset assignment for this is signal missing. To improve timing and area, specify a set/reset value. 
W: Sdm-2014: Feedback mux created for signal 'ip_head[6] [18]'. It is possible a async set/reset assignment for this is signal missing. To improve timing and area, specify a set/reset value. 
W: Sdm-2014: Feedback mux created for signal 'ip_head[6] [19]'. It is possible a async set/reset assignment for this is signal missing. To improve timing and area, specify a set/reset value. 
W: Sdm-2014: Feedback mux created for signal 'ip_head[6] [20]'. It is possible a async set/reset assignment for this is signal missing. To improve timing and area, specify a set/reset value. 
W: Sdm-2014: Feedback mux created for signal 'ip_head[6] [21]'. It is possible a async set/reset assignment for this is signal missing. To improve timing and area, specify a set/reset value. 
W: Sdm-2014: Feedback mux created for signal 'ip_head[6] [22]'. It is possible a async set/reset assignment for this is signal missing. To improve timing and area, specify a set/reset value. 
W: Sdm-2014: Feedback mux created for signal 'ip_head[6] [23]'. It is possible a async set/reset assignment for this is signal missing. To improve timing and area, specify a set/reset value. 
W: Sdm-2014: Feedback mux created for signal 'ip_head[6] [24]'. It is possible a async set/reset assignment for this is signal missing. To improve timing and area, specify a set/reset value. 
W: Sdm-2014: Feedback mux created for signal 'ip_head[6] [25]'. It is possible a async set/reset assignment for this is signal missing. To improve timing and area, specify a set/reset value. 
W: Sdm-2014: Feedback mux created for signal 'ip_head[6] [26]'. It is possible a async set/reset assignment for this is signal missing. To improve timing and area, specify a set/reset value. 
W: Sdm-2014: Feedback mux created for signal 'ip_head[6] [27]'. It is possible a async set/reset assignment for this is signal missing. To improve timing and area, specify a set/reset value. 
W: Sdm-2014: Feedback mux created for signal 'ip_head[6] [28]'. It is possible a async set/reset assignment for this is signal missing. To improve timing and area, specify a set/reset value. 
W: Sdm-2014: Feedback mux created for signal 'ip_head[6] [29]'. It is possible a async set/reset assignment for this is signal missing. To improve timing and area, specify a set/reset value. 
I: Removed inst tx_done that is redundant to crc_clr.
Executing : DFF-inference successfully.
Executing : rtl-infer successfully. Time elapsed: 8.439s wall, 3.141s user + 4.031s system = 7.172s CPU (85.0%)

Start rtl-control-opt.
W: Loop was found during constant probe.
W: Loop was found during constant probe.
W: Loop was found during constant probe.
W: Loop was found during constant probe.
W: Loop was found during constant probe.
W: Loop was found during constant probe.
W: Loop was found during constant probe.
W: Loop was found during constant probe.
W: Loop was found during constant probe.
W: Loop was found during constant probe.
W: Loop was found during constant probe.
W: Loop was found during constant probe.
W: Loop was found during constant probe.
W: Loop was found during constant probe.
W: Loop was found during constant probe.
W: Loop was found during constant probe.
W: Loop was found during constant probe.
W: Loop was found during constant probe.
W: Loop was found during constant probe.
W: Loop was found during constant probe.
W: Loop was found during constant probe.
W: Loop was found during constant probe.
W: Loop was found during constant probe.
W: Loop was found during constant probe.
W: Loop was found during constant probe.
W: Loop was found during constant probe.
W: Loop was found during constant probe.
W: Loop was found during constant probe.
W: Loop was found during constant probe.
W: Loop was found during constant probe.
W: Loop was found during constant probe.
W: Loop was found during constant probe.
W: Loop was found during constant probe.
W: Loop was found during constant probe.
W: Loop was found during constant probe.
W: Loop was found during constant probe.
W: Loop was found during constant probe.
W: Loop was found during constant probe.
W: Loop was found during constant probe.
W: Loop was found during constant probe.
W: Loop was found during constant probe.
W: Loop was found during constant probe.
W: Loop was found during constant probe.
W: Loop was found during constant probe.
W: Loop was found during constant probe.
W: Loop was found during constant probe.
Executing : rtl-control-opt successfully. Time elapsed: 0.034s wall, 0.031s user + 0.000s system = 0.031s CPU (91.3%)

Start rtl-data-opt.
W: Loop was found during constant probe.
W: Loop was found during constant probe.
W: Loop was found during constant probe.
W: Loop was found during constant probe.
W: Loop was found during constant probe.
W: Loop was found during constant probe.
W: Loop was found during constant probe.
W: Loop was found during constant probe.
W: Loop was found during constant probe.
W: Loop was found during constant probe.
W: Loop was found during constant probe.
W: Loop was found during constant probe.
W: Loop was found during constant probe.
W: Loop was found during constant probe.
W: Loop was found during constant probe.
W: Loop was found during constant probe.
W: Loop was found during constant probe.
W: Loop was found during constant probe.
W: Loop was found during constant probe.
W: Loop was found during constant probe.
W: Loop was found during constant probe.
W: Loop was found during constant probe.
W: Loop was found during constant probe.
W: Loop was found during constant probe.
W: Loop was found during constant probe.
W: Loop was found during constant probe.
W: Loop was found during constant probe.
W: Loop was found during constant probe.
W: Loop was found during constant probe.
W: Loop was found during constant probe.
W: Loop was found during constant probe.
W: Loop was found during constant probe.
W: Loop was found during constant probe.
W: Loop was found during constant probe.
W: Loop was found during constant probe.
W: Loop was found during constant probe.
W: Loop was found during constant probe.
W: Loop was found during constant probe.
W: Loop was found during constant probe.
W: Loop was found during constant probe.
W: Loop was found during constant probe.
W: Loop was found during constant probe.
W: Loop was found during constant probe.
W: Loop was found during constant probe.
W: Loop was found during constant probe.
W: Loop was found during constant probe.
W: Loop was found during constant probe.
W: Loop was found during constant probe.
W: Loop was found during constant probe.
W: Loop was found during constant probe.
W: Loop was found during constant probe.
W: Loop was found during constant probe.
W: Loop was found during constant probe.
W: Loop was found during constant probe.
W: Loop was found during constant probe.
W: Loop was found during constant probe.
W: Loop was found during constant probe.
W: Loop was found during constant probe.
W: Loop was found during constant probe.
W: Loop was found during constant probe.
W: Loop was found during constant probe.
W: Loop was found during constant probe.
W: Loop was found during constant probe.
W: Loop was found during constant probe.
W: Loop was found during constant probe.
W: Loop was found during constant probe.
W: Loop was found during constant probe.
W: Loop was found during constant probe.
W: Loop was found during constant probe.
W: Loop was found during constant probe.
W: Loop was found during constant probe.
W: Loop was found during constant probe.
W: Loop was found during constant probe.
W: Loop was found during constant probe.
W: Loop was found during constant probe.
W: Loop was found during constant probe.
W: Loop was found during constant probe.
Executing : rtl-data-opt successfully. Time elapsed: 0.204s wall, 0.203s user + 0.000s system = 0.203s CPU (99.4%)

Start FSM inference.
I: FSM protocol_sw_fsm[1:0] inferred.
I: FSM cur_state_fsm[4:0] inferred.
I: FSM cur_state_fsm[4:0] inferred.
I: FSM cur_state_fsm[6:0] inferred.
I: FSM cur_state_fsm[7:0] inferred.
W: Loop was found during constant probe.
W: Loop was found during constant probe.
W: Loop was found during constant probe.
W: Loop was found during constant probe.
W: Loop was found during constant probe.
W: Loop was found during constant probe.
I: FSM cur_state_fsm[6:0] inferred.
I: FSM cur_state_fsm[6:0] inferred.
W: Loop was found during constant probe.
W: Loop was found during constant probe.
W: Loop was found during constant probe.
W: Loop was found during constant probe.
W: Loop was found during constant probe.
Executing : FSM inference successfully. Time elapsed: 0.150s wall, 0.125s user + 0.016s system = 0.141s CPU (93.8%)

Start sdm2adm.
I: Constant propagation done on N89_11 (bmsREDXOR).
I: Constant propagation done on N79 (bmsREDXOR).
I: Constant propagation done on N29 (bmsREDXOR).
I: Constant propagation done on N34 (bmsREDXOR).
I: Constant propagation done on N39 (bmsREDXOR).
I: Constant propagation done on N44 (bmsREDXOR).
I: Constant propagation done on N49 (bmsREDXOR).
I: Constant propagation done on N54 (bmsREDXOR).
I: Constant propagation done on N59 (bmsREDXOR).
I: Constant propagation done on N64 (bmsREDXOR).
W: Loop was found during constant probe.
W: Loop was found during constant probe.
W: Loop was found during constant probe.
W: Loop was found during constant probe.
W: Loop was found during constant probe.
W: Loop was found during constant probe.
W: Loop was found during constant probe.
W: Loop was found during constant probe.
W: Loop was found during constant probe.
W: Loop was found during constant probe.
W: Loop was found during constant probe.
W: Loop was found during constant probe.
W: Loop was found during constant probe.
W: Loop was found during constant probe.
W: Loop was found during constant probe.
W: Loop was found during constant probe.
W: Loop was found during constant probe.
W: Loop was found during constant probe.
W: Loop was found during constant probe.
W: Loop was found during constant probe.
W: Loop was found during constant probe.
W: Loop was found during constant probe.
W: Loop was found during constant probe.
W: Loop was found during constant probe.
W: Loop was found during constant probe.
W: Loop was found during constant probe.
W: Loop was found during constant probe.
W: Loop was found during constant probe.
W: Loop was found during constant probe.
W: Loop was found during constant probe.
W: Loop was found during constant probe.
W: Loop was found during constant probe.
W: Loop was found during constant probe.
W: Loop was found during constant probe.
W: Loop was found during constant probe.
W: Loop was found during constant probe.
W: Loop was found during constant probe.
W: Loop was found during constant probe.
W: Loop was found during constant probe.
W: Loop was found during constant probe.
W: Loop was found during constant probe.
W: Loop was found during constant probe.
Executing : sdm2adm successfully. Time elapsed: 0.222s wall, 0.188s user + 0.000s system = 0.188s CPU (84.5%)

Saving design to DB.
Action compile: Real time elapsed is 0h:0m:21s
Action compile: CPU time elapsed is 0h:0m:6s
Action compile: Process CPU time elapsed is 0h:0m:6s
Current time: Wed Jan 31 20:18:19 2024
Action compile: Peak memory pool usage is 154 MB
