#Build: Fabric Compiler 2022.2-SP4.2, Build 132111, Aug 13 06:22 2023
#Install: D:\ywd\pds_2022.2-sp4.2-ads-win64\PDS_2022.2-SP4.2-ads\bin
#Application name: pds.exe
#OS: Windows 10 10.0.19045
#Hostname: DESKTOP-HN5R6GK
Generated by Fabric Compiler (version 2022.2-SP4.2 build 132111) at Mon Feb 26 16:09:29 2024
Compiling architecture definition.
Analyzing project file 'E:/H100licheng/50h/52_eth_udp_loop/prj/eth_udp_loop.pds'.
License checkout: fabric_ads from C:\pango\license\new_pds_584120290F2C.lic
Compiling verification operator library.
Loading technology operator library.
Compiling technology operator library.
Compiling technology operator (valence) library.
W: Flow-4058: The device information PG2L100H-6FBG484 of IP 'E:/H100licheng/50h/52_eth_udp_loop/prj/ipcore/async_fifo_2048x8b/async_fifo_2048x8b.idf' is not the same as the current project.
I: Enable Verilog2k features and keywords
Start rtl-analyze.
Executing : .rtl_analyze -work work -include_path {E:/H100licheng/50h/52_eth_udp_loop/prj} E:/H100licheng/50h/52_eth_udp_loop/rtl/udp/udp.v
I: Verilog-0001: Analyzing file E:/H100licheng/50h/52_eth_udp_loop/rtl/udp/udp.v
I: Verilog-0002: [E:/H100licheng/50h/52_eth_udp_loop/rtl/udp/udp.v(line number: 23)] Analyzing module udp (library work)
Parsing done.
Executing : .rtl_analyze -work work -include_path {E:/H100licheng/50h/52_eth_udp_loop/prj} E:/H100licheng/50h/52_eth_udp_loop/rtl/udp/udp.v successfully.
Executing : .rtl_analyze -work work -include_path {E:/H100licheng/50h/52_eth_udp_loop/prj} E:/H100licheng/50h/52_eth_udp_loop/rtl/udp/udp_rx.v
I: Verilog-0001: Analyzing file E:/H100licheng/50h/52_eth_udp_loop/rtl/udp/udp_rx.v
I: Verilog-0002: [E:/H100licheng/50h/52_eth_udp_loop/rtl/udp/udp_rx.v(line number: 23)] Analyzing module udp_rx (library work)
Parsing done.
Executing : .rtl_analyze -work work -include_path {E:/H100licheng/50h/52_eth_udp_loop/prj} E:/H100licheng/50h/52_eth_udp_loop/rtl/udp/udp_rx.v successfully.
Executing : .rtl_analyze -work work -include_path {E:/H100licheng/50h/52_eth_udp_loop/prj} E:/H100licheng/50h/52_eth_udp_loop/rtl/udp/udp_tx.v
I: Verilog-0001: Analyzing file E:/H100licheng/50h/52_eth_udp_loop/rtl/udp/udp_tx.v
I: Verilog-0002: [E:/H100licheng/50h/52_eth_udp_loop/rtl/udp/udp_tx.v(line number: 23)] Analyzing module udp_tx (library work)
Parsing done.
Executing : .rtl_analyze -work work -include_path {E:/H100licheng/50h/52_eth_udp_loop/prj} E:/H100licheng/50h/52_eth_udp_loop/rtl/udp/udp_tx.v successfully.
Executing : .rtl_analyze -work work -include_path {E:/H100licheng/50h/52_eth_udp_loop/prj} E:/H100licheng/50h/52_eth_udp_loop/rtl/eth_ctrl.v
I: Verilog-0001: Analyzing file E:/H100licheng/50h/52_eth_udp_loop/rtl/eth_ctrl.v
I: Verilog-0002: [E:/H100licheng/50h/52_eth_udp_loop/rtl/eth_ctrl.v(line number: 23)] Analyzing module eth_ctrl (library work)
Parsing done.
Executing : .rtl_analyze -work work -include_path {E:/H100licheng/50h/52_eth_udp_loop/prj} E:/H100licheng/50h/52_eth_udp_loop/rtl/eth_ctrl.v successfully.
Executing : .rtl_analyze -work work -include_path {E:/H100licheng/50h/52_eth_udp_loop/prj} E:/H100licheng/50h/52_eth_udp_loop/rtl/eth_udp_loop.v
I: Verilog-0001: Analyzing file E:/H100licheng/50h/52_eth_udp_loop/rtl/eth_udp_loop.v
I: Verilog-0002: [E:/H100licheng/50h/52_eth_udp_loop/rtl/eth_udp_loop.v(line number: 23)] Analyzing module eth_udp_loop (library work)
Parsing done.
Executing : .rtl_analyze -work work -include_path {E:/H100licheng/50h/52_eth_udp_loop/prj} E:/H100licheng/50h/52_eth_udp_loop/rtl/eth_udp_loop.v successfully.
Executing : .rtl_analyze -work work -include_path {E:/H100licheng/50h/52_eth_udp_loop/prj} E:/H100licheng/50h/52_eth_udp_loop/rtl/arp/arp.v
I: Verilog-0001: Analyzing file E:/H100licheng/50h/52_eth_udp_loop/rtl/arp/arp.v
I: Verilog-0002: [E:/H100licheng/50h/52_eth_udp_loop/rtl/arp/arp.v(line number: 23)] Analyzing module arp (library work)
Parsing done.
Executing : .rtl_analyze -work work -include_path {E:/H100licheng/50h/52_eth_udp_loop/prj} E:/H100licheng/50h/52_eth_udp_loop/rtl/arp/arp.v successfully.
Executing : .rtl_analyze -work work -include_path {E:/H100licheng/50h/52_eth_udp_loop/prj} E:/H100licheng/50h/52_eth_udp_loop/rtl/arp/arp_rx.v
I: Verilog-0001: Analyzing file E:/H100licheng/50h/52_eth_udp_loop/rtl/arp/arp_rx.v
I: Verilog-0002: [E:/H100licheng/50h/52_eth_udp_loop/rtl/arp/arp_rx.v(line number: 23)] Analyzing module arp_rx (library work)
Parsing done.
Executing : .rtl_analyze -work work -include_path {E:/H100licheng/50h/52_eth_udp_loop/prj} E:/H100licheng/50h/52_eth_udp_loop/rtl/arp/arp_rx.v successfully.
Executing : .rtl_analyze -work work -include_path {E:/H100licheng/50h/52_eth_udp_loop/prj} E:/H100licheng/50h/52_eth_udp_loop/rtl/arp/arp_tx.v
I: Verilog-0001: Analyzing file E:/H100licheng/50h/52_eth_udp_loop/rtl/arp/arp_tx.v
I: Verilog-0002: [E:/H100licheng/50h/52_eth_udp_loop/rtl/arp/arp_tx.v(line number: 23)] Analyzing module arp_tx (library work)
Parsing done.
Executing : .rtl_analyze -work work -include_path {E:/H100licheng/50h/52_eth_udp_loop/prj} E:/H100licheng/50h/52_eth_udp_loop/rtl/arp/arp_tx.v successfully.
Executing : .rtl_analyze -work work -include_path {E:/H100licheng/50h/52_eth_udp_loop/prj} E:/H100licheng/50h/52_eth_udp_loop/rtl/arp/crc32_d8.v
I: Verilog-0001: Analyzing file E:/H100licheng/50h/52_eth_udp_loop/rtl/arp/crc32_d8.v
I: Verilog-0002: [E:/H100licheng/50h/52_eth_udp_loop/rtl/arp/crc32_d8.v(line number: 22)] Analyzing module crc32_d8 (library work)
Parsing done.
Executing : .rtl_analyze -work work -include_path {E:/H100licheng/50h/52_eth_udp_loop/prj} E:/H100licheng/50h/52_eth_udp_loop/rtl/arp/crc32_d8.v successfully.
Executing : .rtl_analyze -work work -include_path {E:/H100licheng/50h/52_eth_udp_loop/prj} E:/H100licheng/50h/52_eth_udp_loop/rtl/gmii_to_rgmii/gmii_to_rgmii.v
I: Verilog-0001: Analyzing file E:/H100licheng/50h/52_eth_udp_loop/rtl/gmii_to_rgmii/gmii_to_rgmii.v
I: Verilog-0002: [E:/H100licheng/50h/52_eth_udp_loop/rtl/gmii_to_rgmii/gmii_to_rgmii.v(line number: 23)] Analyzing module gmii_to_rgmii (library work)
Parsing done.
Executing : .rtl_analyze -work work -include_path {E:/H100licheng/50h/52_eth_udp_loop/prj} E:/H100licheng/50h/52_eth_udp_loop/rtl/gmii_to_rgmii/gmii_to_rgmii.v successfully.
Executing : .rtl_analyze -work work -include_path {E:/H100licheng/50h/52_eth_udp_loop/prj} E:/H100licheng/50h/52_eth_udp_loop/rtl/gmii_to_rgmii/rgmii_rx.v
I: Verilog-0001: Analyzing file E:/H100licheng/50h/52_eth_udp_loop/rtl/gmii_to_rgmii/rgmii_rx.v
I: Verilog-0002: [E:/H100licheng/50h/52_eth_udp_loop/rtl/gmii_to_rgmii/rgmii_rx.v(line number: 23)] Analyzing module rgmii_rx (library work)
Parsing done.
Executing : .rtl_analyze -work work -include_path {E:/H100licheng/50h/52_eth_udp_loop/prj} E:/H100licheng/50h/52_eth_udp_loop/rtl/gmii_to_rgmii/rgmii_rx.v successfully.
Executing : .rtl_analyze -work work -include_path {E:/H100licheng/50h/52_eth_udp_loop/prj} E:/H100licheng/50h/52_eth_udp_loop/rtl/gmii_to_rgmii/rgmii_tx.v
I: Verilog-0001: Analyzing file E:/H100licheng/50h/52_eth_udp_loop/rtl/gmii_to_rgmii/rgmii_tx.v
I: Verilog-0002: [E:/H100licheng/50h/52_eth_udp_loop/rtl/gmii_to_rgmii/rgmii_tx.v(line number: 23)] Analyzing module rgmii_tx (library work)
Parsing done.
Executing : .rtl_analyze -work work -include_path {E:/H100licheng/50h/52_eth_udp_loop/prj} E:/H100licheng/50h/52_eth_udp_loop/rtl/gmii_to_rgmii/rgmii_tx.v successfully.
Executing : .rtl_analyze -work work -include_path {E:/H100licheng/50h/52_eth_udp_loop/prj} E:/H100licheng/50h/52_eth_udp_loop/rtl/icmp/icmp.v
I: Verilog-0001: Analyzing file E:/H100licheng/50h/52_eth_udp_loop/rtl/icmp/icmp.v
I: Verilog-0002: [E:/H100licheng/50h/52_eth_udp_loop/rtl/icmp/icmp.v(line number: 23)] Analyzing module icmp (library work)
Parsing done.
Executing : .rtl_analyze -work work -include_path {E:/H100licheng/50h/52_eth_udp_loop/prj} E:/H100licheng/50h/52_eth_udp_loop/rtl/icmp/icmp.v successfully.
Executing : .rtl_analyze -work work -include_path {E:/H100licheng/50h/52_eth_udp_loop/prj} E:/H100licheng/50h/52_eth_udp_loop/rtl/icmp/icmp_rx.v
I: Verilog-0001: Analyzing file E:/H100licheng/50h/52_eth_udp_loop/rtl/icmp/icmp_rx.v
I: Verilog-0002: [E:/H100licheng/50h/52_eth_udp_loop/rtl/icmp/icmp_rx.v(line number: 23)] Analyzing module icmp_rx (library work)
Parsing done.
Executing : .rtl_analyze -work work -include_path {E:/H100licheng/50h/52_eth_udp_loop/prj} E:/H100licheng/50h/52_eth_udp_loop/rtl/icmp/icmp_rx.v successfully.
Executing : .rtl_analyze -work work -include_path {E:/H100licheng/50h/52_eth_udp_loop/prj} E:/H100licheng/50h/52_eth_udp_loop/rtl/icmp/icmp_tx.v
I: Verilog-0001: Analyzing file E:/H100licheng/50h/52_eth_udp_loop/rtl/icmp/icmp_tx.v
I: Verilog-0002: [E:/H100licheng/50h/52_eth_udp_loop/rtl/icmp/icmp_tx.v(line number: 23)] Analyzing module icmp_tx (library work)
Parsing done.
Executing : .rtl_analyze -work work -include_path {E:/H100licheng/50h/52_eth_udp_loop/prj} E:/H100licheng/50h/52_eth_udp_loop/rtl/icmp/icmp_tx.v successfully.
Executing : .rtl_analyze -include_path {E:/H100licheng/50h/52_eth_udp_loop/prj} E:/H100licheng/50h/52_eth_udp_loop/prj/ipcore/async_fifo_2048x8b/rtl/ipm2l_fifo_ctrl_v1_1_async_fifo_2048x8b.v
I: Verilog-0001: Analyzing file E:/H100licheng/50h/52_eth_udp_loop/prj/ipcore/async_fifo_2048x8b/rtl/ipm2l_fifo_ctrl_v1_1_async_fifo_2048x8b.v
I: Verilog-0002: [E:/H100licheng/50h/52_eth_udp_loop/prj/ipcore/async_fifo_2048x8b/rtl/ipm2l_fifo_ctrl_v1_1_async_fifo_2048x8b.v(line number: 18)] Analyzing module ipm2l_fifo_ctrl_v1_1_async_fifo_2048x8b (library work)
I: [E:/H100licheng/50h/52_eth_udp_loop/prj/ipcore/async_fifo_2048x8b/rtl/ipm2l_fifo_ctrl_v1_1_async_fifo_2048x8b.v(line number: 46)] Convert attribute name from syn_preserve to PAP_PRESERVE
I: [E:/H100licheng/50h/52_eth_udp_loop/prj/ipcore/async_fifo_2048x8b/rtl/ipm2l_fifo_ctrl_v1_1_async_fifo_2048x8b.v(line number: 48)] Convert attribute name from syn_preserve to PAP_PRESERVE
I: [E:/H100licheng/50h/52_eth_udp_loop/prj/ipcore/async_fifo_2048x8b/rtl/ipm2l_fifo_ctrl_v1_1_async_fifo_2048x8b.v(line number: 59)] Convert attribute name from syn_preserve to PAP_PRESERVE
I: [E:/H100licheng/50h/52_eth_udp_loop/prj/ipcore/async_fifo_2048x8b/rtl/ipm2l_fifo_ctrl_v1_1_async_fifo_2048x8b.v(line number: 61)] Convert attribute name from syn_preserve to PAP_PRESERVE
Parsing done.
Executing : .rtl_analyze -include_path {E:/H100licheng/50h/52_eth_udp_loop/prj} E:/H100licheng/50h/52_eth_udp_loop/prj/ipcore/async_fifo_2048x8b/rtl/ipm2l_fifo_ctrl_v1_1_async_fifo_2048x8b.v successfully.
Executing : .rtl_analyze -include_path {E:/H100licheng/50h/52_eth_udp_loop/prj} E:/H100licheng/50h/52_eth_udp_loop/prj/ipcore/async_fifo_2048x8b/rtl/ipm2l_sdpram_v1_6a_async_fifo_2048x8b.v
I: Verilog-0001: Analyzing file E:/H100licheng/50h/52_eth_udp_loop/prj/ipcore/async_fifo_2048x8b/rtl/ipm2l_sdpram_v1_6a_async_fifo_2048x8b.v
I: Verilog-0002: [E:/H100licheng/50h/52_eth_udp_loop/prj/ipcore/async_fifo_2048x8b/rtl/ipm2l_sdpram_v1_6a_async_fifo_2048x8b.v(line number: 18)] Analyzing module ipm2l_sdpram_v1_6a_async_fifo_2048x8b (library work)
W: Verilog-2008: [E:/H100licheng/50h/52_eth_udp_loop/prj/ipcore/async_fifo_2048x8b/rtl/ipm2l_sdpram_v1_6a_async_fifo_2048x8b.v(line number: 289)] Ignore 'system task' $display
W: Verilog-2008: [E:/H100licheng/50h/52_eth_udp_loop/prj/ipcore/async_fifo_2048x8b/rtl/ipm2l_sdpram_v1_6a_async_fifo_2048x8b.v(line number: 290)] Ignore 'system task' $finish
W: Verilog-2008: [E:/H100licheng/50h/52_eth_udp_loop/prj/ipcore/async_fifo_2048x8b/rtl/ipm2l_sdpram_v1_6a_async_fifo_2048x8b.v(line number: 293)] Ignore 'system task' $display
W: Verilog-2008: [E:/H100licheng/50h/52_eth_udp_loop/prj/ipcore/async_fifo_2048x8b/rtl/ipm2l_sdpram_v1_6a_async_fifo_2048x8b.v(line number: 297)] Ignore 'system task' $display
W: Verilog-2008: [E:/H100licheng/50h/52_eth_udp_loop/prj/ipcore/async_fifo_2048x8b/rtl/ipm2l_sdpram_v1_6a_async_fifo_2048x8b.v(line number: 301)] Ignore 'system task' $display
W: Verilog-2008: [E:/H100licheng/50h/52_eth_udp_loop/prj/ipcore/async_fifo_2048x8b/rtl/ipm2l_sdpram_v1_6a_async_fifo_2048x8b.v(line number: 305)] Ignore 'system task' $display
W: Verilog-2008: [E:/H100licheng/50h/52_eth_udp_loop/prj/ipcore/async_fifo_2048x8b/rtl/ipm2l_sdpram_v1_6a_async_fifo_2048x8b.v(line number: 313)] Ignore 'system task' $display
W: Verilog-2008: [E:/H100licheng/50h/52_eth_udp_loop/prj/ipcore/async_fifo_2048x8b/rtl/ipm2l_sdpram_v1_6a_async_fifo_2048x8b.v(line number: 314)] Ignore 'system task' $finish
W: Verilog-2008: [E:/H100licheng/50h/52_eth_udp_loop/prj/ipcore/async_fifo_2048x8b/rtl/ipm2l_sdpram_v1_6a_async_fifo_2048x8b.v(line number: 317)] Ignore 'system task' $display
W: Verilog-2008: [E:/H100licheng/50h/52_eth_udp_loop/prj/ipcore/async_fifo_2048x8b/rtl/ipm2l_sdpram_v1_6a_async_fifo_2048x8b.v(line number: 318)] Ignore 'system task' $finish
W: Verilog-2008: [E:/H100licheng/50h/52_eth_udp_loop/prj/ipcore/async_fifo_2048x8b/rtl/ipm2l_sdpram_v1_6a_async_fifo_2048x8b.v(line number: 321)] Ignore 'system task' $display
W: Verilog-2008: [E:/H100licheng/50h/52_eth_udp_loop/prj/ipcore/async_fifo_2048x8b/rtl/ipm2l_sdpram_v1_6a_async_fifo_2048x8b.v(line number: 322)] Ignore 'system task' $finish
W: Verilog-2008: [E:/H100licheng/50h/52_eth_udp_loop/prj/ipcore/async_fifo_2048x8b/rtl/ipm2l_sdpram_v1_6a_async_fifo_2048x8b.v(line number: 325)] Ignore 'system task' $display
W: Verilog-2008: [E:/H100licheng/50h/52_eth_udp_loop/prj/ipcore/async_fifo_2048x8b/rtl/ipm2l_sdpram_v1_6a_async_fifo_2048x8b.v(line number: 326)] Ignore 'system task' $finish
W: Verilog-2008: [E:/H100licheng/50h/52_eth_udp_loop/prj/ipcore/async_fifo_2048x8b/rtl/ipm2l_sdpram_v1_6a_async_fifo_2048x8b.v(line number: 329)] Ignore 'system task' $display
W: Verilog-2008: [E:/H100licheng/50h/52_eth_udp_loop/prj/ipcore/async_fifo_2048x8b/rtl/ipm2l_sdpram_v1_6a_async_fifo_2048x8b.v(line number: 330)] Ignore 'system task' $finish
W: Verilog-2008: [E:/H100licheng/50h/52_eth_udp_loop/prj/ipcore/async_fifo_2048x8b/rtl/ipm2l_sdpram_v1_6a_async_fifo_2048x8b.v(line number: 333)] Ignore 'system task' $display
W: Verilog-2008: [E:/H100licheng/50h/52_eth_udp_loop/prj/ipcore/async_fifo_2048x8b/rtl/ipm2l_sdpram_v1_6a_async_fifo_2048x8b.v(line number: 334)] Ignore 'system task' $finish
W: Verilog-2008: [E:/H100licheng/50h/52_eth_udp_loop/prj/ipcore/async_fifo_2048x8b/rtl/ipm2l_sdpram_v1_6a_async_fifo_2048x8b.v(line number: 337)] Ignore 'system task' $display
W: Verilog-2008: [E:/H100licheng/50h/52_eth_udp_loop/prj/ipcore/async_fifo_2048x8b/rtl/ipm2l_sdpram_v1_6a_async_fifo_2048x8b.v(line number: 338)] Ignore 'system task' $finish
W: Verilog-2008: [E:/H100licheng/50h/52_eth_udp_loop/prj/ipcore/async_fifo_2048x8b/rtl/ipm2l_sdpram_v1_6a_async_fifo_2048x8b.v(line number: 341)] Ignore 'system task' $display
W: Verilog-2008: [E:/H100licheng/50h/52_eth_udp_loop/prj/ipcore/async_fifo_2048x8b/rtl/ipm2l_sdpram_v1_6a_async_fifo_2048x8b.v(line number: 342)] Ignore 'system task' $finish
W: Verilog-2008: [E:/H100licheng/50h/52_eth_udp_loop/prj/ipcore/async_fifo_2048x8b/rtl/ipm2l_sdpram_v1_6a_async_fifo_2048x8b.v(line number: 345)] Ignore 'system task' $display
W: Verilog-2008: [E:/H100licheng/50h/52_eth_udp_loop/prj/ipcore/async_fifo_2048x8b/rtl/ipm2l_sdpram_v1_6a_async_fifo_2048x8b.v(line number: 346)] Ignore 'system task' $finish
W: Verilog-2008: [E:/H100licheng/50h/52_eth_udp_loop/prj/ipcore/async_fifo_2048x8b/rtl/ipm2l_sdpram_v1_6a_async_fifo_2048x8b.v(line number: 349)] Ignore 'system task' $display
W: Verilog-2008: [E:/H100licheng/50h/52_eth_udp_loop/prj/ipcore/async_fifo_2048x8b/rtl/ipm2l_sdpram_v1_6a_async_fifo_2048x8b.v(line number: 350)] Ignore 'system task' $finish
W: Verilog-2008: [E:/H100licheng/50h/52_eth_udp_loop/prj/ipcore/async_fifo_2048x8b/rtl/ipm2l_sdpram_v1_6a_async_fifo_2048x8b.v(line number: 353)] Ignore 'system task' $display
W: Verilog-2008: [E:/H100licheng/50h/52_eth_udp_loop/prj/ipcore/async_fifo_2048x8b/rtl/ipm2l_sdpram_v1_6a_async_fifo_2048x8b.v(line number: 354)] Ignore 'system task' $finish
W: Verilog-2008: [E:/H100licheng/50h/52_eth_udp_loop/prj/ipcore/async_fifo_2048x8b/rtl/ipm2l_sdpram_v1_6a_async_fifo_2048x8b.v(line number: 357)] Ignore 'system task' $display
W: Verilog-2008: [E:/H100licheng/50h/52_eth_udp_loop/prj/ipcore/async_fifo_2048x8b/rtl/ipm2l_sdpram_v1_6a_async_fifo_2048x8b.v(line number: 358)] Ignore 'system task' $finish
W: Verilog-2008: [E:/H100licheng/50h/52_eth_udp_loop/prj/ipcore/async_fifo_2048x8b/rtl/ipm2l_sdpram_v1_6a_async_fifo_2048x8b.v(line number: 361)] Ignore 'system task' $display
W: Verilog-2008: [E:/H100licheng/50h/52_eth_udp_loop/prj/ipcore/async_fifo_2048x8b/rtl/ipm2l_sdpram_v1_6a_async_fifo_2048x8b.v(line number: 362)] Ignore 'system task' $finish
W: Verilog-2008: [E:/H100licheng/50h/52_eth_udp_loop/prj/ipcore/async_fifo_2048x8b/rtl/ipm2l_sdpram_v1_6a_async_fifo_2048x8b.v(line number: 365)] Ignore 'system task' $display
W: Verilog-2008: [E:/H100licheng/50h/52_eth_udp_loop/prj/ipcore/async_fifo_2048x8b/rtl/ipm2l_sdpram_v1_6a_async_fifo_2048x8b.v(line number: 366)] Ignore 'system task' $finish
W: Verilog-2008: [E:/H100licheng/50h/52_eth_udp_loop/prj/ipcore/async_fifo_2048x8b/rtl/ipm2l_sdpram_v1_6a_async_fifo_2048x8b.v(line number: 370)] Ignore 'system task' $display
W: Verilog-2008: [E:/H100licheng/50h/52_eth_udp_loop/prj/ipcore/async_fifo_2048x8b/rtl/ipm2l_sdpram_v1_6a_async_fifo_2048x8b.v(line number: 371)] Ignore 'system task' $finish
W: Verilog-2008: [E:/H100licheng/50h/52_eth_udp_loop/prj/ipcore/async_fifo_2048x8b/rtl/ipm2l_sdpram_v1_6a_async_fifo_2048x8b.v(line number: 374)] Ignore 'system task' $display
W: Verilog-2008: [E:/H100licheng/50h/52_eth_udp_loop/prj/ipcore/async_fifo_2048x8b/rtl/ipm2l_sdpram_v1_6a_async_fifo_2048x8b.v(line number: 375)] Ignore 'system task' $finish
W: Verilog-2008: [E:/H100licheng/50h/52_eth_udp_loop/prj/ipcore/async_fifo_2048x8b/rtl/ipm2l_sdpram_v1_6a_async_fifo_2048x8b.v(line number: 379)] Ignore 'system task' $display
W: Verilog-2008: [E:/H100licheng/50h/52_eth_udp_loop/prj/ipcore/async_fifo_2048x8b/rtl/ipm2l_sdpram_v1_6a_async_fifo_2048x8b.v(line number: 380)] Ignore 'system task' $finish
W: Verilog-2008: [E:/H100licheng/50h/52_eth_udp_loop/prj/ipcore/async_fifo_2048x8b/rtl/ipm2l_sdpram_v1_6a_async_fifo_2048x8b.v(line number: 385)] Ignore 'system task' $display
W: Verilog-2008: [E:/H100licheng/50h/52_eth_udp_loop/prj/ipcore/async_fifo_2048x8b/rtl/ipm2l_sdpram_v1_6a_async_fifo_2048x8b.v(line number: 386)] Ignore 'system task' $finish
W: Verilog-2008: [E:/H100licheng/50h/52_eth_udp_loop/prj/ipcore/async_fifo_2048x8b/rtl/ipm2l_sdpram_v1_6a_async_fifo_2048x8b.v(line number: 389)] Ignore 'system task' $display
W: Verilog-2008: [E:/H100licheng/50h/52_eth_udp_loop/prj/ipcore/async_fifo_2048x8b/rtl/ipm2l_sdpram_v1_6a_async_fifo_2048x8b.v(line number: 390)] Ignore 'system task' $finish
W: Verilog-2008: [E:/H100licheng/50h/52_eth_udp_loop/prj/ipcore/async_fifo_2048x8b/rtl/ipm2l_sdpram_v1_6a_async_fifo_2048x8b.v(line number: 395)] Ignore 'system task' $display
W: Verilog-2008: [E:/H100licheng/50h/52_eth_udp_loop/prj/ipcore/async_fifo_2048x8b/rtl/ipm2l_sdpram_v1_6a_async_fifo_2048x8b.v(line number: 396)] Ignore 'system task' $finish
Parsing done.
Executing : .rtl_analyze -include_path {E:/H100licheng/50h/52_eth_udp_loop/prj} E:/H100licheng/50h/52_eth_udp_loop/prj/ipcore/async_fifo_2048x8b/rtl/ipm2l_sdpram_v1_6a_async_fifo_2048x8b.v successfully.
Executing : .rtl_analyze -include_path {E:/H100licheng/50h/52_eth_udp_loop/prj} E:/H100licheng/50h/52_eth_udp_loop/prj/ipcore/async_fifo_2048x8b/rtl/ipm2l_fifo_v1_7_async_fifo_2048x8b.v
I: Verilog-0001: Analyzing file E:/H100licheng/50h/52_eth_udp_loop/prj/ipcore/async_fifo_2048x8b/rtl/ipm2l_fifo_v1_7_async_fifo_2048x8b.v
I: Verilog-0002: [E:/H100licheng/50h/52_eth_udp_loop/prj/ipcore/async_fifo_2048x8b/rtl/ipm2l_fifo_v1_7_async_fifo_2048x8b.v(line number: 19)] Analyzing module ipm2l_fifo_v1_7_async_fifo_2048x8b (library work)
Parsing done.
Executing : .rtl_analyze -include_path {E:/H100licheng/50h/52_eth_udp_loop/prj} E:/H100licheng/50h/52_eth_udp_loop/prj/ipcore/async_fifo_2048x8b/rtl/ipm2l_fifo_v1_7_async_fifo_2048x8b.v successfully.
Executing : .rtl_analyze -include_path {E:/H100licheng/50h/52_eth_udp_loop/prj} E:/H100licheng/50h/52_eth_udp_loop/prj/ipcore/async_fifo_2048x8b/async_fifo_2048x8b.v
I: Verilog-0001: Analyzing file E:/H100licheng/50h/52_eth_udp_loop/prj/ipcore/async_fifo_2048x8b/async_fifo_2048x8b.v
I: Verilog-0002: [E:/H100licheng/50h/52_eth_udp_loop/prj/ipcore/async_fifo_2048x8b/async_fifo_2048x8b.v(line number: 16)] Analyzing module async_fifo_2048x8b (library work)
Parsing done.
Executing : .rtl_analyze -include_path {E:/H100licheng/50h/52_eth_udp_loop/prj} E:/H100licheng/50h/52_eth_udp_loop/prj/ipcore/async_fifo_2048x8b/async_fifo_2048x8b.v successfully.
I: Module "eth_udp_loop" is set as top module.
Executing : rtl-analyze successfully. Time elapsed: 2.377s wall, 0.031s user + 0.047s system = 0.078s CPU (3.3%)

Start rtl-elaborate.
I: Verilog-0003: [E:/H100licheng/50h/52_eth_udp_loop/rtl/eth_udp_loop.v(line number: 23)] Elaborating module eth_udp_loop
I: Module instance {eth_udp_loop} parameter value:
    BOARD_MAC = 48'b000000000001000100100010001100110100010001010101
    BOARD_IP = 32'b11000000101010000000000100001010
    DES_MAC = 48'b111111111111111111111111111111111111111111111111
    DES_IP = 32'b11000000101010000000000101100110
I: Verilog-0004: [E:/H100licheng/50h/52_eth_udp_loop/rtl/eth_udp_loop.v(line number: 109)] Elaborating instance u_gmii_to_rgmii
I: Verilog-0003: [E:/H100licheng/50h/52_eth_udp_loop/rtl/gmii_to_rgmii/gmii_to_rgmii.v(line number: 23)] Elaborating module gmii_to_rgmii
I: Verilog-0004: [E:/H100licheng/50h/52_eth_udp_loop/rtl/gmii_to_rgmii/gmii_to_rgmii.v(line number: 47)] Elaborating instance u_rgmii_rx
I: Verilog-0003: [E:/H100licheng/50h/52_eth_udp_loop/rtl/gmii_to_rgmii/rgmii_rx.v(line number: 23)] Elaborating module rgmii_rx
I: Verilog-0004: [E:/H100licheng/50h/52_eth_udp_loop/rtl/gmii_to_rgmii/rgmii_rx.v(line number: 52)] Elaborating instance BUFG_inst
I: Verilog-0004: [E:/H100licheng/50h/52_eth_udp_loop/rtl/gmii_to_rgmii/rgmii_rx.v(line number: 61)] Elaborating instance u_GTP_IOCLKBUF
I: Verilog-0004: [E:/H100licheng/50h/52_eth_udp_loop/rtl/gmii_to_rgmii/rgmii_rx.v(line number: 72)] Elaborating instance u_iddr_rx_ctl
I: Verilog-0004: [E:/H100licheng/50h/52_eth_udp_loop/rtl/gmii_to_rgmii/rgmii_rx.v(line number: 89)] Elaborating instance u_iddr_rxd
I: Verilog-0004: [E:/H100licheng/50h/52_eth_udp_loop/rtl/gmii_to_rgmii/rgmii_rx.v(line number: 89)] Elaborating instance u_iddr_rxd
I: Verilog-0004: [E:/H100licheng/50h/52_eth_udp_loop/rtl/gmii_to_rgmii/rgmii_rx.v(line number: 89)] Elaborating instance u_iddr_rxd
I: Verilog-0004: [E:/H100licheng/50h/52_eth_udp_loop/rtl/gmii_to_rgmii/rgmii_rx.v(line number: 89)] Elaborating instance u_iddr_rxd
I: Verilog-0004: [E:/H100licheng/50h/52_eth_udp_loop/rtl/gmii_to_rgmii/gmii_to_rgmii.v(line number: 58)] Elaborating instance u_rgmii_tx
I: Verilog-0003: [E:/H100licheng/50h/52_eth_udp_loop/rtl/gmii_to_rgmii/rgmii_tx.v(line number: 23)] Elaborating module rgmii_tx
I: Verilog-0004: [E:/H100licheng/50h/52_eth_udp_loop/rtl/gmii_to_rgmii/rgmii_tx.v(line number: 47)] Elaborating instance u_ODDR_inst_tx_ctl
I: Verilog-0004: [E:/H100licheng/50h/52_eth_udp_loop/rtl/gmii_to_rgmii/rgmii_tx.v(line number: 65)] Elaborating instance u_ODDR_inst_txdata
I: Verilog-0004: [E:/H100licheng/50h/52_eth_udp_loop/rtl/gmii_to_rgmii/rgmii_tx.v(line number: 65)] Elaborating instance u_ODDR_inst_txdata
I: Verilog-0004: [E:/H100licheng/50h/52_eth_udp_loop/rtl/gmii_to_rgmii/rgmii_tx.v(line number: 65)] Elaborating instance u_ODDR_inst_txdata
I: Verilog-0004: [E:/H100licheng/50h/52_eth_udp_loop/rtl/gmii_to_rgmii/rgmii_tx.v(line number: 65)] Elaborating instance u_ODDR_inst_txdata
W: Verilog-2023: [E:/H100licheng/50h/52_eth_udp_loop/rtl/gmii_to_rgmii/gmii_to_rgmii.v(line number: 47)] Give initial value 0 for the no drive pin idelay_clk in module instance eth_udp_loop/u_gmii_to_rgmii.u_rgmii_rx
I: Verilog-0004: [E:/H100licheng/50h/52_eth_udp_loop/rtl/eth_udp_loop.v(line number: 133)] Elaborating instance u_arp
I: Verilog-0003: [E:/H100licheng/50h/52_eth_udp_loop/rtl/arp/arp.v(line number: 23)] Elaborating module arp
I: Module instance {eth_udp_loop/u_arp} parameter value:
    BOARD_MAC = 48'b000000000001000100100010001100110100010001010101
    BOARD_IP = 32'b11000000101010000000000100001010
    DES_MAC = 48'b111111111111111111111111111111111111111111111111
    DES_IP = 32'b11000000101010000000000101100110
I: Verilog-0004: [E:/H100licheng/50h/52_eth_udp_loop/rtl/arp/arp.v(line number: 74)] Elaborating instance u_arp_rx
I: Verilog-0003: [E:/H100licheng/50h/52_eth_udp_loop/rtl/arp/arp_rx.v(line number: 23)] Elaborating module arp_rx
I: Module instance {eth_udp_loop/u_arp/u_arp_rx} parameter value:
    BOARD_MAC = 48'b000000000001000100100010001100110100010001010101
    BOARD_IP = 32'b11000000101010000000000100001010
I: Verilog-0004: [E:/H100licheng/50h/52_eth_udp_loop/rtl/arp/arp.v(line number: 94)] Elaborating instance u_arp_tx
I: Verilog-0003: [E:/H100licheng/50h/52_eth_udp_loop/rtl/arp/arp_tx.v(line number: 23)] Elaborating module arp_tx
I: Module instance {eth_udp_loop/u_arp/u_arp_tx} parameter value:
    BOARD_MAC = 48'b000000000001000100100010001100110100010001010101
    BOARD_IP = 32'b11000000101010000000000100001010
    DES_MAC = 48'b111111111111111111111111111111111111111111111111
    DES_IP = 32'b11000000101010000000000101100110
I: Verilog-0004: [E:/H100licheng/50h/52_eth_udp_loop/rtl/arp/arp.v(line number: 112)] Elaborating instance u_crc32_d8
I: Verilog-0003: [E:/H100licheng/50h/52_eth_udp_loop/rtl/arp/crc32_d8.v(line number: 22)] Elaborating module crc32_d8
I: Verilog-0004: [E:/H100licheng/50h/52_eth_udp_loop/rtl/eth_udp_loop.v(line number: 162)] Elaborating instance u_icmp
I: Verilog-0003: [E:/H100licheng/50h/52_eth_udp_loop/rtl/icmp/icmp.v(line number: 23)] Elaborating module icmp
I: Module instance {eth_udp_loop/u_icmp} parameter value:
    BOARD_MAC = 48'b000000000001000100100010001100110100010001010101
    BOARD_IP = 32'b11000000101010000000000100001010
    DES_MAC = 48'b111111111111111111111111111111111111111111111111
    DES_IP = 32'b11000000101010000000000101100110
I: Verilog-0004: [E:/H100licheng/50h/52_eth_udp_loop/rtl/icmp/icmp.v(line number: 81)] Elaborating instance u_icmp_rx
I: Verilog-0003: [E:/H100licheng/50h/52_eth_udp_loop/rtl/icmp/icmp_rx.v(line number: 23)] Elaborating module icmp_rx
I: Module instance {eth_udp_loop/u_icmp/u_icmp_rx} parameter value:
    BOARD_MAC = 48'b000000000001000100100010001100110100010001010101
    BOARD_IP = 32'b11000000101010000000000100001010
I: Verilog-0004: [E:/H100licheng/50h/52_eth_udp_loop/rtl/icmp/icmp.v(line number: 103)] Elaborating instance u_icmp_tx
I: Verilog-0003: [E:/H100licheng/50h/52_eth_udp_loop/rtl/icmp/icmp_tx.v(line number: 23)] Elaborating module icmp_tx
I: Module instance {eth_udp_loop/u_icmp/u_icmp_tx} parameter value:
    BOARD_MAC = 48'b000000000001000100100010001100110100010001010101
    BOARD_IP = 32'b11000000101010000000000100001010
    DES_MAC = 48'b111111111111111111111111111111111111111111111111
    DES_IP = 32'b11000000101010000000000101100110
    ECHO_REPLY = 8'b00000000
I: Verilog-0004: [E:/H100licheng/50h/52_eth_udp_loop/rtl/icmp/icmp.v(line number: 125)] Elaborating instance u_crc32_d8
I: Verilog-0003: [E:/H100licheng/50h/52_eth_udp_loop/rtl/arp/crc32_d8.v(line number: 22)] Elaborating module crc32_d8
I: Verilog-0004: [E:/H100licheng/50h/52_eth_udp_loop/rtl/eth_udp_loop.v(line number: 193)] Elaborating instance u_udp
I: Verilog-0003: [E:/H100licheng/50h/52_eth_udp_loop/rtl/udp/udp.v(line number: 23)] Elaborating module udp
I: Module instance {eth_udp_loop/u_udp} parameter value:
    BOARD_MAC = 48'b000000000001000100100010001100110100010001010101
    BOARD_IP = 32'b11000000101010000000000100001010
    DES_MAC = 48'b111111111111111111111111111111111111111111111111
    DES_IP = 32'b11000000101010000000000101100110
I: Verilog-0004: [E:/H100licheng/50h/52_eth_udp_loop/rtl/udp/udp.v(line number: 76)] Elaborating instance u_udp_rx
I: Verilog-0003: [E:/H100licheng/50h/52_eth_udp_loop/rtl/udp/udp_rx.v(line number: 23)] Elaborating module udp_rx
I: Module instance {eth_udp_loop/u_udp/u_udp_rx} parameter value:
    BOARD_MAC = 48'b000000000001000100100010001100110100010001010101
    BOARD_IP = 32'b11000000101010000000000100001010
I: Verilog-0004: [E:/H100licheng/50h/52_eth_udp_loop/rtl/udp/udp.v(line number: 95)] Elaborating instance u_udp_tx
I: Verilog-0003: [E:/H100licheng/50h/52_eth_udp_loop/rtl/udp/udp_tx.v(line number: 23)] Elaborating module udp_tx
I: Module instance {eth_udp_loop/u_udp/u_udp_tx} parameter value:
    BOARD_MAC = 48'b000000000001000100100010001100110100010001010101
    BOARD_IP = 32'b11000000101010000000000100001010
    DES_MAC = 48'b111111111111111111111111111111111111111111111111
    DES_IP = 32'b11000000101010000000000101100110
I: Verilog-0004: [E:/H100licheng/50h/52_eth_udp_loop/rtl/udp/udp.v(line number: 114)] Elaborating instance u_crc32_d8
I: Verilog-0003: [E:/H100licheng/50h/52_eth_udp_loop/rtl/arp/crc32_d8.v(line number: 22)] Elaborating module crc32_d8
I: Verilog-0004: [E:/H100licheng/50h/52_eth_udp_loop/rtl/eth_udp_loop.v(line number: 217)] Elaborating instance async_fifo_2048x8b_inst
I: Verilog-0003: [E:/H100licheng/50h/52_eth_udp_loop/prj/ipcore/async_fifo_2048x8b/async_fifo_2048x8b.v(line number: 16)] Elaborating module async_fifo_2048x8b
I: Verilog-0004: [E:/H100licheng/50h/52_eth_udp_loop/prj/ipcore/async_fifo_2048x8b/async_fifo_2048x8b.v(line number: 160)] Elaborating instance U_ipm2l_fifo_async_fifo_2048x8b
I: Verilog-0003: [E:/H100licheng/50h/52_eth_udp_loop/prj/ipcore/async_fifo_2048x8b/rtl/ipm2l_fifo_v1_7_async_fifo_2048x8b.v(line number: 19)] Elaborating module ipm2l_fifo_v1_7_async_fifo_2048x8b
I: Module instance {eth_udp_loop/async_fifo_2048x8b_inst/U_ipm2l_fifo_async_fifo_2048x8b} parameter value:
    c_CAS_MODE = 18K
    c_WR_DEPTH_WIDTH = 32'b00000000000000000000000000001011
    c_WR_DATA_WIDTH = 32'b00000000000000000000000000001000
    c_RD_DEPTH_WIDTH = 32'b00000000000000000000000000001011
    c_RD_DATA_WIDTH = 32'b00000000000000000000000000001000
    c_OUTPUT_REG = 32'b00000000000000000000000000000000
    c_RD_OCE_EN = 32'b00000000000000000000000000000000
    c_FAB_REG = 32'b00000000000000000000000000000000
    c_RESET_TYPE = ASYNC
    c_POWER_OPT = 32'b00000000000000000000000000000000
    c_RD_CLK_OR_POL_INV = 32'b00000000000000000000000000000000
    c_WR_BYTE_EN = 32'b00000000000000000000000000000000
    c_BE_WIDTH = 32'b00000000000000000000000000000001
    c_FIFO_TYPE = ASYN
    c_ALMOST_FULL_NUM = 32'b00000000000000000000001111111100
    c_ALMOST_EMPTY_NUM = 32'b00000000000000000000000000000100
I: Verilog-0004: [E:/H100licheng/50h/52_eth_udp_loop/prj/ipcore/async_fifo_2048x8b/rtl/ipm2l_fifo_v1_7_async_fifo_2048x8b.v(line number: 84)] Elaborating instance U_ipm2l_sdpram
I: Verilog-0003: [E:/H100licheng/50h/52_eth_udp_loop/prj/ipcore/async_fifo_2048x8b/rtl/ipm2l_sdpram_v1_6a_async_fifo_2048x8b.v(line number: 18)] Elaborating module ipm2l_sdpram_v1_6a_async_fifo_2048x8b
I: Module instance {eth_udp_loop/async_fifo_2048x8b_inst/U_ipm2l_fifo_async_fifo_2048x8b/U_ipm2l_sdpram} parameter value:
    c_CAS_MODE = 18K
    c_WR_ADDR_WIDTH = 32'b00000000000000000000000000001011
    c_WR_DATA_WIDTH = 32'b00000000000000000000000000001000
    c_RD_ADDR_WIDTH = 32'b00000000000000000000000000001011
    c_RD_DATA_WIDTH = 32'b00000000000000000000000000001000
    c_WR_ADDR_STROBE_EN = 32'b00000000000000000000000000000000
    c_WR_CLK_EN = 32'b00000000000000000000000000000001
    c_OUTPUT_REG = 32'b00000000000000000000000000000000
    c_RD_OCE_EN = 32'b00000000000000000000000000000000
    c_FAB_REG = 32'b00000000000000000000000000000000
    c_RD_ADDR_STROBE_EN = 32'b00000000000000000000000000000000
    c_RD_CLK_EN = 32'b00000000000000000000000000000001
    c_RESET_TYPE = ASYNC
    c_RD_CLK_OR_POL_INV = 32'b00000000000000000000000000000000
    c_POWER_OPT = 32'b00000000000000000000000000000000
    c_INIT_FILE = NONE
    c_INIT_FORMAT = BIN
    c_WR_BYTE_EN = 32'b00000000000000000000000000000000
    c_BE_WIDTH = 32'b00000000000000000000000000000001
W: Verilog-2039: [E:/H100licheng/50h/52_eth_udp_loop/prj/ipcore/async_fifo_2048x8b/rtl/ipm2l_sdpram_v1_6a_async_fifo_2048x8b.v(line number: 444)] Repeat multiplier in concatenation evaluates to 0
W: Verilog-2039: [E:/H100licheng/50h/52_eth_udp_loop/prj/ipcore/async_fifo_2048x8b/rtl/ipm2l_sdpram_v1_6a_async_fifo_2048x8b.v(line number: 445)] Repeat multiplier in concatenation evaluates to 0
W: Verilog-2038: [E:/H100licheng/50h/52_eth_udp_loop/prj/ipcore/async_fifo_2048x8b/rtl/ipm2l_sdpram_v1_6a_async_fifo_2048x8b.v(line number: 453)] Case condition never applies
W: Verilog-2038: [E:/H100licheng/50h/52_eth_udp_loop/prj/ipcore/async_fifo_2048x8b/rtl/ipm2l_sdpram_v1_6a_async_fifo_2048x8b.v(line number: 454)] Case condition never applies
W: Verilog-2038: [E:/H100licheng/50h/52_eth_udp_loop/prj/ipcore/async_fifo_2048x8b/rtl/ipm2l_sdpram_v1_6a_async_fifo_2048x8b.v(line number: 455)] Case condition never applies
W: Verilog-2039: [E:/H100licheng/50h/52_eth_udp_loop/prj/ipcore/async_fifo_2048x8b/rtl/ipm2l_sdpram_v1_6a_async_fifo_2048x8b.v(line number: 577)] Repeat multiplier in concatenation evaluates to 0
W: Verilog-2038: [E:/H100licheng/50h/52_eth_udp_loop/prj/ipcore/async_fifo_2048x8b/rtl/ipm2l_sdpram_v1_6a_async_fifo_2048x8b.v(line number: 582)] Case condition never applies
W: Verilog-2038: [E:/H100licheng/50h/52_eth_udp_loop/prj/ipcore/async_fifo_2048x8b/rtl/ipm2l_sdpram_v1_6a_async_fifo_2048x8b.v(line number: 583)] Case condition never applies
W: Verilog-2038: [E:/H100licheng/50h/52_eth_udp_loop/prj/ipcore/async_fifo_2048x8b/rtl/ipm2l_sdpram_v1_6a_async_fifo_2048x8b.v(line number: 584)] Case condition never applies
I: Verilog-0004: [E:/H100licheng/50h/52_eth_udp_loop/prj/ipcore/async_fifo_2048x8b/rtl/ipm2l_sdpram_v1_6a_async_fifo_2048x8b.v(line number: 749)] Elaborating instance U_GTP_DRM18K_E1
W: Verilog-2020: [E:/H100licheng/50h/52_eth_udp_loop/prj/ipcore/async_fifo_2048x8b/rtl/ipm2l_sdpram_v1_6a_async_fifo_2048x8b.v(line number: 672)] Net DA_bus[8] in ipm2l_sdpram_v1_6a_async_fifo_2048x8b(original module ipm2l_sdpram_v1_6a_async_fifo_2048x8b) does not have a driver, tie it to 0
W: Verilog-2020: [E:/H100licheng/50h/52_eth_udp_loop/prj/ipcore/async_fifo_2048x8b/rtl/ipm2l_sdpram_v1_6a_async_fifo_2048x8b.v(line number: 672)] Net DA_bus[9] in ipm2l_sdpram_v1_6a_async_fifo_2048x8b(original module ipm2l_sdpram_v1_6a_async_fifo_2048x8b) does not have a driver, tie it to 0
W: Verilog-2020: [E:/H100licheng/50h/52_eth_udp_loop/prj/ipcore/async_fifo_2048x8b/rtl/ipm2l_sdpram_v1_6a_async_fifo_2048x8b.v(line number: 672)] Net DA_bus[10] in ipm2l_sdpram_v1_6a_async_fifo_2048x8b(original module ipm2l_sdpram_v1_6a_async_fifo_2048x8b) does not have a driver, tie it to 0
W: Verilog-2020: [E:/H100licheng/50h/52_eth_udp_loop/prj/ipcore/async_fifo_2048x8b/rtl/ipm2l_sdpram_v1_6a_async_fifo_2048x8b.v(line number: 672)] Net DA_bus[11] in ipm2l_sdpram_v1_6a_async_fifo_2048x8b(original module ipm2l_sdpram_v1_6a_async_fifo_2048x8b) does not have a driver, tie it to 0
W: Verilog-2020: [E:/H100licheng/50h/52_eth_udp_loop/prj/ipcore/async_fifo_2048x8b/rtl/ipm2l_sdpram_v1_6a_async_fifo_2048x8b.v(line number: 672)] Net DA_bus[12] in ipm2l_sdpram_v1_6a_async_fifo_2048x8b(original module ipm2l_sdpram_v1_6a_async_fifo_2048x8b) does not have a driver, tie it to 0
W: Verilog-2020: [E:/H100licheng/50h/52_eth_udp_loop/prj/ipcore/async_fifo_2048x8b/rtl/ipm2l_sdpram_v1_6a_async_fifo_2048x8b.v(line number: 672)] Net DA_bus[13] in ipm2l_sdpram_v1_6a_async_fifo_2048x8b(original module ipm2l_sdpram_v1_6a_async_fifo_2048x8b) does not have a driver, tie it to 0
W: Verilog-2020: [E:/H100licheng/50h/52_eth_udp_loop/prj/ipcore/async_fifo_2048x8b/rtl/ipm2l_sdpram_v1_6a_async_fifo_2048x8b.v(line number: 672)] Net DA_bus[14] in ipm2l_sdpram_v1_6a_async_fifo_2048x8b(original module ipm2l_sdpram_v1_6a_async_fifo_2048x8b) does not have a driver, tie it to 0
W: Verilog-2020: [E:/H100licheng/50h/52_eth_udp_loop/prj/ipcore/async_fifo_2048x8b/rtl/ipm2l_sdpram_v1_6a_async_fifo_2048x8b.v(line number: 672)] Net DA_bus[15] in ipm2l_sdpram_v1_6a_async_fifo_2048x8b(original module ipm2l_sdpram_v1_6a_async_fifo_2048x8b) does not have a driver, tie it to 0
W: Verilog-2020: [E:/H100licheng/50h/52_eth_udp_loop/prj/ipcore/async_fifo_2048x8b/rtl/ipm2l_sdpram_v1_6a_async_fifo_2048x8b.v(line number: 672)] Net DA_bus[16] in ipm2l_sdpram_v1_6a_async_fifo_2048x8b(original module ipm2l_sdpram_v1_6a_async_fifo_2048x8b) does not have a driver, tie it to 0
W: Verilog-2020: [E:/H100licheng/50h/52_eth_udp_loop/prj/ipcore/async_fifo_2048x8b/rtl/ipm2l_sdpram_v1_6a_async_fifo_2048x8b.v(line number: 672)] Net DA_bus[17] in ipm2l_sdpram_v1_6a_async_fifo_2048x8b(original module ipm2l_sdpram_v1_6a_async_fifo_2048x8b) does not have a driver, tie it to 0
W: Verilog-2020: [E:/H100licheng/50h/52_eth_udp_loop/prj/ipcore/async_fifo_2048x8b/rtl/ipm2l_sdpram_v1_6a_async_fifo_2048x8b.v(line number: 673)] Net DB_bus[8] in ipm2l_sdpram_v1_6a_async_fifo_2048x8b(original module ipm2l_sdpram_v1_6a_async_fifo_2048x8b) does not have a driver, tie it to 0
W: Verilog-2020: [E:/H100licheng/50h/52_eth_udp_loop/prj/ipcore/async_fifo_2048x8b/rtl/ipm2l_sdpram_v1_6a_async_fifo_2048x8b.v(line number: 673)] Net DB_bus[9] in ipm2l_sdpram_v1_6a_async_fifo_2048x8b(original module ipm2l_sdpram_v1_6a_async_fifo_2048x8b) does not have a driver, tie it to 0
W: Verilog-2020: [E:/H100licheng/50h/52_eth_udp_loop/prj/ipcore/async_fifo_2048x8b/rtl/ipm2l_sdpram_v1_6a_async_fifo_2048x8b.v(line number: 673)] Net DB_bus[10] in ipm2l_sdpram_v1_6a_async_fifo_2048x8b(original module ipm2l_sdpram_v1_6a_async_fifo_2048x8b) does not have a driver, tie it to 0
W: Verilog-2020: [E:/H100licheng/50h/52_eth_udp_loop/prj/ipcore/async_fifo_2048x8b/rtl/ipm2l_sdpram_v1_6a_async_fifo_2048x8b.v(line number: 673)] Net DB_bus[11] in ipm2l_sdpram_v1_6a_async_fifo_2048x8b(original module ipm2l_sdpram_v1_6a_async_fifo_2048x8b) does not have a driver, tie it to 0
W: Verilog-2020: [E:/H100licheng/50h/52_eth_udp_loop/prj/ipcore/async_fifo_2048x8b/rtl/ipm2l_sdpram_v1_6a_async_fifo_2048x8b.v(line number: 673)] Net DB_bus[12] in ipm2l_sdpram_v1_6a_async_fifo_2048x8b(original module ipm2l_sdpram_v1_6a_async_fifo_2048x8b) does not have a driver, tie it to 0
W: Verilog-2020: [E:/H100licheng/50h/52_eth_udp_loop/prj/ipcore/async_fifo_2048x8b/rtl/ipm2l_sdpram_v1_6a_async_fifo_2048x8b.v(line number: 673)] Net DB_bus[13] in ipm2l_sdpram_v1_6a_async_fifo_2048x8b(original module ipm2l_sdpram_v1_6a_async_fifo_2048x8b) does not have a driver, tie it to 0
W: Verilog-2020: [E:/H100licheng/50h/52_eth_udp_loop/prj/ipcore/async_fifo_2048x8b/rtl/ipm2l_sdpram_v1_6a_async_fifo_2048x8b.v(line number: 673)] Net DB_bus[14] in ipm2l_sdpram_v1_6a_async_fifo_2048x8b(original module ipm2l_sdpram_v1_6a_async_fifo_2048x8b) does not have a driver, tie it to 0
W: Verilog-2020: [E:/H100licheng/50h/52_eth_udp_loop/prj/ipcore/async_fifo_2048x8b/rtl/ipm2l_sdpram_v1_6a_async_fifo_2048x8b.v(line number: 673)] Net DB_bus[15] in ipm2l_sdpram_v1_6a_async_fifo_2048x8b(original module ipm2l_sdpram_v1_6a_async_fifo_2048x8b) does not have a driver, tie it to 0
W: Verilog-2020: [E:/H100licheng/50h/52_eth_udp_loop/prj/ipcore/async_fifo_2048x8b/rtl/ipm2l_sdpram_v1_6a_async_fifo_2048x8b.v(line number: 673)] Net DB_bus[16] in ipm2l_sdpram_v1_6a_async_fifo_2048x8b(original module ipm2l_sdpram_v1_6a_async_fifo_2048x8b) does not have a driver, tie it to 0
W: Verilog-2020: [E:/H100licheng/50h/52_eth_udp_loop/prj/ipcore/async_fifo_2048x8b/rtl/ipm2l_sdpram_v1_6a_async_fifo_2048x8b.v(line number: 673)] Net DB_bus[17] in ipm2l_sdpram_v1_6a_async_fifo_2048x8b(original module ipm2l_sdpram_v1_6a_async_fifo_2048x8b) does not have a driver, tie it to 0
I: Verilog-0004: [E:/H100licheng/50h/52_eth_udp_loop/prj/ipcore/async_fifo_2048x8b/rtl/ipm2l_fifo_v1_7_async_fifo_2048x8b.v(line number: 109)] Elaborating instance U_ipm2l_fifo_ctrl
I: Verilog-0003: [E:/H100licheng/50h/52_eth_udp_loop/prj/ipcore/async_fifo_2048x8b/rtl/ipm2l_fifo_ctrl_v1_1_async_fifo_2048x8b.v(line number: 18)] Elaborating module ipm2l_fifo_ctrl_v1_1_async_fifo_2048x8b
I: Module instance {eth_udp_loop/async_fifo_2048x8b_inst/U_ipm2l_fifo_async_fifo_2048x8b/U_ipm2l_fifo_ctrl} parameter value:
    c_WR_DEPTH_WIDTH = 32'b00000000000000000000000000001011
    c_RD_DEPTH_WIDTH = 32'b00000000000000000000000000001011
    c_FIFO_TYPE = ASYN
    c_ALMOST_FULL_NUM = 32'b00000000000000000000001111111100
    c_ALMOST_EMPTY_NUM = 32'b00000000000000000000000000000100
W: Verilog-2039: [E:/H100licheng/50h/52_eth_udp_loop/prj/ipcore/async_fifo_2048x8b/rtl/ipm2l_fifo_ctrl_v1_1_async_fifo_2048x8b.v(line number: 195)] Repeat multiplier in concatenation evaluates to 0
I: Verilog-0004: [E:/H100licheng/50h/52_eth_udp_loop/rtl/eth_udp_loop.v(line number: 233)] Elaborating instance u_eth_ctrl
I: Verilog-0003: [E:/H100licheng/50h/52_eth_udp_loop/rtl/eth_ctrl.v(line number: 23)] Elaborating module eth_ctrl
Executing : rtl-elaborate successfully. Time elapsed: 0.079s wall, 0.031s user + 0.047s system = 0.078s CPU (98.6%)

Start rtl-prep.
Executing : rtl-prep successfully. Time elapsed: 0.114s wall, 0.125s user + 0.000s system = 0.125s CPU (109.5%)

Start rtl-infer.
Start DFF-inference.
I: Removed inst tx_done that is redundant to crc_clr.
W: Sdm-2014: Feedback mux created for signal 'ip_head[6] [31]'. It is possible a async set/reset assignment for this is signal missing. To improve timing and area, specify a set/reset value. 
W: Sdm-2014: Feedback mux created for signal 'ip_head[6] [30]'. It is possible a async set/reset assignment for this is signal missing. To improve timing and area, specify a set/reset value. 
W: Sdm-2014: Feedback mux created for signal 'ip_head[0] [0]'. It is possible a async set/reset assignment for this is signal missing. To improve timing and area, specify a set/reset value. 
W: Sdm-2014: Feedback mux created for signal 'ip_head[0] [1]'. It is possible a async set/reset assignment for this is signal missing. To improve timing and area, specify a set/reset value. 
W: Sdm-2014: Feedback mux created for signal 'ip_head[0] [2]'. It is possible a async set/reset assignment for this is signal missing. To improve timing and area, specify a set/reset value. 
W: Sdm-2014: Feedback mux created for signal 'ip_head[0] [3]'. It is possible a async set/reset assignment for this is signal missing. To improve timing and area, specify a set/reset value. 
W: Sdm-2014: Feedback mux created for signal 'ip_head[0] [4]'. It is possible a async set/reset assignment for this is signal missing. To improve timing and area, specify a set/reset value. 
W: Sdm-2014: Feedback mux created for signal 'ip_head[0] [5]'. It is possible a async set/reset assignment for this is signal missing. To improve timing and area, specify a set/reset value. 
W: Sdm-2014: Feedback mux created for signal 'ip_head[0] [6]'. It is possible a async set/reset assignment for this is signal missing. To improve timing and area, specify a set/reset value. 
W: Sdm-2014: Feedback mux created for signal 'ip_head[0] [7]'. It is possible a async set/reset assignment for this is signal missing. To improve timing and area, specify a set/reset value. 
W: Sdm-2014: Feedback mux created for signal 'ip_head[0] [8]'. It is possible a async set/reset assignment for this is signal missing. To improve timing and area, specify a set/reset value. 
W: Sdm-2014: Feedback mux created for signal 'ip_head[0] [9]'. It is possible a async set/reset assignment for this is signal missing. To improve timing and area, specify a set/reset value. 
W: Sdm-2014: Feedback mux created for signal 'ip_head[0] [10]'. It is possible a async set/reset assignment for this is signal missing. To improve timing and area, specify a set/reset value. 
W: Sdm-2014: Feedback mux created for signal 'ip_head[0] [11]'. It is possible a async set/reset assignment for this is signal missing. To improve timing and area, specify a set/reset value. 
W: Sdm-2014: Feedback mux created for signal 'ip_head[0] [12]'. It is possible a async set/reset assignment for this is signal missing. To improve timing and area, specify a set/reset value. 
W: Sdm-2014: Feedback mux created for signal 'ip_head[0] [13]'. It is possible a async set/reset assignment for this is signal missing. To improve timing and area, specify a set/reset value. 
W: Sdm-2014: Feedback mux created for signal 'ip_head[0] [14]'. It is possible a async set/reset assignment for this is signal missing. To improve timing and area, specify a set/reset value. 
W: Sdm-2014: Feedback mux created for signal 'ip_head[0] [15]'. It is possible a async set/reset assignment for this is signal missing. To improve timing and area, specify a set/reset value. 
W: Sdm-2014: Feedback mux created for signal 'ip_head[0] [16]'. It is possible a async set/reset assignment for this is signal missing. To improve timing and area, specify a set/reset value. 
W: Sdm-2014: Feedback mux created for signal 'ip_head[0] [17]'. It is possible a async set/reset assignment for this is signal missing. To improve timing and area, specify a set/reset value. 
W: Sdm-2014: Feedback mux created for signal 'ip_head[0] [18]'. It is possible a async set/reset assignment for this is signal missing. To improve timing and area, specify a set/reset value. 
W: Sdm-2014: Feedback mux created for signal 'ip_head[0] [19]'. It is possible a async set/reset assignment for this is signal missing. To improve timing and area, specify a set/reset value. 
W: Sdm-2014: Feedback mux created for signal 'ip_head[0] [20]'. It is possible a async set/reset assignment for this is signal missing. To improve timing and area, specify a set/reset value. 
W: Sdm-2014: Feedback mux created for signal 'ip_head[0] [21]'. It is possible a async set/reset assignment for this is signal missing. To improve timing and area, specify a set/reset value. 
W: Sdm-2014: Feedback mux created for signal 'ip_head[0] [22]'. It is possible a async set/reset assignment for this is signal missing. To improve timing and area, specify a set/reset value. 
W: Sdm-2014: Feedback mux created for signal 'ip_head[0] [23]'. It is possible a async set/reset assignment for this is signal missing. To improve timing and area, specify a set/reset value. 
W: Sdm-2014: Feedback mux created for signal 'ip_head[0] [24]'. It is possible a async set/reset assignment for this is signal missing. To improve timing and area, specify a set/reset value. 
W: Sdm-2014: Feedback mux created for signal 'ip_head[0] [25]'. It is possible a async set/reset assignment for this is signal missing. To improve timing and area, specify a set/reset value. 
W: Sdm-2014: Feedback mux created for signal 'ip_head[0] [26]'. It is possible a async set/reset assignment for this is signal missing. To improve timing and area, specify a set/reset value. 
W: Sdm-2014: Feedback mux created for signal 'ip_head[0] [27]'. It is possible a async set/reset assignment for this is signal missing. To improve timing and area, specify a set/reset value. 
W: Sdm-2014: Feedback mux created for signal 'ip_head[0] [28]'. It is possible a async set/reset assignment for this is signal missing. To improve timing and area, specify a set/reset value. 
W: Sdm-2014: Feedback mux created for signal 'ip_head[0] [29]'. It is possible a async set/reset assignment for this is signal missing. To improve timing and area, specify a set/reset value. 
W: Sdm-2014: Feedback mux created for signal 'ip_head[0] [30]'. It is possible a async set/reset assignment for this is signal missing. To improve timing and area, specify a set/reset value. 
W: Sdm-2014: Feedback mux created for signal 'ip_head[0] [31]'. It is possible a async set/reset assignment for this is signal missing. To improve timing and area, specify a set/reset value. 
W: Sdm-2014: Feedback mux created for signal 'ip_head[1] [0]'. It is possible a async set/reset assignment for this is signal missing. To improve timing and area, specify a set/reset value. 
W: Sdm-2014: Feedback mux created for signal 'ip_head[1] [1]'. It is possible a async set/reset assignment for this is signal missing. To improve timing and area, specify a set/reset value. 
W: Sdm-2014: Feedback mux created for signal 'ip_head[1] [2]'. It is possible a async set/reset assignment for this is signal missing. To improve timing and area, specify a set/reset value. 
W: Sdm-2014: Feedback mux created for signal 'ip_head[1] [3]'. It is possible a async set/reset assignment for this is signal missing. To improve timing and area, specify a set/reset value. 
W: Sdm-2014: Feedback mux created for signal 'ip_head[1] [4]'. It is possible a async set/reset assignment for this is signal missing. To improve timing and area, specify a set/reset value. 
W: Sdm-2014: Feedback mux created for signal 'ip_head[1] [5]'. It is possible a async set/reset assignment for this is signal missing. To improve timing and area, specify a set/reset value. 
W: Sdm-2014: Feedback mux created for signal 'ip_head[1] [6]'. It is possible a async set/reset assignment for this is signal missing. To improve timing and area, specify a set/reset value. 
W: Sdm-2014: Feedback mux created for signal 'ip_head[1] [7]'. It is possible a async set/reset assignment for this is signal missing. To improve timing and area, specify a set/reset value. 
W: Sdm-2014: Feedback mux created for signal 'ip_head[1] [8]'. It is possible a async set/reset assignment for this is signal missing. To improve timing and area, specify a set/reset value. 
W: Sdm-2014: Feedback mux created for signal 'ip_head[1] [9]'. It is possible a async set/reset assignment for this is signal missing. To improve timing and area, specify a set/reset value. 
W: Sdm-2014: Feedback mux created for signal 'ip_head[1] [10]'. It is possible a async set/reset assignment for this is signal missing. To improve timing and area, specify a set/reset value. 
W: Sdm-2014: Feedback mux created for signal 'ip_head[1] [11]'. It is possible a async set/reset assignment for this is signal missing. To improve timing and area, specify a set/reset value. 
W: Sdm-2014: Feedback mux created for signal 'ip_head[1] [12]'. It is possible a async set/reset assignment for this is signal missing. To improve timing and area, specify a set/reset value. 
W: Sdm-2014: Feedback mux created for signal 'ip_head[1] [13]'. It is possible a async set/reset assignment for this is signal missing. To improve timing and area, specify a set/reset value. 
W: Sdm-2014: Feedback mux created for signal 'ip_head[1] [14]'. It is possible a async set/reset assignment for this is signal missing. To improve timing and area, specify a set/reset value. 
W: Sdm-2014: Feedback mux created for signal 'ip_head[1] [15]'. It is possible a async set/reset assignment for this is signal missing. To improve timing and area, specify a set/reset value. 
W: Sdm-2014: Feedback mux created for signal 'ip_head[2] [0]'. It is possible a async set/reset assignment for this is signal missing. To improve timing and area, specify a set/reset value. 
W: Sdm-2014: Feedback mux created for signal 'ip_head[2] [1]'. It is possible a async set/reset assignment for this is signal missing. To improve timing and area, specify a set/reset value. 
W: Sdm-2014: Feedback mux created for signal 'ip_head[2] [2]'. It is possible a async set/reset assignment for this is signal missing. To improve timing and area, specify a set/reset value. 
W: Sdm-2014: Feedback mux created for signal 'ip_head[2] [3]'. It is possible a async set/reset assignment for this is signal missing. To improve timing and area, specify a set/reset value. 
W: Sdm-2014: Feedback mux created for signal 'ip_head[2] [4]'. It is possible a async set/reset assignment for this is signal missing. To improve timing and area, specify a set/reset value. 
W: Sdm-2014: Feedback mux created for signal 'ip_head[2] [5]'. It is possible a async set/reset assignment for this is signal missing. To improve timing and area, specify a set/reset value. 
W: Sdm-2014: Feedback mux created for signal 'ip_head[2] [6]'. It is possible a async set/reset assignment for this is signal missing. To improve timing and area, specify a set/reset value. 
W: Sdm-2014: Feedback mux created for signal 'ip_head[2] [7]'. It is possible a async set/reset assignment for this is signal missing. To improve timing and area, specify a set/reset value. 
W: Sdm-2014: Feedback mux created for signal 'ip_head[2] [8]'. It is possible a async set/reset assignment for this is signal missing. To improve timing and area, specify a set/reset value. 
W: Sdm-2014: Feedback mux created for signal 'ip_head[2] [9]'. It is possible a async set/reset assignment for this is signal missing. To improve timing and area, specify a set/reset value. 
W: Sdm-2014: Feedback mux created for signal 'ip_head[2] [10]'. It is possible a async set/reset assignment for this is signal missing. To improve timing and area, specify a set/reset value. 
W: Sdm-2014: Feedback mux created for signal 'ip_head[2] [11]'. It is possible a async set/reset assignment for this is signal missing. To improve timing and area, specify a set/reset value. 
W: Sdm-2014: Feedback mux created for signal 'ip_head[2] [12]'. It is possible a async set/reset assignment for this is signal missing. To improve timing and area, specify a set/reset value. 
W: Sdm-2014: Feedback mux created for signal 'ip_head[2] [13]'. It is possible a async set/reset assignment for this is signal missing. To improve timing and area, specify a set/reset value. 
W: Sdm-2014: Feedback mux created for signal 'ip_head[2] [14]'. It is possible a async set/reset assignment for this is signal missing. To improve timing and area, specify a set/reset value. 
W: Sdm-2014: Feedback mux created for signal 'ip_head[2] [15]'. It is possible a async set/reset assignment for this is signal missing. To improve timing and area, specify a set/reset value. 
W: Sdm-2014: Feedback mux created for signal 'ip_head[2] [16]'. It is possible a async set/reset assignment for this is signal missing. To improve timing and area, specify a set/reset value. 
W: Sdm-2014: Feedback mux created for signal 'ip_head[2] [17]'. It is possible a async set/reset assignment for this is signal missing. To improve timing and area, specify a set/reset value. 
W: Sdm-2014: Feedback mux created for signal 'ip_head[2] [18]'. It is possible a async set/reset assignment for this is signal missing. To improve timing and area, specify a set/reset value. 
W: Sdm-2014: Feedback mux created for signal 'ip_head[2] [19]'. It is possible a async set/reset assignment for this is signal missing. To improve timing and area, specify a set/reset value. 
W: Sdm-2014: Feedback mux created for signal 'ip_head[2] [20]'. It is possible a async set/reset assignment for this is signal missing. To improve timing and area, specify a set/reset value. 
W: Sdm-2014: Feedback mux created for signal 'ip_head[2] [21]'. It is possible a async set/reset assignment for this is signal missing. To improve timing and area, specify a set/reset value. 
W: Sdm-2014: Feedback mux created for signal 'ip_head[2] [22]'. It is possible a async set/reset assignment for this is signal missing. To improve timing and area, specify a set/reset value. 
W: Sdm-2014: Feedback mux created for signal 'ip_head[2] [23]'. It is possible a async set/reset assignment for this is signal missing. To improve timing and area, specify a set/reset value. 
W: Sdm-2014: Feedback mux created for signal 'ip_head[2] [24]'. It is possible a async set/reset assignment for this is signal missing. To improve timing and area, specify a set/reset value. 
W: Sdm-2014: Feedback mux created for signal 'ip_head[2] [25]'. It is possible a async set/reset assignment for this is signal missing. To improve timing and area, specify a set/reset value. 
W: Sdm-2014: Feedback mux created for signal 'ip_head[2] [26]'. It is possible a async set/reset assignment for this is signal missing. To improve timing and area, specify a set/reset value. 
W: Sdm-2014: Feedback mux created for signal 'ip_head[2] [27]'. It is possible a async set/reset assignment for this is signal missing. To improve timing and area, specify a set/reset value. 
W: Sdm-2014: Feedback mux created for signal 'ip_head[2] [28]'. It is possible a async set/reset assignment for this is signal missing. To improve timing and area, specify a set/reset value. 
W: Sdm-2014: Feedback mux created for signal 'ip_head[2] [29]'. It is possible a async set/reset assignment for this is signal missing. To improve timing and area, specify a set/reset value. 
W: Sdm-2014: Feedback mux created for signal 'ip_head[2] [30]'. It is possible a async set/reset assignment for this is signal missing. To improve timing and area, specify a set/reset value. 
W: Sdm-2014: Feedback mux created for signal 'ip_head[2] [31]'. It is possible a async set/reset assignment for this is signal missing. To improve timing and area, specify a set/reset value. 
W: Sdm-2014: Feedback mux created for signal 'ip_head[3] [0]'. It is possible a async set/reset assignment for this is signal missing. To improve timing and area, specify a set/reset value. 
W: Sdm-2014: Feedback mux created for signal 'ip_head[3] [1]'. It is possible a async set/reset assignment for this is signal missing. To improve timing and area, specify a set/reset value. 
W: Sdm-2014: Feedback mux created for signal 'ip_head[3] [2]'. It is possible a async set/reset assignment for this is signal missing. To improve timing and area, specify a set/reset value. 
W: Sdm-2014: Feedback mux created for signal 'ip_head[3] [3]'. It is possible a async set/reset assignment for this is signal missing. To improve timing and area, specify a set/reset value. 
W: Sdm-2014: Feedback mux created for signal 'ip_head[3] [4]'. It is possible a async set/reset assignment for this is signal missing. To improve timing and area, specify a set/reset value. 
W: Sdm-2014: Feedback mux created for signal 'ip_head[3] [5]'. It is possible a async set/reset assignment for this is signal missing. To improve timing and area, specify a set/reset value. 
W: Sdm-2014: Feedback mux created for signal 'ip_head[3] [6]'. It is possible a async set/reset assignment for this is signal missing. To improve timing and area, specify a set/reset value. 
W: Sdm-2014: Feedback mux created for signal 'ip_head[3] [7]'. It is possible a async set/reset assignment for this is signal missing. To improve timing and area, specify a set/reset value. 
W: Sdm-2014: Feedback mux created for signal 'ip_head[3] [8]'. It is possible a async set/reset assignment for this is signal missing. To improve timing and area, specify a set/reset value. 
W: Sdm-2014: Feedback mux created for signal 'ip_head[3] [9]'. It is possible a async set/reset assignment for this is signal missing. To improve timing and area, specify a set/reset value. 
W: Sdm-2014: Feedback mux created for signal 'ip_head[3] [10]'. It is possible a async set/reset assignment for this is signal missing. To improve timing and area, specify a set/reset value. 
W: Sdm-2014: Feedback mux created for signal 'ip_head[3] [11]'. It is possible a async set/reset assignment for this is signal missing. To improve timing and area, specify a set/reset value. 
W: Sdm-2014: Feedback mux created for signal 'ip_head[3] [12]'. It is possible a async set/reset assignment for this is signal missing. To improve timing and area, specify a set/reset value. 
W: Sdm-2014: Feedback mux created for signal 'ip_head[3] [13]'. It is possible a async set/reset assignment for this is signal missing. To improve timing and area, specify a set/reset value. 
W: Sdm-2014: Feedback mux created for signal 'ip_head[3] [14]'. It is possible a async set/reset assignment for this is signal missing. To improve timing and area, specify a set/reset value. 
W: Sdm-2014: Feedback mux created for signal 'ip_head[3] [15]'. It is possible a async set/reset assignment for this is signal missing. To improve timing and area, specify a set/reset value. 
W: Sdm-2014: Feedback mux created for signal 'ip_head[3] [16]'. It is possible a async set/reset assignment for this is signal missing. To improve timing and area, specify a set/reset value. 
W: Sdm-2014: Feedback mux created for signal 'ip_head[3] [17]'. It is possible a async set/reset assignment for this is signal missing. To improve timing and area, specify a set/reset value. 
W: Sdm-2014: Feedback mux created for signal 'ip_head[3] [18]'. It is possible a async set/reset assignment for this is signal missing. To improve timing and area, specify a set/reset value. 
W: Sdm-2014: Feedback mux created for signal 'ip_head[3] [19]'. It is possible a async set/reset assignment for this is signal missing. To improve timing and area, specify a set/reset value. 
W: Sdm-2014: Feedback mux created for signal 'ip_head[3] [20]'. It is possible a async set/reset assignment for this is signal missing. To improve timing and area, specify a set/reset value. 
W: Sdm-2014: Feedback mux created for signal 'ip_head[3] [21]'. It is possible a async set/reset assignment for this is signal missing. To improve timing and area, specify a set/reset value. 
W: Sdm-2014: Feedback mux created for signal 'ip_head[3] [22]'. It is possible a async set/reset assignment for this is signal missing. To improve timing and area, specify a set/reset value. 
W: Sdm-2014: Feedback mux created for signal 'ip_head[3] [23]'. It is possible a async set/reset assignment for this is signal missing. To improve timing and area, specify a set/reset value. 
W: Sdm-2014: Feedback mux created for signal 'ip_head[3] [24]'. It is possible a async set/reset assignment for this is signal missing. To improve timing and area, specify a set/reset value. 
W: Sdm-2014: Feedback mux created for signal 'ip_head[3] [25]'. It is possible a async set/reset assignment for this is signal missing. To improve timing and area, specify a set/reset value. 
W: Sdm-2014: Feedback mux created for signal 'ip_head[3] [26]'. It is possible a async set/reset assignment for this is signal missing. To improve timing and area, specify a set/reset value. 
W: Sdm-2014: Feedback mux created for signal 'ip_head[3] [27]'. It is possible a async set/reset assignment for this is signal missing. To improve timing and area, specify a set/reset value. 
W: Sdm-2014: Feedback mux created for signal 'ip_head[3] [28]'. It is possible a async set/reset assignment for this is signal missing. To improve timing and area, specify a set/reset value. 
W: Sdm-2014: Feedback mux created for signal 'ip_head[3] [29]'. It is possible a async set/reset assignment for this is signal missing. To improve timing and area, specify a set/reset value. 
W: Sdm-2014: Feedback mux created for signal 'ip_head[3] [30]'. It is possible a async set/reset assignment for this is signal missing. To improve timing and area, specify a set/reset value. 
W: Sdm-2014: Feedback mux created for signal 'ip_head[3] [31]'. It is possible a async set/reset assignment for this is signal missing. To improve timing and area, specify a set/reset value. 
W: Sdm-2014: Feedback mux created for signal 'ip_head[4] [0]'. It is possible a async set/reset assignment for this is signal missing. To improve timing and area, specify a set/reset value. 
W: Sdm-2014: Feedback mux created for signal 'ip_head[4] [1]'. It is possible a async set/reset assignment for this is signal missing. To improve timing and area, specify a set/reset value. 
W: Sdm-2014: Feedback mux created for signal 'ip_head[4] [2]'. It is possible a async set/reset assignment for this is signal missing. To improve timing and area, specify a set/reset value. 
W: Sdm-2014: Feedback mux created for signal 'ip_head[4] [3]'. It is possible a async set/reset assignment for this is signal missing. To improve timing and area, specify a set/reset value. 
W: Sdm-2014: Feedback mux created for signal 'ip_head[4] [4]'. It is possible a async set/reset assignment for this is signal missing. To improve timing and area, specify a set/reset value. 
W: Sdm-2014: Feedback mux created for signal 'ip_head[4] [5]'. It is possible a async set/reset assignment for this is signal missing. To improve timing and area, specify a set/reset value. 
W: Sdm-2014: Feedback mux created for signal 'ip_head[4] [6]'. It is possible a async set/reset assignment for this is signal missing. To improve timing and area, specify a set/reset value. 
W: Sdm-2014: Feedback mux created for signal 'ip_head[4] [7]'. It is possible a async set/reset assignment for this is signal missing. To improve timing and area, specify a set/reset value. 
W: Sdm-2014: Feedback mux created for signal 'ip_head[4] [8]'. It is possible a async set/reset assignment for this is signal missing. To improve timing and area, specify a set/reset value. 
W: Sdm-2014: Feedback mux created for signal 'ip_head[4] [9]'. It is possible a async set/reset assignment for this is signal missing. To improve timing and area, specify a set/reset value. 
W: Sdm-2014: Feedback mux created for signal 'ip_head[4] [10]'. It is possible a async set/reset assignment for this is signal missing. To improve timing and area, specify a set/reset value. 
W: Sdm-2014: Feedback mux created for signal 'ip_head[4] [11]'. It is possible a async set/reset assignment for this is signal missing. To improve timing and area, specify a set/reset value. 
W: Sdm-2014: Feedback mux created for signal 'ip_head[4] [12]'. It is possible a async set/reset assignment for this is signal missing. To improve timing and area, specify a set/reset value. 
W: Sdm-2014: Feedback mux created for signal 'ip_head[4] [13]'. It is possible a async set/reset assignment for this is signal missing. To improve timing and area, specify a set/reset value. 
W: Sdm-2014: Feedback mux created for signal 'ip_head[4] [14]'. It is possible a async set/reset assignment for this is signal missing. To improve timing and area, specify a set/reset value. 
W: Sdm-2014: Feedback mux created for signal 'ip_head[4] [15]'. It is possible a async set/reset assignment for this is signal missing. To improve timing and area, specify a set/reset value. 
W: Sdm-2014: Feedback mux created for signal 'ip_head[4] [16]'. It is possible a async set/reset assignment for this is signal missing. To improve timing and area, specify a set/reset value. 
W: Sdm-2014: Feedback mux created for signal 'ip_head[4] [17]'. It is possible a async set/reset assignment for this is signal missing. To improve timing and area, specify a set/reset value. 
W: Sdm-2014: Feedback mux created for signal 'ip_head[4] [18]'. It is possible a async set/reset assignment for this is signal missing. To improve timing and area, specify a set/reset value. 
W: Sdm-2014: Feedback mux created for signal 'ip_head[4] [19]'. It is possible a async set/reset assignment for this is signal missing. To improve timing and area, specify a set/reset value. 
W: Sdm-2014: Feedback mux created for signal 'ip_head[4] [20]'. It is possible a async set/reset assignment for this is signal missing. To improve timing and area, specify a set/reset value. 
W: Sdm-2014: Feedback mux created for signal 'ip_head[4] [21]'. It is possible a async set/reset assignment for this is signal missing. To improve timing and area, specify a set/reset value. 
W: Sdm-2014: Feedback mux created for signal 'ip_head[4] [22]'. It is possible a async set/reset assignment for this is signal missing. To improve timing and area, specify a set/reset value. 
W: Sdm-2014: Feedback mux created for signal 'ip_head[4] [23]'. It is possible a async set/reset assignment for this is signal missing. To improve timing and area, specify a set/reset value. 
W: Sdm-2014: Feedback mux created for signal 'ip_head[4] [24]'. It is possible a async set/reset assignment for this is signal missing. To improve timing and area, specify a set/reset value. 
W: Sdm-2014: Feedback mux created for signal 'ip_head[4] [25]'. It is possible a async set/reset assignment for this is signal missing. To improve timing and area, specify a set/reset value. 
W: Sdm-2014: Feedback mux created for signal 'ip_head[4] [26]'. It is possible a async set/reset assignment for this is signal missing. To improve timing and area, specify a set/reset value. 
W: Sdm-2014: Feedback mux created for signal 'ip_head[4] [27]'. It is possible a async set/reset assignment for this is signal missing. To improve timing and area, specify a set/reset value. 
W: Sdm-2014: Feedback mux created for signal 'ip_head[4] [28]'. It is possible a async set/reset assignment for this is signal missing. To improve timing and area, specify a set/reset value. 
W: Sdm-2014: Feedback mux created for signal 'ip_head[4] [29]'. It is possible a async set/reset assignment for this is signal missing. To improve timing and area, specify a set/reset value. 
W: Sdm-2014: Feedback mux created for signal 'ip_head[4] [30]'. It is possible a async set/reset assignment for this is signal missing. To improve timing and area, specify a set/reset value. 
W: Sdm-2014: Feedback mux created for signal 'ip_head[4] [31]'. It is possible a async set/reset assignment for this is signal missing. To improve timing and area, specify a set/reset value. 
W: Sdm-2014: Feedback mux created for signal 'ip_head[5] [0]'. It is possible a async set/reset assignment for this is signal missing. To improve timing and area, specify a set/reset value. 
W: Sdm-2014: Feedback mux created for signal 'ip_head[5] [1]'. It is possible a async set/reset assignment for this is signal missing. To improve timing and area, specify a set/reset value. 
W: Sdm-2014: Feedback mux created for signal 'ip_head[5] [2]'. It is possible a async set/reset assignment for this is signal missing. To improve timing and area, specify a set/reset value. 
W: Sdm-2014: Feedback mux created for signal 'ip_head[5] [3]'. It is possible a async set/reset assignment for this is signal missing. To improve timing and area, specify a set/reset value. 
W: Sdm-2014: Feedback mux created for signal 'ip_head[5] [4]'. It is possible a async set/reset assignment for this is signal missing. To improve timing and area, specify a set/reset value. 
W: Sdm-2014: Feedback mux created for signal 'ip_head[5] [5]'. It is possible a async set/reset assignment for this is signal missing. To improve timing and area, specify a set/reset value. 
W: Sdm-2014: Feedback mux created for signal 'ip_head[5] [6]'. It is possible a async set/reset assignment for this is signal missing. To improve timing and area, specify a set/reset value. 
W: Sdm-2014: Feedback mux created for signal 'ip_head[5] [7]'. It is possible a async set/reset assignment for this is signal missing. To improve timing and area, specify a set/reset value. 
W: Sdm-2014: Feedback mux created for signal 'ip_head[5] [8]'. It is possible a async set/reset assignment for this is signal missing. To improve timing and area, specify a set/reset value. 
W: Sdm-2014: Feedback mux created for signal 'ip_head[5] [9]'. It is possible a async set/reset assignment for this is signal missing. To improve timing and area, specify a set/reset value. 
W: Sdm-2014: Feedback mux created for signal 'ip_head[5] [10]'. It is possible a async set/reset assignment for this is signal missing. To improve timing and area, specify a set/reset value. 
W: Sdm-2014: Feedback mux created for signal 'ip_head[5] [11]'. It is possible a async set/reset assignment for this is signal missing. To improve timing and area, specify a set/reset value. 
W: Sdm-2014: Feedback mux created for signal 'ip_head[5] [12]'. It is possible a async set/reset assignment for this is signal missing. To improve timing and area, specify a set/reset value. 
W: Sdm-2014: Feedback mux created for signal 'ip_head[5] [13]'. It is possible a async set/reset assignment for this is signal missing. To improve timing and area, specify a set/reset value. 
W: Sdm-2014: Feedback mux created for signal 'ip_head[5] [14]'. It is possible a async set/reset assignment for this is signal missing. To improve timing and area, specify a set/reset value. 
W: Sdm-2014: Feedback mux created for signal 'ip_head[5] [15]'. It is possible a async set/reset assignment for this is signal missing. To improve timing and area, specify a set/reset value. 
W: Sdm-2014: Feedback mux created for signal 'ip_head[5] [16]'. It is possible a async set/reset assignment for this is signal missing. To improve timing and area, specify a set/reset value. 
W: Sdm-2014: Feedback mux created for signal 'ip_head[5] [17]'. It is possible a async set/reset assignment for this is signal missing. To improve timing and area, specify a set/reset value. 
W: Sdm-2014: Feedback mux created for signal 'ip_head[5] [18]'. It is possible a async set/reset assignment for this is signal missing. To improve timing and area, specify a set/reset value. 
W: Sdm-2014: Feedback mux created for signal 'ip_head[5] [19]'. It is possible a async set/reset assignment for this is signal missing. To improve timing and area, specify a set/reset value. 
W: Sdm-2014: Feedback mux created for signal 'ip_head[5] [20]'. It is possible a async set/reset assignment for this is signal missing. To improve timing and area, specify a set/reset value. 
W: Sdm-2014: Feedback mux created for signal 'ip_head[5] [21]'. It is possible a async set/reset assignment for this is signal missing. To improve timing and area, specify a set/reset value. 
W: Sdm-2014: Feedback mux created for signal 'ip_head[5] [22]'. It is possible a async set/reset assignment for this is signal missing. To improve timing and area, specify a set/reset value. 
W: Sdm-2014: Feedback mux created for signal 'ip_head[5] [23]'. It is possible a async set/reset assignment for this is signal missing. To improve timing and area, specify a set/reset value. 
W: Sdm-2014: Feedback mux created for signal 'ip_head[5] [24]'. It is possible a async set/reset assignment for this is signal missing. To improve timing and area, specify a set/reset value. 
W: Sdm-2014: Feedback mux created for signal 'ip_head[5] [25]'. It is possible a async set/reset assignment for this is signal missing. To improve timing and area, specify a set/reset value. 
W: Sdm-2014: Feedback mux created for signal 'ip_head[5] [26]'. It is possible a async set/reset assignment for this is signal missing. To improve timing and area, specify a set/reset value. 
W: Sdm-2014: Feedback mux created for signal 'ip_head[5] [27]'. It is possible a async set/reset assignment for this is signal missing. To improve timing and area, specify a set/reset value. 
W: Sdm-2014: Feedback mux created for signal 'ip_head[5] [28]'. It is possible a async set/reset assignment for this is signal missing. To improve timing and area, specify a set/reset value. 
W: Sdm-2014: Feedback mux created for signal 'ip_head[5] [29]'. It is possible a async set/reset assignment for this is signal missing. To improve timing and area, specify a set/reset value. 
W: Sdm-2014: Feedback mux created for signal 'ip_head[5] [30]'. It is possible a async set/reset assignment for this is signal missing. To improve timing and area, specify a set/reset value. 
W: Sdm-2014: Feedback mux created for signal 'ip_head[5] [31]'. It is possible a async set/reset assignment for this is signal missing. To improve timing and area, specify a set/reset value. 
W: Sdm-2014: Feedback mux created for signal 'ip_head[6] [0]'. It is possible a async set/reset assignment for this is signal missing. To improve timing and area, specify a set/reset value. 
W: Sdm-2014: Feedback mux created for signal 'ip_head[6] [1]'. It is possible a async set/reset assignment for this is signal missing. To improve timing and area, specify a set/reset value. 
W: Sdm-2014: Feedback mux created for signal 'ip_head[6] [2]'. It is possible a async set/reset assignment for this is signal missing. To improve timing and area, specify a set/reset value. 
W: Sdm-2014: Feedback mux created for signal 'ip_head[6] [3]'. It is possible a async set/reset assignment for this is signal missing. To improve timing and area, specify a set/reset value. 
W: Sdm-2014: Feedback mux created for signal 'ip_head[6] [4]'. It is possible a async set/reset assignment for this is signal missing. To improve timing and area, specify a set/reset value. 
W: Sdm-2014: Feedback mux created for signal 'ip_head[6] [5]'. It is possible a async set/reset assignment for this is signal missing. To improve timing and area, specify a set/reset value. 
W: Sdm-2014: Feedback mux created for signal 'ip_head[6] [6]'. It is possible a async set/reset assignment for this is signal missing. To improve timing and area, specify a set/reset value. 
W: Sdm-2014: Feedback mux created for signal 'ip_head[6] [7]'. It is possible a async set/reset assignment for this is signal missing. To improve timing and area, specify a set/reset value. 
W: Sdm-2014: Feedback mux created for signal 'ip_head[6] [8]'. It is possible a async set/reset assignment for this is signal missing. To improve timing and area, specify a set/reset value. 
W: Sdm-2014: Feedback mux created for signal 'ip_head[6] [9]'. It is possible a async set/reset assignment for this is signal missing. To improve timing and area, specify a set/reset value. 
W: Sdm-2014: Feedback mux created for signal 'ip_head[6] [10]'. It is possible a async set/reset assignment for this is signal missing. To improve timing and area, specify a set/reset value. 
W: Sdm-2014: Feedback mux created for signal 'ip_head[6] [11]'. It is possible a async set/reset assignment for this is signal missing. To improve timing and area, specify a set/reset value. 
W: Sdm-2014: Feedback mux created for signal 'ip_head[6] [12]'. It is possible a async set/reset assignment for this is signal missing. To improve timing and area, specify a set/reset value. 
W: Sdm-2014: Feedback mux created for signal 'ip_head[6] [13]'. It is possible a async set/reset assignment for this is signal missing. To improve timing and area, specify a set/reset value. 
W: Sdm-2014: Feedback mux created for signal 'ip_head[6] [14]'. It is possible a async set/reset assignment for this is signal missing. To improve timing and area, specify a set/reset value. 
W: Sdm-2014: Feedback mux created for signal 'ip_head[6] [15]'. It is possible a async set/reset assignment for this is signal missing. To improve timing and area, specify a set/reset value. 
W: Sdm-2014: Feedback mux created for signal 'ip_head[6] [16]'. It is possible a async set/reset assignment for this is signal missing. To improve timing and area, specify a set/reset value. 
W: Sdm-2014: Feedback mux created for signal 'ip_head[6] [17]'. It is possible a async set/reset assignment for this is signal missing. To improve timing and area, specify a set/reset value. 
W: Sdm-2014: Feedback mux created for signal 'ip_head[6] [18]'. It is possible a async set/reset assignment for this is signal missing. To improve timing and area, specify a set/reset value. 
W: Sdm-2014: Feedback mux created for signal 'ip_head[6] [19]'. It is possible a async set/reset assignment for this is signal missing. To improve timing and area, specify a set/reset value. 
W: Sdm-2014: Feedback mux created for signal 'ip_head[6] [20]'. It is possible a async set/reset assignment for this is signal missing. To improve timing and area, specify a set/reset value. 
W: Sdm-2014: Feedback mux created for signal 'ip_head[6] [21]'. It is possible a async set/reset assignment for this is signal missing. To improve timing and area, specify a set/reset value. 
W: Sdm-2014: Feedback mux created for signal 'ip_head[6] [22]'. It is possible a async set/reset assignment for this is signal missing. To improve timing and area, specify a set/reset value. 
W: Sdm-2014: Feedback mux created for signal 'ip_head[6] [23]'. It is possible a async set/reset assignment for this is signal missing. To improve timing and area, specify a set/reset value. 
W: Sdm-2014: Feedback mux created for signal 'ip_head[6] [24]'. It is possible a async set/reset assignment for this is signal missing. To improve timing and area, specify a set/reset value. 
W: Sdm-2014: Feedback mux created for signal 'ip_head[6] [25]'. It is possible a async set/reset assignment for this is signal missing. To improve timing and area, specify a set/reset value. 
W: Sdm-2014: Feedback mux created for signal 'ip_head[6] [26]'. It is possible a async set/reset assignment for this is signal missing. To improve timing and area, specify a set/reset value. 
W: Sdm-2014: Feedback mux created for signal 'ip_head[6] [27]'. It is possible a async set/reset assignment for this is signal missing. To improve timing and area, specify a set/reset value. 
W: Sdm-2014: Feedback mux created for signal 'ip_head[6] [28]'. It is possible a async set/reset assignment for this is signal missing. To improve timing and area, specify a set/reset value. 
W: Sdm-2014: Feedback mux created for signal 'ip_head[6] [29]'. It is possible a async set/reset assignment for this is signal missing. To improve timing and area, specify a set/reset value. 
I: Removed inst tx_done that is redundant to crc_clr.
W: Sdm-2014: Feedback mux created for signal 'ip_head[6] [31]'. It is possible a async set/reset assignment for this is signal missing. To improve timing and area, specify a set/reset value. 
W: Sdm-2014: Feedback mux created for signal 'ip_head[6] [30]'. It is possible a async set/reset assignment for this is signal missing. To improve timing and area, specify a set/reset value. 
W: Sdm-2014: Feedback mux created for signal 'ip_head[0] [0]'. It is possible a async set/reset assignment for this is signal missing. To improve timing and area, specify a set/reset value. 
W: Sdm-2014: Feedback mux created for signal 'ip_head[0] [1]'. It is possible a async set/reset assignment for this is signal missing. To improve timing and area, specify a set/reset value. 
W: Sdm-2014: Feedback mux created for signal 'ip_head[0] [2]'. It is possible a async set/reset assignment for this is signal missing. To improve timing and area, specify a set/reset value. 
W: Sdm-2014: Feedback mux created for signal 'ip_head[0] [3]'. It is possible a async set/reset assignment for this is signal missing. To improve timing and area, specify a set/reset value. 
W: Sdm-2014: Feedback mux created for signal 'ip_head[0] [4]'. It is possible a async set/reset assignment for this is signal missing. To improve timing and area, specify a set/reset value. 
W: Sdm-2014: Feedback mux created for signal 'ip_head[0] [5]'. It is possible a async set/reset assignment for this is signal missing. To improve timing and area, specify a set/reset value. 
W: Sdm-2014: Feedback mux created for signal 'ip_head[0] [6]'. It is possible a async set/reset assignment for this is signal missing. To improve timing and area, specify a set/reset value. 
W: Sdm-2014: Feedback mux created for signal 'ip_head[0] [7]'. It is possible a async set/reset assignment for this is signal missing. To improve timing and area, specify a set/reset value. 
W: Sdm-2014: Feedback mux created for signal 'ip_head[0] [8]'. It is possible a async set/reset assignment for this is signal missing. To improve timing and area, specify a set/reset value. 
W: Sdm-2014: Feedback mux created for signal 'ip_head[0] [9]'. It is possible a async set/reset assignment for this is signal missing. To improve timing and area, specify a set/reset value. 
W: Sdm-2014: Feedback mux created for signal 'ip_head[0] [10]'. It is possible a async set/reset assignment for this is signal missing. To improve timing and area, specify a set/reset value. 
W: Sdm-2014: Feedback mux created for signal 'ip_head[0] [11]'. It is possible a async set/reset assignment for this is signal missing. To improve timing and area, specify a set/reset value. 
W: Sdm-2014: Feedback mux created for signal 'ip_head[0] [12]'. It is possible a async set/reset assignment for this is signal missing. To improve timing and area, specify a set/reset value. 
W: Sdm-2014: Feedback mux created for signal 'ip_head[0] [13]'. It is possible a async set/reset assignment for this is signal missing. To improve timing and area, specify a set/reset value. 
W: Sdm-2014: Feedback mux created for signal 'ip_head[0] [14]'. It is possible a async set/reset assignment for this is signal missing. To improve timing and area, specify a set/reset value. 
W: Sdm-2014: Feedback mux created for signal 'ip_head[0] [15]'. It is possible a async set/reset assignment for this is signal missing. To improve timing and area, specify a set/reset value. 
W: Sdm-2014: Feedback mux created for signal 'ip_head[0] [16]'. It is possible a async set/reset assignment for this is signal missing. To improve timing and area, specify a set/reset value. 
W: Sdm-2014: Feedback mux created for signal 'ip_head[0] [17]'. It is possible a async set/reset assignment for this is signal missing. To improve timing and area, specify a set/reset value. 
W: Sdm-2014: Feedback mux created for signal 'ip_head[0] [18]'. It is possible a async set/reset assignment for this is signal missing. To improve timing and area, specify a set/reset value. 
W: Sdm-2014: Feedback mux created for signal 'ip_head[0] [19]'. It is possible a async set/reset assignment for this is signal missing. To improve timing and area, specify a set/reset value. 
W: Sdm-2014: Feedback mux created for signal 'ip_head[0] [20]'. It is possible a async set/reset assignment for this is signal missing. To improve timing and area, specify a set/reset value. 
W: Sdm-2014: Feedback mux created for signal 'ip_head[0] [21]'. It is possible a async set/reset assignment for this is signal missing. To improve timing and area, specify a set/reset value. 
W: Sdm-2014: Feedback mux created for signal 'ip_head[0] [22]'. It is possible a async set/reset assignment for this is signal missing. To improve timing and area, specify a set/reset value. 
W: Sdm-2014: Feedback mux created for signal 'ip_head[0] [23]'. It is possible a async set/reset assignment for this is signal missing. To improve timing and area, specify a set/reset value. 
W: Sdm-2014: Feedback mux created for signal 'ip_head[0] [24]'. It is possible a async set/reset assignment for this is signal missing. To improve timing and area, specify a set/reset value. 
W: Sdm-2014: Feedback mux created for signal 'ip_head[0] [25]'. It is possible a async set/reset assignment for this is signal missing. To improve timing and area, specify a set/reset value. 
W: Sdm-2014: Feedback mux created for signal 'ip_head[0] [26]'. It is possible a async set/reset assignment for this is signal missing. To improve timing and area, specify a set/reset value. 
W: Sdm-2014: Feedback mux created for signal 'ip_head[0] [27]'. It is possible a async set/reset assignment for this is signal missing. To improve timing and area, specify a set/reset value. 
W: Sdm-2014: Feedback mux created for signal 'ip_head[0] [28]'. It is possible a async set/reset assignment for this is signal missing. To improve timing and area, specify a set/reset value. 
W: Sdm-2014: Feedback mux created for signal 'ip_head[0] [29]'. It is possible a async set/reset assignment for this is signal missing. To improve timing and area, specify a set/reset value. 
W: Sdm-2014: Feedback mux created for signal 'ip_head[0] [30]'. It is possible a async set/reset assignment for this is signal missing. To improve timing and area, specify a set/reset value. 
W: Sdm-2014: Feedback mux created for signal 'ip_head[0] [31]'. It is possible a async set/reset assignment for this is signal missing. To improve timing and area, specify a set/reset value. 
W: Sdm-2014: Feedback mux created for signal 'ip_head[1] [0]'. It is possible a async set/reset assignment for this is signal missing. To improve timing and area, specify a set/reset value. 
W: Sdm-2014: Feedback mux created for signal 'ip_head[1] [1]'. It is possible a async set/reset assignment for this is signal missing. To improve timing and area, specify a set/reset value. 
W: Sdm-2014: Feedback mux created for signal 'ip_head[1] [2]'. It is possible a async set/reset assignment for this is signal missing. To improve timing and area, specify a set/reset value. 
W: Sdm-2014: Feedback mux created for signal 'ip_head[1] [3]'. It is possible a async set/reset assignment for this is signal missing. To improve timing and area, specify a set/reset value. 
W: Sdm-2014: Feedback mux created for signal 'ip_head[1] [4]'. It is possible a async set/reset assignment for this is signal missing. To improve timing and area, specify a set/reset value. 
W: Sdm-2014: Feedback mux created for signal 'ip_head[1] [5]'. It is possible a async set/reset assignment for this is signal missing. To improve timing and area, specify a set/reset value. 
W: Sdm-2014: Feedback mux created for signal 'ip_head[1] [6]'. It is possible a async set/reset assignment for this is signal missing. To improve timing and area, specify a set/reset value. 
W: Sdm-2014: Feedback mux created for signal 'ip_head[1] [7]'. It is possible a async set/reset assignment for this is signal missing. To improve timing and area, specify a set/reset value. 
W: Sdm-2014: Feedback mux created for signal 'ip_head[1] [8]'. It is possible a async set/reset assignment for this is signal missing. To improve timing and area, specify a set/reset value. 
W: Sdm-2014: Feedback mux created for signal 'ip_head[1] [9]'. It is possible a async set/reset assignment for this is signal missing. To improve timing and area, specify a set/reset value. 
W: Sdm-2014: Feedback mux created for signal 'ip_head[1] [10]'. It is possible a async set/reset assignment for this is signal missing. To improve timing and area, specify a set/reset value. 
W: Sdm-2014: Feedback mux created for signal 'ip_head[1] [11]'. It is possible a async set/reset assignment for this is signal missing. To improve timing and area, specify a set/reset value. 
W: Sdm-2014: Feedback mux created for signal 'ip_head[1] [12]'. It is possible a async set/reset assignment for this is signal missing. To improve timing and area, specify a set/reset value. 
W: Sdm-2014: Feedback mux created for signal 'ip_head[1] [13]'. It is possible a async set/reset assignment for this is signal missing. To improve timing and area, specify a set/reset value. 
W: Sdm-2014: Feedback mux created for signal 'ip_head[1] [14]'. It is possible a async set/reset assignment for this is signal missing. To improve timing and area, specify a set/reset value. 
W: Sdm-2014: Feedback mux created for signal 'ip_head[1] [15]'. It is possible a async set/reset assignment for this is signal missing. To improve timing and area, specify a set/reset value. 
W: Sdm-2014: Feedback mux created for signal 'ip_head[2] [0]'. It is possible a async set/reset assignment for this is signal missing. To improve timing and area, specify a set/reset value. 
W: Sdm-2014: Feedback mux created for signal 'ip_head[2] [1]'. It is possible a async set/reset assignment for this is signal missing. To improve timing and area, specify a set/reset value. 
W: Sdm-2014: Feedback mux created for signal 'ip_head[2] [2]'. It is possible a async set/reset assignment for this is signal missing. To improve timing and area, specify a set/reset value. 
W: Sdm-2014: Feedback mux created for signal 'ip_head[2] [3]'. It is possible a async set/reset assignment for this is signal missing. To improve timing and area, specify a set/reset value. 
W: Sdm-2014: Feedback mux created for signal 'ip_head[2] [4]'. It is possible a async set/reset assignment for this is signal missing. To improve timing and area, specify a set/reset value. 
W: Sdm-2014: Feedback mux created for signal 'ip_head[2] [5]'. It is possible a async set/reset assignment for this is signal missing. To improve timing and area, specify a set/reset value. 
W: Sdm-2014: Feedback mux created for signal 'ip_head[2] [6]'. It is possible a async set/reset assignment for this is signal missing. To improve timing and area, specify a set/reset value. 
W: Sdm-2014: Feedback mux created for signal 'ip_head[2] [7]'. It is possible a async set/reset assignment for this is signal missing. To improve timing and area, specify a set/reset value. 
W: Sdm-2014: Feedback mux created for signal 'ip_head[2] [8]'. It is possible a async set/reset assignment for this is signal missing. To improve timing and area, specify a set/reset value. 
W: Sdm-2014: Feedback mux created for signal 'ip_head[2] [9]'. It is possible a async set/reset assignment for this is signal missing. To improve timing and area, specify a set/reset value. 
W: Sdm-2014: Feedback mux created for signal 'ip_head[2] [10]'. It is possible a async set/reset assignment for this is signal missing. To improve timing and area, specify a set/reset value. 
W: Sdm-2014: Feedback mux created for signal 'ip_head[2] [11]'. It is possible a async set/reset assignment for this is signal missing. To improve timing and area, specify a set/reset value. 
W: Sdm-2014: Feedback mux created for signal 'ip_head[2] [12]'. It is possible a async set/reset assignment for this is signal missing. To improve timing and area, specify a set/reset value. 
W: Sdm-2014: Feedback mux created for signal 'ip_head[2] [13]'. It is possible a async set/reset assignment for this is signal missing. To improve timing and area, specify a set/reset value. 
W: Sdm-2014: Feedback mux created for signal 'ip_head[2] [14]'. It is possible a async set/reset assignment for this is signal missing. To improve timing and area, specify a set/reset value. 
W: Sdm-2014: Feedback mux created for signal 'ip_head[2] [15]'. It is possible a async set/reset assignment for this is signal missing. To improve timing and area, specify a set/reset value. 
W: Sdm-2014: Feedback mux created for signal 'ip_head[2] [16]'. It is possible a async set/reset assignment for this is signal missing. To improve timing and area, specify a set/reset value. 
W: Sdm-2014: Feedback mux created for signal 'ip_head[2] [17]'. It is possible a async set/reset assignment for this is signal missing. To improve timing and area, specify a set/reset value. 
W: Sdm-2014: Feedback mux created for signal 'ip_head[2] [18]'. It is possible a async set/reset assignment for this is signal missing. To improve timing and area, specify a set/reset value. 
W: Sdm-2014: Feedback mux created for signal 'ip_head[2] [19]'. It is possible a async set/reset assignment for this is signal missing. To improve timing and area, specify a set/reset value. 
W: Sdm-2014: Feedback mux created for signal 'ip_head[2] [20]'. It is possible a async set/reset assignment for this is signal missing. To improve timing and area, specify a set/reset value. 
W: Sdm-2014: Feedback mux created for signal 'ip_head[2] [21]'. It is possible a async set/reset assignment for this is signal missing. To improve timing and area, specify a set/reset value. 
W: Sdm-2014: Feedback mux created for signal 'ip_head[2] [22]'. It is possible a async set/reset assignment for this is signal missing. To improve timing and area, specify a set/reset value. 
W: Sdm-2014: Feedback mux created for signal 'ip_head[2] [23]'. It is possible a async set/reset assignment for this is signal missing. To improve timing and area, specify a set/reset value. 
W: Sdm-2014: Feedback mux created for signal 'ip_head[2] [24]'. It is possible a async set/reset assignment for this is signal missing. To improve timing and area, specify a set/reset value. 
W: Sdm-2014: Feedback mux created for signal 'ip_head[2] [25]'. It is possible a async set/reset assignment for this is signal missing. To improve timing and area, specify a set/reset value. 
W: Sdm-2014: Feedback mux created for signal 'ip_head[2] [26]'. It is possible a async set/reset assignment for this is signal missing. To improve timing and area, specify a set/reset value. 
W: Sdm-2014: Feedback mux created for signal 'ip_head[2] [27]'. It is possible a async set/reset assignment for this is signal missing. To improve timing and area, specify a set/reset value. 
W: Sdm-2014: Feedback mux created for signal 'ip_head[2] [28]'. It is possible a async set/reset assignment for this is signal missing. To improve timing and area, specify a set/reset value. 
W: Sdm-2014: Feedback mux created for signal 'ip_head[2] [29]'. It is possible a async set/reset assignment for this is signal missing. To improve timing and area, specify a set/reset value. 
W: Sdm-2014: Feedback mux created for signal 'ip_head[2] [30]'. It is possible a async set/reset assignment for this is signal missing. To improve timing and area, specify a set/reset value. 
W: Sdm-2014: Feedback mux created for signal 'ip_head[2] [31]'. It is possible a async set/reset assignment for this is signal missing. To improve timing and area, specify a set/reset value. 
W: Sdm-2014: Feedback mux created for signal 'ip_head[3] [0]'. It is possible a async set/reset assignment for this is signal missing. To improve timing and area, specify a set/reset value. 
W: Sdm-2014: Feedback mux created for signal 'ip_head[3] [1]'. It is possible a async set/reset assignment for this is signal missing. To improve timing and area, specify a set/reset value. 
W: Sdm-2014: Feedback mux created for signal 'ip_head[3] [2]'. It is possible a async set/reset assignment for this is signal missing. To improve timing and area, specify a set/reset value. 
W: Sdm-2014: Feedback mux created for signal 'ip_head[3] [3]'. It is possible a async set/reset assignment for this is signal missing. To improve timing and area, specify a set/reset value. 
W: Sdm-2014: Feedback mux created for signal 'ip_head[3] [4]'. It is possible a async set/reset assignment for this is signal missing. To improve timing and area, specify a set/reset value. 
W: Sdm-2014: Feedback mux created for signal 'ip_head[3] [5]'. It is possible a async set/reset assignment for this is signal missing. To improve timing and area, specify a set/reset value. 
W: Sdm-2014: Feedback mux created for signal 'ip_head[3] [6]'. It is possible a async set/reset assignment for this is signal missing. To improve timing and area, specify a set/reset value. 
W: Sdm-2014: Feedback mux created for signal 'ip_head[3] [7]'. It is possible a async set/reset assignment for this is signal missing. To improve timing and area, specify a set/reset value. 
W: Sdm-2014: Feedback mux created for signal 'ip_head[3] [8]'. It is possible a async set/reset assignment for this is signal missing. To improve timing and area, specify a set/reset value. 
W: Sdm-2014: Feedback mux created for signal 'ip_head[3] [9]'. It is possible a async set/reset assignment for this is signal missing. To improve timing and area, specify a set/reset value. 
W: Sdm-2014: Feedback mux created for signal 'ip_head[3] [10]'. It is possible a async set/reset assignment for this is signal missing. To improve timing and area, specify a set/reset value. 
W: Sdm-2014: Feedback mux created for signal 'ip_head[3] [11]'. It is possible a async set/reset assignment for this is signal missing. To improve timing and area, specify a set/reset value. 
W: Sdm-2014: Feedback mux created for signal 'ip_head[3] [12]'. It is possible a async set/reset assignment for this is signal missing. To improve timing and area, specify a set/reset value. 
W: Sdm-2014: Feedback mux created for signal 'ip_head[3] [13]'. It is possible a async set/reset assignment for this is signal missing. To improve timing and area, specify a set/reset value. 
W: Sdm-2014: Feedback mux created for signal 'ip_head[3] [14]'. It is possible a async set/reset assignment for this is signal missing. To improve timing and area, specify a set/reset value. 
W: Sdm-2014: Feedback mux created for signal 'ip_head[3] [15]'. It is possible a async set/reset assignment for this is signal missing. To improve timing and area, specify a set/reset value. 
W: Sdm-2014: Feedback mux created for signal 'ip_head[3] [16]'. It is possible a async set/reset assignment for this is signal missing. To improve timing and area, specify a set/reset value. 
W: Sdm-2014: Feedback mux created for signal 'ip_head[3] [17]'. It is possible a async set/reset assignment for this is signal missing. To improve timing and area, specify a set/reset value. 
W: Sdm-2014: Feedback mux created for signal 'ip_head[3] [18]'. It is possible a async set/reset assignment for this is signal missing. To improve timing and area, specify a set/reset value. 
W: Sdm-2014: Feedback mux created for signal 'ip_head[3] [19]'. It is possible a async set/reset assignment for this is signal missing. To improve timing and area, specify a set/reset value. 
W: Sdm-2014: Feedback mux created for signal 'ip_head[3] [20]'. It is possible a async set/reset assignment for this is signal missing. To improve timing and area, specify a set/reset value. 
W: Sdm-2014: Feedback mux created for signal 'ip_head[3] [21]'. It is possible a async set/reset assignment for this is signal missing. To improve timing and area, specify a set/reset value. 
W: Sdm-2014: Feedback mux created for signal 'ip_head[3] [22]'. It is possible a async set/reset assignment for this is signal missing. To improve timing and area, specify a set/reset value. 
W: Sdm-2014: Feedback mux created for signal 'ip_head[3] [23]'. It is possible a async set/reset assignment for this is signal missing. To improve timing and area, specify a set/reset value. 
W: Sdm-2014: Feedback mux created for signal 'ip_head[3] [24]'. It is possible a async set/reset assignment for this is signal missing. To improve timing and area, specify a set/reset value. 
W: Sdm-2014: Feedback mux created for signal 'ip_head[3] [25]'. It is possible a async set/reset assignment for this is signal missing. To improve timing and area, specify a set/reset value. 
W: Sdm-2014: Feedback mux created for signal 'ip_head[3] [26]'. It is possible a async set/reset assignment for this is signal missing. To improve timing and area, specify a set/reset value. 
W: Sdm-2014: Feedback mux created for signal 'ip_head[3] [27]'. It is possible a async set/reset assignment for this is signal missing. To improve timing and area, specify a set/reset value. 
W: Sdm-2014: Feedback mux created for signal 'ip_head[3] [28]'. It is possible a async set/reset assignment for this is signal missing. To improve timing and area, specify a set/reset value. 
W: Sdm-2014: Feedback mux created for signal 'ip_head[3] [29]'. It is possible a async set/reset assignment for this is signal missing. To improve timing and area, specify a set/reset value. 
W: Sdm-2014: Feedback mux created for signal 'ip_head[3] [30]'. It is possible a async set/reset assignment for this is signal missing. To improve timing and area, specify a set/reset value. 
W: Sdm-2014: Feedback mux created for signal 'ip_head[3] [31]'. It is possible a async set/reset assignment for this is signal missing. To improve timing and area, specify a set/reset value. 
W: Sdm-2014: Feedback mux created for signal 'ip_head[4] [0]'. It is possible a async set/reset assignment for this is signal missing. To improve timing and area, specify a set/reset value. 
W: Sdm-2014: Feedback mux created for signal 'ip_head[4] [1]'. It is possible a async set/reset assignment for this is signal missing. To improve timing and area, specify a set/reset value. 
W: Sdm-2014: Feedback mux created for signal 'ip_head[4] [2]'. It is possible a async set/reset assignment for this is signal missing. To improve timing and area, specify a set/reset value. 
W: Sdm-2014: Feedback mux created for signal 'ip_head[4] [3]'. It is possible a async set/reset assignment for this is signal missing. To improve timing and area, specify a set/reset value. 
W: Sdm-2014: Feedback mux created for signal 'ip_head[4] [4]'. It is possible a async set/reset assignment for this is signal missing. To improve timing and area, specify a set/reset value. 
W: Sdm-2014: Feedback mux created for signal 'ip_head[4] [5]'. It is possible a async set/reset assignment for this is signal missing. To improve timing and area, specify a set/reset value. 
W: Sdm-2014: Feedback mux created for signal 'ip_head[4] [6]'. It is possible a async set/reset assignment for this is signal missing. To improve timing and area, specify a set/reset value. 
W: Sdm-2014: Feedback mux created for signal 'ip_head[4] [7]'. It is possible a async set/reset assignment for this is signal missing. To improve timing and area, specify a set/reset value. 
W: Sdm-2014: Feedback mux created for signal 'ip_head[4] [8]'. It is possible a async set/reset assignment for this is signal missing. To improve timing and area, specify a set/reset value. 
W: Sdm-2014: Feedback mux created for signal 'ip_head[4] [9]'. It is possible a async set/reset assignment for this is signal missing. To improve timing and area, specify a set/reset value. 
W: Sdm-2014: Feedback mux created for signal 'ip_head[4] [10]'. It is possible a async set/reset assignment for this is signal missing. To improve timing and area, specify a set/reset value. 
W: Sdm-2014: Feedback mux created for signal 'ip_head[4] [11]'. It is possible a async set/reset assignment for this is signal missing. To improve timing and area, specify a set/reset value. 
W: Sdm-2014: Feedback mux created for signal 'ip_head[4] [12]'. It is possible a async set/reset assignment for this is signal missing. To improve timing and area, specify a set/reset value. 
W: Sdm-2014: Feedback mux created for signal 'ip_head[4] [13]'. It is possible a async set/reset assignment for this is signal missing. To improve timing and area, specify a set/reset value. 
W: Sdm-2014: Feedback mux created for signal 'ip_head[4] [14]'. It is possible a async set/reset assignment for this is signal missing. To improve timing and area, specify a set/reset value. 
W: Sdm-2014: Feedback mux created for signal 'ip_head[4] [15]'. It is possible a async set/reset assignment for this is signal missing. To improve timing and area, specify a set/reset value. 
W: Sdm-2014: Feedback mux created for signal 'ip_head[4] [16]'. It is possible a async set/reset assignment for this is signal missing. To improve timing and area, specify a set/reset value. 
W: Sdm-2014: Feedback mux created for signal 'ip_head[4] [17]'. It is possible a async set/reset assignment for this is signal missing. To improve timing and area, specify a set/reset value. 
W: Sdm-2014: Feedback mux created for signal 'ip_head[4] [18]'. It is possible a async set/reset assignment for this is signal missing. To improve timing and area, specify a set/reset value. 
W: Sdm-2014: Feedback mux created for signal 'ip_head[4] [19]'. It is possible a async set/reset assignment for this is signal missing. To improve timing and area, specify a set/reset value. 
W: Sdm-2014: Feedback mux created for signal 'ip_head[4] [20]'. It is possible a async set/reset assignment for this is signal missing. To improve timing and area, specify a set/reset value. 
W: Sdm-2014: Feedback mux created for signal 'ip_head[4] [21]'. It is possible a async set/reset assignment for this is signal missing. To improve timing and area, specify a set/reset value. 
W: Sdm-2014: Feedback mux created for signal 'ip_head[4] [22]'. It is possible a async set/reset assignment for this is signal missing. To improve timing and area, specify a set/reset value. 
W: Sdm-2014: Feedback mux created for signal 'ip_head[4] [23]'. It is possible a async set/reset assignment for this is signal missing. To improve timing and area, specify a set/reset value. 
W: Sdm-2014: Feedback mux created for signal 'ip_head[4] [24]'. It is possible a async set/reset assignment for this is signal missing. To improve timing and area, specify a set/reset value. 
W: Sdm-2014: Feedback mux created for signal 'ip_head[4] [25]'. It is possible a async set/reset assignment for this is signal missing. To improve timing and area, specify a set/reset value. 
W: Sdm-2014: Feedback mux created for signal 'ip_head[4] [26]'. It is possible a async set/reset assignment for this is signal missing. To improve timing and area, specify a set/reset value. 
W: Sdm-2014: Feedback mux created for signal 'ip_head[4] [27]'. It is possible a async set/reset assignment for this is signal missing. To improve timing and area, specify a set/reset value. 
W: Sdm-2014: Feedback mux created for signal 'ip_head[4] [28]'. It is possible a async set/reset assignment for this is signal missing. To improve timing and area, specify a set/reset value. 
W: Sdm-2014: Feedback mux created for signal 'ip_head[4] [29]'. It is possible a async set/reset assignment for this is signal missing. To improve timing and area, specify a set/reset value. 
W: Sdm-2014: Feedback mux created for signal 'ip_head[4] [30]'. It is possible a async set/reset assignment for this is signal missing. To improve timing and area, specify a set/reset value. 
W: Sdm-2014: Feedback mux created for signal 'ip_head[4] [31]'. It is possible a async set/reset assignment for this is signal missing. To improve timing and area, specify a set/reset value. 
W: Sdm-2014: Feedback mux created for signal 'ip_head[5] [0]'. It is possible a async set/reset assignment for this is signal missing. To improve timing and area, specify a set/reset value. 
W: Sdm-2014: Feedback mux created for signal 'ip_head[5] [1]'. It is possible a async set/reset assignment for this is signal missing. To improve timing and area, specify a set/reset value. 
W: Sdm-2014: Feedback mux created for signal 'ip_head[5] [2]'. It is possible a async set/reset assignment for this is signal missing. To improve timing and area, specify a set/reset value. 
W: Sdm-2014: Feedback mux created for signal 'ip_head[5] [3]'. It is possible a async set/reset assignment for this is signal missing. To improve timing and area, specify a set/reset value. 
W: Sdm-2014: Feedback mux created for signal 'ip_head[5] [4]'. It is possible a async set/reset assignment for this is signal missing. To improve timing and area, specify a set/reset value. 
W: Sdm-2014: Feedback mux created for signal 'ip_head[5] [5]'. It is possible a async set/reset assignment for this is signal missing. To improve timing and area, specify a set/reset value. 
W: Sdm-2014: Feedback mux created for signal 'ip_head[5] [6]'. It is possible a async set/reset assignment for this is signal missing. To improve timing and area, specify a set/reset value. 
W: Sdm-2014: Feedback mux created for signal 'ip_head[5] [7]'. It is possible a async set/reset assignment for this is signal missing. To improve timing and area, specify a set/reset value. 
W: Sdm-2014: Feedback mux created for signal 'ip_head[5] [8]'. It is possible a async set/reset assignment for this is signal missing. To improve timing and area, specify a set/reset value. 
W: Sdm-2014: Feedback mux created for signal 'ip_head[5] [9]'. It is possible a async set/reset assignment for this is signal missing. To improve timing and area, specify a set/reset value. 
W: Sdm-2014: Feedback mux created for signal 'ip_head[5] [10]'. It is possible a async set/reset assignment for this is signal missing. To improve timing and area, specify a set/reset value. 
W: Sdm-2014: Feedback mux created for signal 'ip_head[5] [11]'. It is possible a async set/reset assignment for this is signal missing. To improve timing and area, specify a set/reset value. 
W: Sdm-2014: Feedback mux created for signal 'ip_head[5] [12]'. It is possible a async set/reset assignment for this is signal missing. To improve timing and area, specify a set/reset value. 
W: Sdm-2014: Feedback mux created for signal 'ip_head[5] [13]'. It is possible a async set/reset assignment for this is signal missing. To improve timing and area, specify a set/reset value. 
W: Sdm-2014: Feedback mux created for signal 'ip_head[5] [14]'. It is possible a async set/reset assignment for this is signal missing. To improve timing and area, specify a set/reset value. 
W: Sdm-2014: Feedback mux created for signal 'ip_head[5] [15]'. It is possible a async set/reset assignment for this is signal missing. To improve timing and area, specify a set/reset value. 
W: Sdm-2014: Feedback mux created for signal 'ip_head[5] [16]'. It is possible a async set/reset assignment for this is signal missing. To improve timing and area, specify a set/reset value. 
W: Sdm-2014: Feedback mux created for signal 'ip_head[5] [17]'. It is possible a async set/reset assignment for this is signal missing. To improve timing and area, specify a set/reset value. 
W: Sdm-2014: Feedback mux created for signal 'ip_head[5] [18]'. It is possible a async set/reset assignment for this is signal missing. To improve timing and area, specify a set/reset value. 
W: Sdm-2014: Feedback mux created for signal 'ip_head[5] [19]'. It is possible a async set/reset assignment for this is signal missing. To improve timing and area, specify a set/reset value. 
W: Sdm-2014: Feedback mux created for signal 'ip_head[5] [20]'. It is possible a async set/reset assignment for this is signal missing. To improve timing and area, specify a set/reset value. 
W: Sdm-2014: Feedback mux created for signal 'ip_head[5] [21]'. It is possible a async set/reset assignment for this is signal missing. To improve timing and area, specify a set/reset value. 
W: Sdm-2014: Feedback mux created for signal 'ip_head[5] [22]'. It is possible a async set/reset assignment for this is signal missing. To improve timing and area, specify a set/reset value. 
W: Sdm-2014: Feedback mux created for signal 'ip_head[5] [23]'. It is possible a async set/reset assignment for this is signal missing. To improve timing and area, specify a set/reset value. 
W: Sdm-2014: Feedback mux created for signal 'ip_head[5] [24]'. It is possible a async set/reset assignment for this is signal missing. To improve timing and area, specify a set/reset value. 
W: Sdm-2014: Feedback mux created for signal 'ip_head[5] [25]'. It is possible a async set/reset assignment for this is signal missing. To improve timing and area, specify a set/reset value. 
W: Sdm-2014: Feedback mux created for signal 'ip_head[5] [26]'. It is possible a async set/reset assignment for this is signal missing. To improve timing and area, specify a set/reset value. 
W: Sdm-2014: Feedback mux created for signal 'ip_head[5] [27]'. It is possible a async set/reset assignment for this is signal missing. To improve timing and area, specify a set/reset value. 
W: Sdm-2014: Feedback mux created for signal 'ip_head[5] [28]'. It is possible a async set/reset assignment for this is signal missing. To improve timing and area, specify a set/reset value. 
W: Sdm-2014: Feedback mux created for signal 'ip_head[5] [29]'. It is possible a async set/reset assignment for this is signal missing. To improve timing and area, specify a set/reset value. 
W: Sdm-2014: Feedback mux created for signal 'ip_head[5] [30]'. It is possible a async set/reset assignment for this is signal missing. To improve timing and area, specify a set/reset value. 
W: Sdm-2014: Feedback mux created for signal 'ip_head[5] [31]'. It is possible a async set/reset assignment for this is signal missing. To improve timing and area, specify a set/reset value. 
W: Sdm-2014: Feedback mux created for signal 'ip_head[6] [0]'. It is possible a async set/reset assignment for this is signal missing. To improve timing and area, specify a set/reset value. 
W: Sdm-2014: Feedback mux created for signal 'ip_head[6] [1]'. It is possible a async set/reset assignment for this is signal missing. To improve timing and area, specify a set/reset value. 
W: Sdm-2014: Feedback mux created for signal 'ip_head[6] [2]'. It is possible a async set/reset assignment for this is signal missing. To improve timing and area, specify a set/reset value. 
W: Sdm-2014: Feedback mux created for signal 'ip_head[6] [3]'. It is possible a async set/reset assignment for this is signal missing. To improve timing and area, specify a set/reset value. 
W: Sdm-2014: Feedback mux created for signal 'ip_head[6] [4]'. It is possible a async set/reset assignment for this is signal missing. To improve timing and area, specify a set/reset value. 
W: Sdm-2014: Feedback mux created for signal 'ip_head[6] [5]'. It is possible a async set/reset assignment for this is signal missing. To improve timing and area, specify a set/reset value. 
W: Sdm-2014: Feedback mux created for signal 'ip_head[6] [6]'. It is possible a async set/reset assignment for this is signal missing. To improve timing and area, specify a set/reset value. 
W: Sdm-2014: Feedback mux created for signal 'ip_head[6] [7]'. It is possible a async set/reset assignment for this is signal missing. To improve timing and area, specify a set/reset value. 
W: Sdm-2014: Feedback mux created for signal 'ip_head[6] [8]'. It is possible a async set/reset assignment for this is signal missing. To improve timing and area, specify a set/reset value. 
W: Sdm-2014: Feedback mux created for signal 'ip_head[6] [9]'. It is possible a async set/reset assignment for this is signal missing. To improve timing and area, specify a set/reset value. 
W: Sdm-2014: Feedback mux created for signal 'ip_head[6] [10]'. It is possible a async set/reset assignment for this is signal missing. To improve timing and area, specify a set/reset value. 
W: Sdm-2014: Feedback mux created for signal 'ip_head[6] [11]'. It is possible a async set/reset assignment for this is signal missing. To improve timing and area, specify a set/reset value. 
W: Sdm-2014: Feedback mux created for signal 'ip_head[6] [12]'. It is possible a async set/reset assignment for this is signal missing. To improve timing and area, specify a set/reset value. 
W: Sdm-2014: Feedback mux created for signal 'ip_head[6] [13]'. It is possible a async set/reset assignment for this is signal missing. To improve timing and area, specify a set/reset value. 
W: Sdm-2014: Feedback mux created for signal 'ip_head[6] [14]'. It is possible a async set/reset assignment for this is signal missing. To improve timing and area, specify a set/reset value. 
W: Sdm-2014: Feedback mux created for signal 'ip_head[6] [15]'. It is possible a async set/reset assignment for this is signal missing. To improve timing and area, specify a set/reset value. 
W: Sdm-2014: Feedback mux created for signal 'ip_head[6] [16]'. It is possible a async set/reset assignment for this is signal missing. To improve timing and area, specify a set/reset value. 
W: Sdm-2014: Feedback mux created for signal 'ip_head[6] [17]'. It is possible a async set/reset assignment for this is signal missing. To improve timing and area, specify a set/reset value. 
W: Sdm-2014: Feedback mux created for signal 'ip_head[6] [18]'. It is possible a async set/reset assignment for this is signal missing. To improve timing and area, specify a set/reset value. 
W: Sdm-2014: Feedback mux created for signal 'ip_head[6] [19]'. It is possible a async set/reset assignment for this is signal missing. To improve timing and area, specify a set/reset value. 
W: Sdm-2014: Feedback mux created for signal 'ip_head[6] [20]'. It is possible a async set/reset assignment for this is signal missing. To improve timing and area, specify a set/reset value. 
W: Sdm-2014: Feedback mux created for signal 'ip_head[6] [21]'. It is possible a async set/reset assignment for this is signal missing. To improve timing and area, specify a set/reset value. 
W: Sdm-2014: Feedback mux created for signal 'ip_head[6] [22]'. It is possible a async set/reset assignment for this is signal missing. To improve timing and area, specify a set/reset value. 
W: Sdm-2014: Feedback mux created for signal 'ip_head[6] [23]'. It is possible a async set/reset assignment for this is signal missing. To improve timing and area, specify a set/reset value. 
W: Sdm-2014: Feedback mux created for signal 'ip_head[6] [24]'. It is possible a async set/reset assignment for this is signal missing. To improve timing and area, specify a set/reset value. 
W: Sdm-2014: Feedback mux created for signal 'ip_head[6] [25]'. It is possible a async set/reset assignment for this is signal missing. To improve timing and area, specify a set/reset value. 
W: Sdm-2014: Feedback mux created for signal 'ip_head[6] [26]'. It is possible a async set/reset assignment for this is signal missing. To improve timing and area, specify a set/reset value. 
W: Sdm-2014: Feedback mux created for signal 'ip_head[6] [27]'. It is possible a async set/reset assignment for this is signal missing. To improve timing and area, specify a set/reset value. 
W: Sdm-2014: Feedback mux created for signal 'ip_head[6] [28]'. It is possible a async set/reset assignment for this is signal missing. To improve timing and area, specify a set/reset value. 
W: Sdm-2014: Feedback mux created for signal 'ip_head[6] [29]'. It is possible a async set/reset assignment for this is signal missing. To improve timing and area, specify a set/reset value. 
I: Removed inst tx_done that is redundant to crc_clr.
Executing : DFF-inference successfully.
Executing : rtl-infer successfully. Time elapsed: 6.307s wall, 3.094s user + 3.203s system = 6.297s CPU (99.8%)

Start rtl-control-opt.
W: Loop was found during constant probe.
W: Loop was found during constant probe.
W: Loop was found during constant probe.
W: Loop was found during constant probe.
W: Loop was found during constant probe.
W: Loop was found during constant probe.
W: Loop was found during constant probe.
W: Loop was found during constant probe.
W: Loop was found during constant probe.
W: Loop was found during constant probe.
W: Loop was found during constant probe.
W: Loop was found during constant probe.
W: Loop was found during constant probe.
W: Loop was found during constant probe.
W: Loop was found during constant probe.
W: Loop was found during constant probe.
W: Loop was found during constant probe.
W: Loop was found during constant probe.
W: Loop was found during constant probe.
W: Loop was found during constant probe.
W: Loop was found during constant probe.
W: Loop was found during constant probe.
W: Loop was found during constant probe.
W: Loop was found during constant probe.
W: Loop was found during constant probe.
W: Loop was found during constant probe.
W: Loop was found during constant probe.
W: Loop was found during constant probe.
W: Loop was found during constant probe.
W: Loop was found during constant probe.
W: Loop was found during constant probe.
W: Loop was found during constant probe.
W: Loop was found during constant probe.
W: Loop was found during constant probe.
W: Loop was found during constant probe.
W: Loop was found during constant probe.
W: Loop was found during constant probe.
W: Loop was found during constant probe.
W: Loop was found during constant probe.
W: Loop was found during constant probe.
W: Loop was found during constant probe.
W: Loop was found during constant probe.
W: Loop was found during constant probe.
W: Loop was found during constant probe.
W: Loop was found during constant probe.
W: Loop was found during constant probe.
Executing : rtl-control-opt successfully. Time elapsed: 0.033s wall, 0.047s user + 0.000s system = 0.047s CPU (140.1%)

Start rtl-data-opt.
W: Loop was found during constant probe.
W: Loop was found during constant probe.
W: Loop was found during constant probe.
W: Loop was found during constant probe.
W: Loop was found during constant probe.
W: Loop was found during constant probe.
W: Loop was found during constant probe.
W: Loop was found during constant probe.
W: Loop was found during constant probe.
W: Loop was found during constant probe.
W: Loop was found during constant probe.
W: Loop was found during constant probe.
W: Loop was found during constant probe.
W: Loop was found during constant probe.
W: Loop was found during constant probe.
W: Loop was found during constant probe.
W: Loop was found during constant probe.
W: Loop was found during constant probe.
W: Loop was found during constant probe.
W: Loop was found during constant probe.
W: Loop was found during constant probe.
W: Loop was found during constant probe.
W: Loop was found during constant probe.
W: Loop was found during constant probe.
W: Loop was found during constant probe.
W: Loop was found during constant probe.
W: Loop was found during constant probe.
W: Loop was found during constant probe.
W: Loop was found during constant probe.
W: Loop was found during constant probe.
W: Loop was found during constant probe.
W: Loop was found during constant probe.
W: Loop was found during constant probe.
W: Loop was found during constant probe.
W: Loop was found during constant probe.
W: Loop was found during constant probe.
W: Loop was found during constant probe.
W: Loop was found during constant probe.
W: Loop was found during constant probe.
W: Loop was found during constant probe.
W: Loop was found during constant probe.
W: Loop was found during constant probe.
W: Loop was found during constant probe.
W: Loop was found during constant probe.
W: Loop was found during constant probe.
W: Loop was found during constant probe.
W: Loop was found during constant probe.
W: Loop was found during constant probe.
W: Loop was found during constant probe.
W: Loop was found during constant probe.
W: Loop was found during constant probe.
W: Loop was found during constant probe.
W: Loop was found during constant probe.
W: Loop was found during constant probe.
W: Loop was found during constant probe.
W: Loop was found during constant probe.
W: Loop was found during constant probe.
W: Loop was found during constant probe.
W: Loop was found during constant probe.
W: Loop was found during constant probe.
W: Loop was found during constant probe.
W: Loop was found during constant probe.
W: Loop was found during constant probe.
W: Loop was found during constant probe.
W: Loop was found during constant probe.
W: Loop was found during constant probe.
W: Loop was found during constant probe.
W: Loop was found during constant probe.
W: Loop was found during constant probe.
W: Loop was found during constant probe.
W: Loop was found during constant probe.
W: Loop was found during constant probe.
W: Loop was found during constant probe.
W: Loop was found during constant probe.
W: Loop was found during constant probe.
W: Loop was found during constant probe.
W: Loop was found during constant probe.
Executing : rtl-data-opt successfully. Time elapsed: 0.212s wall, 0.203s user + 0.000s system = 0.203s CPU (95.6%)

Start FSM inference.
I: FSM protocol_sw_fsm[1:0] inferred.
FSM protocol_sw_fsm[1:0] STG:
Number of reachable states: 3
Input nets: N93 N95 udp_tx_start_en 
S0(00)-->S0(00): x1x
S1(01)-->S0(00): x1x
S2(10)-->S0(00): x1x
S0(00)-->S1(01): xx1
S1(01)-->S1(01): xx1
S2(10)-->S1(01): xx1
S0(00)-->S2(10): 1xx
S1(01)-->S2(10): 1xx
S2(10)-->S2(10): 1xx

I: FSM cur_state_fsm[4:0] inferred.
FSM cur_state_fsm[4:0] STG:
Number of reachable states: 5
Input nets: error_en skip_en 
S0(00001)-->S1(00010): x1
S0(00001)-->S0(00001): x0
S1(00010)-->S1(00010): 00
S1(00010)-->S2(00100): x1
S1(00010)-->S4(10000): 10
S2(00100)-->S2(00100): 00
S2(00100)-->S3(01000): x1
S2(00100)-->S4(10000): 10
S3(01000)-->S3(01000): 00
S3(01000)-->S4(10000): 1x
S3(01000)-->S4(10000): x1
S4(10000)-->S4(10000): x0
S4(10000)-->S0(00001): x1

I: FSM cur_state_fsm[4:0] inferred.
FSM cur_state_fsm[4:0] STG:
Number of reachable states: 5
Input nets: skip_en 
S0(00001)-->S1(00010): 1
S0(00001)-->S0(00001): 0
S1(00010)-->S1(00010): 0
S1(00010)-->S2(00100): 1
S2(00100)-->S2(00100): 0
S2(00100)-->S3(01000): 1
S3(01000)-->S3(01000): 0
S3(01000)-->S4(10000): 1
S4(10000)-->S4(10000): 0
S4(10000)-->S0(00001): 1

I: FSM cur_state_fsm[6:0] inferred.
FSM cur_state_fsm[6:0] STG:
Number of reachable states: 7
Input nets: error_en skip_en 
S0(0000001)-->S1(0000010): x1
S1(0000010)-->S1(0000010): 00
S1(0000010)-->S2(0000100): x1
S1(0000010)-->S6(1000000): 10
S2(0000100)-->S2(0000100): 00
S2(0000100)-->S3(0001000): x1
S2(0000100)-->S6(1000000): 10
S3(0001000)-->S3(0001000): 00
S3(0001000)-->S4(0010000): x1
S3(0001000)-->S6(1000000): 10
S4(0010000)-->S4(0010000): 00
S4(0010000)-->S5(0100000): x1
S4(0010000)-->S6(1000000): 10
S5(0100000)-->S5(0100000): x0
S5(0100000)-->S6(1000000): x1
S6(1000000)-->S6(1000000): x0
S6(1000000)-->S0(0000001): x1
S0(0000001)-->S0(0000001): x0

I: FSM cur_state_fsm[7:0] inferred.
FSM cur_state_fsm[7:0] STG:
Number of reachable states: 8
Input nets: skip_en 
S0(00000001)-->S1(00000010): 1
S0(00000001)-->S0(00000001): 0
S1(00000010)-->S1(00000010): 0
S1(00000010)-->S2(00000100): 1
S2(00000100)-->S2(00000100): 0
S2(00000100)-->S3(00001000): 1
S3(00001000)-->S3(00001000): 0
S3(00001000)-->S4(00010000): 1
S4(00010000)-->S4(00010000): 0
S4(00010000)-->S5(00100000): 1
S5(00100000)-->S5(00100000): 0
S5(00100000)-->S6(01000000): 1
S6(01000000)-->S6(01000000): 0
S6(01000000)-->S7(10000000): 1
S7(10000000)-->S7(10000000): 0
S7(10000000)-->S0(00000001): 1

W: Loop was found during constant probe.
W: Loop was found during constant probe.
W: Loop was found during constant probe.
W: Loop was found during constant probe.
W: Loop was found during constant probe.
W: Loop was found during constant probe.
I: FSM cur_state_fsm[6:0] inferred.
FSM cur_state_fsm[6:0] STG:
Number of reachable states: 7
Input nets: error_en skip_en 
S0(0000001)-->S1(0000010): x1
S1(0000010)-->S1(0000010): 00
S1(0000010)-->S2(0000100): x1
S1(0000010)-->S6(1000000): 10
S2(0000100)-->S2(0000100): 00
S2(0000100)-->S3(0001000): x1
S2(0000100)-->S6(1000000): 10
S3(0001000)-->S3(0001000): 00
S3(0001000)-->S4(0010000): x1
S3(0001000)-->S6(1000000): 10
S4(0010000)-->S4(0010000): x0
S4(0010000)-->S5(0100000): x1
S5(0100000)-->S5(0100000): x0
S5(0100000)-->S6(1000000): x1
S6(1000000)-->S6(1000000): x0
S6(1000000)-->S0(0000001): x1
S0(0000001)-->S0(0000001): x0

I: FSM cur_state_fsm[6:0] inferred.
FSM cur_state_fsm[6:0] STG:
Number of reachable states: 7
Input nets: skip_en 
S0(0000001)-->S1(0000010): 1
S0(0000001)-->S0(0000001): 0
S1(0000010)-->S1(0000010): 0
S1(0000010)-->S2(0000100): 1
S2(0000100)-->S2(0000100): 0
S2(0000100)-->S3(0001000): 1
S3(0001000)-->S3(0001000): 0
S3(0001000)-->S4(0010000): 1
S4(0010000)-->S4(0010000): 0
S4(0010000)-->S5(0100000): 1
S5(0100000)-->S5(0100000): 0
S5(0100000)-->S6(1000000): 1
S6(1000000)-->S6(1000000): 0
S6(1000000)-->S0(0000001): 1

W: Loop was found during constant probe.
W: Loop was found during constant probe.
W: Loop was found during constant probe.
W: Loop was found during constant probe.
W: Loop was found during constant probe.
Executing : FSM inference successfully. Time elapsed: 0.143s wall, 0.078s user + 0.062s system = 0.141s CPU (98.7%)

Start sdm2adm.
I: Constant propagation done on N89_11 (bmsREDXOR).
I: Constant propagation done on N79 (bmsREDXOR).
I: Constant propagation done on N29 (bmsREDXOR).
I: Constant propagation done on N34 (bmsREDXOR).
I: Constant propagation done on N39 (bmsREDXOR).
I: Constant propagation done on N44 (bmsREDXOR).
I: Constant propagation done on N49 (bmsREDXOR).
I: Constant propagation done on N54 (bmsREDXOR).
I: Constant propagation done on N59 (bmsREDXOR).
I: Constant propagation done on N64 (bmsREDXOR).
W: Loop was found during constant probe.
W: Loop was found during constant probe.
W: Loop was found during constant probe.
W: Loop was found during constant probe.
W: Loop was found during constant probe.
W: Loop was found during constant probe.
W: Loop was found during constant probe.
W: Loop was found during constant probe.
W: Loop was found during constant probe.
W: Loop was found during constant probe.
W: Loop was found during constant probe.
W: Loop was found during constant probe.
W: Loop was found during constant probe.
W: Loop was found during constant probe.
W: Loop was found during constant probe.
W: Loop was found during constant probe.
W: Loop was found during constant probe.
W: Loop was found during constant probe.
W: Loop was found during constant probe.
W: Loop was found during constant probe.
W: Loop was found during constant probe.
W: Loop was found during constant probe.
W: Loop was found during constant probe.
W: Loop was found during constant probe.
W: Loop was found during constant probe.
W: Loop was found during constant probe.
W: Loop was found during constant probe.
W: Loop was found during constant probe.
W: Loop was found during constant probe.
W: Loop was found during constant probe.
W: Loop was found during constant probe.
W: Loop was found during constant probe.
W: Loop was found during constant probe.
W: Loop was found during constant probe.
W: Loop was found during constant probe.
W: Loop was found during constant probe.
W: Loop was found during constant probe.
W: Loop was found during constant probe.
W: Loop was found during constant probe.
W: Loop was found during constant probe.
W: Loop was found during constant probe.
W: Loop was found during constant probe.
Executing : sdm2adm successfully. Time elapsed: 0.163s wall, 0.172s user + 0.000s system = 0.172s CPU (105.2%)

Saving design to DB.
Action compile: Real time elapsed is 0h:0m:13s
Action compile: CPU time elapsed is 0h:0m:5s
Action compile: Process CPU time elapsed is 0h:0m:5s
Current time: Mon Feb 26 16:09:41 2024
Action compile: Peak memory pool usage is 154 MB
Action from compile to compile: Total Real Time elapsed is 0h:0m:13s
Action from compile to compile: Total CPU time elapsed is 0h:0m:5s
Action from compile to compile: Total Process CPU Time elapsed is 0h:0m:5s
Compiling architecture definition.
Analyzing project file 'E:/H100licheng/50h/52_eth_udp_loop/prj/eth_udp_loop.pds'.
License checkout: fabric_ads from C:\pango\license\new_pds_584120290F2C.lic
Compiling verification operator library.
Compiling common defs.
Loading technology operator library.
Compiling technology operator library.
Compiling technology operator (valence) library.
Reading design from compile DB
Reading design from compile DB successfully.
NOTE: The technology fpga was specified.
NOTE: delay_model specified was generic_cmos.
NOTE: Using the fpga syntax tables...
Totals:
 Calls to malloc = 0
 Calls to calloc = 148672

Constraint check start.
Compiling prim grid devices.
Building architecture model.
Loading device packaging model.
Building architecture floorplan logic view.
Executing : get_ports eth_rxc
Executing : get_ports eth_rxc successfully.
Executing : create_clock -name eth_rxc [get_ports eth_rxc] -period 8 -waveform {0.000 4.000}
Executing : create_clock -name eth_rxc [get_ports eth_rxc] -period 8 -waveform {0.000 4.000} successfully.
Executing : get_ports sys_clk
Executing : get_ports sys_clk successfully.
Executing : create_clock -name sys_clk [get_ports sys_clk] -period 20 -waveform {0.000 10.000}
Executing : create_clock -name sys_clk [get_ports sys_clk] -period 20 -waveform {0.000 10.000} successfully.
C: ConstraintEditor-2002: [E:/H100licheng/50h/52_eth_udp_loop/prj/eth_udp_loop.fdc(line number: 94)] | Port eth_txd[2] has been placed at location T20, whose type is share pin.
C: ConstraintEditor-2002: [E:/H100licheng/50h/52_eth_udp_loop/prj/eth_udp_loop.fdc(line number: 101)] | Port eth_txd[1] has been placed at location W21, whose type is share pin.
C: ConstraintEditor-2002: [E:/H100licheng/50h/52_eth_udp_loop/prj/eth_udp_loop.fdc(line number: 108)] | Port eth_txd[0] has been placed at location W22, whose type is share pin.
C: ConstraintEditor-2002: [E:/H100licheng/50h/52_eth_udp_loop/prj/eth_udp_loop.fdc(line number: 120)] | Port eth_rxd[2] has been placed at location AB22, whose type is share pin.
C: ConstraintEditor-2002: [E:/H100licheng/50h/52_eth_udp_loop/prj/eth_udp_loop.fdc(line number: 125)] | Port eth_rxd[1] has been placed at location AB21, whose type is share pin.
C: ConstraintEditor-2002: [E:/H100licheng/50h/52_eth_udp_loop/prj/eth_udp_loop.fdc(line number: 130)] | Port eth_rxd[0] has been placed at location Y22, whose type is share pin.
C: ConstraintEditor-2002: [E:/H100licheng/50h/52_eth_udp_loop/prj/eth_udp_loop.fdc(line number: 135)] | Port eth_rst_n has been placed at location N20, whose type is share pin.
Constraint check end.

Start pre-mapping.
I: Encoding type of FSM 'cur_state_fsm[6:0]' is: onehot.
I: Encoding table of FSM 'cur_state_fsm[6:0]':
I: from  u_icmp/u_icmp_rx/cur_state[6] u_icmp/u_icmp_rx/cur_state[5] u_icmp/u_icmp_rx/cur_state[4] u_icmp/u_icmp_rx/cur_state[3] u_icmp/u_icmp_rx/cur_state[2] u_icmp/u_icmp_rx/cur_state[1] u_icmp/u_icmp_rx/cur_state[0]
I: to  u_icmp/u_icmp_rx/cur_state_reg[6] u_icmp/u_icmp_rx/cur_state_reg[5] u_icmp/u_icmp_rx/cur_state_reg[4] u_icmp/u_icmp_rx/cur_state_reg[3] u_icmp/u_icmp_rx/cur_state_reg[2] u_icmp/u_icmp_rx/cur_state_reg[1] u_icmp/u_icmp_rx/cur_state_reg[0]
I: 0000001 => 0000001
I: 0000010 => 0000010
I: 0000100 => 0000100
I: 0001000 => 0001000
I: 0010000 => 0010000
I: 0100000 => 0100000
I: 1000000 => 1000000
I: Encoding type of FSM 'protocol_sw_fsm[1:0]' is: onehot.
I: Encoding table of FSM 'protocol_sw_fsm[1:0]':
I: from  u_eth_ctrl/protocol_sw[1] u_eth_ctrl/protocol_sw[0]
I: to  u_eth_ctrl/protocol_sw_reg[2] u_eth_ctrl/protocol_sw_reg[1] u_eth_ctrl/protocol_sw_reg[0]
I: 00 => 001
I: 01 => 010
I: 10 => 100
I: Encoding type of FSM 'cur_state_fsm[7:0]' is: onehot.
I: Encoding table of FSM 'cur_state_fsm[7:0]':
I: from  u_icmp/u_icmp_tx/cur_state[7] u_icmp/u_icmp_tx/cur_state[6] u_icmp/u_icmp_tx/cur_state[5] u_icmp/u_icmp_tx/cur_state[4] u_icmp/u_icmp_tx/cur_state[3] u_icmp/u_icmp_tx/cur_state[2] u_icmp/u_icmp_tx/cur_state[1] u_icmp/u_icmp_tx/cur_state[0]
I: to  u_icmp/u_icmp_tx/cur_state_reg[7] u_icmp/u_icmp_tx/cur_state_reg[6] u_icmp/u_icmp_tx/cur_state_reg[5] u_icmp/u_icmp_tx/cur_state_reg[4] u_icmp/u_icmp_tx/cur_state_reg[3] u_icmp/u_icmp_tx/cur_state_reg[2] u_icmp/u_icmp_tx/cur_state_reg[1] u_icmp/u_icmp_tx/cur_state_reg[0]
I: 00000001 => 00000001
I: 00000010 => 00000010
I: 00000100 => 00000100
I: 00001000 => 00001000
I: 00010000 => 00010000
I: 00100000 => 00100000
I: 01000000 => 01000000
I: 10000000 => 10000000
I: Encoding type of FSM 'cur_state_fsm[6:0]' is: onehot.
I: Encoding table of FSM 'cur_state_fsm[6:0]':
I: from  u_udp/u_udp_rx/cur_state[6] u_udp/u_udp_rx/cur_state[5] u_udp/u_udp_rx/cur_state[4] u_udp/u_udp_rx/cur_state[3] u_udp/u_udp_rx/cur_state[2] u_udp/u_udp_rx/cur_state[1] u_udp/u_udp_rx/cur_state[0]
I: to  u_udp/u_udp_rx/cur_state_reg[6] u_udp/u_udp_rx/cur_state_reg[5] u_udp/u_udp_rx/cur_state_reg[4] u_udp/u_udp_rx/cur_state_reg[3] u_udp/u_udp_rx/cur_state_reg[2] u_udp/u_udp_rx/cur_state_reg[1] u_udp/u_udp_rx/cur_state_reg[0]
I: 0000001 => 0000001
I: 0000010 => 0000010
I: 0000100 => 0000100
I: 0001000 => 0001000
I: 0010000 => 0010000
I: 0100000 => 0100000
I: 1000000 => 1000000
I: Encoding type of FSM 'cur_state_fsm[6:0]' is: onehot.
I: Encoding table of FSM 'cur_state_fsm[6:0]':
I: from  u_udp/u_udp_tx/cur_state[6] u_udp/u_udp_tx/cur_state[5] u_udp/u_udp_tx/cur_state[4] u_udp/u_udp_tx/cur_state[3] u_udp/u_udp_tx/cur_state[2] u_udp/u_udp_tx/cur_state[1] u_udp/u_udp_tx/cur_state[0]
I: to  u_udp/u_udp_tx/cur_state_reg[6] u_udp/u_udp_tx/cur_state_reg[5] u_udp/u_udp_tx/cur_state_reg[4] u_udp/u_udp_tx/cur_state_reg[3] u_udp/u_udp_tx/cur_state_reg[2] u_udp/u_udp_tx/cur_state_reg[1] u_udp/u_udp_tx/cur_state_reg[0]
I: 0000001 => 0000001
I: 0000010 => 0000010
I: 0000100 => 0000100
I: 0001000 => 0001000
I: 0010000 => 0010000
I: 0100000 => 0100000
I: 1000000 => 1000000
I: Encoding type of FSM 'cur_state_fsm[4:0]' is: onehot.
I: Encoding table of FSM 'cur_state_fsm[4:0]':
I: from  u_arp/u_arp_rx/cur_state[4] u_arp/u_arp_rx/cur_state[3] u_arp/u_arp_rx/cur_state[2] u_arp/u_arp_rx/cur_state[1] u_arp/u_arp_rx/cur_state[0]
I: to  u_arp/u_arp_rx/cur_state_reg[4] u_arp/u_arp_rx/cur_state_reg[3] u_arp/u_arp_rx/cur_state_reg[2] u_arp/u_arp_rx/cur_state_reg[1] u_arp/u_arp_rx/cur_state_reg[0]
I: 00001 => 00001
I: 00010 => 00010
I: 00100 => 00100
I: 01000 => 01000
I: 10000 => 10000
I: Encoding type of FSM 'cur_state_fsm[4:0]' is: onehot.
I: Encoding table of FSM 'cur_state_fsm[4:0]':
I: from  u_arp/u_arp_tx/cur_state[4] u_arp/u_arp_tx/cur_state[3] u_arp/u_arp_tx/cur_state[2] u_arp/u_arp_tx/cur_state[1] u_arp/u_arp_tx/cur_state[0]
I: to  u_arp/u_arp_tx/cur_state_reg[4] u_arp/u_arp_tx/cur_state_reg[3] u_arp/u_arp_tx/cur_state_reg[2] u_arp/u_arp_tx/cur_state_reg[1] u_arp/u_arp_tx/cur_state_reg[0]
I: 00001 => 00001
I: 00010 => 00010
I: 00100 => 00100
I: 01000 => 01000
I: 10000 => 10000
I: Constant propagation done on u_icmp/u_icmp_rx/N49 (bmsWIDEINV).
I: Constant propagation done on u_icmp/u_icmp_rx/N50 (bmsPMUX).
I: Constant propagation done on u_icmp/u_icmp_tx/N70 (bmsWIDEINV).
I: Constant propagation done on u_icmp/u_icmp_tx/N71 (bmsPMUX).
I: Constant propagation done on u_udp/u_udp_rx/N47 (bmsWIDEINV).
I: Constant propagation done on u_udp/u_udp_rx/N48 (bmsPMUX).
I: Constant propagation done on u_udp/u_udp_tx/N70 (bmsWIDEINV).
I: Constant propagation done on u_udp/u_udp_tx/N71 (bmsPMUX).
I: Constant propagation done on u_arp/u_arp_rx/N37 (bmsWIDEINV).
I: Constant propagation done on u_arp/u_arp_rx/N38 (bmsPMUX).
W: Removed bmsWIDEDFFCPE inst ip_head_byte_num[5:0] at 0 that is stuck at constant 0.
I: Removed bmsSUB inst N348_1 that is redundant to N328
W: Removed bmsWIDEDFFCPE inst check_buffer[31:0] at 20 that is stuck at constant 0.
I: Removed bmsSUB inst N307_1 that is redundant to N287
W: Removed bmsWIDEDFFCPE inst check_buffer[31:0] at 20 that is stuck at constant 0.
I: Removed bmsWIDEDFFCPE inst arp_data[2][3] that is redundant to arp_data[1][0]
I: Removed bmsWIDEDFFCPE inst arp_data[4][1] that is redundant to arp_data[1][0]
I: Removed bmsWIDEDFFCPE inst arp_data[4][2] that is redundant to arp_data[1][0]
I: Removed bmsWIDEDFFCPE inst arp_data[5][2] that is redundant to arp_data[1][0]
I: Removed bmsWIDEDFFCPE inst arp_data[9][0] that is redundant to arp_data[1][0]
I: Removed bmsWIDEDFFCPE inst arp_data[9][4] that is redundant to arp_data[1][0]
I: Removed bmsWIDEDFFCPE inst arp_data[10][1] that is redundant to arp_data[1][0]
I: Removed bmsWIDEDFFCPE inst arp_data[10][5] that is redundant to arp_data[1][0]
I: Removed bmsWIDEDFFCPE inst arp_data[11][0] that is redundant to arp_data[1][0]
I: Removed bmsWIDEDFFCPE inst arp_data[11][1] that is redundant to arp_data[1][0]
I: Removed bmsWIDEDFFCPE inst arp_data[11][4] that is redundant to arp_data[1][0]
I: Removed bmsWIDEDFFCPE inst arp_data[11][5] that is redundant to arp_data[1][0]
I: Removed bmsWIDEDFFCPE inst arp_data[12][2] that is redundant to arp_data[1][0]
I: Removed bmsWIDEDFFCPE inst arp_data[12][6] that is redundant to arp_data[1][0]
I: Removed bmsWIDEDFFCPE inst arp_data[13][0] that is redundant to arp_data[1][0]
I: Removed bmsWIDEDFFCPE inst arp_data[13][2] that is redundant to arp_data[1][0]
I: Removed bmsWIDEDFFCPE inst arp_data[13][4] that is redundant to arp_data[1][0]
I: Removed bmsWIDEDFFCPE inst arp_data[13][6] that is redundant to arp_data[1][0]
I: Removed bmsWIDEDFFCPE inst arp_data[14][6] that is redundant to arp_data[1][0]
I: Removed bmsWIDEDFFCPE inst arp_data[14][7] that is redundant to arp_data[1][0]
I: Removed bmsWIDEDFFCPE inst arp_data[15][3] that is redundant to arp_data[1][0]
I: Removed bmsWIDEDFFCPE inst arp_data[15][5] that is redundant to arp_data[1][0]
I: Removed bmsWIDEDFFCPE inst arp_data[15][7] that is redundant to arp_data[1][0]
I: Removed bmsWIDEDFFCPE inst arp_data[16][0] that is redundant to arp_data[1][0]
I: Removed bmsWIDEDFFCPE inst arp_data[17][1] that is redundant to arp_data[1][0]
I: Removed bmsWIDEDFFCPE inst arp_data[17][3] that is redundant to arp_data[1][0]
I: Removed bmsWIDEDFFCPE inst arp_data[0][1] that is redundant to arp_data[0][0]
I: Removed bmsWIDEDFFCPE inst arp_data[0][2] that is redundant to arp_data[0][0]
I: Removed bmsWIDEDFFCPE inst arp_data[0][3] that is redundant to arp_data[0][0]
I: Removed bmsWIDEDFFCPE inst arp_data[0][4] that is redundant to arp_data[0][0]
I: Removed bmsWIDEDFFCPE inst arp_data[0][5] that is redundant to arp_data[0][0]
I: Removed bmsWIDEDFFCPE inst arp_data[0][6] that is redundant to arp_data[0][0]
I: Removed bmsWIDEDFFCPE inst arp_data[0][7] that is redundant to arp_data[0][0]
I: Removed bmsWIDEDFFCPE inst arp_data[1][1] that is redundant to arp_data[0][0]
I: Removed bmsWIDEDFFCPE inst arp_data[1][2] that is redundant to arp_data[0][0]
I: Removed bmsWIDEDFFCPE inst arp_data[1][3] that is redundant to arp_data[0][0]
I: Removed bmsWIDEDFFCPE inst arp_data[1][4] that is redundant to arp_data[0][0]
I: Removed bmsWIDEDFFCPE inst arp_data[1][5] that is redundant to arp_data[0][0]
I: Removed bmsWIDEDFFCPE inst arp_data[1][6] that is redundant to arp_data[0][0]
I: Removed bmsWIDEDFFCPE inst arp_data[1][7] that is redundant to arp_data[0][0]
I: Removed bmsWIDEDFFCPE inst arp_data[2][0] that is redundant to arp_data[0][0]
I: Removed bmsWIDEDFFCPE inst arp_data[2][1] that is redundant to arp_data[0][0]
I: Removed bmsWIDEDFFCPE inst arp_data[2][2] that is redundant to arp_data[0][0]
I: Removed bmsWIDEDFFCPE inst arp_data[2][4] that is redundant to arp_data[0][0]
I: Removed bmsWIDEDFFCPE inst arp_data[2][5] that is redundant to arp_data[0][0]
I: Removed bmsWIDEDFFCPE inst arp_data[2][6] that is redundant to arp_data[0][0]
I: Removed bmsWIDEDFFCPE inst arp_data[2][7] that is redundant to arp_data[0][0]
I: Removed bmsWIDEDFFCPE inst arp_data[3][0] that is redundant to arp_data[0][0]
I: Removed bmsWIDEDFFCPE inst arp_data[3][1] that is redundant to arp_data[0][0]
I: Removed bmsWIDEDFFCPE inst arp_data[3][2] that is redundant to arp_data[0][0]
I: Removed bmsWIDEDFFCPE inst arp_data[3][3] that is redundant to arp_data[0][0]
I: Removed bmsWIDEDFFCPE inst arp_data[3][4] that is redundant to arp_data[0][0]
I: Removed bmsWIDEDFFCPE inst arp_data[3][5] that is redundant to arp_data[0][0]
I: Removed bmsWIDEDFFCPE inst arp_data[3][6] that is redundant to arp_data[0][0]
I: Removed bmsWIDEDFFCPE inst arp_data[3][7] that is redundant to arp_data[0][0]
I: Removed bmsWIDEDFFCPE inst arp_data[4][0] that is redundant to arp_data[0][0]
I: Removed bmsWIDEDFFCPE inst arp_data[4][3] that is redundant to arp_data[0][0]
I: Removed bmsWIDEDFFCPE inst arp_data[4][4] that is redundant to arp_data[0][0]
I: Removed bmsWIDEDFFCPE inst arp_data[4][5] that is redundant to arp_data[0][0]
I: Removed bmsWIDEDFFCPE inst arp_data[4][6] that is redundant to arp_data[0][0]
I: Removed bmsWIDEDFFCPE inst arp_data[4][7] that is redundant to arp_data[0][0]
I: Removed bmsWIDEDFFCPE inst arp_data[5][0] that is redundant to arp_data[0][0]
I: Removed bmsWIDEDFFCPE inst arp_data[5][1] that is redundant to arp_data[0][0]
I: Removed bmsWIDEDFFCPE inst arp_data[5][3] that is redundant to arp_data[0][0]
I: Removed bmsWIDEDFFCPE inst arp_data[5][4] that is redundant to arp_data[0][0]
I: Removed bmsWIDEDFFCPE inst arp_data[5][5] that is redundant to arp_data[0][0]
I: Removed bmsWIDEDFFCPE inst arp_data[5][6] that is redundant to arp_data[0][0]
I: Removed bmsWIDEDFFCPE inst arp_data[5][7] that is redundant to arp_data[0][0]
I: Removed bmsWIDEDFFCPE inst arp_data[6][0] that is redundant to arp_data[0][0]
I: Removed bmsWIDEDFFCPE inst arp_data[6][1] that is redundant to arp_data[0][0]
I: Removed bmsWIDEDFFCPE inst arp_data[6][2] that is redundant to arp_data[0][0]
I: Removed bmsWIDEDFFCPE inst arp_data[6][3] that is redundant to arp_data[0][0]
I: Removed bmsWIDEDFFCPE inst arp_data[6][4] that is redundant to arp_data[0][0]
I: Removed bmsWIDEDFFCPE inst arp_data[6][5] that is redundant to arp_data[0][0]
I: Removed bmsWIDEDFFCPE inst arp_data[6][6] that is redundant to arp_data[0][0]
I: Removed bmsWIDEDFFCPE inst arp_data[6][7] that is redundant to arp_data[0][0]
I: Removed bmsWIDEDFFCPE inst arp_data[8][0] that is redundant to arp_data[0][0]
I: Removed bmsWIDEDFFCPE inst arp_data[8][1] that is redundant to arp_data[0][0]
I: Removed bmsWIDEDFFCPE inst arp_data[8][2] that is redundant to arp_data[0][0]
I: Removed bmsWIDEDFFCPE inst arp_data[8][3] that is redundant to arp_data[0][0]
I: Removed bmsWIDEDFFCPE inst arp_data[8][4] that is redundant to arp_data[0][0]
I: Removed bmsWIDEDFFCPE inst arp_data[8][5] that is redundant to arp_data[0][0]
I: Removed bmsWIDEDFFCPE inst arp_data[8][6] that is redundant to arp_data[0][0]
I: Removed bmsWIDEDFFCPE inst arp_data[8][7] that is redundant to arp_data[0][0]
I: Removed bmsWIDEDFFCPE inst arp_data[9][1] that is redundant to arp_data[0][0]
I: Removed bmsWIDEDFFCPE inst arp_data[9][2] that is redundant to arp_data[0][0]
I: Removed bmsWIDEDFFCPE inst arp_data[9][3] that is redundant to arp_data[0][0]
I: Removed bmsWIDEDFFCPE inst arp_data[9][5] that is redundant to arp_data[0][0]
I: Removed bmsWIDEDFFCPE inst arp_data[9][6] that is redundant to arp_data[0][0]
I: Removed bmsWIDEDFFCPE inst arp_data[9][7] that is redundant to arp_data[0][0]
I: Removed bmsWIDEDFFCPE inst arp_data[10][0] that is redundant to arp_data[0][0]
I: Removed bmsWIDEDFFCPE inst arp_data[10][2] that is redundant to arp_data[0][0]
I: Removed bmsWIDEDFFCPE inst arp_data[10][3] that is redundant to arp_data[0][0]
I: Removed bmsWIDEDFFCPE inst arp_data[10][4] that is redundant to arp_data[0][0]
I: Removed bmsWIDEDFFCPE inst arp_data[10][6] that is redundant to arp_data[0][0]
I: Removed bmsWIDEDFFCPE inst arp_data[10][7] that is redundant to arp_data[0][0]
I: Removed bmsWIDEDFFCPE inst arp_data[11][2] that is redundant to arp_data[0][0]
I: Removed bmsWIDEDFFCPE inst arp_data[11][3] that is redundant to arp_data[0][0]
I: Removed bmsWIDEDFFCPE inst arp_data[11][6] that is redundant to arp_data[0][0]
I: Removed bmsWIDEDFFCPE inst arp_data[11][7] that is redundant to arp_data[0][0]
I: Removed bmsWIDEDFFCPE inst arp_data[12][0] that is redundant to arp_data[0][0]
I: Removed bmsWIDEDFFCPE inst arp_data[12][1] that is redundant to arp_data[0][0]
I: Removed bmsWIDEDFFCPE inst arp_data[12][3] that is redundant to arp_data[0][0]
I: Removed bmsWIDEDFFCPE inst arp_data[12][4] that is redundant to arp_data[0][0]
I: Removed bmsWIDEDFFCPE inst arp_data[12][5] that is redundant to arp_data[0][0]
I: Removed bmsWIDEDFFCPE inst arp_data[12][7] that is redundant to arp_data[0][0]
I: Removed bmsWIDEDFFCPE inst arp_data[13][1] that is redundant to arp_data[0][0]
I: Removed bmsWIDEDFFCPE inst arp_data[13][3] that is redundant to arp_data[0][0]
I: Removed bmsWIDEDFFCPE inst arp_data[13][5] that is redundant to arp_data[0][0]
I: Removed bmsWIDEDFFCPE inst arp_data[13][7] that is redundant to arp_data[0][0]
I: Removed bmsWIDEDFFCPE inst arp_data[14][0] that is redundant to arp_data[0][0]
I: Removed bmsWIDEDFFCPE inst arp_data[14][1] that is redundant to arp_data[0][0]
I: Removed bmsWIDEDFFCPE inst arp_data[14][2] that is redundant to arp_data[0][0]
I: Removed bmsWIDEDFFCPE inst arp_data[14][3] that is redundant to arp_data[0][0]
I: Removed bmsWIDEDFFCPE inst arp_data[14][4] that is redundant to arp_data[0][0]
I: Removed bmsWIDEDFFCPE inst arp_data[14][5] that is redundant to arp_data[0][0]
I: Removed bmsWIDEDFFCPE inst arp_data[15][0] that is redundant to arp_data[0][0]
I: Removed bmsWIDEDFFCPE inst arp_data[15][1] that is redundant to arp_data[0][0]
I: Removed bmsWIDEDFFCPE inst arp_data[15][2] that is redundant to arp_data[0][0]
I: Removed bmsWIDEDFFCPE inst arp_data[15][4] that is redundant to arp_data[0][0]
I: Removed bmsWIDEDFFCPE inst arp_data[15][6] that is redundant to arp_data[0][0]
I: Removed bmsWIDEDFFCPE inst arp_data[16][1] that is redundant to arp_data[0][0]
I: Removed bmsWIDEDFFCPE inst arp_data[16][2] that is redundant to arp_data[0][0]
I: Removed bmsWIDEDFFCPE inst arp_data[16][3] that is redundant to arp_data[0][0]
I: Removed bmsWIDEDFFCPE inst arp_data[16][4] that is redundant to arp_data[0][0]
I: Removed bmsWIDEDFFCPE inst arp_data[16][5] that is redundant to arp_data[0][0]
I: Removed bmsWIDEDFFCPE inst arp_data[16][6] that is redundant to arp_data[0][0]
I: Removed bmsWIDEDFFCPE inst arp_data[16][7] that is redundant to arp_data[0][0]
I: Removed bmsWIDEDFFCPE inst arp_data[17][0] that is redundant to arp_data[0][0]
I: Removed bmsWIDEDFFCPE inst arp_data[17][2] that is redundant to arp_data[0][0]
I: Removed bmsWIDEDFFCPE inst arp_data[17][4] that is redundant to arp_data[0][0]
I: Removed bmsWIDEDFFCPE inst arp_data[17][5] that is redundant to arp_data[0][0]
I: Removed bmsWIDEDFFCPE inst arp_data[17][6] that is redundant to arp_data[0][0]
I: Removed bmsWIDEDFFCPE inst arp_data[17][7] that is redundant to arp_data[0][0]
W: Removed bmsWIDEDFFCPE inst arp_data[0][0] that is stuck at constant 0.
W: Removed bmsWIDEDFFCPE inst arp_data[1][0] that is stuck at constant 1.
Executing : pre-mapping successfully. Time elapsed: 0.291s wall, 0.453s user + 0.016s system = 0.469s CPU (161.0%)

Start mod-gen.
W: Public-4008: Instance 'async_fifo_2048x8b_inst/U_ipm2l_fifo_async_fifo_2048x8b/U_ipm2l_fifo_ctrl/rd_water_level[11:0]' of 'bmsWIDEDFFCPE' unit is dangling and will be cleaned.
W: Public-4008: Instance 'async_fifo_2048x8b_inst/U_ipm2l_fifo_async_fifo_2048x8b/U_ipm2l_fifo_ctrl/wr_water_level[11:0]' of 'bmsWIDEDFFCPE' unit is dangling and will be cleaned.
I: Removed bmsADD inst u_udp/u_udp_tx/N3383 that is redundant to u_icmp/u_icmp_tx/N3754
I: Removed bmsREDOR inst u_udp/u_udp_tx/N545 that is redundant to u_icmp/u_icmp_tx/N592
I: Removed bmsREDOR inst u_icmp/u_icmp_tx/N592 that is redundant to u_arp/u_arp_tx/N376
I: Removed bmsSUB inst u_udp/u_udp_tx/N307_0 that is redundant to u_icmp/u_icmp_tx/N348_0
I: Removed bmsREDAND inst u_udp/u_udp_tx/N496 that is redundant to u_icmp/u_icmp_tx/N543
I: Removed inst u_icmp/u_icmp_tx/preamble[1][7:0] which is redundant to u_icmp/u_icmp_tx/preamble[0][7:0] (type bmsWIDEDFFPATCE)
I: Removed inst u_icmp/u_icmp_tx/preamble[2][7:0] which is redundant to u_icmp/u_icmp_tx/preamble[0][7:0] (type bmsWIDEDFFPATCE)
I: Removed inst u_icmp/u_icmp_tx/preamble[3][7:0] which is redundant to u_icmp/u_icmp_tx/preamble[0][7:0] (type bmsWIDEDFFPATCE)
I: Removed inst u_icmp/u_icmp_tx/preamble[4][7:0] which is redundant to u_icmp/u_icmp_tx/preamble[0][7:0] (type bmsWIDEDFFPATCE)
I: Removed inst u_icmp/u_icmp_tx/preamble[5][7:0] which is redundant to u_icmp/u_icmp_tx/preamble[0][7:0] (type bmsWIDEDFFPATCE)
I: Removed inst u_icmp/u_icmp_tx/preamble[6][7:0] which is redundant to u_icmp/u_icmp_tx/preamble[0][7:0] (type bmsWIDEDFFPATCE)
I: Removed inst u_icmp/u_icmp_tx/eth_head[11][7:0] which is redundant to u_icmp/u_icmp_tx/preamble[0][7:0] (type bmsWIDEDFFPATCE)
I: Removed inst u_arp/u_arp_tx/eth_head[11][7:0] which is redundant to u_icmp/u_icmp_tx/preamble[0][7:0] (type bmsWIDEDFFPATCE)
I: Removed inst u_arp/u_arp_tx/preamble[0][7:0] which is redundant to u_icmp/u_icmp_tx/preamble[0][7:0] (type bmsWIDEDFFPATCE)
I: Removed inst u_arp/u_arp_tx/preamble[1][7:0] which is redundant to u_icmp/u_icmp_tx/preamble[0][7:0] (type bmsWIDEDFFPATCE)
I: Removed inst u_arp/u_arp_tx/preamble[2][7:0] which is redundant to u_icmp/u_icmp_tx/preamble[0][7:0] (type bmsWIDEDFFPATCE)
I: Removed inst u_arp/u_arp_tx/preamble[3][7:0] which is redundant to u_icmp/u_icmp_tx/preamble[0][7:0] (type bmsWIDEDFFPATCE)
I: Removed inst u_arp/u_arp_tx/preamble[4][7:0] which is redundant to u_icmp/u_icmp_tx/preamble[0][7:0] (type bmsWIDEDFFPATCE)
I: Removed inst u_arp/u_arp_tx/preamble[5][7:0] which is redundant to u_icmp/u_icmp_tx/preamble[0][7:0] (type bmsWIDEDFFPATCE)
I: Removed inst u_arp/u_arp_tx/preamble[6][7:0] which is redundant to u_icmp/u_icmp_tx/preamble[0][7:0] (type bmsWIDEDFFPATCE)
I: Removed inst u_udp/u_udp_tx/preamble[0][7:0] which is redundant to u_icmp/u_icmp_tx/preamble[0][7:0] (type bmsWIDEDFFPATCE)
I: Removed inst u_udp/u_udp_tx/preamble[1][7:0] which is redundant to u_icmp/u_icmp_tx/preamble[0][7:0] (type bmsWIDEDFFPATCE)
I: Removed inst u_udp/u_udp_tx/preamble[2][7:0] which is redundant to u_icmp/u_icmp_tx/preamble[0][7:0] (type bmsWIDEDFFPATCE)
I: Removed inst u_udp/u_udp_tx/preamble[3][7:0] which is redundant to u_icmp/u_icmp_tx/preamble[0][7:0] (type bmsWIDEDFFPATCE)
I: Removed inst u_udp/u_udp_tx/preamble[4][7:0] which is redundant to u_icmp/u_icmp_tx/preamble[0][7:0] (type bmsWIDEDFFPATCE)
I: Removed inst u_udp/u_udp_tx/preamble[5][7:0] which is redundant to u_icmp/u_icmp_tx/preamble[0][7:0] (type bmsWIDEDFFPATCE)
I: Removed inst u_udp/u_udp_tx/preamble[6][7:0] which is redundant to u_icmp/u_icmp_tx/preamble[0][7:0] (type bmsWIDEDFFPATCE)
I: Removed inst u_udp/u_udp_tx/eth_head[11][7:0] which is redundant to u_icmp/u_icmp_tx/preamble[0][7:0] (type bmsWIDEDFFPATCE)
I: Removed inst u_arp/u_arp_tx/preamble[7][7:0] which is redundant to u_icmp/u_icmp_tx/preamble[7][7:0] (type bmsWIDEDFFPATCE)
I: Removed inst u_udp/u_udp_tx/preamble[7][7:0] which is redundant to u_icmp/u_icmp_tx/preamble[7][7:0] (type bmsWIDEDFFPATCE)
I: Removed inst u_arp/u_arp_tx/eth_head[7][7:0] which is redundant to u_icmp/u_icmp_tx/eth_head[7][7:0] (type bmsWIDEDFFPATCE)
I: Removed inst u_udp/u_udp_tx/eth_head[7][7:0] which is redundant to u_icmp/u_icmp_tx/eth_head[7][7:0] (type bmsWIDEDFFPATCE)
I: Removed inst u_arp/u_arp_tx/eth_head[8][7:0] which is redundant to u_icmp/u_icmp_tx/eth_head[8][7:0] (type bmsWIDEDFFPATCE)
I: Removed inst u_udp/u_udp_tx/eth_head[8][7:0] which is redundant to u_icmp/u_icmp_tx/eth_head[8][7:0] (type bmsWIDEDFFPATCE)
I: Removed inst u_arp/u_arp_tx/eth_head[9][7:0] which is redundant to u_icmp/u_icmp_tx/eth_head[9][7:0] (type bmsWIDEDFFPATCE)
I: Removed inst u_udp/u_udp_tx/eth_head[9][7:0] which is redundant to u_icmp/u_icmp_tx/eth_head[9][7:0] (type bmsWIDEDFFPATCE)
I: Removed inst u_arp/u_arp_tx/eth_head[10][7:0] which is redundant to u_icmp/u_icmp_tx/eth_head[10][7:0] (type bmsWIDEDFFPATCE)
I: Removed inst u_udp/u_udp_tx/eth_head[10][7:0] which is redundant to u_icmp/u_icmp_tx/eth_head[10][7:0] (type bmsWIDEDFFPATCE)
I: Removed inst u_arp/u_arp_tx/eth_head[12][7:0] which is redundant to u_icmp/u_icmp_tx/eth_head[12][7:0] (type bmsWIDEDFFPATCE)
I: Removed inst u_udp/u_udp_tx/eth_head[12][7:0] which is redundant to u_icmp/u_icmp_tx/eth_head[12][7:0] (type bmsWIDEDFFPATCE)
I: Removed inst u_icmp/u_icmp_tx/eth_head[13][7:0] which is redundant to u_icmp/u_icmp_tx/eth_head[6][7:0] (type bmsWIDEDFFCPE)
I: Removed inst u_arp/u_arp_tx/eth_head[6][7:0] which is redundant to u_icmp/u_icmp_tx/eth_head[6][7:0] (type bmsWIDEDFFCPE)
I: Removed inst u_udp/u_udp_tx/eth_head[6][7:0] which is redundant to u_icmp/u_icmp_tx/eth_head[6][7:0] (type bmsWIDEDFFCPE)
I: Removed inst u_udp/u_udp_tx/eth_head[13][7:0] which is redundant to u_icmp/u_icmp_tx/eth_head[6][7:0] (type bmsWIDEDFFCPE)
Executing : mod-gen successfully. Time elapsed: 0.812s wall, 1.031s user + 0.016s system = 1.047s CPU (129.0%)

Start logic-optimization.
W: Removed bmsWIDEDFFPATCE inst u_icmp/u_icmp_tx/preamble[0][7:0] at 0 that is stuck at constant 1.
W: Removed bmsWIDEDFFPATCE inst u_icmp/u_icmp_tx/preamble[0][7:0] at 1 that is stuck at constant 0.
W: Removed bmsWIDEDFFPATCE inst u_icmp/u_icmp_tx/preamble[0][7:0] at 2 that is stuck at constant 1.
W: Removed bmsWIDEDFFPATCE inst u_icmp/u_icmp_tx/preamble[0][7:0] at 3 that is stuck at constant 0.
W: Removed bmsWIDEDFFPATCE inst u_icmp/u_icmp_tx/preamble[0][7:0] at 4 that is stuck at constant 1.
W: Removed bmsWIDEDFFPATCE inst u_icmp/u_icmp_tx/preamble[0][7:0] at 5 that is stuck at constant 0.
W: Removed bmsWIDEDFFPATCE inst u_icmp/u_icmp_tx/preamble[0][7:0] at 6 that is stuck at constant 1.
W: Removed bmsWIDEDFFPATCE inst u_icmp/u_icmp_tx/preamble[0][7:0] at 7 that is stuck at constant 0.
W: Removed bmsWIDEDFFPATCE inst u_icmp/u_icmp_tx/preamble[7][7:0] at 0 that is stuck at constant 1.
W: Removed bmsWIDEDFFPATCE inst u_icmp/u_icmp_tx/preamble[7][7:0] at 1 that is stuck at constant 0.
W: Removed bmsWIDEDFFPATCE inst u_icmp/u_icmp_tx/preamble[7][7:0] at 2 that is stuck at constant 1.
W: Removed bmsWIDEDFFPATCE inst u_icmp/u_icmp_tx/preamble[7][7:0] at 3 that is stuck at constant 0.
W: Removed bmsWIDEDFFPATCE inst u_icmp/u_icmp_tx/preamble[7][7:0] at 4 that is stuck at constant 1.
W: Removed bmsWIDEDFFPATCE inst u_icmp/u_icmp_tx/preamble[7][7:0] at 5 that is stuck at constant 0.
W: Removed bmsWIDEDFFPATCE inst u_icmp/u_icmp_tx/preamble[7][7:0] at 6 that is stuck at constant 1.
W: Removed bmsWIDEDFFPATCE inst u_icmp/u_icmp_tx/preamble[7][7:0] at 7 that is stuck at constant 1.
W: Removed bmsWIDEDFFCPE inst u_icmp/u_icmp_tx/eth_head[6][7:0] at 0 that is stuck at constant 0.
W: Removed bmsWIDEDFFCPE inst u_icmp/u_icmp_tx/eth_head[6][7:0] at 1 that is stuck at constant 0.
W: Removed bmsWIDEDFFCPE inst u_icmp/u_icmp_tx/eth_head[6][7:0] at 2 that is stuck at constant 0.
W: Removed bmsWIDEDFFCPE inst u_icmp/u_icmp_tx/eth_head[6][7:0] at 3 that is stuck at constant 0.
W: Removed bmsWIDEDFFCPE inst u_icmp/u_icmp_tx/eth_head[6][7:0] at 4 that is stuck at constant 0.
W: Removed bmsWIDEDFFCPE inst u_icmp/u_icmp_tx/eth_head[6][7:0] at 5 that is stuck at constant 0.
W: Removed bmsWIDEDFFCPE inst u_icmp/u_icmp_tx/eth_head[6][7:0] at 6 that is stuck at constant 0.
W: Removed bmsWIDEDFFCPE inst u_icmp/u_icmp_tx/eth_head[6][7:0] at 7 that is stuck at constant 0.
W: Removed bmsWIDEDFFPATCE inst u_icmp/u_icmp_tx/eth_head[7][7:0] at 0 that is stuck at constant 1.
W: Removed bmsWIDEDFFPATCE inst u_icmp/u_icmp_tx/eth_head[7][7:0] at 1 that is stuck at constant 0.
W: Removed bmsWIDEDFFPATCE inst u_icmp/u_icmp_tx/eth_head[7][7:0] at 2 that is stuck at constant 0.
W: Removed bmsWIDEDFFPATCE inst u_icmp/u_icmp_tx/eth_head[7][7:0] at 3 that is stuck at constant 0.
W: Removed bmsWIDEDFFPATCE inst u_icmp/u_icmp_tx/eth_head[7][7:0] at 4 that is stuck at constant 1.
W: Removed bmsWIDEDFFPATCE inst u_icmp/u_icmp_tx/eth_head[7][7:0] at 5 that is stuck at constant 0.
W: Removed bmsWIDEDFFPATCE inst u_icmp/u_icmp_tx/eth_head[7][7:0] at 6 that is stuck at constant 0.
W: Removed bmsWIDEDFFPATCE inst u_icmp/u_icmp_tx/eth_head[7][7:0] at 7 that is stuck at constant 0.
W: Removed bmsWIDEDFFPATCE inst u_icmp/u_icmp_tx/eth_head[8][7:0] at 0 that is stuck at constant 0.
W: Removed bmsWIDEDFFPATCE inst u_icmp/u_icmp_tx/eth_head[8][7:0] at 1 that is stuck at constant 1.
W: Removed bmsWIDEDFFPATCE inst u_icmp/u_icmp_tx/eth_head[8][7:0] at 2 that is stuck at constant 0.
W: Removed bmsWIDEDFFPATCE inst u_icmp/u_icmp_tx/eth_head[8][7:0] at 3 that is stuck at constant 0.
W: Removed bmsWIDEDFFPATCE inst u_icmp/u_icmp_tx/eth_head[8][7:0] at 4 that is stuck at constant 0.
W: Removed bmsWIDEDFFPATCE inst u_icmp/u_icmp_tx/eth_head[8][7:0] at 5 that is stuck at constant 1.
W: Removed bmsWIDEDFFPATCE inst u_icmp/u_icmp_tx/eth_head[8][7:0] at 6 that is stuck at constant 0.
W: Removed bmsWIDEDFFPATCE inst u_icmp/u_icmp_tx/eth_head[8][7:0] at 7 that is stuck at constant 0.
W: Removed bmsWIDEDFFPATCE inst u_icmp/u_icmp_tx/eth_head[9][7:0] at 0 that is stuck at constant 1.
W: Removed bmsWIDEDFFPATCE inst u_icmp/u_icmp_tx/eth_head[9][7:0] at 1 that is stuck at constant 1.
W: Removed bmsWIDEDFFPATCE inst u_icmp/u_icmp_tx/eth_head[9][7:0] at 2 that is stuck at constant 0.
W: Removed bmsWIDEDFFPATCE inst u_icmp/u_icmp_tx/eth_head[9][7:0] at 3 that is stuck at constant 0.
W: Removed bmsWIDEDFFPATCE inst u_icmp/u_icmp_tx/eth_head[9][7:0] at 4 that is stuck at constant 1.
W: Removed bmsWIDEDFFPATCE inst u_icmp/u_icmp_tx/eth_head[9][7:0] at 5 that is stuck at constant 1.
W: Removed bmsWIDEDFFPATCE inst u_icmp/u_icmp_tx/eth_head[9][7:0] at 6 that is stuck at constant 0.
W: Removed bmsWIDEDFFPATCE inst u_icmp/u_icmp_tx/eth_head[9][7:0] at 7 that is stuck at constant 0.
W: Removed bmsWIDEDFFPATCE inst u_icmp/u_icmp_tx/eth_head[10][7:0] at 0 that is stuck at constant 0.
W: Removed bmsWIDEDFFPATCE inst u_icmp/u_icmp_tx/eth_head[10][7:0] at 1 that is stuck at constant 0.
W: Removed bmsWIDEDFFPATCE inst u_icmp/u_icmp_tx/eth_head[10][7:0] at 2 that is stuck at constant 1.
W: Removed bmsWIDEDFFPATCE inst u_icmp/u_icmp_tx/eth_head[10][7:0] at 3 that is stuck at constant 0.
W: Removed bmsWIDEDFFPATCE inst u_icmp/u_icmp_tx/eth_head[10][7:0] at 4 that is stuck at constant 0.
W: Removed bmsWIDEDFFPATCE inst u_icmp/u_icmp_tx/eth_head[10][7:0] at 5 that is stuck at constant 0.
W: Removed bmsWIDEDFFPATCE inst u_icmp/u_icmp_tx/eth_head[10][7:0] at 6 that is stuck at constant 1.
W: Removed bmsWIDEDFFPATCE inst u_icmp/u_icmp_tx/eth_head[10][7:0] at 7 that is stuck at constant 0.
W: Removed bmsWIDEDFFPATCE inst u_icmp/u_icmp_tx/eth_head[12][7:0] at 0 that is stuck at constant 0.
W: Removed bmsWIDEDFFPATCE inst u_icmp/u_icmp_tx/eth_head[12][7:0] at 1 that is stuck at constant 0.
W: Removed bmsWIDEDFFPATCE inst u_icmp/u_icmp_tx/eth_head[12][7:0] at 2 that is stuck at constant 0.
W: Removed bmsWIDEDFFPATCE inst u_icmp/u_icmp_tx/eth_head[12][7:0] at 3 that is stuck at constant 1.
W: Removed bmsWIDEDFFPATCE inst u_icmp/u_icmp_tx/eth_head[12][7:0] at 4 that is stuck at constant 0.
W: Removed bmsWIDEDFFPATCE inst u_icmp/u_icmp_tx/eth_head[12][7:0] at 5 that is stuck at constant 0.
W: Removed bmsWIDEDFFPATCE inst u_icmp/u_icmp_tx/eth_head[12][7:0] at 6 that is stuck at constant 0.
W: Removed bmsWIDEDFFPATCE inst u_icmp/u_icmp_tx/eth_head[12][7:0] at 7 that is stuck at constant 0.
W: Removed bmsWIDEDFFPATCE inst u_arp/u_arp_tx/eth_head[13][7:0] at 0 that is stuck at constant 0.
W: Removed bmsWIDEDFFPATCE inst u_arp/u_arp_tx/eth_head[13][7:0] at 1 that is stuck at constant 1.
W: Removed bmsWIDEDFFPATCE inst u_arp/u_arp_tx/eth_head[13][7:0] at 2 that is stuck at constant 1.
W: Removed bmsWIDEDFFPATCE inst u_arp/u_arp_tx/eth_head[13][7:0] at 3 that is stuck at constant 0.
W: Removed bmsWIDEDFFPATCE inst u_arp/u_arp_tx/eth_head[13][7:0] at 4 that is stuck at constant 0.
W: Removed bmsWIDEDFFPATCE inst u_arp/u_arp_tx/eth_head[13][7:0] at 5 that is stuck at constant 0.
W: Removed bmsWIDEDFFPATCE inst u_arp/u_arp_tx/eth_head[13][7:0] at 6 that is stuck at constant 0.
W: Removed bmsWIDEDFFPATCE inst u_arp/u_arp_tx/eth_head[13][7:0] at 7 that is stuck at constant 0.
Executing : logic-optimization successfully. Time elapsed: 2.348s wall, 2.016s user + 0.312s system = 2.328s CPU (99.1%)

Start tech-mapping phase 1.
W: Public-4008: Instance 'u_icmp/u_icmp_rx/des_ip[24]' of 'bmsWIDEDFFCPE' unit is dangling and will be cleaned.
W: Public-4008: Instance 'u_icmp/u_icmp_rx/des_ip[25]' of 'bmsWIDEDFFCPE' unit is dangling and will be cleaned.
W: Public-4008: Instance 'u_icmp/u_icmp_rx/des_ip[26]' of 'bmsWIDEDFFCPE' unit is dangling and will be cleaned.
W: Public-4008: Instance 'u_icmp/u_icmp_rx/des_ip[27]' of 'bmsWIDEDFFCPE' unit is dangling and will be cleaned.
W: Public-4008: Instance 'u_icmp/u_icmp_rx/des_ip[28]' of 'bmsWIDEDFFCPE' unit is dangling and will be cleaned.
W: Public-4008: Instance 'u_icmp/u_icmp_rx/des_ip[29]' of 'bmsWIDEDFFCPE' unit is dangling and will be cleaned.
W: Public-4008: Instance 'u_icmp/u_icmp_rx/des_ip[30]' of 'bmsWIDEDFFCPE' unit is dangling and will be cleaned.
W: Public-4008: Instance 'u_icmp/u_icmp_rx/des_ip[31]' of 'bmsWIDEDFFCPE' unit is dangling and will be cleaned.
W: Public-4008: Instance 'u_icmp/u_icmp_rx/ip_head_byte_num[0]' of 'bmsWIDEDFFCPE' unit is dangling and will be cleaned.
W: Public-4008: Instance 'u_icmp/u_icmp_rx/ip_head_byte_num[1]' of 'bmsWIDEDFFCPE' unit is dangling and will be cleaned.
W: Public-4008: Instance 'u_icmp/u_icmp_tx/check_buffer[20]' of 'bmsWIDEDFFCPE' unit is dangling and will be cleaned.
W: Public-4008: Instance 'u_icmp/u_icmp_tx/check_buffer[21]' of 'bmsWIDEDFFCPE' unit is dangling and will be cleaned.
W: Public-4008: Instance 'u_icmp/u_icmp_tx/check_buffer[22]' of 'bmsWIDEDFFCPE' unit is dangling and will be cleaned.
W: Public-4008: Instance 'u_icmp/u_icmp_tx/check_buffer[23]' of 'bmsWIDEDFFCPE' unit is dangling and will be cleaned.
W: Public-4008: Instance 'u_icmp/u_icmp_tx/check_buffer[24]' of 'bmsWIDEDFFCPE' unit is dangling and will be cleaned.
W: Public-4008: Instance 'u_icmp/u_icmp_tx/check_buffer[25]' of 'bmsWIDEDFFCPE' unit is dangling and will be cleaned.
W: Public-4008: Instance 'u_icmp/u_icmp_tx/check_buffer[26]' of 'bmsWIDEDFFCPE' unit is dangling and will be cleaned.
W: Public-4008: Instance 'u_icmp/u_icmp_tx/check_buffer[27]' of 'bmsWIDEDFFCPE' unit is dangling and will be cleaned.
W: Public-4008: Instance 'u_icmp/u_icmp_tx/check_buffer[28]' of 'bmsWIDEDFFCPE' unit is dangling and will be cleaned.
W: Public-4008: Instance 'u_icmp/u_icmp_tx/check_buffer[29]' of 'bmsWIDEDFFCPE' unit is dangling and will be cleaned.
W: Public-4008: Instance 'u_icmp/u_icmp_tx/check_buffer[30]' of 'bmsWIDEDFFCPE' unit is dangling and will be cleaned.
W: Public-4008: Instance 'u_icmp/u_icmp_tx/check_buffer[31]' of 'bmsWIDEDFFCPE' unit is dangling and will be cleaned.
W: Public-4008: Instance 'u_udp/u_udp_rx/des_ip[24]' of 'bmsWIDEDFFCPE' unit is dangling and will be cleaned.
W: Public-4008: Instance 'u_udp/u_udp_rx/des_ip[25]' of 'bmsWIDEDFFCPE' unit is dangling and will be cleaned.
W: Public-4008: Instance 'u_udp/u_udp_rx/des_ip[26]' of 'bmsWIDEDFFCPE' unit is dangling and will be cleaned.
W: Public-4008: Instance 'u_udp/u_udp_rx/des_ip[27]' of 'bmsWIDEDFFCPE' unit is dangling and will be cleaned.
W: Public-4008: Instance 'u_udp/u_udp_rx/des_ip[28]' of 'bmsWIDEDFFCPE' unit is dangling and will be cleaned.
W: Public-4008: Instance 'u_udp/u_udp_rx/des_ip[29]' of 'bmsWIDEDFFCPE' unit is dangling and will be cleaned.
W: Public-4008: Instance 'u_udp/u_udp_rx/des_ip[30]' of 'bmsWIDEDFFCPE' unit is dangling and will be cleaned.
W: Public-4008: Instance 'u_udp/u_udp_rx/des_ip[31]' of 'bmsWIDEDFFCPE' unit is dangling and will be cleaned.
W: Public-4008: Instance 'u_udp/u_udp_tx/check_buffer[20]' of 'bmsWIDEDFFCPE' unit is dangling and will be cleaned.
W: Public-4008: Instance 'u_udp/u_udp_tx/check_buffer[21]' of 'bmsWIDEDFFCPE' unit is dangling and will be cleaned.
W: Public-4008: Instance 'u_udp/u_udp_tx/check_buffer[22]' of 'bmsWIDEDFFCPE' unit is dangling and will be cleaned.
W: Public-4008: Instance 'u_udp/u_udp_tx/check_buffer[23]' of 'bmsWIDEDFFCPE' unit is dangling and will be cleaned.
W: Public-4008: Instance 'u_udp/u_udp_tx/check_buffer[24]' of 'bmsWIDEDFFCPE' unit is dangling and will be cleaned.
W: Public-4008: Instance 'u_udp/u_udp_tx/check_buffer[25]' of 'bmsWIDEDFFCPE' unit is dangling and will be cleaned.
W: Public-4008: Instance 'u_udp/u_udp_tx/check_buffer[26]' of 'bmsWIDEDFFCPE' unit is dangling and will be cleaned.
W: Public-4008: Instance 'u_udp/u_udp_tx/check_buffer[27]' of 'bmsWIDEDFFCPE' unit is dangling and will be cleaned.
W: Public-4008: Instance 'u_udp/u_udp_tx/check_buffer[28]' of 'bmsWIDEDFFCPE' unit is dangling and will be cleaned.
W: Public-4008: Instance 'u_udp/u_udp_tx/check_buffer[29]' of 'bmsWIDEDFFCPE' unit is dangling and will be cleaned.
W: Public-4008: Instance 'u_udp/u_udp_tx/check_buffer[30]' of 'bmsWIDEDFFCPE' unit is dangling and will be cleaned.
W: Public-4008: Instance 'u_udp/u_udp_tx/check_buffer[31]' of 'bmsWIDEDFFCPE' unit is dangling and will be cleaned.
I: Removed GTP_DFF_PE inst u_arp/u_arp_tx/eth_head[5][0] that is redundant to u_arp/u_arp_tx/arp_data[23][0]
I: Removed GTP_DFF_PE inst u_arp/u_arp_tx/eth_head[5][1] that is redundant to u_arp/u_arp_tx/arp_data[23][1]
I: Removed GTP_DFF_PE inst u_arp/u_arp_tx/eth_head[5][2] that is redundant to u_arp/u_arp_tx/arp_data[23][2]
I: Removed GTP_DFF_PE inst u_arp/u_arp_tx/eth_head[5][3] that is redundant to u_arp/u_arp_tx/arp_data[23][3]
I: Removed GTP_DFF_PE inst u_arp/u_arp_tx/eth_head[5][4] that is redundant to u_arp/u_arp_tx/arp_data[23][4]
I: Removed GTP_DFF_PE inst u_arp/u_arp_tx/eth_head[5][5] that is redundant to u_arp/u_arp_tx/arp_data[23][5]
I: Removed GTP_DFF_PE inst u_arp/u_arp_tx/eth_head[5][6] that is redundant to u_arp/u_arp_tx/arp_data[23][6]
I: Removed GTP_DFF_PE inst u_arp/u_arp_tx/eth_head[5][7] that is redundant to u_arp/u_arp_tx/arp_data[23][7]
I: Removed GTP_DFF_PE inst u_arp/u_arp_tx/eth_head[4][0] that is redundant to u_arp/u_arp_tx/arp_data[22][0]
I: Removed GTP_DFF_PE inst u_arp/u_arp_tx/eth_head[4][1] that is redundant to u_arp/u_arp_tx/arp_data[22][1]
I: Removed GTP_DFF_PE inst u_arp/u_arp_tx/eth_head[4][2] that is redundant to u_arp/u_arp_tx/arp_data[22][2]
I: Removed GTP_DFF_PE inst u_arp/u_arp_tx/eth_head[4][3] that is redundant to u_arp/u_arp_tx/arp_data[22][3]
I: Removed GTP_DFF_PE inst u_arp/u_arp_tx/eth_head[4][4] that is redundant to u_arp/u_arp_tx/arp_data[22][4]
I: Removed GTP_DFF_PE inst u_arp/u_arp_tx/eth_head[4][5] that is redundant to u_arp/u_arp_tx/arp_data[22][5]
I: Removed GTP_DFF_PE inst u_arp/u_arp_tx/eth_head[4][6] that is redundant to u_arp/u_arp_tx/arp_data[22][6]
I: Removed GTP_DFF_PE inst u_arp/u_arp_tx/eth_head[4][7] that is redundant to u_arp/u_arp_tx/arp_data[22][7]
I: Removed GTP_DFF_PE inst u_arp/u_arp_tx/eth_head[3][0] that is redundant to u_arp/u_arp_tx/arp_data[21][0]
I: Removed GTP_DFF_PE inst u_arp/u_arp_tx/eth_head[3][1] that is redundant to u_arp/u_arp_tx/arp_data[21][1]
I: Removed GTP_DFF_PE inst u_arp/u_arp_tx/eth_head[3][2] that is redundant to u_arp/u_arp_tx/arp_data[21][2]
I: Removed GTP_DFF_PE inst u_arp/u_arp_tx/eth_head[3][3] that is redundant to u_arp/u_arp_tx/arp_data[21][3]
I: Removed GTP_DFF_PE inst u_arp/u_arp_tx/eth_head[3][4] that is redundant to u_arp/u_arp_tx/arp_data[21][4]
I: Removed GTP_DFF_PE inst u_arp/u_arp_tx/eth_head[3][5] that is redundant to u_arp/u_arp_tx/arp_data[21][5]
I: Removed GTP_DFF_PE inst u_arp/u_arp_tx/eth_head[3][6] that is redundant to u_arp/u_arp_tx/arp_data[21][6]
I: Removed GTP_DFF_PE inst u_arp/u_arp_tx/eth_head[3][7] that is redundant to u_arp/u_arp_tx/arp_data[21][7]
I: Removed GTP_DFF_PE inst u_arp/u_arp_tx/eth_head[2][0] that is redundant to u_arp/u_arp_tx/arp_data[20][0]
I: Removed GTP_DFF_PE inst u_arp/u_arp_tx/eth_head[2][1] that is redundant to u_arp/u_arp_tx/arp_data[20][1]
I: Removed GTP_DFF_PE inst u_arp/u_arp_tx/eth_head[2][2] that is redundant to u_arp/u_arp_tx/arp_data[20][2]
I: Removed GTP_DFF_PE inst u_arp/u_arp_tx/eth_head[2][3] that is redundant to u_arp/u_arp_tx/arp_data[20][3]
I: Removed GTP_DFF_PE inst u_arp/u_arp_tx/eth_head[2][4] that is redundant to u_arp/u_arp_tx/arp_data[20][4]
I: Removed GTP_DFF_PE inst u_arp/u_arp_tx/eth_head[2][5] that is redundant to u_arp/u_arp_tx/arp_data[20][5]
I: Removed GTP_DFF_PE inst u_arp/u_arp_tx/eth_head[2][6] that is redundant to u_arp/u_arp_tx/arp_data[20][6]
I: Removed GTP_DFF_PE inst u_arp/u_arp_tx/eth_head[2][7] that is redundant to u_arp/u_arp_tx/arp_data[20][7]
I: Removed GTP_DFF_PE inst u_arp/u_arp_tx/eth_head[1][0] that is redundant to u_arp/u_arp_tx/arp_data[19][0]
I: Removed GTP_DFF_PE inst u_arp/u_arp_tx/eth_head[1][1] that is redundant to u_arp/u_arp_tx/arp_data[19][1]
I: Removed GTP_DFF_PE inst u_arp/u_arp_tx/eth_head[1][2] that is redundant to u_arp/u_arp_tx/arp_data[19][2]
I: Removed GTP_DFF_PE inst u_arp/u_arp_tx/eth_head[1][3] that is redundant to u_arp/u_arp_tx/arp_data[19][3]
I: Removed GTP_DFF_PE inst u_arp/u_arp_tx/eth_head[1][4] that is redundant to u_arp/u_arp_tx/arp_data[19][4]
I: Removed GTP_DFF_PE inst u_arp/u_arp_tx/eth_head[1][5] that is redundant to u_arp/u_arp_tx/arp_data[19][5]
I: Removed GTP_DFF_PE inst u_arp/u_arp_tx/eth_head[1][6] that is redundant to u_arp/u_arp_tx/arp_data[19][6]
I: Removed GTP_DFF_PE inst u_arp/u_arp_tx/eth_head[1][7] that is redundant to u_arp/u_arp_tx/arp_data[19][7]
I: Removed GTP_DFF_PE inst u_arp/u_arp_tx/eth_head[0][0] that is redundant to u_arp/u_arp_tx/arp_data[18][0]
I: Removed GTP_DFF_PE inst u_arp/u_arp_tx/eth_head[0][1] that is redundant to u_arp/u_arp_tx/arp_data[18][1]
I: Removed GTP_DFF_PE inst u_arp/u_arp_tx/eth_head[0][2] that is redundant to u_arp/u_arp_tx/arp_data[18][2]
I: Removed GTP_DFF_PE inst u_arp/u_arp_tx/eth_head[0][3] that is redundant to u_arp/u_arp_tx/arp_data[18][3]
I: Removed GTP_DFF_PE inst u_arp/u_arp_tx/eth_head[0][4] that is redundant to u_arp/u_arp_tx/arp_data[18][4]
I: Removed GTP_DFF_PE inst u_arp/u_arp_tx/eth_head[0][5] that is redundant to u_arp/u_arp_tx/arp_data[18][5]
I: Removed GTP_DFF_PE inst u_arp/u_arp_tx/eth_head[0][6] that is redundant to u_arp/u_arp_tx/arp_data[18][6]
I: Removed GTP_DFF_PE inst u_arp/u_arp_tx/eth_head[0][7] that is redundant to u_arp/u_arp_tx/arp_data[18][7]
I: Removed GTP_DFF_CE inst u_udp/u_udp_tx/tx_data_num[0] that is redundant to u_udp/u_udp_tx/total_num[0]
I: Removed GTP_DFF_CE inst u_udp/u_udp_tx/udp_num[0] that is redundant to u_udp/u_udp_tx/total_num[0]
I: Removed GTP_DFF_CE inst u_udp/u_udp_tx/tx_data_num[1] that is redundant to u_udp/u_udp_tx/total_num[1]
I: Removed GTP_DFF_CE inst u_udp/u_udp_tx/udp_num[1] that is redundant to u_udp/u_udp_tx/total_num[1]
I: Removed GTP_DFF_CE inst u_udp/u_udp_tx/udp_num[2] that is redundant to u_udp/u_udp_tx/tx_data_num[2]
I: Removed GTP_DFF_CE inst u_icmp/u_icmp_tx/tx_data_num[0] that is redundant to u_icmp/u_icmp_tx/total_num[0]
I: Removed GTP_DFF_CE inst u_icmp/u_icmp_tx/tx_data_num[1] that is redundant to u_icmp/u_icmp_tx/total_num[1]
I: Removed GTP_DFF_E inst u_udp/u_udp_tx/ip_head[6][16] that is redundant to u_udp/u_udp_tx/ip_head[0][0]
I: Removed GTP_DFF_E inst u_udp/u_udp_tx/ip_head[6][17] that is redundant to u_udp/u_udp_tx/ip_head[0][1]
Executing : tech-mapping phase 1 successfully. Time elapsed: 0.224s wall, 0.203s user + 0.000s system = 0.203s CPU (90.8%)

Start tech-mapping phase 2.
Executing : tech-mapping phase 2 successfully. Time elapsed: 3.353s wall, 4.156s user + 0.219s system = 4.375s CPU (130.5%)

Start tech-optimization.
Executing : tech-optimization successfully. Time elapsed: 0.608s wall, 0.781s user + 0.062s system = 0.844s CPU (138.9%)

Start phys-optimization.
Executing : phys-optimization successfully. Time elapsed: 0.000s wall, 0.000s user + 0.000s system = 0.000s CPU (n/a%)

Start restore-hierarchy.
Executing : restore-hierarchy successfully. Time elapsed: 0.200s wall, 0.188s user + 0.000s system = 0.188s CPU (93.6%)

W: Unable to honor max fanout constraint for gtp_inv driven net N30
W: Unable to honor max fanout constraint for gtp_inv driven net N30

Cell Usage:
GTP_CLKBUFG                   1 use
GTP_DFF_C                   161 uses
GTP_DFF_CE                 1025 uses
GTP_DFF_E                   190 uses
GTP_DFF_P                     7 uses
GTP_DFF_PE                  252 uses
GTP_DRM18K_E1                 1 use
GTP_GRS                       1 use
GTP_IDDR_E1                   5 uses
GTP_INV                       3 uses
GTP_IOCLKBUF                  1 use
GTP_LUT1                     23 uses
GTP_LUT2                     25 uses
GTP_LUT3                     51 uses
GTP_LUT4                     75 uses
GTP_LUT5                    128 uses
GTP_LUT6                    446 uses
GTP_LUT6CARRY               750 uses
GTP_LUT6D                   256 uses
GTP_MUX2LUT7                 55 uses
GTP_MUX2LUT8                 16 uses
GTP_ODDR_E1                   5 uses

I/O ports: 14
GTP_INBUF                   7 uses
GTP_OUTBUF                  7 uses

Mapping Summary:
Total LUTs: 1754 of 35800 (4.90%)
	LUTs as dram: 0 of 9500 (0.00%)
	LUTs as logic: 1754
Total Registers: 1635 of 71600 (2.28%)
Total Latches: 0

DRM36K/FIFO:
Total DRM = 0.5 of 85 (0.59%)

APMs:
Total APMs = 0.00 of 120 (0.00%)

Total I/O ports = 14 of 250 (5.60%)


Overview of Control Sets:

Number of unique control sets : 73

Histogram:
**************************************************************
  Fanout      | Count    | Sync Set/Reset    Async Set/Reset
--------------------------------------------------------------
  [0, 2)      | 0        | 0                 0
  [2, 4)      | 4        | 0                 4
  [4, 6)      | 9        | 0                 9
  [6, 8)      | 1        | 0                 1
  [8, 10)     | 19       | 0                 19
  [10, 12)    | 0        | 0                 0
  [12, 14)    | 2        | 0                 2
  [14, 16)    | 0        | 0                 0
  [16, Inf)   | 38       | 5                 33
--------------------------------------------------------------
  The maximum fanout: 168
==============================================================

Flip-Flop Distribution:
************************************************************************
  Clock Enable    Sync Set/Reset    Async Set/Reset    Total Registers
------------------------------------------------------------------------
  NO              NO                NO                 0
  NO              NO                YES                168
  NO              YES               NO                 0
  YES             NO                NO                 190
  YES             NO                YES                1277
  YES             YES               NO                 0
========================================================================

Latch Distribution:
************************************************
  Gate Enable    Preset/Clear    Total Latches
************************************************
  NO             NO              0
  NO             YES             0
  YES            NO              0
  YES            YES             0
************************************************

Design 'eth_udp_loop' has been successfully synthesized to architecture-specific objects.
Saving design to DB.
Saving design to eth_udp_loop_syn.vm
Constructing timing graph ...
Timing graph has been constructed successfully
C: STA-3009: The clock sys_clk is not connected to any clock endpoints,it will be treated as a normal port or pin.
W: Timing-4087: Port 'eth_rst_n' is not constrained, it is treated as combinational output.
W: Timing-4087: Port 'eth_tx_ctl' is not constrained, it is treated as combinational output.
W: Timing-4087: Port 'eth_txc' is not constrained, it is treated as combinational output.
W: Timing-4087: Port 'eth_txd[0]' is not constrained, it is treated as combinational output.
W: Timing-4087: Port 'eth_txd[1]' is not constrained, it is treated as combinational output.
W: Timing-4087: Port 'eth_txd[2]' is not constrained, it is treated as combinational output.
W: Timing-4087: Port 'eth_txd[3]' is not constrained, it is treated as combinational output.
W: Timing-4086: Port 'eth_rx_ctl' is not constrained, it is treated as combinational input.
W: Timing-4086: Port 'eth_rxd[0]' is not constrained, it is treated as combinational input.
W: Timing-4086: Port 'eth_rxd[1]' is not constrained, it is treated as combinational input.
W: Timing-4086: Port 'eth_rxd[2]' is not constrained, it is treated as combinational input.
W: Timing-4086: Port 'eth_rxd[3]' is not constrained, it is treated as combinational input.
W: Timing-4086: Port 'sys_rst_n' is not constrained, it is treated as combinational input.
Action synthesize: Real time elapsed is 0h:0m:20s
Action synthesize: CPU time elapsed is 0h:0m:17s
Action synthesize: Process CPU time elapsed is 0h:0m:19s
Current time: Mon Feb 26 16:10:00 2024
Action synthesize: Peak memory pool usage is 381 MB
Action from compile to synthesize: Total Real Time elapsed is 0h:0m:33s
Action from compile to synthesize: Total CPU time elapsed is 0h:0m:22s
Action from compile to synthesize: Total Process CPU Time elapsed is 0h:0m:24s
Compiling architecture definition.
Analyzing project file 'E:/H100licheng/50h/52_eth_udp_loop/prj/eth_udp_loop.pds'.
Compiling verification operator library.
Compiling common defs.
Loading technology operator library.
Compiling technology operator library.
Compiling technology operator (valence) library.
Compiling operator packing rules.
Compiling prim grid devices.
Compiling gate devices.
Compiling gate operators.
Compiling tech operator impls.
Building architecture model.
Loading device packaging model.
NOTE: The technology fpga was specified.
NOTE: delay_model specified was generic_cmos.
NOTE: Using the fpga syntax tables...
Totals:
 Calls to malloc = 0
 Calls to calloc = 148672

Flattening design 'eth_udp_loop'
Device mapping started.
Optimizing circuit logic.
Checking design netlist.
Processing tech operator.
Converting tech operator to gate operator.
Processing gate operator.
I: Infer CARRY group, base inst: async_fifo_2048x8b_inst/U_ipm2l_fifo_async_fifo_2048x8b/U_ipm2l_fifo_ctrl/N2_1/gateop, insts:12.
I: Infer CARRY group, base inst: async_fifo_2048x8b_inst/U_ipm2l_fifo_async_fifo_2048x8b/U_ipm2l_fifo_ctrl/N84_1/gateop, insts:12.
I: Infer CARRY group, base inst: u_icmp/u_icmp_rx/N168_1.fsub_1/gateop, insts:13.
I: Infer CARRY group, base inst: u_icmp/u_icmp_rx/N356_1_1/gateop, insts:15.
I: Infer CARRY group, base inst: u_icmp/u_icmp_rx/N360_1.fsub_1/gateop, insts:16.
I: Infer CARRY group, base inst: u_icmp/u_icmp_rx/N361.eq_0/gateop, insts:8.
I: Infer CARRY group, base inst: u_icmp/u_icmp_rx/N372_1/gateop, insts:32.
I: Infer CARRY group, base inst: u_icmp/u_icmp_rx/N375_1/gateop, insts:32.
I: Infer CARRY group, base inst: u_icmp/u_icmp_rx/N377.lt_0/gateop, insts:8.
I: Infer CARRY group, base inst: u_icmp/u_icmp_rx/N397.eq_0/gateop, insts:8.
I: Infer CARRY group, base inst: u_icmp/u_icmp_tx/N19_1_1/gateop, insts:13.
I: Infer CARRY group, base inst: u_icmp/u_icmp_tx/N130_1_1/gateop, insts:15.
I: Infer CARRY group, base inst: async_fifo_2048x8b_inst/U_ipm2l_fifo_async_fifo_2048x8b/U_ipm2l_fifo_ctrl/N167.eq_0/gateop, insts:6.
I: Infer CARRY group, base inst: async_fifo_2048x8b_inst/U_ipm2l_fifo_async_fifo_2048x8b/U_ipm2l_fifo_ctrl/N170.eq_0/gateop, insts:6.
I: Infer CARRY group, base inst: u_icmp/u_icmp_tx/N328_1.fsub_1/gateop, insts:15.
I: Infer CARRY group, base inst: u_icmp/u_icmp_tx/N329.lt_0/gateop, insts:8.
I: Infer CARRY group, base inst: u_icmp/u_icmp_tx/N337_1_1/gateop, insts:15.
I: Infer CARRY group, base inst: u_icmp/u_icmp_tx/N340.eq_0/gateop, insts:8.
I: Infer CARRY group, base inst: u_icmp/u_icmp_tx/N346_1/gateop, insts:16.
I: Infer CARRY group, base inst: u_icmp/u_icmp_tx/N349.lt_0/gateop, insts:8.
I: Infer CARRY group, base inst: u_icmp/u_icmp_tx/N370_1.fsub_1/gateop, insts:14.
I: Infer CARRY group, base inst: u_icmp/u_icmp_tx/N371.eq_0/gateop, insts:8.
I: Infer CARRY group, base inst: u_icmp/u_icmp_tx/N943_5_0/gateop, insts:21.
I: Infer CARRY group, base inst: u_icmp/u_icmp_tx/N964_5_0/gateop, insts:33.
I: Infer CARRY group, base inst: u_icmp/u_icmp_tx/N3739_1/gateop, insts:32.
I: Infer CARRY group, base inst: u_icmp/u_icmp_tx/N3751_1_1/gateop, insts:16.
I: Infer CARRY group, base inst: u_icmp/u_icmp_tx/N3757_0/gateop, insts:18.
I: Infer CARRY group, base inst: u_icmp/u_icmp_tx/N3760_1/gateop, insts:18.
I: Infer CARRY group, base inst: u_icmp/u_icmp_tx/N3763_1_1/gateop, insts:16.
I: Infer CARRY group, base inst: u_icmp/u_icmp_tx/N3766_1/gateop, insts:19.
I: Infer CARRY group, base inst: u_udp/u_udp_rx/N216_1.fsub_1/gateop, insts:12.
I: Infer CARRY group, base inst: u_udp/u_udp_rx/N235_1_1/gateop, insts:15.
I: Infer CARRY group, base inst: u_udp/u_udp_rx/N237_1.fsub_1/gateop, insts:15.
I: Infer CARRY group, base inst: u_udp/u_udp_rx/N238.eq_0/gateop, insts:8.
I: Infer CARRY group, base inst: u_udp/u_udp_tx/N20_1_1/gateop, insts:13.
I: Infer CARRY group, base inst: u_udp/u_udp_tx/N22_1_1/gateop, insts:12.
I: Infer CARRY group, base inst: u_udp/u_udp_tx/N129_1_1/gateop, insts:15.
I: Infer CARRY group, base inst: u_udp/u_udp_tx/N287_1.fsub_1/gateop, insts:15.
I: Infer CARRY group, base inst: u_udp/u_udp_tx/N288.lt_0/gateop, insts:8.
I: Infer CARRY group, base inst: u_udp/u_udp_tx/N296_1_1/gateop, insts:15.
I: Infer CARRY group, base inst: u_udp/u_udp_tx/N299.eq_0/gateop, insts:8.
I: Infer CARRY group, base inst: u_udp/u_udp_tx/N305_1/gateop, insts:16.
I: Infer CARRY group, base inst: u_udp/u_udp_tx/N308.lt_0/gateop, insts:8.
I: Infer CARRY group, base inst: u_udp/u_udp_tx/N329_1.fsub_1/gateop, insts:14.
I: Infer CARRY group, base inst: u_udp/u_udp_tx/N330.eq_0/gateop, insts:8.
I: Infer CARRY group, base inst: u_udp/u_udp_tx/N891_5_0/gateop, insts:21.
I: Infer CARRY group, base inst: u_udp/u_udp_tx/N3380_1_1/gateop, insts:16.
I: Infer CARRY group, base inst: u_udp/u_udp_tx/N3386_1/gateop, insts:17.
I: Infer CARRY group, base inst: u_udp/u_udp_tx/N3389_1/gateop, insts:18.
I: Infer CARRY group, base inst: u_udp/u_udp_tx/N3392_1_1/gateop, insts:16.
I: Infer CARRY group, base inst: u_udp/u_udp_tx/N3395_1/gateop, insts:19.
I: OSERDES "u_gmii_to_rgmii/u_rgmii_tx/txdata_bus[2].u_ODDR_inst_txdata/oserdes_inst" has been packed in "ODDR" of IOL "eth_txd_obuf[2]/opit_1" success.
I: OSERDES "u_gmii_to_rgmii/u_rgmii_tx/txdata_bus[3].u_ODDR_inst_txdata/oserdes_inst" has been packed in "ODDR" of IOL "eth_txd_obuf[3]/opit_1" success.
I: OSERDES "u_gmii_to_rgmii/u_rgmii_tx/txdata_bus[1].u_ODDR_inst_txdata/oserdes_inst" has been packed in "ODDR" of IOL "eth_txd_obuf[1]/opit_1" success.
I: ISERDES "u_gmii_to_rgmii/u_rgmii_rx/u_iddr_rx_ctl/iserdes_inst" has been packed in "IDDR" of IOL "eth_rx_ctl_ibuf/opit_1" success.
I: ISERDES "u_gmii_to_rgmii/u_rgmii_rx/rxdata_bus[0].u_iddr_rxd/iserdes_inst" has been packed in "IDDR" of IOL "eth_rxd_ibuf[0]/opit_1" success.
I: ISERDES "u_gmii_to_rgmii/u_rgmii_rx/rxdata_bus[1].u_iddr_rxd/iserdes_inst" has been packed in "IDDR" of IOL "eth_rxd_ibuf[1]/opit_1" success.
I: ISERDES "u_gmii_to_rgmii/u_rgmii_rx/rxdata_bus[2].u_iddr_rxd/iserdes_inst" has been packed in "IDDR" of IOL "eth_rxd_ibuf[2]/opit_1" success.
I: ISERDES "u_gmii_to_rgmii/u_rgmii_rx/rxdata_bus[3].u_iddr_rxd/iserdes_inst" has been packed in "IDDR" of IOL "eth_rxd_ibuf[3]/opit_1" success.
I: OSERDES "u_gmii_to_rgmii/u_rgmii_tx/u_ODDR_inst_tx_ctl/oserdes_inst" has been packed in "ODDR" of IOL "eth_tx_ctl_obuf/opit_1" success.
I: OSERDES "u_gmii_to_rgmii/u_rgmii_tx/txdata_bus[0].u_ODDR_inst_txdata/oserdes_inst" has been packed in "ODDR" of IOL "eth_txd_obuf[0]/opit_1" success.
Device Utilization Summary:
+------------------------------------------------------------------------+
| Logic Utilization     | Used     | Available     | Utilization(%)     
+------------------------------------------------------------------------+
| APM                   | 0        | 120           | 0                  
| FF                    | 1635     | 71600         | 3                  
| LUT                   | 1754     | 35800         | 5                  
| Distributed RAM       | 0        | 9500          | 0                  
| DRM                   | 0.5      | 85            | 1                  
| IO                    | 14       | 250           | 6                  
| RCKB                  | 0        | 20            | 0                  
| SCANCHAIN             | 0        | 1             | 0                  
| USCM                  | 1        | 32            | 4                  
| CCS                   | 1        | 1             | 100                
| ADC                   | 0        | 1             | 0                  
| DDR_PHY               | 0        | 20            | 0                  
| HSSTLP                | 0        | 1             | 0                  
| GPLL                  | 0        | 5             | 0                  
| PPLL                  | 0        | 5             | 0                  
| DDRPHY_CPD            | 0        | 10            | 0                  
| HCKB                  | 0        | 72            | 0                  
| IOCKB                 | 1        | 20            | 5                  
| MRCKB                 | 0        | 10            | 0                  
| PCIE                  | 0        | 1             | 0                  
| DDRPHY_IOCLK_DIV      | 0        | 5             | 0                  
| ANALOG                | 0        | 1             | 0                  
| TSERDES               | 0        | 40            | 0                  
| KEYRAM                | 0        | 1             | 0                  
+------------------------------------------------------------------------+

Device mapping done.
Total device mapping takes 0.36 sec.

Design 'eth_udp_loop' has been successfully mapped to architecture-specific objects.
Saving design to DB.
W: Public-4010: Pcf file E:/H100licheng/50h/52_eth_udp_loop/prj/device_map/eth_udp_loop.pcf has been covered.
Action dev_map: Real time elapsed is 0h:0m:14s
Action dev_map: CPU time elapsed is 0h:0m:12s
Action dev_map: Process CPU time elapsed is 0h:0m:12s
Current time: Mon Feb 26 16:10:14 2024
Action dev_map: Peak memory pool usage is 338 MB
Action from compile to dev_map: Total Real Time elapsed is 0h:0m:47s
Action from compile to dev_map: Total CPU time elapsed is 0h:0m:34s
Action from compile to dev_map: Total Process CPU Time elapsed is 0h:0m:36s
Compiling architecture definition.
Analyzing project file 'E:/H100licheng/50h/52_eth_udp_loop/prj/eth_udp_loop.pds'.
Compiling verification operator library.
Compiling common defs.
Compiling prim grid devices.
Compiling gate devices.
Compiling gate operators.
Building architecture model.
Loading device packaging model.
pnr strategy configuration : 
strategy name : 0
Building architecture floorplan logic view.
Constraint check start.
Executing : def_port {eth_rst_n} LOC=N20 VCCIO=3.3 IOSTANDARD=LVCMOS33 DRIVE=8 SLEW=SLOW NONE=TRUE
C: ConstraintEditor-2002: [E:/H100licheng/50h/52_eth_udp_loop/prj/device_map/eth_udp_loop.pcf(line number: 3)] | Port eth_rst_n has been placed at location N20, whose type is share pin.
Executing : def_port {eth_rst_n} LOC=N20 VCCIO=3.3 IOSTANDARD=LVCMOS33 DRIVE=8 SLEW=SLOW NONE=TRUE successfully
Executing : def_port {eth_tx_ctl} LOC=W20 VCCIO=3.3 IOSTANDARD=LVCMOS33 DRIVE=8 SLEW=SLOW NONE=TRUE
Executing : def_port {eth_tx_ctl} LOC=W20 VCCIO=3.3 IOSTANDARD=LVCMOS33 DRIVE=8 SLEW=SLOW NONE=TRUE successfully
Executing : def_port {eth_txc} LOC=W19 VCCIO=3.3 IOSTANDARD=LVCMOS33 DRIVE=8 SLEW=SLOW NONE=TRUE
Executing : def_port {eth_txc} LOC=W19 VCCIO=3.3 IOSTANDARD=LVCMOS33 DRIVE=8 SLEW=SLOW NONE=TRUE successfully
Executing : def_port {eth_txd[0]} LOC=W22 VCCIO=3.3 IOSTANDARD=LVCMOS33 DRIVE=8 SLEW=SLOW NONE=TRUE
C: ConstraintEditor-2002: [E:/H100licheng/50h/52_eth_udp_loop/prj/device_map/eth_udp_loop.pcf(line number: 6)] | Port eth_txd[0] has been placed at location W22, whose type is share pin.
Executing : def_port {eth_txd[0]} LOC=W22 VCCIO=3.3 IOSTANDARD=LVCMOS33 DRIVE=8 SLEW=SLOW NONE=TRUE successfully
Executing : def_port {eth_txd[1]} LOC=W21 VCCIO=3.3 IOSTANDARD=LVCMOS33 DRIVE=8 SLEW=SLOW NONE=TRUE
C: ConstraintEditor-2002: [E:/H100licheng/50h/52_eth_udp_loop/prj/device_map/eth_udp_loop.pcf(line number: 7)] | Port eth_txd[1] has been placed at location W21, whose type is share pin.
Executing : def_port {eth_txd[1]} LOC=W21 VCCIO=3.3 IOSTANDARD=LVCMOS33 DRIVE=8 SLEW=SLOW NONE=TRUE successfully
Executing : def_port {eth_txd[2]} LOC=T20 VCCIO=3.3 IOSTANDARD=LVCMOS33 DRIVE=8 SLEW=SLOW NONE=TRUE
C: ConstraintEditor-2002: [E:/H100licheng/50h/52_eth_udp_loop/prj/device_map/eth_udp_loop.pcf(line number: 8)] | Port eth_txd[2] has been placed at location T20, whose type is share pin.
Executing : def_port {eth_txd[2]} LOC=T20 VCCIO=3.3 IOSTANDARD=LVCMOS33 DRIVE=8 SLEW=SLOW NONE=TRUE successfully
Executing : def_port {eth_txd[3]} LOC=P20 VCCIO=3.3 IOSTANDARD=LVCMOS33 DRIVE=8 SLEW=SLOW NONE=TRUE
Executing : def_port {eth_txd[3]} LOC=P20 VCCIO=3.3 IOSTANDARD=LVCMOS33 DRIVE=8 SLEW=SLOW NONE=TRUE successfully
Executing : def_port {eth_rx_ctl} LOC=Y21 VCCIO=3.3 IOSTANDARD=LVCMOS33 NONE=TRUE
Executing : def_port {eth_rx_ctl} LOC=Y21 VCCIO=3.3 IOSTANDARD=LVCMOS33 NONE=TRUE successfully
Executing : def_port {eth_rxc} LOC=Y18 VCCIO=3.3 IOSTANDARD=LVCMOS33 NONE=TRUE
Executing : def_port {eth_rxc} LOC=Y18 VCCIO=3.3 IOSTANDARD=LVCMOS33 NONE=TRUE successfully
Executing : def_port {eth_rxd[0]} LOC=Y22 VCCIO=3.3 IOSTANDARD=LVCMOS33 NONE=TRUE
C: ConstraintEditor-2002: [E:/H100licheng/50h/52_eth_udp_loop/prj/device_map/eth_udp_loop.pcf(line number: 12)] | Port eth_rxd[0] has been placed at location Y22, whose type is share pin.
Executing : def_port {eth_rxd[0]} LOC=Y22 VCCIO=3.3 IOSTANDARD=LVCMOS33 NONE=TRUE successfully
Executing : def_port {eth_rxd[1]} LOC=AB21 VCCIO=3.3 IOSTANDARD=LVCMOS33 NONE=TRUE
C: ConstraintEditor-2002: [E:/H100licheng/50h/52_eth_udp_loop/prj/device_map/eth_udp_loop.pcf(line number: 13)] | Port eth_rxd[1] has been placed at location AB21, whose type is share pin.
Executing : def_port {eth_rxd[1]} LOC=AB21 VCCIO=3.3 IOSTANDARD=LVCMOS33 NONE=TRUE successfully
Executing : def_port {eth_rxd[2]} LOC=AB22 VCCIO=3.3 IOSTANDARD=LVCMOS33 NONE=TRUE
C: ConstraintEditor-2002: [E:/H100licheng/50h/52_eth_udp_loop/prj/device_map/eth_udp_loop.pcf(line number: 14)] | Port eth_rxd[2] has been placed at location AB22, whose type is share pin.
Executing : def_port {eth_rxd[2]} LOC=AB22 VCCIO=3.3 IOSTANDARD=LVCMOS33 NONE=TRUE successfully
Executing : def_port {eth_rxd[3]} LOC=Y19 VCCIO=3.3 IOSTANDARD=LVCMOS33 NONE=TRUE
Executing : def_port {eth_rxd[3]} LOC=Y19 VCCIO=3.3 IOSTANDARD=LVCMOS33 NONE=TRUE successfully
Executing : def_port {sys_clk} LOC=R4 VCCIO=1.5 IOSTANDARD=LVCMOS15 NONE=TRUE
C: ConstraintEditor-2001: [E:/H100licheng/50h/52_eth_udp_loop/prj/device_map/eth_udp_loop.pcf(line number: 16)] Object 'sys_clk' is dangling, which has no connection. it will be ignored.
Executing : def_port {sys_clk} LOC=R4 VCCIO=1.5 IOSTANDARD=LVCMOS15 NONE=TRUE failed
Executing : def_port {sys_rst_n} LOC=U7 VCCIO=1.5 IOSTANDARD=LVCMOS15 NONE=TRUE
Executing : def_port {sys_rst_n} LOC=U7 VCCIO=1.5 IOSTANDARD=LVCMOS15 NONE=TRUE successfully
Constraint check end.
NOTE: The technology fpga was specified.
NOTE: delay_model specified was generic_cmos.
NOTE: Using the fpga syntax tables...
Totals:
 Calls to malloc = 0
 Calls to calloc = 5993935

I: Column Clock Check open.
Read Column Clock Map.

Placement started.
Phase 1 Pre global placement started.
Mapping instance GRS_INST/grs_ccs to CCS_75_10.
Phase 1.1 1st GP placement started.
Design Utilization : 5%.
First map gop timing takes 1.66 sec
Worst slack after clock region global placement is 2345
Wirelength after clock region global placement is 15712 and checksum is 736E107A46C03494.
1st GP placement takes 4.75 sec.

Phase 1.2 Clock placement started.
Mapping instance u_gmii_to_rgmii/u_rgmii_rx/u_GTP_IOCLKBUF/gopclkgate to IOCKB_9_154.
Mapping instance u_gmii_to_rgmii/u_rgmii_rx/BUFG_inst/gopclkbufg to USCM_167_270.
Clock placement takes 0.12 sec.

Wirelength after Pre Global Placement is 15712 and checksum is 736E107A46C03494.
Pre global placement takes 5.42 sec.

Phase 2 Global placement started.
Phase 2.1 Fixed placement started.
Placed fixed group with base inst eth_rst_n_obuf/opit_1 on IOLHR_16_390.
Placed fixed group with base inst eth_rx_ctl_ibuf/opit_1 on IOLHR_16_198.
Placed fixed group with base inst eth_rxc_ibuf/opit_1 on IOLHR_16_144.
Placed fixed group with base inst eth_rxd_ibuf[0]/opit_1 on IOLHR_16_192.
Placed fixed group with base inst eth_rxd_ibuf[1]/opit_1 on IOLHR_16_186.
Placed fixed group with base inst eth_rxd_ibuf[2]/opit_1 on IOLHR_16_180.
Placed fixed group with base inst eth_rxd_ibuf[3]/opit_1 on IOLHR_16_138.
Placed fixed group with base inst eth_tx_ctl_obuf/opit_1 on IOLHR_16_156.
Placed fixed group with base inst eth_txc_obuf/opit_1 on IOLHR_16_162.
Placed fixed group with base inst eth_txd_obuf[0]/opit_1 on IOLHR_16_216.
Placed fixed group with base inst eth_txd_obuf[1]/opit_1 on IOLHR_16_222.
Placed fixed group with base inst eth_txd_obuf[2]/opit_1 on IOLHR_16_228.
Placed fixed group with base inst eth_txd_obuf[3]/opit_1 on IOLHR_16_300.
Placed fixed group with base inst sys_rst_n_ibuf/opit_1 on IOLHR_292_0.
Placed fixed instance GRS_INST/grs_ccs on CCS_75_10.
Placed fixed instance u_gmii_to_rgmii/u_rgmii_rx/BUFG_inst/gopclkbufg on USCM_167_270.
Placed fixed instance u_gmii_to_rgmii/u_rgmii_rx/u_GTP_IOCLKBUF/gopclkgate on IOCKB_9_154.
Placed fixed instance BKCL_auto_0 on BKCL_1_340.
Placed fixed instance BKCL_auto_1 on BKCL_1_34.
Placed fixed instance BKCL_auto_2 on BKCL_301_34.
Fixed placement takes 0.09 sec.

Phase 2.2 Process placement started.
Process placement takes 0.00 sec.

Phase 2.3 IO placement started.
IO placement takes 0.05 sec.

Phase 2.4 2nd GP placement started.
Run super clustering :
	Initial slack -3857.
	13 iterations finished.
	Final slack 576.
Super clustering done.
Design Utilization : 5%.
Worst slack after global placement is 3616
2nd GP placement takes 1.67 sec.

Wirelength after global placement is 16859 and checksum is 4F5B85D9B1E0947C.
Global placement takes 1.81 sec.

Phase 3 Post global placement started.
Packing LUT6D started.
I: LUT6D pack result: There are 636 LUT6 in collection, pack success:48
Packing LUT6D takes 0.36 sec.
Phase 3.1 Macro cell placement started.
I: Process macros using "Greedy".
Wirelength after macro cell placement is 17987 and checksum is 8AF94E7817DDCA16.
Macro cell placement takes 0.00 sec.

Phase 3.2 3rd GP placement started.
Run super clustering :
	Initial slack -3857.
	13 iterations finished.
	Final slack 576.
Super clustering done.
Design Utilization : 5%.
Worst slack after post global placement is 3312
3rd GP placement takes 1.53 sec.

Wirelength after post global placement is 18050 and checksum is 7D300FDF6160E7C8.
Packing LUT6D started.
I: LUT6D pack result: There are 540 LUT6 in collection, pack success:2
Packing LUT6D takes 0.31 sec.
Post global placement takes 2.20 sec.

Phase 4 Legalization started.
The average distance in LP is 0.635245.
Wirelength after legalization is 21852 and checksum is EA1F1E0DFAE81F86.
Legalization takes 0.23 sec.

Phase 5 Timing-driven detailed placement started.
Phase 5.1 Replication placement started.
Worst slack before Replication Place is 2206.
Replication placement takes 0.22 sec.

Wirelength after replication placement is 21852 and checksum is EA1F1E0DFAE81F86.
Phase 5.2 Swapping placement started.
Worst slack before detailed placement is 2206, TNS before detailed placement is 0. 
Worst slack after detailed placement is 2206, TNS after detailed placement is 0. 
Swapping placement takes 0.11 sec.

Wirelength after detailed placement is 21852 and checksum is EA1F1E0DFAE81F86.
Timing-driven detailed placement takes 0.33 sec.

Worst slack is 2206, TNS after placement is 0.
Placement done.
Total placement takes 11.02 sec.
Finished placement.

Routing started.
Enter timing driven router mode.
Route thread size: 3
Building routing graph takes 2.44 sec.
Setup STE netlist take 156 msec.
Dispose control chain take 142 msec.
Collect const net info take 75 msec.
Total nets for routing: 2804.
Total loads for routing: 11035.
Direct connect net size: 555
Build all design net take 156 msec.
Worst slack is 2206, TNS before route is 0.
Processing design graph takes 0.54 sec.
Delay table total memory: 0.46479607 MB
Route graph total memory: 78.62711906 MB
Route design total memory: 4.61739349 MB
Global routing takes 0.00 sec.
Total 2802 subnets.
Unrouted clock nets at iteration 0 (0.035 sec): 0
Total route nets size: 2799
Pre route takes 2.062 sec
Unrouted general nets at iteration 2 (MT total route time: 1.390 sec): 2413(overused: 13309)
Unrouted general nets at iteration 3 (MT total route time: 1.118 sec): 2094(overused: 10075)
Unrouted general nets at iteration 4 (MT total route time: 0.870 sec): 1750(overused: 6922)
Unrouted general nets at iteration 5 (MT total route time: 0.678 sec): 1489(overused: 4877)
Unrouted general nets at iteration 6 (MT total route time: 0.539 sec): 1208(overused: 3335)
Unrouted general nets at iteration 7 (MT total route time: 0.376 sec): 980(overused: 2845)
Unrouted general nets at iteration 8 (MT total route time: 0.315 sec): 798(overused: 2152)
Unrouted general nets at iteration 9 (MT total route time: 0.268 sec): 651(overused: 1603)
Unrouted general nets at iteration 10 (MT total route time: 0.247 sec): 545(overused: 1242)
Unrouted general nets at iteration 11 (MT total route time: 0.225 sec): 456(overused: 1120)
Unrouted general nets at iteration 12 (MT total route time: 0.168 sec): 382(overused: 855)
Unrouted general nets at iteration 13 (MT total route time: 0.138 sec): 300(overused: 625)
Unrouted general nets at iteration 14 (MT total route time: 0.106 sec): 271(overused: 540)
Unrouted general nets at iteration 15 (MT total route time: 0.091 sec): 221(overused: 428)
Unrouted general nets at iteration 16 (MT total route time: 0.089 sec): 206(overused: 414)
Unrouted general nets at iteration 17 (MT total route time: 0.092 sec): 207(overused: 439)
Unrouted general nets at iteration 18 (MT total route time: 0.076 sec): 159(overused: 310)
Unrouted general nets at iteration 19 (MT total route time: 0.067 sec): 170(overused: 336)
Unrouted general nets at iteration 20 (MT total route time: 0.068 sec): 148(overused: 271)
Unrouted general nets at iteration 21 (MT total route time: 0.058 sec): 125(overused: 245)
Unrouted general nets at iteration 22 (MT total route time: 0.060 sec): 114(overused: 210)
Unrouted general nets at iteration 23 (MT total route time: 0.049 sec): 81(overused: 144)
Unrouted general nets at iteration 24 (MT total route time: 0.032 sec): 58(overused: 100)
Unrouted general nets at iteration 25 (MT total route time: 0.039 sec): 72(overused: 124)
Unrouted general nets at iteration 26 (MT total route time: 0.033 sec): 58(overused: 102)
Unrouted general nets at iteration 27 (MT total route time: 0.036 sec): 59(overused: 108)
Unrouted general nets at iteration 28 (MT total route time: 0.032 sec): 46(overused: 74)
Unrouted general nets at iteration 29 (MT total route time: 0.031 sec): 51(overused: 86)
Unrouted general nets at iteration 30 (MT total route time: 0.036 sec): 53(overused: 102)
Unrouted general nets at iteration 31 (MT total route time: 0.047 sec): 34(overused: 60)
Unrouted general nets at iteration 32 (MT total route time: 0.023 sec): 19(overused: 30)
Unrouted general nets at iteration 33 (MT total route time: 0.010 sec): 14(overused: 26)
Unrouted general nets at iteration 34 (MT total route time: 0.010 sec): 15(overused: 32)
Unrouted general nets at iteration 35 (MT total route time: 0.011 sec): 4(overused: 14)
Unrouted general nets at iteration 36 (MT total route time: 0.008 sec): 5(overused: 10)
Unrouted general nets at iteration 37 (MT total route time: 0.009 sec): 5(overused: 8)
Unrouted general nets at iteration 38 (MT total route time: 0.009 sec): 2(overused: 4)
Unrouted general nets at iteration 39 (MT total route time: 0.006 sec): 0(overused: 0)
----General net take 0.006 sec(route net take 0.001 sec, inc cost take 0.005 sec, iter times: 1)
----const net route take 0.016 sec
Unrouted nets at iteration 40 (0.023 sec): 0
Detailed routing takes 11.17 sec.
Fix violation Finished.
No hold violation.
Hold Violation Fix in router takes 2.69 sec.
Sort Original Nets take 0.002 sec
Build solution node for device pins which were mapped to more than one design pin take 0.006 sec
Total net: 2804, route succeed net: 2804
Generate routing result take 0.007 sec
Handle PERMUX permutation take 0.232 sec
Handle const net take 0.011 sec
Handle route through take 0.004 sec
Handle loads' routing node take 0.026 sec
Used SRB routing arc is 25389.
Finish routing takes 0.34 sec.
Total routing takes 19.09 sec.


Device Utilization Summary :
+------------------------------------------------------------------------------+
| Logic Utilization           | Used     | Available     | Utilization(%)     
+------------------------------------------------------------------------------+
| Use of ADC                  | 0        | 1             | 0                  
| Use of ANALOG               | 0        | 1             | 0                  
| Use of APM                  | 0        | 120           | 0                  
| Use of BKCL                 | 3        | 5             | 60                 
| Use of CCS                  | 1        | 1             | 100                
| Use of CLMA                 | 410      | 6575          | 7                  
|   FF                        | 1194     | 52600         | 3                  
|   LUT                       | 1337     | 26300         | 6                  
|   LUT-FF pairs              | 464      | 26300         | 2                  
| Use of CLMS                 | 145      | 2375          | 7                  
|   FF                        | 441      | 19000         | 3                  
|   LUT                       | 482      | 9500          | 6                  
|   LUT-FF pairs              | 173      | 9500          | 2                  
|   Distributed RAM           | 0        | 9500          | 0                  
| Use of DDRPHY_CPD           | 0        | 10            | 0                  
| Use of DDRPHY_IOCLK_DIV     | 0        | 5             | 0                  
| Use of DDR_PHY              | 0        | 20            | 0                  
| Use of DRM                  | 0.5      | 85            | 1                  
| Use of GCLK_INBUF_SYN       | 0        | 20            | 0                  
| Use of GPLL                 | 0        | 5             | 0                  
| Use of GSEB                 | 0        | 123           | 0                  
| Use of HARD0                | 182      | 5850          | 4                  
| Use of HCKB                 | 3        | 72            | 5                  
|  HCKB dataused              | 0        | 72            | 0                  
| Use of HCKMUX_TEST          | 0        | 6             | 0                  
| Use of HSSTLP               | 0        | 1             | 0                  
| Use of IO                   | 14       | 250           | 6                  
|   IOBD                      | 6        | 120           | 5                  
|   IOBS                      | 8        | 130           | 7                  
| Use of IOCKB                | 1        | 20            | 5                  
| Use of IOCKMUX_TEST         | 0        | 5             | 0                  
| Use of IOLHR                | 14       | 250           | 6                  
| Use of KEYRAM               | 0        | 1             | 0                  
| Use of MFG_TEST             | 0        | 1             | 0                  
| Use of MRCKB                | 0        | 10            | 0                  
| Use of MRCKMUX_TEST         | 0        | 5             | 0                  
| Use of MRPOSTMUX_TEST       | 0        | 5             | 0                  
| Use of PCIE                 | 0        | 1             | 0                  
| Use of PCKMUX_TEST          | 0        | 10            | 0                  
| Use of PLLMRMUX_TEST        | 0        | 5             | 0                  
| Use of PLLREFMUX_TEST       | 0        | 5             | 0                  
| Use of PPLL                 | 0        | 5             | 0                  
| Use of PREGMUXC_TEST        | 0        | 3             | 0                  
| Use of PREGMUXLR_TEST       | 0        | 5             | 0                  
| Use of RCKB                 | 0        | 20            | 0                  
|  RCKB dataused              | 0        | 20            | 0                  
| Use of RCKMUX_TEST          | 0        | 5             | 0                  
| Use of SCANCHAIN            | 0        | 1             | 0                  
| Use of SCKMUX_TEST          | 0        | 10            | 0                  
| Use of SFB                  | 0        | 1375          | 0                  
| Use of SPAD                 | 0        | 4             | 0                  
| Use of TSERDES              | 0        | 40            | 0                  
| Use of USCM                 | 1        | 32            | 4                  
|  USCM dataused              | 0        | 32            | 0                  
| Use of USCMMUX_TEST         | 0        | 32            | 0                  
+------------------------------------------------------------------------------+

Finished routing.
Design 'eth_udp_loop' has been placed and routed successfully.
Saving design to DB.
Finished placement and routing.
Action pnr: Real time elapsed is 0h:0m:56s
Action pnr: CPU time elapsed is 0h:0m:49s
Action pnr: Process CPU time elapsed is 0h:1m:4s
Current time: Mon Feb 26 16:11:10 2024
Action pnr: Peak memory pool usage is 1,141 MB
Action from compile to pnr: Total Real Time elapsed is 0h:1m:43s
Action from compile to pnr: Total CPU time elapsed is 0h:1m:23s
Action from compile to pnr: Total Process CPU Time elapsed is 0h:1m:40s
Compiling architecture definition.
Analyzing project file 'E:/H100licheng/50h/52_eth_udp_loop/prj/eth_udp_loop.pds'.
Compiling verification operator library.
Compiling common defs.
Compiling prim grid devices.
Compiling gate devices.
Compiling gate operators.
Building architecture model.
Loading device packaging model.
Reading design from pnr DB.
Start Report Post-PnR timing.
NOTE: The technology fpga was specified.
NOTE: delay_model specified was generic_cmos.
NOTE: Using the fpga syntax tables...
Totals:
 Calls to malloc = 0
 Calls to calloc = 5993935

W: Flow-4065: The port sys_clk has a sdc constraint, but it do not connect to any pin.
Constructing timing graph ...
Timing graph has been constructed successfully
C: STA-3009: The clock sys_clk is not connected to any clock endpoints,it will be treated as a normal port or pin.
W: Timing-4087: Port 'eth_rst_n' is not constrained, it is treated as combinational output.
W: Timing-4087: Port 'eth_tx_ctl' is not constrained, it is treated as combinational output.
W: Timing-4087: Port 'eth_txc' is not constrained, it is treated as combinational output.
W: Timing-4087: Port 'eth_txd[0]' is not constrained, it is treated as combinational output.
W: Timing-4087: Port 'eth_txd[1]' is not constrained, it is treated as combinational output.
W: Timing-4087: Port 'eth_txd[2]' is not constrained, it is treated as combinational output.
W: Timing-4087: Port 'eth_txd[3]' is not constrained, it is treated as combinational output.
W: Timing-4086: Port 'eth_rx_ctl' is not constrained, it is treated as combinational input.
W: Timing-4086: Port 'eth_rxd[0]' is not constrained, it is treated as combinational input.
W: Timing-4086: Port 'eth_rxd[1]' is not constrained, it is treated as combinational input.
W: Timing-4086: Port 'eth_rxd[2]' is not constrained, it is treated as combinational input.
W: Timing-4086: Port 'eth_rxd[3]' is not constrained, it is treated as combinational input.
W: Timing-4086: Port 'sys_rst_n' is not constrained, it is treated as combinational input.
Report timing is finished successfully.
Action report_timing: Real time elapsed is 0h:0m:23s
Action report_timing: CPU time elapsed is 0h:0m:18s
Action report_timing: Process CPU time elapsed is 0h:0m:19s
Current time: Mon Feb 26 16:11:33 2024
Action report_timing: Peak memory pool usage is 1,033 MB
Action from compile to report_timing: Total Real Time elapsed is 0h:2m:6s
Action from compile to report_timing: Total CPU time elapsed is 0h:1m:41s
Action from compile to report_timing: Total Process CPU Time elapsed is 0h:1m:59s
Compiling architecture definition.
Analyzing project file 'E:/H100licheng/50h/52_eth_udp_loop/prj/eth_udp_loop.pds'.
Compiling verification operator library.
Compiling common defs.
Compiling prim grid devices.
Compiling gate devices.
Compiling gate operators.
Building architecture model.
Loading device packaging model.
Reading design from DB.
Start Generating Programming File...
Reading design from DB takes 0.734375 sec.
Generating architecture configuration.
The bitstream file is "E:/H100licheng/50h/52_eth_udp_loop/prj/generate_bitstream/eth_udp_loop.sbit"
Generate programming file takes 6.343750 sec.
Generating Programming File done.
Action gen_bit_stream: Real time elapsed is 0h:0m:23s
Action gen_bit_stream: CPU time elapsed is 0h:0m:19s
Action gen_bit_stream: Process CPU time elapsed is 0h:0m:19s
Current time: Mon Feb 26 16:11:56 2024
Action gen_bit_stream: Peak memory pool usage is 776 MB
Action from compile to gen_bit_stream: Total Real Time elapsed is 0h:2m:29s
Action from compile to gen_bit_stream: Total CPU time elapsed is 0h:2m:0s
Action from compile to gen_bit_stream: Total Process CPU Time elapsed is 0h:2m:18s
